experiment_id,algorithm,map_id,seed,config_hash,code_hash,maps_hash,experiment_hash,n_initial,evacuated,dead,trapped,survival_rate,clearance_turn,mean_evac_turn,median_evac_turn,voluntary_waits,congestion_waits,replans,expanded_nodes,generated_nodes,search_runtime,ga_generations,ga_evaluations,ga_best_fitness,total_runtime,turns,finished_reason
final_v2,greedy,map1,1,e807fcfc735986e9,e02d0416b7d51b2a,b3362d9604322a0c,a65eb91a39ef4179,30,7,0,23,0.23333333333333334,38,21.285714285714285,23,0,9,379,38777,69279,0.2491122009778337,0,0,,0.32380567099971813,38,ALL_RESOLVED
final_v2,bfs,map1,1,e807fcfc735986e9,e02d0416b7d51b2a,b3362d9604322a0c,a65eb91a39ef4179,30,7,0,23,0.23333333333333334,34,18.428571428571427,19,0,12,359,87355,89883,0.2912333859821956,0,0,,0.3489242879986705,34,ALL_RESOLVED
final_v2,astar,map1,1,e807fcfc735986e9,e02d0416b7d51b2a,b3362d9604322a0c,a65eb91a39ef4179,30,7,0,23,0.23333333333333334,34,18.714285714285715,19,0,5,361,72122,82182,0.38417686299726483,0,0,,0.44606032600131584,34,ALL_RESOLVED
final_v2,ucs,map1,1,e807fcfc735986e9,e02d0416b7d51b2a,b3362d9604322a0c,a65eb91a39ef4179,30,7,0,23,0.23333333333333334,34,18.714285714285715,19,0,5,361,91700,94116,0.43574165102108964,0,0,,0.4957329130011203,34,ALL_RESOLVED
final_v2,greedy,map1,0,e807fcfc735986e9,e02d0416b7d51b2a,b3362d9604322a0c,a65eb91a39ef4179,30,28,0,2,0.9333333333333333,92,53.142857142857146,52.5,0,2,1516,118042,212946,0.6687617950083222,0,0,,0.8317342359987379,92,ALL_RESOLVED
final_v2,bfs,map1,0,e807fcfc735986e9,e02d0416b7d51b2a,b3362d9604322a0c,a65eb91a39ef4179,30,28,0,2,0.9333333333333333,86,48.92857142857143,48.5,0,2,1398,259142,269129,0.8636124740405648,0,0,,1.0238471579978068,86,ALL_RESOLVED
final_v2,astar,map1,0,e807fcfc735986e9,e02d0416b7d51b2a,b3362d9604322a0c,a65eb91a39ef4179,30,28,0,2,0.9333333333333333,89,49.857142857142854,48.5,0,4,1424,209595,247031,1.1282902680104598,0,0,,1.290299023999978,89,ALL_RESOLVED
final_v2,bfs,map1,2,e807fcfc735986e9,e02d0416b7d51b2a,b3362d9604322a0c,a65eb91a39ef4179,30,27,0,3,0.9,87,47.629629629629626,47,0,9,1298,247260,256579,0.8377087619956001,0,0,,1.0044071170013922,87,ALL_RESOLVED
final_v2,greedy,map1,2,e807fcfc735986e9,e02d0416b7d51b2a,b3362d9604322a0c,a65eb91a39ef4179,30,27,0,3,0.9,93,51.81481481481482,51,0,8,1411,112563,202773,0.7726328770186228,0,0,,0.9636689139988448,93,ALL_RESOLVED
final_v2,ucs,map1,0,e807fcfc735986e9,e02d0416b7d51b2a,b3362d9604322a0c,a65eb91a39ef4179,30,28,0,2,0.9333333333333333,86,50.464285714285715,50.5,0,3,1441,280988,291296,1.439734612027678,0,0,,1.604026369001076,86,ALL_RESOLVED
final_v2,bfs,map1,3,e807fcfc735986e9,e02d0416b7d51b2a,b3362d9604322a0c,a65eb91a39ef4179,30,5,0,25,0.16666666666666666,20,16.4,16,0,6,632,161684,165857,0.5807662250117573,0,0,,0.6460322730017651,22,ALL_RESOLVED
final_v2,astar,map1,2,e807fcfc735986e9,e02d0416b7d51b2a,b3362d9604322a0c,a65eb91a39ef4179,30,27,0,3,0.9,93,48.888888888888886,49,0,7,1332,202819,236817,1.1272673209859931,0,0,,1.3014403880006284,93,ALL_RESOLVED
final_v2,bfs,map1,4,e807fcfc735986e9,e02d0416b7d51b2a,b3362d9604322a0c,a65eb91a39ef4179,30,12,0,18,0.4,30,15.666666666666666,14.5,0,5,296,46008,48040,0.1617684369921335,0,0,,0.20217190199764445,30,ALL_RESOLVED
final_v2,ucs,map1,2,e807fcfc735986e9,e02d0416b7d51b2a,b3362d9604322a0c,a65eb91a39ef4179,30,27,0,3,0.9,92,49.2962962962963,48,0,8,1343,270654,280176,1.4115162978996523,0,0,,1.5715774959971895,92,ALL_RESOLVED
final_v2,greedy,map1,3,e807fcfc735986e9,e02d0416b7d51b2a,b3362d9604322a0c,a65eb91a39ef4179,30,4,0,26,0.13333333333333333,20,16.75,16.5,0,3,639,74126,132542,0.532369644017308,0,0,,0.5924505090006278,22,ALL_RESOLVED
final_v2,greedy,map1,4,e807fcfc735986e9,e02d0416b7d51b2a,b3362d9604322a0c,a65eb91a39ef4179,30,12,0,18,0.4,34,17.0,14.5,0,3,312,20701,37253,0.12453275902589667,0,0,,0.16953646600086358,34,ALL_RESOLVED
final_v2,astar,map1,4,e807fcfc735986e9,e02d0416b7d51b2a,b3362d9604322a0c,a65eb91a39ef4179,30,12,0,18,0.4,30,15.666666666666666,14.5,0,6,296,35786,41975,0.15390865898734774,0,0,,0.18584837799789966,30,ALL_RESOLVED
final_v2,ucs,map1,4,e807fcfc735986e9,e02d0416b7d51b2a,b3362d9604322a0c,a65eb91a39ef4179,30,12,0,18,0.4,30,15.833333333333334,14.5,0,6,298,48835,50815,0.26837940799669013,0,0,,0.31189063399870065,30,ALL_RESOLVED
final_v2,ucs,map1,3,e807fcfc735986e9,e02d0416b7d51b2a,b3362d9604322a0c,a65eb91a39ef4179,30,5,0,25,0.16666666666666666,20,16.6,16,0,6,633,168902,172189,0.8363237090197799,0,0,,0.8884427970006072,22,ALL_RESOLVED
final_v2,astar,map1,3,e807fcfc735986e9,e02d0416b7d51b2a,b3362d9604322a0c,a65eb91a39ef4179,30,5,0,25,0.16666666666666666,20,16.4,16,0,9,632,139835,159385,0.827258044082555,0,0,,0.8873733280015585,22,ALL_RESOLVED
final_v2,greedy,map1,5,e807fcfc735986e9,e02d0416b7d51b2a,b3362d9604322a0c,a65eb91a39ef4179,30,19,0,11,0.6333333333333333,58,29.0,27,0,9,683,45727,82618,0.2799649889784632,0,0,,0.366040201002761,58,ALL_RESOLVED
final_v2,bfs,map1,5,e807fcfc735986e9,e02d0416b7d51b2a,b3362d9604322a0c,a65eb91a39ef4179,30,20,0,10,0.6666666666666666,55,27.3,24.0,0,8,666,104203,108794,0.36271983008555253,0,0,,0.4514258039998822,55,ALL_RESOLVED
final_v2,astar,map1,5,e807fcfc735986e9,e02d0416b7d51b2a,b3362d9604322a0c,a65eb91a39ef4179,30,19,0,11,0.6333333333333333,54,26.31578947368421,25,0,9,632,81555,95013,0.4548705700035498,0,0,,0.5364051079995988,54,ALL_RESOLVED
final_v2,ucs,map1,5,e807fcfc735986e9,e02d0416b7d51b2a,b3362d9604322a0c,a65eb91a39ef4179,30,19,0,11,0.6333333333333333,56,26.789473684210527,25,0,8,641,109965,114270,0.5631661800543952,0,0,,0.6545023239996226,56,ALL_RESOLVED
final_v2,bfs,map1,6,e807fcfc735986e9,e02d0416b7d51b2a,b3362d9604322a0c,a65eb91a39ef4179,30,20,0,10,0.6666666666666666,65,34.4,33.5,0,5,748,115611,120977,0.38017375199342496,0,0,,0.4802098349973676,65,ALL_RESOLVED
final_v2,greedy,map1,6,e807fcfc735986e9,e02d0416b7d51b2a,b3362d9604322a0c,a65eb91a39ef4179,30,20,0,10,0.6666666666666666,72,38.35,37.5,0,4,827,54335,98723,0.3237574160193617,0,0,,0.4339353530012886,72,ALL_RESOLVED
final_v2,ucs,map1,6,e807fcfc735986e9,e02d0416b7d51b2a,b3362d9604322a0c,a65eb91a39ef4179,30,20,0,10,0.6666666666666666,69,35.45,35.5,0,5,769,126177,131812,0.6735876970087702,0,0,,0.7887145599997893,69,ALL_RESOLVED
final_v2,astar,map1,6,e807fcfc735986e9,e02d0416b7d51b2a,b3362d9604322a0c,a65eb91a39ef4179,30,20,0,10,0.6666666666666666,67,35.6,35.5,0,6,772,90566,107365,0.4702195459831273,0,0,,0.5647731200006092,67,ALL_RESOLVED
final_v2,bfs,map1,7,e807fcfc735986e9,e02d0416b7d51b2a,b3362d9604322a0c,a65eb91a39ef4179,30,19,1,10,0.6333333333333333,51,31.210526315789473,36,0,1,685,107576,112457,0.3518992929421074,0,0,,0.429538197000511,51,ALL_RESOLVED
final_v2,greedy,map1,7,e807fcfc735986e9,e02d0416b7d51b2a,b3362d9604322a0c,a65eb91a39ef4179,30,19,1,10,0.6333333333333333,55,34.36842105263158,40,0,1,745,48208,87526,0.2901747920514026,0,0,,0.38027815199893666,55,ALL_RESOLVED
final_v2,ucs,map1,7,e807fcfc735986e9,e02d0416b7d51b2a,b3362d9604322a0c,a65eb91a39ef4179,30,19,1,10,0.6333333333333333,56,32.78947368421053,36,0,5,715,117821,122974,0.5251766780202161,0,0,,0.6040789080034301,56,ALL_RESOLVED
final_v2,astar,map1,7,e807fcfc735986e9,e02d0416b7d51b2a,b3362d9604322a0c,a65eb91a39ef4179,30,19,1,10,0.6333333333333333,56,32.63157894736842,36,0,2,712,84220,100821,0.47186214399698656,0,0,,0.5586796069983393,56,ALL_RESOLVED
final_v2,bfs,map1,8,e807fcfc735986e9,e02d0416b7d51b2a,b3362d9604322a0c,a65eb91a39ef4179,30,19,0,11,0.6333333333333333,53,32.68421052631579,31,0,2,797,143005,148671,0.47875560597822187,0,0,,0.5659154399982071,53,ALL_RESOLVED
final_v2,ucs,map1,8,e807fcfc735986e9,e02d0416b7d51b2a,b3362d9604322a0c,a65eb91a39ef4179,30,19,0,11,0.6333333333333333,58,34.73684210526316,31,0,8,836,156508,162464,0.7755091259059554,0,0,,0.8595662560001074,58,ALL_RESOLVED
final_v2,greedy,map1,8,e807fcfc735986e9,e02d0416b7d51b2a,b3362d9604322a0c,a65eb91a39ef4179,30,18,0,12,0.6,55,35.77777777777778,33.5,0,2,836,64923,117361,0.40498586702597095,0,0,,0.4988646700003301,55,ALL_RESOLVED
final_v2,astar,map1,8,e807fcfc735986e9,e02d0416b7d51b2a,b3362d9604322a0c,a65eb91a39ef4179,30,19,0,11,0.6333333333333333,58,34.89473684210526,31,0,7,839,119895,139276,0.5869712940257159,0,0,,0.6710270590010623,58,ALL_RESOLVED
final_v2,bfs,map1,9,e807fcfc735986e9,e02d0416b7d51b2a,b3362d9604322a0c,a65eb91a39ef4179,30,5,1,24,0.16666666666666666,28,17.4,14,0,1,787,198601,203421,0.6740762889312464,0,0,,0.7451222789968597,28,ALL_RESOLVED
final_v2,ucs,map1,9,e807fcfc735986e9,e02d0416b7d51b2a,b3362d9604322a0c,a65eb91a39ef4179,30,5,1,24,0.16666666666666666,28,17.4,14,0,2,787,206132,210564,1.0916943769734644,0,0,,1.1607339210022474,28,ALL_RESOLVED
final_v2,greedy,map1,9,e807fcfc735986e9,e02d0416b7d51b2a,b3362d9604322a0c,a65eb91a39ef4179,30,4,0,26,0.13333333333333333,27,16.75,15.5,0,1,795,90063,161061,0.5608770879771328,0,0,,0.6281413930009876,28,ALL_RESOLVED
final_v2,astar,map1,9,e807fcfc735986e9,e02d0416b7d51b2a,b3362d9604322a0c,a65eb91a39ef4179,30,5,1,24,0.16666666666666666,28,17.4,14,0,3,787,167766,193146,0.899498263024725,0,0,,0.9660050150014285,28,ALL_RESOLVED
final_v2,ga,map1,4,e807fcfc735986e9,e02d0416b7d51b2a,b3362d9604322a0c,a65eb91a39ef4179,30,11,0,19,0.36666666666666664,55,24.90909090909091,15,27,3,388,0,97003,8.787084322044393,4152,97003,0.25,8.888196716001403,55,ALL_RESOLVED
final_v2,bfs,map1,10,e807fcfc735986e9,e02d0416b7d51b2a,b3362d9604322a0c,a65eb91a39ef4179,30,15,1,14,0.5,35,19.8,20,0,7,417,62504,65472,0.16146868598661968,0,0,,0.20118383099907078,35,ALL_RESOLVED
final_v2,ucs,map1,10,e807fcfc735986e9,e02d0416b7d51b2a,b3362d9604322a0c,a65eb91a39ef4179,30,15,1,14,0.5,35,20.466666666666665,21,0,5,427,68958,71963,0.295263478965353,0,0,,0.360090678997949,35,ALL_RESOLVED
final_v2,greedy,map1,10,e807fcfc735986e9,e02d0416b7d51b2a,b3362d9604322a0c,a65eb91a39ef4179,30,15,1,14,0.5,39,22.933333333333334,24,0,6,462,26576,47895,0.1649815559721901,0,0,,0.22499023799900897,39,ALL_RESOLVED
final_v2,ga,map1,1,e807fcfc735986e9,e02d0416b7d51b2a,b3362d9604322a0c,a65eb91a39ef4179,30,5,1,24,0.16666666666666666,49,31.4,43,29,3,417,0,119181,11.765972014942236,5166,119181,0.25,11.892931795999175,49,ALL_RESOLVED
final_v2,astar,map1,10,e807fcfc735986e9,e02d0416b7d51b2a,b3362d9604322a0c,a65eb91a39ef4179,30,15,1,14,0.5,35,20.6,21,0,7,427,49668,58224,0.29626850301065133,0,0,,0.35236249000081443,35,ALL_RESOLVED
final_v2,bfs,map1,11,e807fcfc735986e9,e02d0416b7d51b2a,b3362d9604322a0c,a65eb91a39ef4179,30,19,0,11,0.6333333333333333,56,29.05263157894737,24,0,10,596,78468,82759,0.21778524294495583,0,0,,0.28465526399668306,56,ALL_RESOLVED
final_v2,ucs,map1,11,e807fcfc735986e9,e02d0416b7d51b2a,b3362d9604322a0c,a65eb91a39ef4179,30,19,0,11,0.6333333333333333,56,30.05263157894737,25,0,7,615,88997,93356,0.34404468599677784,0,0,,0.4111414729995886,56,ALL_RESOLVED
final_v2,greedy,map1,11,e807fcfc735986e9,e02d0416b7d51b2a,b3362d9604322a0c,a65eb91a39ef4179,30,19,0,11,0.6333333333333333,64,32.578947368421055,28,0,7,663,34469,63471,0.14683952099221642,0,0,,0.21562833399730152,64,ALL_RESOLVED
final_v2,astar,map1,11,e807fcfc735986e9,e02d0416b7d51b2a,b3362d9604322a0c,a65eb91a39ef4179,30,19,0,11,0.6333333333333333,56,30.05263157894737,26,0,9,615,60119,71641,0.2648726170154987,0,0,,0.32715599100265536,56,ALL_RESOLVED
final_v2,ga,map1,3,e807fcfc735986e9,e02d0416b7d51b2a,b3362d9604322a0c,a65eb91a39ef4179,30,1,1,28,0.03333333333333333,14,14.0,14,60,1,638,0,207517,19.147310595981253,9052,207517,0.25,19.291020086999197,22,ALL_RESOLVED
final_v2,bfs,map1,12,e807fcfc735986e9,e02d0416b7d51b2a,b3362d9604322a0c,a65eb91a39ef4179,30,12,0,18,0.4,34,19.833333333333332,19.0,0,1,346,56827,59229,0.13135263100411976,0,0,,0.16479256700040423,34,ALL_RESOLVED
final_v2,ucs,map1,12,e807fcfc735986e9,e02d0416b7d51b2a,b3362d9604322a0c,a65eb91a39ef4179,30,12,0,18,0.4,36,20.083333333333332,19.0,0,0,349,60114,62534,0.1990738920358126,0,0,,0.2319901420014503,36,ALL_RESOLVED
final_v2,greedy,map1,12,e807fcfc735986e9,e02d0416b7d51b2a,b3362d9604322a0c,a65eb91a39ef4179,30,12,0,18,0.4,38,22.666666666666668,23.0,0,1,380,25993,46886,0.10082104102548328,0,0,,0.13388548999864724,38,ALL_RESOLVED
final_v2,astar,map1,12,e807fcfc735986e9,e02d0416b7d51b2a,b3362d9604322a0c,a65eb91a39ef4179,30,12,0,18,0.4,34,19.833333333333332,19.0,0,1,346,44551,52083,0.17028228597337147,0,0,,0.2020822769991355,34,ALL_RESOLVED
final_v2,ga,map1,5,e807fcfc735986e9,e02d0416b7d51b2a,b3362d9604322a0c,a65eb91a39ef4179,30,9,9,12,0.3,118,33.111111111111114,28,54,7,790,0,241185,24.173255588997563,10518,241185,0.25,24.443473374998575,118,ALL_RESOLVED
final_v2,bfs,map1,13,e807fcfc735986e9,e02d0416b7d51b2a,b3362d9604322a0c,a65eb91a39ef4179,30,13,1,16,0.43333333333333335,37,20.153846153846153,17,0,1,908,218670,224857,0.7123308049704065,0,0,,0.7928314199998567,38,ALL_RESOLVED
final_v2,ga,map1,10,e807fcfc735986e9,e02d0416b7d51b2a,b3362d9604322a0c,a65eb91a39ef4179,30,10,5,15,0.3333333333333333,83,34.5,35.0,36,3,579,0,159312,15.546417040004599,6885,159312,0.25,15.728988789000141,83,ALL_RESOLVED
final_v2,greedy,map1,13,e807fcfc735986e9,e02d0416b7d51b2a,b3362d9604322a0c,a65eb91a39ef4179,30,12,0,18,0.4,36,21.583333333333332,19.5,0,2,943,97611,174462,0.5695182960407692,0,0,,0.652615617000265,38,ALL_RESOLVED
final_v2,ucs,map1,13,e807fcfc735986e9,e02d0416b7d51b2a,b3362d9604322a0c,a65eb91a39ef4179,30,13,1,16,0.43333333333333335,37,20.307692307692307,17,0,1,910,228912,234958,1.1834199120166886,0,0,,1.2689683190001233,38,ALL_RESOLVED
final_v2,astar,map1,13,e807fcfc735986e9,e02d0416b7d51b2a,b3362d9604322a0c,a65eb91a39ef4179,30,13,1,16,0.43333333333333335,37,20.307692307692307,17,0,1,910,182945,210400,1.002894903998822,0,0,,1.0875175490000402,38,ALL_RESOLVED
final_v2,bfs,map1,14,e807fcfc735986e9,e02d0416b7d51b2a,b3362d9604322a0c,a65eb91a39ef4179,30,18,0,12,0.6,55,29.38888888888889,27.0,0,6,721,129022,133972,0.4194210969762935,0,0,,0.5014560159979737,55,ALL_RESOLVED
final_v2,ucs,map1,14,e807fcfc735986e9,e02d0416b7d51b2a,b3362d9604322a0c,a65eb91a39ef4179,30,18,0,12,0.6,57,31.0,30.5,0,5,750,140168,145473,0.7190800159769424,0,0,,0.8069070449964784,57,ALL_RESOLVED
final_v2,greedy,map1,14,e807fcfc735986e9,e02d0416b7d51b2a,b3362d9604322a0c,a65eb91a39ef4179,30,18,0,12,0.6,63,33.388888888888886,31.5,0,2,793,60938,109964,0.3568289559807454,0,0,,0.44922636000046623,63,ALL_RESOLVED
final_v2,astar,map1,14,e807fcfc735986e9,e02d0416b7d51b2a,b3362d9604322a0c,a65eb91a39ef4179,30,18,0,12,0.6,57,31.22222222222222,30.0,0,9,754,107174,124981,0.5911222380891559,0,0,,0.6791213200012862,57,ALL_RESOLVED
final_v2,ga,map1,9,e807fcfc735986e9,e02d0416b7d51b2a,b3362d9604322a0c,a65eb91a39ef4179,30,3,0,27,0.1,17,13.333333333333334,14,74,5,796,0,262903,23.245962572887947,11516,262903,0.25,23.42160461200183,28,ALL_RESOLVED
final_v2,bfs,map1,15,e807fcfc735986e9,e02d0416b7d51b2a,b3362d9604322a0c,a65eb91a39ef4179,30,4,2,24,0.13333333333333333,15,12.75,12.5,0,0,315,81163,83103,0.266744953009038,0,0,,0.2947541209978226,15,ALL_RESOLVED
final_v2,ucs,map1,15,e807fcfc735986e9,e02d0416b7d51b2a,b3362d9604322a0c,a65eb91a39ef4179,30,4,2,24,0.13333333333333333,15,12.75,12.5,0,1,315,82615,84552,0.4261478439984785,0,0,,0.4554995120015519,15,ALL_RESOLVED
final_v2,greedy,map1,15,e807fcfc735986e9,e02d0416b7d51b2a,b3362d9604322a0c,a65eb91a39ef4179,30,3,1,26,0.1,13,12.0,12,0,0,310,35943,63778,0.2086872739928367,0,0,,0.23619135699846083,14,ALL_RESOLVED
final_v2,astar,map1,15,e807fcfc735986e9,e02d0416b7d51b2a,b3362d9604322a0c,a65eb91a39ef4179,30,4,2,24,0.13333333333333333,15,12.75,12.5,0,0,315,69047,77460,0.38409858800150687,0,0,,0.4139131600022665,15,ALL_RESOLVED
final_v2,ga,map1,12,e807fcfc735986e9,e02d0416b7d51b2a,b3362d9604322a0c,a65eb91a39ef4179,30,8,2,20,0.26666666666666666,58,27.125,23.5,35,0,499,0,146692,14.378544232997228,6395,146692,0.25,14.527805646997876,58,ALL_RESOLVED
final_v2,bfs,map1,16,e807fcfc735986e9,e02d0416b7d51b2a,b3362d9604322a0c,a65eb91a39ef4179,30,15,0,15,0.5,42,25.2,25,0,1,408,45125,47999,0.14546230101041147,0,0,,0.20031345900133601,42,ALL_RESOLVED
final_v2,ucs,map1,16,e807fcfc735986e9,e02d0416b7d51b2a,b3362d9604322a0c,a65eb91a39ef4179,30,15,0,15,0.5,43,25.733333333333334,25,0,1,416,49959,52888,0.26988951397288474,0,0,,0.33033735400022124,43,ALL_RESOLVED
final_v2,greedy,map1,16,e807fcfc735986e9,e02d0416b7d51b2a,b3362d9604322a0c,a65eb91a39ef4179,30,15,0,15,0.5,46,28.266666666666666,29,0,1,454,20549,38135,0.11903154206447653,0,0,,0.1788302080021822,46,ALL_RESOLVED
final_v2,ga,map1,7,e807fcfc735986e9,e02d0416b7d51b2a,b3362d9604322a0c,a65eb91a39ef4179,30,9,10,11,0.3,66,29.11111111111111,28,95,6,1048,0,341049,33.18539402798342,14895,341049,0.25,33.48958758599838,92,ALL_RESOLVED
final_v2,astar,map1,16,e807fcfc735986e9,e02d0416b7d51b2a,b3362d9604322a0c,a65eb91a39ef4179,30,15,0,15,0.5,44,25.6,25,0,1,414,32770,40488,0.18298294096894097,0,0,,0.2416504460015858,44,ALL_RESOLVED
final_v2,bfs,map1,17,e807fcfc735986e9,e02d0416b7d51b2a,b3362d9604322a0c,a65eb91a39ef4179,30,28,0,2,0.9333333333333333,79,30.464285714285715,27.0,0,26,869,123030,129577,0.3994776328909211,0,0,,0.5298854169996048,79,ALL_RESOLVED
final_v2,ucs,map1,17,e807fcfc735986e9,e02d0416b7d51b2a,b3362d9604322a0c,a65eb91a39ef4179,30,28,0,2,0.9333333333333333,79,30.892857142857142,27.5,0,16,881,140799,147077,0.7022694590668834,0,0,,0.8327610109990928,79,ALL_RESOLVED
final_v2,greedy,map1,17,e807fcfc735986e9,e02d0416b7d51b2a,b3362d9604322a0c,a65eb91a39ef4179,30,28,0,2,0.9333333333333333,85,33.107142857142854,31.0,0,16,943,53505,97680,0.30798366798626375,0,0,,0.4449134579990641,85,ALL_RESOLVED
final_v2,astar,map1,17,e807fcfc735986e9,e02d0416b7d51b2a,b3362d9604322a0c,a65eb91a39ef4179,30,28,0,2,0.9333333333333333,79,30.928571428571427,27.0,0,17,882,96524,113951,0.5271591910022835,0,0,,0.6564029380024294,79,ALL_RESOLVED
final_v2,ga,map1,15,e807fcfc735986e9,e02d0416b7d51b2a,b3362d9604322a0c,a65eb91a39ef4179,30,4,0,26,0.13333333333333333,18,13.5,12.5,17,0,314,0,86626,6.633219262967032,3746,86626,0.25,6.689139283000259,18,ALL_RESOLVED
final_v2,bfs,map1,18,e807fcfc735986e9,e02d0416b7d51b2a,b3362d9604322a0c,a65eb91a39ef4179,30,3,1,26,0.1,11,10.0,10,0,2,146,34066,35116,0.07947164299548604,0,0,,0.09037980799985235,12,ALL_RESOLVED
final_v2,ucs,map1,18,e807fcfc735986e9,e02d0416b7d51b2a,b3362d9604322a0c,a65eb91a39ef4179,30,3,1,26,0.1,11,10.0,10,0,2,146,35017,35891,0.13226686099005747,0,0,,0.14565086599759525,12,ALL_RESOLVED
final_v2,greedy,map1,18,e807fcfc735986e9,e02d0416b7d51b2a,b3362d9604322a0c,a65eb91a39ef4179,30,3,1,26,0.1,11,10.0,10,0,2,146,16291,29103,0.06975698098904104,0,0,,0.08198366099895793,12,ALL_RESOLVED
final_v2,astar,map1,18,e807fcfc735986e9,e02d0416b7d51b2a,b3362d9604322a0c,a65eb91a39ef4179,30,3,1,26,0.1,11,10.0,10,0,2,146,28613,32738,0.12698475501383655,0,0,,0.13929806899977848,12,ALL_RESOLVED
final_v2,ga,map1,18,e807fcfc735986e9,e02d0416b7d51b2a,b3362d9604322a0c,a65eb91a39ef4179,30,3,1,26,0.1,11,10.0,10,6,2,148,0,37586,2.8012538140174,1619,37586,0.25,2.831541274998017,14,ALL_RESOLVED
final_v2,ga,map1,8,e807fcfc735986e9,e02d0416b7d51b2a,b3362d9604322a0c,a65eb91a39ef4179,30,8,9,13,0.26666666666666666,138,58.625,50.0,102,8,1231,0,405813,39.10759118592614,17784,405813,0.25,39.493580418999045,138,ALL_RESOLVED
final_v2,bfs,map1,19,e807fcfc735986e9,e02d0416b7d51b2a,b3362d9604322a0c,a65eb91a39ef4179,30,17,0,13,0.5666666666666667,57,36.76470588235294,46,0,4,703,117019,121902,0.39104846698319307,0,0,,0.4774585679988377,57,ALL_RESOLVED
final_v2,greedy,map1,19,e807fcfc735986e9,e02d0416b7d51b2a,b3362d9604322a0c,a65eb91a39ef4179,30,17,0,13,0.5666666666666667,62,40.35294117647059,50,0,3,764,52168,94835,0.3085611519709346,0,0,,0.40230803599843057,62,ALL_RESOLVED
final_v2,ucs,map1,19,e807fcfc735986e9,e02d0416b7d51b2a,b3362d9604322a0c,a65eb91a39ef4179,30,17,0,13,0.5666666666666667,66,39.705882352941174,48,0,8,753,130026,135340,0.6784980599877599,0,0,,0.7808111180020205,66,ALL_RESOLVED
final_v2,astar,map1,19,e807fcfc735986e9,e02d0416b7d51b2a,b3362d9604322a0c,a65eb91a39ef4179,30,17,0,13,0.5666666666666667,66,39.76470588235294,48,0,9,754,94838,112056,0.5246222369314637,0,0,,0.6242262539999501,66,ALL_RESOLVED
final_v2,bfs,map1,20,e807fcfc735986e9,e02d0416b7d51b2a,b3362d9604322a0c,a65eb91a39ef4179,30,15,2,13,0.5,50,26.266666666666666,23,0,0,552,97190,101028,0.31978551601059735,0,0,,0.39286997499948484,50,ALL_RESOLVED
final_v2,ucs,map1,20,e807fcfc735986e9,e02d0416b7d51b2a,b3362d9604322a0c,a65eb91a39ef4179,30,15,2,13,0.5,50,26.8,25,0,0,560,103072,107021,0.5297589730362233,0,0,,0.6056748100018012,50,ALL_RESOLVED
final_v2,greedy,map1,20,e807fcfc735986e9,e02d0416b7d51b2a,b3362d9604322a0c,a65eb91a39ef4179,30,15,1,14,0.5,54,29.733333333333334,27,0,0,596,44432,80094,0.2613761669526866,0,0,,0.3409021780025796,54,ALL_RESOLVED
final_v2,astar,map1,20,e807fcfc735986e9,e02d0416b7d51b2a,b3362d9604322a0c,a65eb91a39ef4179,30,15,2,13,0.5,50,26.866666666666667,24,0,2,561,79114,92270,0.4379598689956765,0,0,,0.5138373890004004,50,ALL_RESOLVED
final_v2,ga,map1,6,e807fcfc735986e9,e02d0416b7d51b2a,b3362d9604322a0c,a65eb91a39ef4179,30,6,14,10,0.2,35,22.5,26.0,126,8,1477,0,519725,47.81684546198812,22785,519725,0.25,48.26392212100109,130,ALL_RESOLVED
final_v2,bfs,map1,21,e807fcfc735986e9,e02d0416b7d51b2a,b3362d9604322a0c,a65eb91a39ef4179,30,7,2,21,0.23333333333333334,34,19.0,19,0,2,541,142876,146510,0.46875614605960436,0,0,,0.5253557030009688,34,ALL_RESOLVED
final_v2,ucs,map1,21,e807fcfc735986e9,e02d0416b7d51b2a,b3362d9604322a0c,a65eb91a39ef4179,30,8,1,21,0.26666666666666666,34,20.75,20.5,0,2,562,148796,152533,0.7909887909554527,0,0,,0.8537348930003645,34,ALL_RESOLVED
final_v2,greedy,map1,21,e807fcfc735986e9,e02d0416b7d51b2a,b3362d9604322a0c,a65eb91a39ef4179,30,7,2,21,0.23333333333333334,38,21.285714285714285,23,0,1,557,69975,123722,0.43482917601431836,0,0,,0.5037116399980732,38,ALL_RESOLVED
final_v2,ga,map1,11,e807fcfc735986e9,e02d0416b7d51b2a,b3362d9604322a0c,a65eb91a39ef4179,30,9,9,12,0.3,57,30.666666666666668,34,118,15,1286,0,429257,40.03194463002001,18791,429257,0.25,40.4077299749988,112,ALL_RESOLVED
final_v2,astar,map1,21,e807fcfc735986e9,e02d0416b7d51b2a,b3362d9604322a0c,a65eb91a39ef4179,30,7,2,21,0.23333333333333334,34,19.0,19,0,2,541,119352,134935,0.6867674829991302,0,0,,0.7487335579971841,34,ALL_RESOLVED
final_v2,bfs,map1,22,e807fcfc735986e9,e02d0416b7d51b2a,b3362d9604322a0c,a65eb91a39ef4179,30,4,4,22,0.13333333333333333,11,9.5,9.5,0,3,242,57868,59595,0.1877920639453805,0,0,,0.20860285100206966,11,ALL_RESOLVED
final_v2,ucs,map1,22,e807fcfc735986e9,e02d0416b7d51b2a,b3362d9604322a0c,a65eb91a39ef4179,30,4,4,22,0.13333333333333333,11,9.5,9.5,0,3,242,60358,62005,0.2128420080007345,0,0,,0.22887283300224226,11,ALL_RESOLVED
final_v2,greedy,map1,22,e807fcfc735986e9,e02d0416b7d51b2a,b3362d9604322a0c,a65eb91a39ef4179,30,4,3,23,0.13333333333333333,11,9.5,9.5,0,3,248,24795,43263,0.11378094699466601,0,0,,0.13204534400210832,11,ALL_RESOLVED
final_v2,astar,map1,22,e807fcfc735986e9,e02d0416b7d51b2a,b3362d9604322a0c,a65eb91a39ef4179,30,4,4,22,0.13333333333333333,11,9.5,9.5,0,3,242,47943,54544,0.19068921199141187,0,0,,0.20777922799970838,11,ALL_RESOLVED
final_v2,ga,map1,13,e807fcfc735986e9,e02d0416b7d51b2a,b3362d9604322a0c,a65eb91a39ef4179,30,6,0,24,0.2,25,16.166666666666668,15.5,72,1,1009,0,326673,30.072319450919167,14293,326673,0.25,30.302067292002903,38,ALL_RESOLVED
final_v2,bfs,map1,23,e807fcfc735986e9,e02d0416b7d51b2a,b3362d9604322a0c,a65eb91a39ef4179,30,3,0,27,0.1,15,13.0,14,0,6,309,86938,88890,0.20738446697214385,0,0,,0.2284484080009861,15,ALL_RESOLVED
final_v2,ucs,map1,23,e807fcfc735986e9,e02d0416b7d51b2a,b3362d9604322a0c,a65eb91a39ef4179,30,3,0,27,0.1,15,13.0,14,0,5,309,88756,90723,0.3299458460242022,0,0,,0.3528472319994762,15,ALL_RESOLVED
final_v2,greedy,map1,23,e807fcfc735986e9,e02d0416b7d51b2a,b3362d9604322a0c,a65eb91a39ef4179,30,2,1,27,0.06666666666666667,14,12.0,12.0,0,6,304,40701,71744,0.1958291169903532,0,0,,0.22101492200090433,14,ALL_RESOLVED
final_v2,ga,map1,14,e807fcfc735986e9,e02d0416b7d51b2a,b3362d9604322a0c,a65eb91a39ef4179,30,6,9,15,0.2,57,33.833333333333336,30.5,65,5,885,0,280017,28.010931231943687,12260,280017,0.25,28.258923699999286,68,ALL_RESOLVED
final_v2,astar,map1,23,e807fcfc735986e9,e02d0416b7d51b2a,b3362d9604322a0c,a65eb91a39ef4179,30,3,0,27,0.1,15,13.0,14,0,5,309,74808,84243,0.4255230520029727,0,0,,0.4575610179999785,15,ALL_RESOLVED
final_v2,bfs,map1,24,e807fcfc735986e9,e02d0416b7d51b2a,b3362d9604322a0c,a65eb91a39ef4179,30,3,0,27,0.1,10,9.0,9,0,2,135,34794,35672,0.11514892802370014,0,0,,0.12994398999944679,10,ALL_RESOLVED
final_v2,ucs,map1,24,e807fcfc735986e9,e02d0416b7d51b2a,b3362d9604322a0c,a65eb91a39ef4179,30,3,0,27,0.1,10,9.0,9,0,2,135,35558,36430,0.18540221399234724,0,0,,0.20112121000056504,10,ALL_RESOLVED
final_v2,greedy,map1,24,e807fcfc735986e9,e02d0416b7d51b2a,b3362d9604322a0c,a65eb91a39ef4179,30,3,0,27,0.1,10,9.0,9,0,2,135,16622,29610,0.09830615000464604,0,0,,0.11357086900170543,10,ALL_RESOLVED
final_v2,astar,map1,24,e807fcfc735986e9,e02d0416b7d51b2a,b3362d9604322a0c,a65eb91a39ef4179,30,3,0,27,0.1,10,9.0,9,0,2,135,29637,33455,0.1725219839536294,0,0,,0.18834715400225832,10,ALL_RESOLVED
final_v2,ga,map1,22,e807fcfc735986e9,e02d0416b7d51b2a,b3362d9604322a0c,a65eb91a39ef4179,30,4,1,25,0.13333333333333333,11,9.5,9.5,17,3,246,0,68398,6.482977536968974,2959,68398,0.25,6.5364129669978865,11,ALL_RESOLVED
final_v2,bfs,map1,25,e807fcfc735986e9,e02d0416b7d51b2a,b3362d9604322a0c,a65eb91a39ef4179,30,10,1,19,0.3333333333333333,28,18.4,17.5,0,5,744,165700,169965,0.5748388069878274,0,0,,0.6403580849982973,28,ALL_RESOLVED
final_v2,ucs,map1,25,e807fcfc735986e9,e02d0416b7d51b2a,b3362d9604322a0c,a65eb91a39ef4179,30,9,1,20,0.3,26,17.333333333333332,17,0,5,744,173890,177369,0.9191851849973318,0,0,,0.9860814929998014,28,ALL_RESOLVED
final_v2,greedy,map1,25,e807fcfc735986e9,e02d0416b7d51b2a,b3362d9604322a0c,a65eb91a39ef4179,30,8,0,22,0.26666666666666666,28,17.5,17.5,0,1,756,72834,130573,0.4403229930612724,0,0,,0.5034164050011896,28,ALL_RESOLVED
final_v2,ga,map1,16,e807fcfc735986e9,e02d0416b7d51b2a,b3362d9604322a0c,a65eb91a39ef4179,30,6,8,16,0.2,77,38.0,30.0,64,6,838,0,263633,26.392884449964185,11533,263633,0.25,26.69688555399989,132,ALL_RESOLVED
final_v2,astar,map1,25,e807fcfc735986e9,e02d0416b7d51b2a,b3362d9604322a0c,a65eb91a39ef4179,30,10,0,20,0.3333333333333333,28,18.4,17.5,0,5,744,138235,157851,0.6778932220258866,0,0,,0.7362618289989769,28,ALL_RESOLVED
final_v2,bfs,map1,26,e807fcfc735986e9,e02d0416b7d51b2a,b3362d9604322a0c,a65eb91a39ef4179,30,2,0,28,0.06666666666666667,12,11.0,11.0,0,0,78,17324,17876,0.04084544898796594,0,0,,0.05064339200180257,12,ALL_RESOLVED
final_v2,ucs,map1,26,e807fcfc735986e9,e02d0416b7d51b2a,b3362d9604322a0c,a65eb91a39ef4179,30,2,0,28,0.06666666666666667,12,11.0,11.0,0,0,78,17858,18397,0.06983135199334356,0,0,,0.07966459399904124,12,ALL_RESOLVED
final_v2,greedy,map1,26,e807fcfc735986e9,e02d0416b7d51b2a,b3362d9604322a0c,a65eb91a39ef4179,30,2,0,28,0.06666666666666667,12,11.0,11.0,0,0,78,8329,14680,0.03886477198466309,0,0,,0.048179273999267025,12,ALL_RESOLVED
final_v2,astar,map1,26,e807fcfc735986e9,e02d0416b7d51b2a,b3362d9604322a0c,a65eb91a39ef4179,30,2,0,28,0.06666666666666667,12,11.0,11.0,0,0,78,14446,15937,0.12154138700498152,0,0,,0.13801283099746797,12,ALL_RESOLVED
final_v2,ga,map1,24,e807fcfc735986e9,e02d0416b7d51b2a,b3362d9604322a0c,a65eb91a39ef4179,30,3,0,27,0.1,10,9.0,9,5,2,135,0,36565,3.518015331002971,1569,36565,0.25,3.551362023001275,10,ALL_RESOLVED
final_v2,bfs,map1,27,e807fcfc735986e9,e02d0416b7d51b2a,b3362d9604322a0c,a65eb91a39ef4179,30,13,0,17,0.43333333333333335,31,17.692307692307693,17,0,6,332,49354,51613,0.1637864049662312,0,0,,0.2065454520015919,31,ALL_RESOLVED
final_v2,ucs,map1,27,e807fcfc735986e9,e02d0416b7d51b2a,b3362d9604322a0c,a65eb91a39ef4179,30,13,0,17,0.43333333333333335,31,17.846153846153847,17,0,6,334,52652,54856,0.2154939560459752,0,0,,0.24512161199891125,31,ALL_RESOLVED
final_v2,greedy,map1,27,e807fcfc735986e9,e02d0416b7d51b2a,b3362d9604322a0c,a65eb91a39ef4179,30,13,0,17,0.43333333333333335,35,19.384615384615383,17,0,6,354,21037,38283,0.09791174502242939,0,0,,0.1330430729976797,35,ALL_RESOLVED
final_v2,astar,map1,27,e807fcfc735986e9,e02d0416b7d51b2a,b3362d9604322a0c,a65eb91a39ef4179,30,13,0,17,0.43333333333333335,31,17.846153846153847,17,0,6,334,38431,45389,0.15775853994273348,0,0,,0.19591509100064286,31,ALL_RESOLVED
final_v2,ga,map1,26,e807fcfc735986e9,e02d0416b7d51b2a,b3362d9604322a0c,a65eb91a39ef4179,30,2,0,28,0.06666666666666667,12,11.0,11.0,5,0,78,0,20692,2.059245741034829,891,20692,0.25,2.0828056339996692,12,ALL_RESOLVED
final_v2,bfs,map1,28,e807fcfc735986e9,e02d0416b7d51b2a,b3362d9604322a0c,a65eb91a39ef4179,30,8,3,19,0.26666666666666666,22,14.75,14.5,0,1,416,99717,102504,0.3304891980042157,0,0,,0.37053028700029245,22,ALL_RESOLVED
final_v2,ucs,map1,28,e807fcfc735986e9,e02d0416b7d51b2a,b3362d9604322a0c,a65eb91a39ef4179,30,9,2,19,0.3,31,16.555555555555557,15,0,1,435,104897,107795,0.5437618209871289,0,0,,0.5953127009997843,31,ALL_RESOLVED
final_v2,greedy,map1,28,e807fcfc735986e9,e02d0416b7d51b2a,b3362d9604322a0c,a65eb91a39ef4179,30,10,1,19,0.3333333333333333,35,20.7,19.5,0,3,487,47815,85358,0.31181704004484345,0,0,,0.3684563579990936,35,ALL_RESOLVED
final_v2,ga,map1,21,e807fcfc735986e9,e02d0416b7d51b2a,b3362d9604322a0c,a65eb91a39ef4179,30,4,1,25,0.13333333333333333,33,15.75,11.0,31,1,537,0,159624,14.870080365028116,6945,159624,0.25,14.995335750001686,33,ALL_RESOLVED
final_v2,astar,map1,28,e807fcfc735986e9,e02d0416b7d51b2a,b3362d9604322a0c,a65eb91a39ef4179,30,10,0,20,0.3333333333333333,31,17.9,15.5,0,2,459,87513,99320,0.4853962769921054,0,0,,0.5377310949988896,31,ALL_RESOLVED
final_v2,ga,map1,23,e807fcfc735986e9,e02d0416b7d51b2a,b3362d9604322a0c,a65eb91a39ef4179,30,2,0,28,0.06666666666666667,14,12.0,12.0,18,3,304,0,83754,8.880439417971502,3638,83754,0.25,8.947945915999298,14,ALL_RESOLVED
final_v2,bfs,map1,29,e807fcfc735986e9,e02d0416b7d51b2a,b3362d9604322a0c,a65eb91a39ef4179,30,26,3,1,0.8666666666666667,94,52.26923076923077,53.0,0,2,1403,281012,291029,0.9225768290343694,0,0,,1.0855885700002545,94,ALL_RESOLVED
final_v2,greedy,map1,29,e807fcfc735986e9,e02d0416b7d51b2a,b3362d9604322a0c,a65eb91a39ef4179,30,26,3,1,0.8666666666666667,100,57.07692307692308,57.0,0,3,1528,128623,231403,0.7508069528412307,0,0,,0.9289051330015354,100,ALL_RESOLVED
final_v2,ucs,map1,29,e807fcfc735986e9,e02d0416b7d51b2a,b3362d9604322a0c,a65eb91a39ef4179,30,27,2,1,0.9,97,55.370370370370374,57,0,5,1529,320416,331240,1.6484218139739824,0,0,,1.8260901690009632,97,ALL_RESOLVED
final_v2,astar,map1,29,e807fcfc735986e9,e02d0416b7d51b2a,b3362d9604322a0c,a65eb91a39ef4179,30,27,2,1,0.9,97,55.370370370370374,57,0,5,1529,244848,287031,1.3577860410332505,0,0,,1.5352686719998019,97,ALL_RESOLVED
final_v2,bfs,map1,30,e807fcfc735986e9,e02d0416b7d51b2a,b3362d9604322a0c,a65eb91a39ef4179,30,7,2,21,0.23333333333333334,19,13.428571428571429,14,0,0,324,73982,76152,0.24481405597907724,0,0,,0.27638777600077447,19,ALL_RESOLVED
final_v2,ucs,map1,30,e807fcfc735986e9,e02d0416b7d51b2a,b3362d9604322a0c,a65eb91a39ef4179,30,7,2,21,0.23333333333333334,19,13.428571428571429,14,0,0,324,76941,79136,0.40117299998382805,0,0,,0.4347536929999478,19,ALL_RESOLVED
final_v2,ga,map1,27,e807fcfc735986e9,e02d0416b7d51b2a,b3362d9604322a0c,a65eb91a39ef4179,30,9,2,19,0.3,37,18.22222222222222,15,15,1,376,0,97112,7.5540057469879685,4188,97112,0.25,7.663678813998558,64,ALL_RESOLVED
final_v2,greedy,map1,30,e807fcfc735986e9,e02d0416b7d51b2a,b3362d9604322a0c,a65eb91a39ef4179,30,6,3,21,0.2,18,13.5,13.5,0,2,321,34528,61573,0.20601096200334723,0,0,,0.23826413599817897,18,ALL_RESOLVED
final_v2,astar,map1,30,e807fcfc735986e9,e02d0416b7d51b2a,b3362d9604322a0c,a65eb91a39ef4179,30,7,2,21,0.23333333333333334,19,13.428571428571429,14,0,0,324,63666,72209,0.2711602060007863,0,0,,0.29730606999874,19,ALL_RESOLVED
final_v2,bfs,map1,31,e807fcfc735986e9,e02d0416b7d51b2a,b3362d9604322a0c,a65eb91a39ef4179,30,16,1,13,0.5333333333333333,52,25.625,21.5,0,7,634,122296,126537,0.38341674106777646,0,0,,0.464126397997461,52,ALL_RESOLVED
final_v2,ucs,map1,31,e807fcfc735986e9,e02d0416b7d51b2a,b3362d9604322a0c,a65eb91a39ef4179,30,16,1,13,0.5333333333333333,54,26.25,22.0,0,7,644,131202,135330,0.5852804429814569,0,0,,0.655874992000463,54,ALL_RESOLVED
final_v2,greedy,map1,31,e807fcfc735986e9,e02d0416b7d51b2a,b3362d9604322a0c,a65eb91a39ef4179,30,16,0,14,0.5333333333333333,56,28.375,25.5,0,3,678,55677,99515,0.2572057229372149,0,0,,0.3280851480012643,56,ALL_RESOLVED
final_v2,astar,map1,31,e807fcfc735986e9,e02d0416b7d51b2a,b3362d9604322a0c,a65eb91a39ef4179,30,16,1,13,0.5333333333333333,54,26.3125,22.0,0,8,645,104070,119203,0.44399540099766455,0,0,,0.5116418620018521,54,ALL_RESOLVED
final_v2,ga,map1,20,e807fcfc735986e9,e02d0416b7d51b2a,b3362d9604322a0c,a65eb91a39ef4179,30,8,6,16,0.26666666666666666,48,24.0,23.0,87,8,984,0,301262,29.284675340961257,13160,301262,0.25,29.573772375999397,98,ALL_RESOLVED
final_v2,bfs,map1,32,e807fcfc735986e9,e02d0416b7d51b2a,b3362d9604322a0c,a65eb91a39ef4179,30,2,0,28,0.06666666666666667,15,12.0,12.0,0,0,80,17436,17995,0.05803736999587272,0,0,,0.07406996200006688,15,ALL_RESOLVED
final_v2,ucs,map1,32,e807fcfc735986e9,e02d0416b7d51b2a,b3362d9604322a0c,a65eb91a39ef4179,30,2,0,28,0.06666666666666667,15,12.0,12.0,0,0,80,18074,18602,0.09415935199285741,0,0,,0.11073927599863964,15,ALL_RESOLVED
final_v2,greedy,map1,32,e807fcfc735986e9,e02d0416b7d51b2a,b3362d9604322a0c,a65eb91a39ef4179,30,2,0,28,0.06666666666666667,15,12.0,12.0,0,0,80,7821,13855,0.04648665097920457,0,0,,0.06278664300043602,15,ALL_RESOLVED
final_v2,astar,map1,32,e807fcfc735986e9,e02d0416b7d51b2a,b3362d9604322a0c,a65eb91a39ef4179,30,2,0,28,0.06666666666666667,15,12.0,12.0,0,0,80,14631,16450,0.08109922601579456,0,0,,0.09752287100127432,15,ALL_RESOLVED
final_v2,ga,map1,19,e807fcfc735986e9,e02d0416b7d51b2a,b3362d9604322a0c,a65eb91a39ef4179,30,6,10,14,0.2,61,31.166666666666668,32.5,94,6,1105,0,355392,32.96504230602295,15493,355392,0.25,33.283208658998774,110,ALL_RESOLVED
final_v2,bfs,map1,33,e807fcfc735986e9,e02d0416b7d51b2a,b3362d9604322a0c,a65eb91a39ef4179,30,11,0,19,0.36666666666666664,25,16.181818181818183,16,0,2,254,34606,36322,0.11463399998319801,0,0,,0.1471010240020405,25,ALL_RESOLVED
final_v2,ucs,map1,33,e807fcfc735986e9,e02d0416b7d51b2a,b3362d9604322a0c,a65eb91a39ef4179,30,11,0,19,0.36666666666666664,27,16.363636363636363,16,0,2,256,37029,38757,0.19782700904033845,0,0,,0.23385461599900736,27,ALL_RESOLVED
final_v2,greedy,map1,33,e807fcfc735986e9,e02d0416b7d51b2a,b3362d9604322a0c,a65eb91a39ef4179,30,11,0,19,0.36666666666666664,31,18.272727272727273,17,0,3,277,14607,26695,0.0878609210049035,0,0,,0.1266755370015744,31,ALL_RESOLVED
final_v2,astar,map1,33,e807fcfc735986e9,e02d0416b7d51b2a,b3362d9604322a0c,a65eb91a39ef4179,30,11,0,19,0.36666666666666664,27,16.363636363636363,16,0,2,256,27242,32222,0.1544338870262436,0,0,,0.19000370299909264,27,ALL_RESOLVED
final_v2,ga,map1,32,e807fcfc735986e9,e02d0416b7d51b2a,b3362d9604322a0c,a65eb91a39ef4179,30,2,0,28,0.06666666666666667,15,12.0,12.0,3,0,80,0,21091,2.035980243970698,916,21091,0.25,2.0611100690002786,15,ALL_RESOLVED
final_v2,bfs,map1,34,e807fcfc735986e9,e02d0416b7d51b2a,b3362d9604322a0c,a65eb91a39ef4179,30,22,1,7,0.7333333333333333,79,40.36363636363637,45.5,0,5,936,162198,168824,0.4545887339190813,0,0,,0.5556216540026071,79,ALL_RESOLVED
final_v2,ucs,map1,34,e807fcfc735986e9,e02d0416b7d51b2a,b3362d9604322a0c,a65eb91a39ef4179,30,22,1,7,0.7333333333333333,79,41.77272727272727,45.5,0,4,967,177494,184305,0.7906532610140857,0,0,,0.8985172150023573,79,ALL_RESOLVED
final_v2,greedy,map1,34,e807fcfc735986e9,e02d0416b7d51b2a,b3362d9604322a0c,a65eb91a39ef4179,30,22,1,7,0.7333333333333333,85,44.90909090909091,49.5,0,1,1036,78726,142111,0.3834921820416639,0,0,,0.5026844229978451,85,ALL_RESOLVED
final_v2,ga,map1,30,e807fcfc735986e9,e02d0416b7d51b2a,b3362d9604322a0c,a65eb91a39ef4179,30,4,1,25,0.13333333333333333,16,11.5,10.5,28,0,308,0,90090,8.941124195960583,3921,90090,0.25,9.010202399000264,16,ALL_RESOLVED
final_v2,ga,map1,28,e807fcfc735986e9,e02d0416b7d51b2a,b3362d9604322a0c,a65eb91a39ef4179,30,6,0,24,0.2,40,21.833333333333332,23.0,40,1,493,0,141157,13.710751507012901,6131,141157,0.25,13.835553788998368,40,ALL_RESOLVED
final_v2,astar,map1,34,e807fcfc735986e9,e02d0416b7d51b2a,b3362d9604322a0c,a65eb91a39ef4179,30,22,1,7,0.7333333333333333,79,41.40909090909091,45.5,0,4,959,127868,151421,0.6659060590209265,0,0,,0.7901400199989439,79,ALL_RESOLVED
final_v2,bfs,map1,35,e807fcfc735986e9,e02d0416b7d51b2a,b3362d9604322a0c,a65eb91a39ef4179,30,10,0,20,0.3333333333333333,25,17.4,17.5,0,10,294,51491,53455,0.17089909400237957,0,0,,0.20715740000014193,25,ALL_RESOLVED
final_v2,greedy,map1,35,e807fcfc735986e9,e02d0416b7d51b2a,b3362d9604322a0c,a65eb91a39ef4179,30,10,0,20,0.3333333333333333,30,20.0,20.5,0,6,320,22930,40938,0.13575995398059604,0,0,,0.17894108300242806,30,ALL_RESOLVED
final_v2,ucs,map1,35,e807fcfc735986e9,e02d0416b7d51b2a,b3362d9604322a0c,a65eb91a39ef4179,30,10,0,20,0.3333333333333333,25,17.4,17.5,0,5,294,54152,56183,0.2819090419798158,0,0,,0.3192507679996197,25,ALL_RESOLVED
final_v2,astar,map1,35,e807fcfc735986e9,e02d0416b7d51b2a,b3362d9604322a0c,a65eb91a39ef4179,30,10,0,20,0.3333333333333333,25,17.4,17.5,0,7,294,43434,49691,0.24086949496995658,0,0,,0.27797968000231776,25,ALL_RESOLVED
final_v2,bfs,map1,36,e807fcfc735986e9,e02d0416b7d51b2a,b3362d9604322a0c,a65eb91a39ef4179,30,30,0,0,1.0,98,48.56666666666667,44.0,0,2,1457,283642,294256,0.9330220579540764,0,0,,1.107933896000759,98,ALL_RESOLVED
final_v2,ucs,map1,36,e807fcfc735986e9,e02d0416b7d51b2a,b3362d9604322a0c,a65eb91a39ef4179,30,30,0,0,1.0,98,50.53333333333333,47.5,0,5,1516,312166,323317,1.6122294870583573,0,0,,1.7966516260021308,98,ALL_RESOLVED
final_v2,greedy,map1,36,e807fcfc735986e9,e02d0416b7d51b2a,b3362d9604322a0c,a65eb91a39ef4179,30,30,0,0,1.0,104,52.93333333333333,48.0,0,3,1588,126948,228720,0.7416338529692439,0,0,,0.9287696600003983,104,ALL_RESOLVED
final_v2,ga,map1,25,e807fcfc735986e9,e02d0416b7d51b2a,b3362d9604322a0c,a65eb91a39ef4179,30,5,0,25,0.16666666666666666,25,15.8,16,67,1,779,0,249128,23.773776815942256,10861,249128,0.25,23.97580530400228,28,ALL_RESOLVED
final_v2,astar,map1,36,e807fcfc735986e9,e02d0416b7d51b2a,b3362d9604322a0c,a65eb91a39ef4179,30,30,0,0,1.0,98,50.13333333333333,47.5,0,5,1504,230902,269362,1.2797995399087085,0,0,,1.4621725319993857,98,ALL_RESOLVED
final_v2,bfs,map1,37,e807fcfc735986e9,e02d0416b7d51b2a,b3362d9604322a0c,a65eb91a39ef4179,30,2,0,28,0.06666666666666667,16,12.5,12.5,28,0,53,10291,10479,0.03395268499298254,0,0,,0.049373024001397425,16,ALL_RESOLVED
final_v2,ucs,map1,37,e807fcfc735986e9,e02d0416b7d51b2a,b3362d9604322a0c,a65eb91a39ef4179,30,2,0,28,0.06666666666666667,16,12.5,12.5,28,0,53,10467,10639,0.05375642299986794,0,0,,0.06950731500182883,16,ALL_RESOLVED
final_v2,greedy,map1,37,e807fcfc735986e9,e02d0416b7d51b2a,b3362d9604322a0c,a65eb91a39ef4179,30,2,0,28,0.06666666666666667,16,12.5,12.5,28,0,53,9674,15878,0.05589725098616327,0,0,,0.07137379199775751,16,ALL_RESOLVED
final_v2,astar,map1,37,e807fcfc735986e9,e02d0416b7d51b2a,b3362d9604322a0c,a65eb91a39ef4179,30,2,0,28,0.06666666666666667,16,12.5,12.5,28,0,53,9765,10511,0.05280307999419165,0,0,,0.06841062300009071,16,ALL_RESOLVED
final_v2,ga,map1,33,e807fcfc735986e9,e02d0416b7d51b2a,b3362d9604322a0c,a65eb91a39ef4179,30,8,2,20,0.26666666666666666,33,19.25,18.5,35,1,360,0,97242,9.733906797006057,4179,97242,0.25,9.847156478997931,52,ALL_RESOLVED
final_v2,bfs,map1,38,e807fcfc735986e9,e02d0416b7d51b2a,b3362d9604322a0c,a65eb91a39ef4179,30,8,1,21,0.26666666666666666,35,20.75,21.5,0,3,380,85908,88408,0.24500940198413446,0,0,,0.2912473949982086,35,ALL_RESOLVED
final_v2,ucs,map1,38,e807fcfc735986e9,e02d0416b7d51b2a,b3362d9604322a0c,a65eb91a39ef4179,30,8,1,21,0.26666666666666666,35,21.0,21.5,0,3,382,89120,91548,0.3616917569706857,0,0,,0.40303574100107653,35,ALL_RESOLVED
final_v2,ga,map1,37,e807fcfc735986e9,e02d0416b7d51b2a,b3362d9604322a0c,a65eb91a39ef4179,30,2,0,28,0.06666666666666667,16,12.5,12.5,1,0,53,0,12216,1.2389376189858012,515,12216,0.25,1.261011916998541,16,ALL_RESOLVED
final_v2,greedy,map1,38,e807fcfc735986e9,e02d0416b7d51b2a,b3362d9604322a0c,a65eb91a39ef4179,30,8,1,21,0.26666666666666666,39,23.75,25.5,0,3,404,40559,71775,0.22622293394306325,0,0,,0.28079983099814854,39,ALL_RESOLVED
final_v2,astar,map1,38,e807fcfc735986e9,e02d0416b7d51b2a,b3362d9604322a0c,a65eb91a39ef4179,30,8,1,21,0.26666666666666666,35,21.625,22.5,0,4,387,70524,80902,0.34209271901636384,0,0,,0.3913590580013988,35,ALL_RESOLVED
final_v2,bfs,map1,39,e807fcfc735986e9,e02d0416b7d51b2a,b3362d9604322a0c,a65eb91a39ef4179,30,27,0,3,0.9,84,41.96296296296296,42,0,4,1139,187643,195978,0.5267617951139982,0,0,,0.6532880539998587,84,ALL_RESOLVED
final_v2,ucs,map1,39,e807fcfc735986e9,e02d0416b7d51b2a,b3362d9604322a0c,a65eb91a39ef4179,30,27,0,3,0.9,85,43.44444444444444,42,0,6,1179,208406,217064,1.0748603510219255,0,0,,1.2234882609991473,85,ALL_RESOLVED
final_v2,ga,map1,35,e807fcfc735986e9,e02d0416b7d51b2a,b3362d9604322a0c,a65eb91a39ef4179,30,9,1,20,0.3,45,28.88888888888889,29,21,1,398,0,104978,9.685534234948136,4504,104978,0.25,9.793343084998924,45,ALL_RESOLVED
final_v2,greedy,map1,39,e807fcfc735986e9,e02d0416b7d51b2a,b3362d9604322a0c,a65eb91a39ef4179,30,27,0,3,0.9,90,46.0,46,0,3,1248,83710,151977,0.4734786689550674,0,0,,0.6067219150027086,90,ALL_RESOLVED
final_v2,astar,map1,39,e807fcfc735986e9,e02d0416b7d51b2a,b3362d9604322a0c,a65eb91a39ef4179,30,27,0,3,0.9,84,43.629629629629626,42,0,5,1184,150365,177512,0.8304664409915858,0,0,,0.9735212129999127,84,ALL_RESOLVED
final_v2,bfs,map1,40,e807fcfc735986e9,e02d0416b7d51b2a,b3362d9604322a0c,a65eb91a39ef4179,30,3,0,27,0.1,15,13.333333333333334,13,0,4,148,34221,35241,0.11333608999848366,0,0,,0.13343311099743005,15,ALL_RESOLVED
final_v2,ucs,map1,40,e807fcfc735986e9,e02d0416b7d51b2a,b3362d9604322a0c,a65eb91a39ef4179,30,3,0,27,0.1,15,13.333333333333334,13,0,3,148,35174,36155,0.18313577101071132,0,0,,0.20396499600246898,15,ALL_RESOLVED
final_v2,greedy,map1,40,e807fcfc735986e9,e02d0416b7d51b2a,b3362d9604322a0c,a65eb91a39ef4179,30,3,1,26,0.1,15,13.333333333333334,13,0,4,148,16673,29723,0.09942672401666641,0,0,,0.12009470900011365,15,ALL_RESOLVED
final_v2,astar,map1,40,e807fcfc735986e9,e02d0416b7d51b2a,b3362d9604322a0c,a65eb91a39ef4179,30,3,1,26,0.1,15,13.333333333333334,13,0,3,148,29281,32783,0.16168803102482343,0,0,,0.18265526200048043,15,ALL_RESOLVED
final_v2,ga,map1,2,e807fcfc735986e9,e02d0416b7d51b2a,b3362d9604322a0c,a65eb91a39ef4179,30,7,13,10,0.23333333333333334,54,23.0,14,271,15,2797,0,984891,93.79510464200939,43304,984891,0.25,94.59113872599846,200,TIMEOUT
final_v2,ga,map1,31,e807fcfc735986e9,e02d0416b7d51b2a,b3362d9604322a0c,a65eb91a39ef4179,30,9,4,17,0.3,75,32.22222222222222,21,53,1,718,0,212015,19.928641236008843,9257,212015,0.25,20.128476734000287,75,ALL_RESOLVED
final_v2,bfs,map1,41,e807fcfc735986e9,e02d0416b7d51b2a,b3362d9604322a0c,a65eb91a39ef4179,30,30,0,0,1.0,95,48.56666666666667,46.5,0,6,1457,279986,290519,0.9173288901110936,0,0,,1.086615404998156,95,ALL_RESOLVED
final_v2,greedy,map1,41,e807fcfc735986e9,e02d0416b7d51b2a,b3362d9604322a0c,a65eb91a39ef4179,30,30,0,0,1.0,101,53.166666666666664,50.5,0,8,1595,127016,228803,0.74176975392038,0,0,,0.9257714519990259,101,ALL_RESOLVED
final_v2,ucs,map1,41,e807fcfc735986e9,e02d0416b7d51b2a,b3362d9604322a0c,a65eb91a39ef4179,30,30,0,0,1.0,97,50.266666666666666,48.5,0,5,1508,306526,317473,1.5926866379850253,0,0,,1.7771360490005463,97,ALL_RESOLVED
final_v2,astar,map1,41,e807fcfc735986e9,e02d0416b7d51b2a,b3362d9604322a0c,a65eb91a39ef4179,30,30,0,0,1.0,97,50.03333333333333,47.5,0,6,1501,228034,266580,1.1283971599514189,0,0,,1.2840287390026788,97,ALL_RESOLVED
final_v2,ga,map1,40,e807fcfc735986e9,e02d0416b7d51b2a,b3362d9604322a0c,a65eb91a39ef4179,30,3,0,27,0.1,15,13.333333333333334,13,9,0,148,0,40728,4.152591848956945,1765,40728,0.25,4.191899817000376,15,ALL_RESOLVED
final_v2,bfs,map1,42,e807fcfc735986e9,e02d0416b7d51b2a,b3362d9604322a0c,a65eb91a39ef4179,30,18,0,12,0.6,51,21.166666666666668,19.0,0,11,501,75600,79064,0.2537693300000683,0,0,,0.32707567600300536,51,ALL_RESOLVED
final_v2,greedy,map1,42,e807fcfc735986e9,e02d0416b7d51b2a,b3362d9604322a0c,a65eb91a39ef4179,30,18,0,12,0.6,55,23.166666666666668,21.0,0,11,537,35685,64326,0.2108135980379302,0,0,,0.2902955550016486,55,ALL_RESOLVED
final_v2,ucs,map1,42,e807fcfc735986e9,e02d0416b7d51b2a,b3362d9604322a0c,a65eb91a39ef4179,30,18,0,12,0.6,51,21.77777777777778,19.0,0,12,512,83843,87266,0.43356637492615846,0,0,,0.5096484669993515,51,ALL_RESOLVED
final_v2,astar,map1,42,e807fcfc735986e9,e02d0416b7d51b2a,b3362d9604322a0c,a65eb91a39ef4179,30,18,0,12,0.6,51,21.61111111111111,19.0,0,12,509,62662,73015,0.3513471309815941,0,0,,0.43048299399742973,51,ALL_RESOLVED
final_v2,bfs,map1,43,e807fcfc735986e9,e02d0416b7d51b2a,b3362d9604322a0c,a65eb91a39ef4179,30,4,0,26,0.13333333333333333,23,18.25,18.0,0,0,125,21633,22460,0.05219976298394613,0,0,,0.07493243800126947,23,ALL_RESOLVED
final_v2,ucs,map1,43,e807fcfc735986e9,e02d0416b7d51b2a,b3362d9604322a0c,a65eb91a39ef4179,30,4,0,26,0.13333333333333333,25,18.75,18.0,0,0,127,22511,23327,0.0843249210047361,0,0,,0.11083528299786849,25,ALL_RESOLVED
final_v2,greedy,map1,43,e807fcfc735986e9,e02d0416b7d51b2a,b3362d9604322a0c,a65eb91a39ef4179,30,4,0,26,0.13333333333333333,31,21.25,20.0,0,0,137,10063,18277,0.04219495200231904,0,0,,0.07253962700269767,31,ALL_RESOLVED
final_v2,astar,map1,43,e807fcfc735986e9,e02d0416b7d51b2a,b3362d9604322a0c,a65eb91a39ef4179,30,4,0,26,0.13333333333333333,23,18.25,18.0,0,0,125,16838,19704,0.07659136901565944,0,0,,0.09860200699768029,23,ALL_RESOLVED
final_v2,ga,map1,0,e807fcfc735986e9,e02d0416b7d51b2a,b3362d9604322a0c,a65eb91a39ef4179,30,5,14,11,0.16666666666666666,100,42.0,42,367,35,3150,0,1136269,100.57443769704332,50070,1136269,0.25,101.3987141630023,200,TIMEOUT
final_v2,bfs,map1,44,e807fcfc735986e9,e02d0416b7d51b2a,b3362d9604322a0c,a65eb91a39ef4179,30,1,0,29,0.03333333333333333,15,15.0,15,0,1,73,16968,17464,0.040128111009835266,0,0,,0.05298573499749182,15,ALL_RESOLVED
final_v2,ucs,map1,44,e807fcfc735986e9,e02d0416b7d51b2a,b3362d9604322a0c,a65eb91a39ef4179,30,1,0,29,0.03333333333333333,15,15.0,15,0,0,73,17481,17955,0.07228247699094936,0,0,,0.0856604469990998,15,ALL_RESOLVED
final_v2,greedy,map1,44,e807fcfc735986e9,e02d0416b7d51b2a,b3362d9604322a0c,a65eb91a39ef4179,30,1,0,29,0.03333333333333333,15,15.0,15,0,0,73,7990,14353,0.04589425100130029,0,0,,0.061382894000416854,15,ALL_RESOLVED
final_v2,astar,map1,44,e807fcfc735986e9,e02d0416b7d51b2a,b3362d9604322a0c,a65eb91a39ef4179,30,1,0,29,0.03333333333333333,15,15.0,15,0,0,73,13924,16063,0.08076068499940448,0,0,,0.0971159799992165,15,ALL_RESOLVED
final_v2,ga,map1,38,e807fcfc735986e9,e02d0416b7d51b2a,b3362d9604322a0c,a65eb91a39ef4179,30,5,1,24,0.16666666666666666,48,26.8,32,28,1,448,0,125549,11.510629770982632,5441,125549,0.25,11.650602038997022,78,ALL_RESOLVED
final_v2,bfs,map1,45,e807fcfc735986e9,e02d0416b7d51b2a,b3362d9604322a0c,a65eb91a39ef4179,30,7,0,23,0.23333333333333334,18,14.142857142857142,15,0,4,237,49572,51162,0.163447523053037,0,0,,0.18980845300029614,18,ALL_RESOLVED
final_v2,ucs,map1,45,e807fcfc735986e9,e02d0416b7d51b2a,b3362d9604322a0c,a65eb91a39ef4179,30,7,0,23,0.23333333333333334,18,14.142857142857142,15,0,4,237,51226,52813,0.26652374998957384,0,0,,0.2943469700003334,18,ALL_RESOLVED
final_v2,greedy,map1,45,e807fcfc735986e9,e02d0416b7d51b2a,b3362d9604322a0c,a65eb91a39ef4179,30,7,0,23,0.23333333333333334,20,15.285714285714286,16,0,0,245,23254,41629,0.1398785250094079,0,0,,0.1690805799989903,20,ALL_RESOLVED
final_v2,astar,map1,45,e807fcfc735986e9,e02d0416b7d51b2a,b3362d9604322a0c,a65eb91a39ef4179,30,7,0,23,0.23333333333333334,18,14.142857142857142,15,0,2,237,41449,47005,0.23042718702708953,0,0,,0.2583606019979925,18,ALL_RESOLVED
final_v2,ga,map1,44,e807fcfc735986e9,e02d0416b7d51b2a,b3362d9604322a0c,a65eb91a39ef4179,30,1,0,29,0.03333333333333333,15,15.0,15,5,0,73,0,19477,1.577319776002696,835,19477,0.25,1.5996995199966477,15,ALL_RESOLVED
final_v2,ga,map1,43,e807fcfc735986e9,e02d0416b7d51b2a,b3362d9604322a0c,a65eb91a39ef4179,30,3,1,26,0.1,32,21.666666666666668,17,9,1,133,0,34636,3.2578963920095703,1501,34636,0.25,3.3097126789980393,32,ALL_RESOLVED
final_v2,bfs,map1,46,e807fcfc735986e9,e02d0416b7d51b2a,b3362d9604322a0c,a65eb91a39ef4179,30,10,0,20,0.3333333333333333,24,17.2,17.5,0,4,652,156170,159133,0.40907498204978765,0,0,,0.4554968859993096,24,ALL_RESOLVED
final_v2,greedy,map1,46,e807fcfc735986e9,e02d0416b7d51b2a,b3362d9604322a0c,a65eb91a39ef4179,30,7,0,23,0.23333333333333334,23,17.571428571428573,20,0,2,675,73845,131925,0.3571988989824604,0,0,,0.40464993699788465,24,ALL_RESOLVED
final_v2,ucs,map1,46,e807fcfc735986e9,e02d0416b7d51b2a,b3362d9604322a0c,a65eb91a39ef4179,30,8,1,21,0.26666666666666666,24,16.375,16.5,0,3,659,163463,166273,0.8083966030171723,0,0,,0.8622220569995989,24,ALL_RESOLVED
final_v2,astar,map1,46,e807fcfc735986e9,e02d0416b7d51b2a,b3362d9604322a0c,a65eb91a39ef4179,30,9,1,20,0.3,23,16.88888888888889,17,0,3,656,137048,152293,0.730129291965568,0,0,,0.7870807939980295,24,ALL_RESOLVED
final_v2,bfs,map1,47,e807fcfc735986e9,e02d0416b7d51b2a,b3362d9604322a0c,a65eb91a39ef4179,30,9,2,19,0.3,33,19.0,18,0,1,339,66360,68660,0.20496883799205534,0,0,,0.24011768799755373,33,ALL_RESOLVED
final_v2,ucs,map1,47,e807fcfc735986e9,e02d0416b7d51b2a,b3362d9604322a0c,a65eb91a39ef4179,30,9,2,19,0.3,33,19.0,18,0,1,339,68636,70925,0.2659239049789903,0,0,,0.29706679499940947,33,ALL_RESOLVED
final_v2,greedy,map1,47,e807fcfc735986e9,e02d0416b7d51b2a,b3362d9604322a0c,a65eb91a39ef4179,30,10,1,19,0.3333333333333333,37,22.3,20.5,0,1,383,30136,54190,0.12455242998112226,0,0,,0.16657737499917857,37,ALL_RESOLVED
final_v2,astar,map1,47,e807fcfc735986e9,e02d0416b7d51b2a,b3362d9604322a0c,a65eb91a39ef4179,30,10,1,19,0.3333333333333333,35,20.5,18.5,0,1,365,53110,62585,0.23783966304108617,0,0,,0.27215839700147626,35,ALL_RESOLVED
final_v2,ga,map1,45,e807fcfc735986e9,e02d0416b7d51b2a,b3362d9604322a0c,a65eb91a39ef4179,30,6,1,23,0.2,25,16.666666666666668,15.5,15,0,258,0,68850,6.624374060018454,2966,68850,0.25,6.691893395996885,25,ALL_RESOLVED
final_v2,bfs,map1,48,e807fcfc735986e9,e02d0416b7d51b2a,b3362d9604322a0c,a65eb91a39ef4179,30,7,0,23,0.23333333333333334,44,29.142857142857142,31,0,4,1216,337727,345312,0.8621962179095135,0,0,,0.9439317870019295,44,ALL_RESOLVED
final_v2,ucs,map1,48,e807fcfc735986e9,e02d0416b7d51b2a,b3362d9604322a0c,a65eb91a39ef4179,30,6,0,24,0.2,43,27.0,30.5,0,5,1218,349966,357197,1.798339547964133,0,0,,1.9077790069968614,44,ALL_RESOLVED
final_v2,greedy,map1,48,e807fcfc735986e9,e02d0416b7d51b2a,b3362d9604322a0c,a65eb91a39ef4179,30,5,0,25,0.16666666666666666,44,25.8,32,0,4,1229,148858,265123,0.8846514600481896,0,0,,0.9924707300015143,44,ALL_RESOLVED
final_v2,astar,map1,48,e807fcfc735986e9,e02d0416b7d51b2a,b3362d9604322a0c,a65eb91a39ef4179,30,6,0,24,0.2,43,26.666666666666668,29.5,0,5,1216,282164,326635,1.56488727597025,0,0,,1.6741052939978545,44,ALL_RESOLVED
final_v2,ga,map1,47,e807fcfc735986e9,e02d0416b7d51b2a,b3362d9604322a0c,a65eb91a39ef4179,30,6,1,23,0.2,49,22.0,18.5,24,0,336,0,90840,9.292744435031636,3932,90840,0.25,9.399370677998377,49,ALL_RESOLVED
final_v2,bfs,map1,49,e807fcfc735986e9,e02d0416b7d51b2a,b3362d9604322a0c,a65eb91a39ef4179,30,5,1,24,0.16666666666666666,14,11.2,12,0,4,206,46757,48146,0.15323941797032603,0,0,,0.1748939480021363,14,ALL_RESOLVED
final_v2,ucs,map1,49,e807fcfc735986e9,e02d0416b7d51b2a,b3362d9604322a0c,a65eb91a39ef4179,30,5,1,24,0.16666666666666666,14,11.2,12,0,3,206,48432,49814,0.2506010839897499,0,0,,0.2735264159964572,14,ALL_RESOLVED
final_v2,greedy,map1,49,e807fcfc735986e9,e02d0416b7d51b2a,b3362d9604322a0c,a65eb91a39ef4179,30,4,2,24,0.13333333333333333,14,10.75,10.5,0,3,195,22078,39279,0.12997808798900223,0,0,,0.15218244900097488,14,ALL_RESOLVED
final_v2,astar,map1,49,e807fcfc735986e9,e02d0416b7d51b2a,b3362d9604322a0c,a65eb91a39ef4179,30,5,1,24,0.16666666666666666,14,11.2,12,0,3,204,39629,44477,0.2176117700037139,0,0,,0.2400390940019861,14,ALL_RESOLVED
final_v2,ga,map1,46,e807fcfc735986e9,e02d0416b7d51b2a,b3362d9604322a0c,a65eb91a39ef4179,30,4,1,25,0.13333333333333333,22,15.25,15.5,42,2,683,0,202187,15.712266409987933,8810,202187,0.25,15.831785168997158,24,ALL_RESOLVED
final_v2,bfs,map1,50,e807fcfc735986e9,e02d0416b7d51b2a,b3362d9604322a0c,a65eb91a39ef4179,30,1,0,29,0.03333333333333333,11,11.0,11,0,0,185,49747,51100,0.10360511399630923,0,0,,0.11609499499900267,11,ALL_RESOLVED
final_v2,ucs,map1,50,e807fcfc735986e9,e02d0416b7d51b2a,b3362d9604322a0c,a65eb91a39ef4179,30,1,0,29,0.03333333333333333,11,11.0,11,0,0,185,51211,52481,0.16598640300435363,0,0,,0.17943209700024454,11,ALL_RESOLVED
final_v2,greedy,map1,50,e807fcfc735986e9,e02d0416b7d51b2a,b3362d9604322a0c,a65eb91a39ef4179,30,1,0,29,0.03333333333333333,11,11.0,11,0,0,185,23713,42597,0.089642961986101,0,0,,0.10186933799923281,11,ALL_RESOLVED
final_v2,astar,map1,50,e807fcfc735986e9,e02d0416b7d51b2a,b3362d9604322a0c,a65eb91a39ef4179,30,1,0,29,0.03333333333333333,11,11.0,11,0,0,185,40776,46366,0.1456705840137147,0,0,,0.15756067099937354,11,ALL_RESOLVED
final_v2,ga,map1,49,e807fcfc735986e9,e02d0416b7d51b2a,b3362d9604322a0c,a65eb91a39ef4179,30,4,1,25,0.13333333333333333,14,10.75,10.5,16,2,197,0,54252,5.48705419198086,2343,54252,0.25,5.531775661998836,14,ALL_RESOLVED
final_v2,bfs,map1,51,e807fcfc735986e9,e02d0416b7d51b2a,b3362d9604322a0c,a65eb91a39ef4179,30,30,0,0,1.0,95,54.06666666666667,60.0,0,6,1622,337292,348936,1.0898931439915032,0,0,,1.2635012339997047,95,ALL_RESOLVED
final_v2,ga,map1,50,e807fcfc735986e9,e02d0416b7d51b2a,b3362d9604322a0c,a65eb91a39ef4179,30,1,0,29,0.03333333333333333,11,11.0,11,13,0,185,0,56197,3.5231537020044925,2445,56197,0.25,3.5515866790010477,11,ALL_RESOLVED
final_v2,greedy,map1,51,e807fcfc735986e9,e02d0416b7d51b2a,b3362d9604322a0c,a65eb91a39ef4179,30,30,0,0,1.0,101,59.1,64.0,0,5,1773,153155,275178,0.5526063260076626,0,0,,0.6728200830002606,101,ALL_RESOLVED
final_v2,ucs,map1,51,e807fcfc735986e9,e02d0416b7d51b2a,b3362d9604322a0c,a65eb91a39ef4179,30,30,0,0,1.0,103,56.43333333333333,60.0,0,7,1693,370746,382936,1.8844622040451213,0,0,,2.0764718540012836,103,ALL_RESOLVED
final_v2,ga,map1,42,e807fcfc735986e9,e02d0416b7d51b2a,b3362d9604322a0c,a65eb91a39ef4179,30,11,6,13,0.36666666666666664,59,22.818181818181817,14,73,8,843,0,259889,26.004369144051452,11302,259889,0.25,26.248944432001736,82,ALL_RESOLVED
final_v2,astar,map1,51,e807fcfc735986e9,e02d0416b7d51b2a,b3362d9604322a0c,a65eb91a39ef4179,30,30,0,0,1.0,103,56.3,60.0,0,11,1689,284409,328466,0.998375677911099,0,0,,1.1275248509991798,103,ALL_RESOLVED
final_v2,bfs,map1,52,e807fcfc735986e9,e02d0416b7d51b2a,b3362d9604322a0c,a65eb91a39ef4179,30,26,2,2,0.8666666666666667,89,47.88461538461539,49.5,0,6,1285,247964,256978,0.8052526148712786,0,0,,0.9541197159996955,89,ALL_RESOLVED
final_v2,ucs,map1,52,e807fcfc735986e9,e02d0416b7d51b2a,b3362d9604322a0c,a65eb91a39ef4179,30,26,2,2,0.8666666666666667,93,49.84615384615385,49.5,0,5,1336,269734,279215,0.8741095670557115,0,0,,0.977173530998698,93,ALL_RESOLVED
final_v2,greedy,map1,52,e807fcfc735986e9,e02d0416b7d51b2a,b3362d9604322a0c,a65eb91a39ef4179,30,26,2,2,0.8666666666666667,95,52.42307692307692,53.5,0,6,1399,114692,206395,0.6644192360545276,0,0,,0.8262586040000315,95,ALL_RESOLVED
final_v2,astar,map1,52,e807fcfc735986e9,e02d0416b7d51b2a,b3362d9604322a0c,a65eb91a39ef4179,30,26,2,2,0.8666666666666667,94,49.57692307692308,49.5,0,10,1325,205212,237950,0.765952500016283,0,0,,0.8956571979979344,94,ALL_RESOLVED
final_v2,bfs,map1,53,e807fcfc735986e9,e02d0416b7d51b2a,b3362d9604322a0c,a65eb91a39ef4179,30,16,0,14,0.5333333333333333,41,25.1875,25.5,0,11,459,55087,58406,0.17764644803537522,0,0,,0.23316925299877767,41,ALL_RESOLVED
final_v2,ucs,map1,53,e807fcfc735986e9,e02d0416b7d51b2a,b3362d9604322a0c,a65eb91a39ef4179,30,16,0,14,0.5333333333333333,42,27.5,26.5,0,6,496,65541,69265,0.26858644701496814,0,0,,0.30918962500072666,42,ALL_RESOLVED
final_v2,greedy,map1,53,e807fcfc735986e9,e02d0416b7d51b2a,b3362d9604322a0c,a65eb91a39ef4179,30,16,0,14,0.5333333333333333,45,28.9375,29.5,0,11,519,24633,45532,0.09405410194085562,0,0,,0.13977564699962386,45,ALL_RESOLVED
final_v2,astar,map1,53,e807fcfc735986e9,e02d0416b7d51b2a,b3362d9604322a0c,a65eb91a39ef4179,30,16,0,14,0.5333333333333333,41,27.1875,26.5,0,7,491,42571,52017,0.15927319593174616,0,0,,0.19758965599976364,41,ALL_RESOLVED
final_v2,ga,map1,17,e807fcfc735986e9,e02d0416b7d51b2a,b3362d9604322a0c,a65eb91a39ef4179,30,13,4,13,0.43333333333333335,74,22.692307692307693,14,337,51,2907,0,1045585,98.69627080510327,45947,1045585,0.25,99.52661244400224,200,TIMEOUT
final_v2,bfs,map1,54,e807fcfc735986e9,e02d0416b7d51b2a,b3362d9604322a0c,a65eb91a39ef4179,30,30,0,0,1.0,97,53.0,55.5,0,6,1590,313415,324541,1.041101060949586,0,0,,1.2133657379999931,97,ALL_RESOLVED
final_v2,ucs,map1,54,e807fcfc735986e9,e02d0416b7d51b2a,b3362d9604322a0c,a65eb91a39ef4179,30,30,0,0,1.0,103,54.666666666666664,56.5,0,6,1640,337725,349286,1.7645730210206239,0,0,,1.9539020460033498,103,ALL_RESOLVED
final_v2,greedy,map1,54,e807fcfc735986e9,e02d0416b7d51b2a,b3362d9604322a0c,a65eb91a39ef4179,30,30,0,0,1.0,103,57.06666666666667,59.5,0,6,1712,146036,262814,0.8610733731038636,0,0,,1.0458681050004088,103,ALL_RESOLVED
final_v2,astar,map1,54,e807fcfc735986e9,e02d0416b7d51b2a,b3362d9604322a0c,a65eb91a39ef4179,30,29,1,0,0.9666666666666667,99,52.689655172413794,55,0,6,1552,243780,285023,1.3520735759593663,0,0,,1.5304171419993509,99,ALL_RESOLVED
final_v2,ga,map1,34,e807fcfc735986e9,e02d0416b7d51b2a,b3362d9604322a0c,a65eb91a39ef4179,30,7,12,11,0.23333333333333334,60,27.0,32,203,10,1979,0,679342,62.33011912492293,29815,679342,0.25,62.93114201299977,196,ALL_RESOLVED
final_v2,bfs,map1,55,e807fcfc735986e9,e02d0416b7d51b2a,b3362d9604322a0c,a65eb91a39ef4179,30,26,1,3,0.8666666666666667,69,34.69230769230769,33.5,0,4,946,150246,157375,0.3919252719715587,0,0,,0.4765440609990037,69,ALL_RESOLVED
final_v2,ga,map1,53,e807fcfc735986e9,e02d0416b7d51b2a,b3362d9604322a0c,a65eb91a39ef4179,30,7,9,14,0.23333333333333334,61,42.0,46,66,4,844,0,261478,16.990236883983016,11439,261478,0.25,17.183214115997544,118,ALL_RESOLVED
final_v2,greedy,map1,55,e807fcfc735986e9,e02d0416b7d51b2a,b3362d9604322a0c,a65eb91a39ef4179,30,26,1,3,0.8666666666666667,75,38.19230769230769,37.5,0,3,1037,65897,120001,0.27092553403781494,0,0,,0.36985268100033863,75,ALL_RESOLVED
final_v2,ucs,map1,55,e807fcfc735986e9,e02d0416b7d51b2a,b3362d9604322a0c,a65eb91a39ef4179,30,26,1,3,0.8666666666666667,69,36.19230769230769,36.5,0,7,985,168751,176004,0.7876236690244696,0,0,,0.9013690170031623,69,ALL_RESOLVED
final_v2,astar,map1,55,e807fcfc735986e9,e02d0416b7d51b2a,b3362d9604322a0c,a65eb91a39ef4179,30,26,1,3,0.8666666666666667,69,35.88461538461539,36.5,0,7,977,114493,135965,0.6058357330257422,0,0,,0.7192934730010165,69,ALL_RESOLVED
final_v2,bfs,map1,56,e807fcfc735986e9,e02d0416b7d51b2a,b3362d9604322a0c,a65eb91a39ef4179,30,17,0,13,0.5666666666666667,43,25.647058823529413,30,0,4,462,50340,53570,0.1542970849914127,0,0,,0.21186243500051205,43,ALL_RESOLVED
final_v2,ucs,map1,56,e807fcfc735986e9,e02d0416b7d51b2a,b3362d9604322a0c,a65eb91a39ef4179,30,17,0,13,0.5666666666666667,47,27.470588235294116,32,0,5,493,58274,61772,0.3201464829944598,0,0,,0.38922473000275204,47,ALL_RESOLVED
final_v2,greedy,map1,56,e807fcfc735986e9,e02d0416b7d51b2a,b3362d9604322a0c,a65eb91a39ef4179,30,17,0,13,0.5666666666666667,47,28.470588235294116,34,0,4,510,23237,43031,0.13412642203184078,0,0,,0.1968249499986996,47,ALL_RESOLVED
final_v2,astar,map1,56,e807fcfc735986e9,e02d0416b7d51b2a,b3362d9604322a0c,a65eb91a39ef4179,30,17,0,13,0.5666666666666667,47,28.0,32,0,6,502,38375,47476,0.21621690699248575,0,0,,0.28046405799977947,47,ALL_RESOLVED
final_v2,ga,map1,29,e807fcfc735986e9,e02d0416b7d51b2a,b3362d9604322a0c,a65eb91a39ef4179,30,4,15,11,0.13333333333333333,82,33.25,21.0,303,25,2827,0,966765,83.99118198597716,42480,966765,0.25,84.70681785000124,200,TIMEOUT
final_v2,bfs,map1,57,e807fcfc735986e9,e02d0416b7d51b2a,b3362d9604322a0c,a65eb91a39ef4179,30,8,0,22,0.26666666666666666,24,16.375,16.0,0,1,439,102730,105850,0.3411564669877407,0,0,,0.3841297079998185,24,ALL_RESOLVED
final_v2,ucs,map1,57,e807fcfc735986e9,e02d0416b7d51b2a,b3362d9604322a0c,a65eb91a39ef4179,30,8,0,22,0.26666666666666666,24,16.375,16.0,0,1,439,106992,110081,0.5746826899594453,0,0,,0.6169979660007812,24,ALL_RESOLVED
final_v2,greedy,map1,57,e807fcfc735986e9,e02d0416b7d51b2a,b3362d9604322a0c,a65eb91a39ef4179,30,8,0,22,0.26666666666666666,28,18.625,19.0,0,0,457,46995,83621,0.2676698909745028,0,0,,0.31540626700007124,28,ALL_RESOLVED
final_v2,astar,map1,57,e807fcfc735986e9,e02d0416b7d51b2a,b3362d9604322a0c,a65eb91a39ef4179,30,8,0,22,0.26666666666666666,24,16.375,16.0,0,1,439,83124,96796,0.4648800369905075,0,0,,0.5100125649987604,24,ALL_RESOLVED
final_v2,ga,map1,48,e807fcfc735986e9,e02d0416b7d51b2a,b3362d9604322a0c,a65eb91a39ef4179,30,2,0,28,0.06666666666666667,10,9.0,9.0,117,3,1250,0,424448,42.15502439298143,18666,424448,0.25,42.45526725699892,44,ALL_RESOLVED
final_v2,bfs,map1,58,e807fcfc735986e9,e02d0416b7d51b2a,b3362d9604322a0c,a65eb91a39ef4179,30,1,1,28,0.03333333333333333,13,13.0,13,0,0,131,38204,39059,0.13413834900347865,0,0,,0.15806159500061767,13,ALL_RESOLVED
final_v2,ucs,map1,58,e807fcfc735986e9,e02d0416b7d51b2a,b3362d9604322a0c,a65eb91a39ef4179,30,1,1,28,0.03333333333333333,13,13.0,13,0,0,131,38804,39657,0.21101481101868558,0,0,,0.22923979700135533,13,ALL_RESOLVED
final_v2,greedy,map1,58,e807fcfc735986e9,e02d0416b7d51b2a,b3362d9604322a0c,a65eb91a39ef4179,30,2,0,28,0.06666666666666667,23,19.0,19.0,0,0,150,18666,33189,0.13165414697868982,0,0,,0.16142196500004502,23,ALL_RESOLVED
final_v2,astar,map1,58,e807fcfc735986e9,e02d0416b7d51b2a,b3362d9604322a0c,a65eb91a39ef4179,30,1,1,28,0.03333333333333333,13,13.0,13,0,0,131,32333,36817,0.19616946103269584,0,0,,0.21614558899818803,13,ALL_RESOLVED
final_v2,ga,map1,58,e807fcfc735986e9,e02d0416b7d51b2a,b3362d9604322a0c,a65eb91a39ef4179,30,1,0,29,0.03333333333333333,24,24.0,24,7,0,140,0,40478,3.305464913988544,1760,40478,0.25,3.3448982199988677,24,ALL_RESOLVED
final_v2,bfs,map1,59,e807fcfc735986e9,e02d0416b7d51b2a,b3362d9604322a0c,a65eb91a39ef4179,30,20,0,10,0.6666666666666666,65,37.35,42.0,0,5,827,141597,147511,0.33656796001741895,0,0,,0.417448449999938,65,ALL_RESOLVED
final_v2,ucs,map1,59,e807fcfc735986e9,e02d0416b7d51b2a,b3362d9604322a0c,a65eb91a39ef4179,30,20,0,10,0.6666666666666666,67,38.95,42.0,0,5,859,153925,160113,0.6761929990061617,0,0,,0.7754356629993708,67,ALL_RESOLVED
final_v2,greedy,map1,59,e807fcfc735986e9,e02d0416b7d51b2a,b3362d9604322a0c,a65eb91a39ef4179,30,20,0,10,0.6666666666666666,73,40.65,46.0,0,3,893,66393,120257,0.3567398949780909,0,0,,0.47506584800066776,73,ALL_RESOLVED
final_v2,astar,map1,59,e807fcfc735986e9,e02d0416b7d51b2a,b3362d9604322a0c,a65eb91a39ef4179,30,20,0,10,0.6666666666666666,66,38.65,42.0,0,5,853,109885,131010,0.5822963410937518,0,0,,0.685477932998765,66,ALL_RESOLVED
final_v2,ga,map1,57,e807fcfc735986e9,e02d0416b7d51b2a,b3362d9604322a0c,a65eb91a39ef4179,30,7,0,23,0.23333333333333334,31,19.285714285714285,20,24,0,457,0,126594,12.211727372956375,5455,126594,0.25,12.317534350000642,31,ALL_RESOLVED
final_v2,bfs,map1,60,e807fcfc735986e9,e02d0416b7d51b2a,b3362d9604322a0c,a65eb91a39ef4179,30,11,0,19,0.36666666666666664,41,21.454545454545453,17,0,1,274,33249,35147,0.09727018898774986,0,0,,0.1478471640002681,41,ALL_RESOLVED
final_v2,ucs,map1,60,e807fcfc735986e9,e02d0416b7d51b2a,b3362d9604322a0c,a65eb91a39ef4179,30,11,0,19,0.36666666666666664,41,21.636363636363637,17,0,1,276,35634,37571,0.15029842297008145,0,0,,0.1925718640013656,41,ALL_RESOLVED
final_v2,greedy,map1,60,e807fcfc735986e9,e02d0416b7d51b2a,b3362d9604322a0c,a65eb91a39ef4179,30,11,0,19,0.36666666666666664,45,23.727272727272727,20,0,0,299,15449,28429,0.0747079900065728,0,0,,0.12797444200259633,45,ALL_RESOLVED
final_v2,astar,map1,60,e807fcfc735986e9,e02d0416b7d51b2a,b3362d9604322a0c,a65eb91a39ef4179,30,11,0,19,0.36666666666666664,41,21.636363636363637,17,0,1,276,24654,29630,0.13816999102346017,0,0,,0.19001420399945346,41,ALL_RESOLVED
final_v2,ga,map1,56,e807fcfc735986e9,e02d0416b7d51b2a,b3362d9604322a0c,a65eb91a39ef4179,30,7,6,17,0.23333333333333334,72,29.857142857142858,25,72,4,727,0,236591,23.206940119041974,10317,236591,0.25,23.433300931999838,80,ALL_RESOLVED
final_v2,bfs,map1,61,e807fcfc735986e9,e02d0416b7d51b2a,b3362d9604322a0c,a65eb91a39ef4179,30,1,1,28,0.03333333333333333,10,10.0,10,0,1,242,69948,71635,0.2312620469747344,0,0,,0.2525213030021405,10,ALL_RESOLVED
final_v2,ucs,map1,61,e807fcfc735986e9,e02d0416b7d51b2a,b3362d9604322a0c,a65eb91a39ef4179,30,1,1,28,0.03333333333333333,10,10.0,10,0,1,242,71204,72826,0.37017992100300035,0,0,,0.39314782500150613,10,ALL_RESOLVED
final_v2,greedy,map1,61,e807fcfc735986e9,e02d0416b7d51b2a,b3362d9604322a0c,a65eb91a39ef4179,30,1,0,29,0.03333333333333333,10,10.0,10,0,0,242,33326,59485,0.19872905503871152,0,0,,0.22106188399993698,10,ALL_RESOLVED
final_v2,astar,map1,61,e807fcfc735986e9,e02d0416b7d51b2a,b3362d9604322a0c,a65eb91a39ef4179,30,1,1,28,0.03333333333333333,10,10.0,10,0,1,242,57932,66047,0.32129303299370804,0,0,,0.3438218119990779,10,ALL_RESOLVED
final_v2,ga,map1,61,e807fcfc735986e9,e02d0416b7d51b2a,b3362d9604322a0c,a65eb91a39ef4179,30,1,0,29,0.03333333333333333,10,10.0,10,19,0,242,0,76932,7.972786899987113,3374,76932,0.25,8.031968106999557,10,ALL_RESOLVED
final_v2,bfs,map1,62,e807fcfc735986e9,e02d0416b7d51b2a,b3362d9604322a0c,a65eb91a39ef4179,30,1,0,29,0.03333333333333333,15,15.0,15,0,1,189,51543,52831,0.1714820860142936,0,0,,0.19347891700090258,15,ALL_RESOLVED
final_v2,ucs,map1,62,e807fcfc735986e9,e02d0416b7d51b2a,b3362d9604322a0c,a65eb91a39ef4179,30,1,0,29,0.03333333333333333,15,15.0,15,0,1,189,52708,53923,0.2750898780177522,0,0,,0.29869889700057684,15,ALL_RESOLVED
final_v2,greedy,map1,62,e807fcfc735986e9,e02d0416b7d51b2a,b3362d9604322a0c,a65eb91a39ef4179,30,1,0,29,0.03333333333333333,15,15.0,15,0,1,189,24537,44041,0.14797912196809193,0,0,,0.17122059899702435,15,ALL_RESOLVED
final_v2,astar,map1,62,e807fcfc735986e9,e02d0416b7d51b2a,b3362d9604322a0c,a65eb91a39ef4179,30,1,0,29,0.03333333333333333,15,15.0,15,0,1,189,43341,49197,0.24626785901273252,0,0,,0.2697295869984373,15,ALL_RESOLVED
final_v2,ga,map1,60,e807fcfc735986e9,e02d0416b7d51b2a,b3362d9604322a0c,a65eb91a39ef4179,30,7,1,22,0.23333333333333334,139,40.714285714285715,29,43,3,565,0,178962,15.341739634983242,7837,178962,0.25,15.575010430002294,139,ALL_RESOLVED
final_v2,bfs,map1,63,e807fcfc735986e9,e02d0416b7d51b2a,b3362d9604322a0c,a65eb91a39ef4179,30,18,0,12,0.6,51,27.166666666666668,25.5,0,6,633,106659,111189,0.35037345893579186,0,0,,0.4288104929983092,51,ALL_RESOLVED
final_v2,ga,map1,62,e807fcfc735986e9,e02d0416b7d51b2a,b3362d9604322a0c,a65eb91a39ef4179,30,1,0,29,0.03333333333333333,15,15.0,15,13,0,189,0,55082,4.6443486379757815,2400,55082,0.25,4.686565325999254,15,ALL_RESOLVED
final_v2,ucs,map1,63,e807fcfc735986e9,e02d0416b7d51b2a,b3362d9604322a0c,a65eb91a39ef4179,30,18,0,12,0.6,51,27.833333333333332,27.0,0,4,645,115359,119946,0.5702415489795385,0,0,,0.6466588809998939,51,ALL_RESOLVED
final_v2,greedy,map1,63,e807fcfc735986e9,e02d0416b7d51b2a,b3362d9604322a0c,a65eb91a39ef4179,30,18,0,12,0.6,55,30.22222222222222,29.5,0,5,688,47339,85690,0.264401681972231,0,0,,0.34722653800054104,55,ALL_RESOLVED
final_v2,astar,map1,63,e807fcfc735986e9,e02d0416b7d51b2a,b3362d9604322a0c,a65eb91a39ef4179,30,18,0,12,0.6,51,27.555555555555557,25.5,0,3,640,87060,101289,0.4797236670310667,0,0,,0.5588485949992901,51,ALL_RESOLVED
final_v2,bfs,map1,64,e807fcfc735986e9,e02d0416b7d51b2a,b3362d9604322a0c,a65eb91a39ef4179,30,25,1,4,0.8333333333333334,66,33.04,26,0,5,846,122844,128954,0.39714346399341593,0,0,,0.49818977899849415,66,ALL_RESOLVED
final_v2,ucs,map1,64,e807fcfc735986e9,e02d0416b7d51b2a,b3362d9604322a0c,a65eb91a39ef4179,30,25,1,4,0.8333333333333334,68,34.24,28,0,5,876,136799,143159,0.6936753609734296,0,0,,0.800642770002014,68,ALL_RESOLVED
final_v2,greedy,map1,64,e807fcfc735986e9,e02d0416b7d51b2a,b3362d9604322a0c,a65eb91a39ef4179,30,25,1,4,0.8333333333333334,74,36.8,32,0,9,940,56357,102713,0.3238812268755282,0,0,,0.4371060250014125,74,ALL_RESOLVED
final_v2,astar,map1,64,e807fcfc735986e9,e02d0416b7d51b2a,b3362d9604322a0c,a65eb91a39ef4179,30,25,1,4,0.8333333333333334,68,33.72,29,0,4,863,93984,112509,0.5138194219834986,0,0,,0.6194403619992954,68,ALL_RESOLVED
final_v2,ga,map1,39,e807fcfc735986e9,e02d0416b7d51b2a,b3362d9604322a0c,a65eb91a39ef4179,30,9,13,8,0.3,194,47.666666666666664,31,288,26,2897,0,1012251,97.26709149308226,44558,1012251,0.25,98.07457544999852,200,TIMEOUT
final_v2,bfs,map1,65,e807fcfc735986e9,e02d0416b7d51b2a,b3362d9604322a0c,a65eb91a39ef4179,30,12,0,18,0.4,49,23.833333333333332,21.5,0,3,394,64597,67310,0.2098782590474002,0,0,,0.27341105099912966,49,ALL_RESOLVED
final_v2,ucs,map1,65,e807fcfc735986e9,e02d0416b7d51b2a,b3362d9604322a0c,a65eb91a39ef4179,30,12,0,18,0.4,49,24.166666666666668,22.0,0,3,398,68254,71007,0.3505491530013387,0,0,,0.41574185399804264,49,ALL_RESOLVED
final_v2,greedy,map1,65,e807fcfc735986e9,e02d0416b7d51b2a,b3362d9604322a0c,a65eb91a39ef4179,30,12,0,18,0.4,53,27.166666666666668,25.5,0,3,434,31001,56200,0.182159176980349,0,0,,0.2514014570006111,53,ALL_RESOLVED
final_v2,astar,map1,65,e807fcfc735986e9,e02d0416b7d51b2a,b3362d9604322a0c,a65eb91a39ef4179,30,12,0,18,0.4,49,24.416666666666668,23.5,0,4,401,51274,59121,0.2797901180201734,0,0,,0.34446969000055105,49,ALL_RESOLVED
final_v2,ga,map1,52,e807fcfc735986e9,e02d0416b7d51b2a,b3362d9604322a0c,a65eb91a39ef4179,30,7,11,12,0.23333333333333334,47,30.0,31,240,7,2356,0,804401,71.0458213999118,35272,804401,0.25,71.68191202600065,200,TIMEOUT
final_v2,bfs,map1,66,e807fcfc735986e9,e02d0416b7d51b2a,b3362d9604322a0c,a65eb91a39ef4179,30,21,2,7,0.7,78,34.38095238095238,27,0,5,826,143357,149244,0.2918140428882907,0,0,,0.3680625119995966,78,ALL_RESOLVED
final_v2,ucs,map1,66,e807fcfc735986e9,e02d0416b7d51b2a,b3362d9604322a0c,a65eb91a39ef4179,30,21,2,7,0.7,78,35.142857142857146,31,0,7,842,154762,160698,0.5490328370360658,0,0,,0.6279113749988028,78,ALL_RESOLVED
final_v2,greedy,map1,66,e807fcfc735986e9,e02d0416b7d51b2a,b3362d9604322a0c,a65eb91a39ef4179,30,21,2,7,0.7,82,37.904761904761905,31,0,5,900,67593,121931,0.25723610094792093,0,0,,0.3370460030018876,82,ALL_RESOLVED
final_v2,astar,map1,66,e807fcfc735986e9,e02d0416b7d51b2a,b3362d9604322a0c,a65eb91a39ef4179,30,21,2,7,0.7,78,34.857142857142854,29,0,6,836,113811,132995,0.3998352180169604,0,0,,0.47797704599724966,78,ALL_RESOLVED
final_v2,ga,map1,36,e807fcfc735986e9,e02d0416b7d51b2a,b3362d9604322a0c,a65eb91a39ef4179,30,8,10,12,0.26666666666666666,62,29.125,23.5,369,34,3423,0,1217874,112.93566110802567,53499,1217874,0.25,113.84968956100056,200,TIMEOUT
final_v2,bfs,map1,67,e807fcfc735986e9,e02d0416b7d51b2a,b3362d9604322a0c,a65eb91a39ef4179,30,26,2,2,0.8666666666666667,79,46.11538461538461,46.5,0,2,1221,213387,222090,0.6894423860539973,0,0,,0.8187529070019082,79,ALL_RESOLVED
final_v2,ucs,map1,67,e807fcfc735986e9,e02d0416b7d51b2a,b3362d9604322a0c,a65eb91a39ef4179,30,26,2,2,0.8666666666666667,83,48.23076923076923,52.0,0,5,1276,234794,243912,1.1892632160197536,0,0,,1.3296305129988468,83,ALL_RESOLVED
final_v2,ga,map1,65,e807fcfc735986e9,e02d0416b7d51b2a,b3362d9604322a0c,a65eb91a39ef4179,30,7,4,19,0.23333333333333334,108,42.714285714285715,36,47,0,627,0,187021,11.662560840930382,8152,187021,0.25,11.82126555600189,108,ALL_RESOLVED
final_v2,greedy,map1,67,e807fcfc735986e9,e02d0416b7d51b2a,b3362d9604322a0c,a65eb91a39ef4179,30,27,0,3,0.9,88,51.44444444444444,52,0,4,1407,105249,190198,0.6187845640124578,0,0,,0.7673409309973067,88,ALL_RESOLVED
final_v2,astar,map1,67,e807fcfc735986e9,e02d0416b7d51b2a,b3362d9604322a0c,a65eb91a39ef4179,30,26,1,3,0.8666666666666667,83,48.5,50.5,0,6,1283,172632,205899,0.9469542429833382,0,0,,1.0874238859978504,83,ALL_RESOLVED
final_v2,bfs,map1,68,e807fcfc735986e9,e02d0416b7d51b2a,b3362d9604322a0c,a65eb91a39ef4179,30,10,0,20,0.3333333333333333,25,17.2,16.5,0,6,452,95744,98846,0.31147120199239,0,0,,0.35333381699820166,25,ALL_RESOLVED
final_v2,ucs,map1,68,e807fcfc735986e9,e02d0416b7d51b2a,b3362d9604322a0c,a65eb91a39ef4179,30,9,1,20,0.3,25,16.444444444444443,16,0,6,442,99955,102891,0.5090609009675973,0,0,,0.5524468539988447,25,ALL_RESOLVED
final_v2,greedy,map1,68,e807fcfc735986e9,e02d0416b7d51b2a,b3362d9604322a0c,a65eb91a39ef4179,30,6,1,23,0.2,17,13.666666666666666,14.5,0,5,412,43446,77530,0.25391874202978215,0,0,,0.28922616799900425,17,ALL_RESOLVED
final_v2,astar,map1,68,e807fcfc735986e9,e02d0416b7d51b2a,b3362d9604322a0c,a65eb91a39ef4179,30,9,1,20,0.3,25,16.444444444444443,16,0,6,442,77947,90342,0.4279151780247048,0,0,,0.47120860100039863,25,ALL_RESOLVED
final_v2,ga,map1,68,e807fcfc735986e9,e02d0416b7d51b2a,b3362d9604322a0c,a65eb91a39ef4179,30,7,1,22,0.23333333333333334,27,16.0,15,27,1,428,0,119160,7.0795448340104485,5129,119160,0.25,7.13995930999954,27,ALL_RESOLVED
final_v2,bfs,map1,69,e807fcfc735986e9,e02d0416b7d51b2a,b3362d9604322a0c,a65eb91a39ef4179,30,4,0,26,0.13333333333333333,24,17.25,18.5,0,2,225,57927,59396,0.12031969600502634,0,0,,0.14081760199769633,24,ALL_RESOLVED
final_v2,ucs,map1,69,e807fcfc735986e9,e02d0416b7d51b2a,b3362d9604322a0c,a65eb91a39ef4179,30,4,0,26,0.13333333333333333,26,17.75,18.5,0,2,227,59219,60696,0.18489398199744755,0,0,,0.20875828199859825,26,ALL_RESOLVED
final_v2,greedy,map1,69,e807fcfc735986e9,e02d0416b7d51b2a,b3362d9604322a0c,a65eb91a39ef4179,30,4,0,26,0.13333333333333333,31,20.0,20.5,0,1,236,26850,47565,0.10018747997673927,0,0,,0.1247918170010962,31,ALL_RESOLVED
final_v2,astar,map1,69,e807fcfc735986e9,e02d0416b7d51b2a,b3362d9604322a0c,a65eb91a39ef4179,30,4,0,26,0.13333333333333333,26,17.75,18.5,0,2,227,48243,55509,0.17167842300477787,0,0,,0.19401502899927436,26,ALL_RESOLVED
final_v2,ga,map1,41,e807fcfc735986e9,e02d0416b7d51b2a,b3362d9604322a0c,a65eb91a39ef4179,30,7,9,14,0.23333333333333334,52,22.428571428571427,18,346,32,3381,0,1212094,119.56160641699171,53338,1212094,0.25,120.5146348240014,200,TIMEOUT
final_v2,bfs,map1,70,e807fcfc735986e9,e02d0416b7d51b2a,b3362d9604322a0c,a65eb91a39ef4179,30,25,0,5,0.8333333333333334,82,41.28,39,0,4,1062,183257,190946,0.48017611391696846,0,0,,0.5753645740005595,82,ALL_RESOLVED
final_v2,ucs,map1,70,e807fcfc735986e9,e02d0416b7d51b2a,b3362d9604322a0c,a65eb91a39ef4179,30,25,0,5,0.8333333333333334,84,42.48,40,0,6,1092,200001,208007,0.6232612110579794,0,0,,0.7089211950005847,84,ALL_RESOLVED
final_v2,greedy,map1,70,e807fcfc735986e9,e02d0416b7d51b2a,b3362d9604322a0c,a65eb91a39ef4179,30,25,0,5,0.8333333333333334,88,45.56,43,0,3,1169,83660,151416,0.30202370596452965,0,0,,0.3907847810005478,88,ALL_RESOLVED
final_v2,astar,map1,70,e807fcfc735986e9,e02d0416b7d51b2a,b3362d9604322a0c,a65eb91a39ef4179,30,25,0,5,0.8333333333333334,82,42.08,39,0,6,1082,145100,170313,0.49915000002874876,0,0,,0.5844234789983602,82,ALL_RESOLVED
final_v2,ga,map1,69,e807fcfc735986e9,e02d0416b7d51b2a,b3362d9604322a0c,a65eb91a39ef4179,30,4,0,26,0.13333333333333333,47,31.75,36.0,16,0,283,0,78353,5.864138505021401,3395,78353,0.25,5.945345334999729,47,ALL_RESOLVED
final_v2,bfs,map1,71,e807fcfc735986e9,e02d0416b7d51b2a,b3362d9604322a0c,a65eb91a39ef4179,30,23,0,7,0.7666666666666667,71,34.130434782608695,34,0,0,827,122896,128892,0.3947642610546609,0,0,,0.4986618959992484,71,ALL_RESOLVED
final_v2,ucs,map1,71,e807fcfc735986e9,e02d0416b7d51b2a,b3362d9604322a0c,a65eb91a39ef4179,30,23,0,7,0.7666666666666667,71,35.130434782608695,35,0,3,850,134991,141187,0.6821034399617929,0,0,,0.7896417009978904,71,ALL_RESOLVED
final_v2,greedy,map1,71,e807fcfc735986e9,e02d0416b7d51b2a,b3362d9604322a0c,a65eb91a39ef4179,30,22,1,7,0.7333333333333333,74,36.95454545454545,37.5,0,1,861,53346,97084,0.30689007403998403,0,0,,0.41605767799774185,74,ALL_RESOLVED
final_v2,astar,map1,71,e807fcfc735986e9,e02d0416b7d51b2a,b3362d9604322a0c,a65eb91a39ef4179,30,23,0,7,0.7666666666666667,71,35.0,36,0,2,847,95549,114168,0.4192292809893843,0,0,,0.49588702300025034,71,ALL_RESOLVED
final_v2,ga,map1,59,e807fcfc735986e9,e02d0416b7d51b2a,b3362d9604322a0c,a65eb91a39ef4179,30,6,9,15,0.2,44,18.833333333333332,15.0,205,14,1937,0,672523,62.90558945601879,29536,672523,0.25,63.45827946900317,176,ALL_RESOLVED
final_v2,bfs,map1,72,e807fcfc735986e9,e02d0416b7d51b2a,b3362d9604322a0c,a65eb91a39ef4179,30,19,0,11,0.6333333333333333,44,26.473684210526315,27,0,3,547,63741,67638,0.20517889702387038,0,0,,0.26446475600096164,44,ALL_RESOLVED
final_v2,ga,map1,55,e807fcfc735986e9,e02d0416b7d51b2a,b3362d9604322a0c,a65eb91a39ef4179,30,8,17,5,0.26666666666666666,40,16.75,11.5,284,41,2432,0,878821,80.82822922991909,38693,878821,0.25,81.46682946700093,162,ALL_RESOLVED
final_v2,greedy,map1,72,e807fcfc735986e9,e02d0416b7d51b2a,b3362d9604322a0c,a65eb91a39ef4179,30,19,0,11,0.6333333333333333,48,29.94736842105263,32,0,3,613,29448,54390,0.10493513205437921,0,0,,0.1446162850006658,48,ALL_RESOLVED
final_v2,astar,map1,72,e807fcfc735986e9,e02d0416b7d51b2a,b3362d9604322a0c,a65eb91a39ef4179,30,19,0,11,0.6333333333333333,46,28.210526315789473,30,0,6,580,48183,59389,0.16580901203269605,0,0,,0.2046805769969069,46,ALL_RESOLVED
final_v2,ucs,map1,72,e807fcfc735986e9,e02d0416b7d51b2a,b3362d9604322a0c,a65eb91a39ef4179,30,19,0,11,0.6333333333333333,46,28.42105263157895,28,0,8,584,73744,77884,0.37631142095051473,0,0,,0.4406432389987458,46,ALL_RESOLVED
final_v2,bfs,map1,73,e807fcfc735986e9,e02d0416b7d51b2a,b3362d9604322a0c,a65eb91a39ef4179,30,8,0,22,0.26666666666666666,25,17.375,15.5,0,5,227,37607,39196,0.12446448697664891,0,0,,0.15738926899939543,25,ALL_RESOLVED
final_v2,ucs,map1,73,e807fcfc735986e9,e02d0416b7d51b2a,b3362d9604322a0c,a65eb91a39ef4179,30,8,0,22,0.26666666666666666,25,17.375,15.5,0,2,227,39686,41332,0.20584239198069554,0,0,,0.2389939829990908,25,ALL_RESOLVED
final_v2,greedy,map1,73,e807fcfc735986e9,e02d0416b7d51b2a,b3362d9604322a0c,a65eb91a39ef4179,30,8,0,22,0.26666666666666666,29,19.375,16.5,0,3,243,17721,31964,0.10506224200071301,0,0,,0.1419412969989935,29,ALL_RESOLVED
final_v2,astar,map1,73,e807fcfc735986e9,e02d0416b7d51b2a,b3362d9604322a0c,a65eb91a39ef4179,30,8,0,22,0.26666666666666666,25,17.375,15.5,0,2,227,29136,33655,0.1602985170102329,0,0,,0.19278903600206831,25,ALL_RESOLVED
final_v2,ga,map1,51,e807fcfc735986e9,e02d0416b7d51b2a,b3362d9604322a0c,a65eb91a39ef4179,30,7,14,9,0.23333333333333334,60,34.714285714285715,40,284,17,3011,0,1051811,104.68622139400759,46229,1051811,0.25,105.52734869800042,200,TIMEOUT
final_v2,bfs,map1,74,e807fcfc735986e9,e02d0416b7d51b2a,b3362d9604322a0c,a65eb91a39ef4179,30,25,1,4,0.8333333333333334,80,41.2,36,0,15,1088,184493,192255,0.5944493539791438,0,0,,0.7209902909999073,80,ALL_RESOLVED
final_v2,ga,map1,54,e807fcfc735986e9,e02d0416b7d51b2a,b3362d9604322a0c,a65eb91a39ef4179,30,6,14,10,0.2,27,15.833333333333334,15.0,263,17,2463,0,859201,85.86792534608685,37823,859201,0.25,86.59143233799841,200,TIMEOUT
final_v2,ga,map1,63,e807fcfc735986e9,e02d0416b7d51b2a,b3362d9604322a0c,a65eb91a39ef4179,30,7,10,13,0.23333333333333334,65,32.0,21,114,15,1292,0,435737,43.9806613578985,19089,435737,0.25,44.32696433199817,90,ALL_RESOLVED
final_v2,greedy,map1,74,e807fcfc735986e9,e02d0416b7d51b2a,b3362d9604322a0c,a65eb91a39ef4179,30,24,2,4,0.8,84,43.791666666666664,39.5,0,14,1123,81363,146953,0.47205336689876276,0,0,,0.6059956730023259,84,ALL_RESOLVED
final_v2,ucs,map1,74,e807fcfc735986e9,e02d0416b7d51b2a,b3362d9604322a0c,a65eb91a39ef4179,30,24,1,5,0.8,78,41.291666666666664,39.5,0,10,1067,191664,199394,0.9769960389457992,0,0,,1.1044659969993518,78,ALL_RESOLVED
final_v2,astar,map1,74,e807fcfc735986e9,e02d0416b7d51b2a,b3362d9604322a0c,a65eb91a39ef4179,30,25,0,5,0.8333333333333334,80,42.32,38,0,7,1120,148662,175934,0.8083789640477335,0,0,,0.9387186849999125,80,ALL_RESOLVED
final_v2,bfs,map1,75,e807fcfc735986e9,e02d0416b7d51b2a,b3362d9604322a0c,a65eb91a39ef4179,30,7,1,22,0.23333333333333334,31,19.285714285714285,21,0,1,457,116251,119246,0.38138841999534634,0,0,,0.43018285000289325,31,ALL_RESOLVED
final_v2,greedy,map1,75,e807fcfc735986e9,e02d0416b7d51b2a,b3362d9604322a0c,a65eb91a39ef4179,30,7,1,22,0.23333333333333334,35,22.142857142857142,25,0,1,477,54418,96501,0.31678882105916273,0,0,,0.3704205450012523,35,ALL_RESOLVED
final_v2,ucs,map1,75,e807fcfc735986e9,e02d0416b7d51b2a,b3362d9604322a0c,a65eb91a39ef4179,30,7,1,22,0.23333333333333334,31,19.285714285714285,21,0,1,457,119782,122777,0.615713332004816,0,0,,0.6669940899992071,31,ALL_RESOLVED
final_v2,astar,map1,75,e807fcfc735986e9,e02d0416b7d51b2a,b3362d9604322a0c,a65eb91a39ef4179,30,7,1,22,0.23333333333333334,31,19.285714285714285,21,0,2,457,97122,112555,0.5431690929908655,0,0,,0.5941239919993677,31,ALL_RESOLVED
final_v2,bfs,map1,76,e807fcfc735986e9,e02d0416b7d51b2a,b3362d9604322a0c,a65eb91a39ef4179,30,19,0,11,0.6333333333333333,51,24.105263157894736,21,0,2,502,63136,66797,0.2051616049684526,0,0,,0.27604669299762463,51,ALL_RESOLVED
final_v2,ucs,map1,76,e807fcfc735986e9,e02d0416b7d51b2a,b3362d9604322a0c,a65eb91a39ef4179,30,19,0,11,0.6333333333333333,51,24.736842105263158,21,0,2,514,69987,73775,0.3567571069688711,0,0,,0.42937910799810197,51,ALL_RESOLVED
final_v2,greedy,map1,76,e807fcfc735986e9,e02d0416b7d51b2a,b3362d9604322a0c,a65eb91a39ef4179,30,19,0,11,0.6333333333333333,55,26.63157894736842,25,0,2,550,28143,52044,0.17193815798236756,0,0,,0.2524391039987677,55,ALL_RESOLVED
final_v2,astar,map1,76,e807fcfc735986e9,e02d0416b7d51b2a,b3362d9604322a0c,a65eb91a39ef4179,30,19,0,11,0.6333333333333333,51,24.63157894736842,21,0,2,512,45901,55656,0.25353309802812873,0,0,,0.3258532300023944,51,ALL_RESOLVED
final_v2,ga,map1,73,e807fcfc735986e9,e02d0416b7d51b2a,b3362d9604322a0c,a65eb91a39ef4179,30,7,0,23,0.23333333333333334,59,33.142857142857146,36,27,0,348,0,99008,7.057614982983068,4277,99008,0.25,7.140128038998228,59,ALL_RESOLVED
final_v2,bfs,map1,77,e807fcfc735986e9,e02d0416b7d51b2a,b3362d9604322a0c,a65eb91a39ef4179,30,10,0,20,0.3333333333333333,36,24.0,21.5,0,5,520,117180,120610,0.24759812296906603,0,0,,0.2823718769977859,36,ALL_RESOLVED
final_v2,ucs,map1,77,e807fcfc735986e9,e02d0416b7d51b2a,b3362d9604322a0c,a65eb91a39ef4179,30,10,0,20,0.3333333333333333,38,24.7,22.5,0,4,527,122236,125821,0.39808738398642163,0,0,,0.4372081330002402,38,ALL_RESOLVED
final_v2,greedy,map1,77,e807fcfc735986e9,e02d0416b7d51b2a,b3362d9604322a0c,a65eb91a39ef4179,30,10,1,19,0.3333333333333333,40,27.8,25.5,0,3,556,51946,91923,0.19096130203615758,0,0,,0.22825935099899652,40,ALL_RESOLVED
final_v2,astar,map1,77,e807fcfc735986e9,e02d0416b7d51b2a,b3362d9604322a0c,a65eb91a39ef4179,30,10,0,20,0.3333333333333333,38,24.5,21.5,0,4,525,98264,112616,0.3425772689442965,0,0,,0.3815672880009515,38,ALL_RESOLVED
final_v2,ga,map1,66,e807fcfc735986e9,e02d0416b7d51b2a,b3362d9604322a0c,a65eb91a39ef4179,30,8,12,10,0.26666666666666666,175,40.625,21.0,159,5,1725,0,582911,37.06290869901932,25581,582911,0.25,37.411817803000304,175,ALL_RESOLVED
final_v2,bfs,map1,78,e807fcfc735986e9,e02d0416b7d51b2a,b3362d9604322a0c,a65eb91a39ef4179,30,18,1,11,0.6,62,38.05555555555556,41.5,0,6,925,189641,195948,0.3879083830033778,0,0,,0.4496252250028192,62,ALL_RESOLVED
final_v2,ucs,map1,78,e807fcfc735986e9,e02d0416b7d51b2a,b3362d9604322a0c,a65eb91a39ef4179,30,18,1,11,0.6,67,39.77777777777778,41.5,0,8,956,203549,209781,0.6493257499714673,0,0,,0.7175592130006407,67,ALL_RESOLVED
final_v2,greedy,map1,78,e807fcfc735986e9,e02d0416b7d51b2a,b3362d9604322a0c,a65eb91a39ef4179,30,18,0,12,0.6,66,42.0,45.5,0,3,996,86177,154820,0.3119581790379016,0,0,,0.3768025379977189,66,ALL_RESOLVED
final_v2,astar,map1,78,e807fcfc735986e9,e02d0416b7d51b2a,b3362d9604322a0c,a65eb91a39ef4179,30,17,1,12,0.5666666666666667,64,38.05882352941177,39,0,7,905,153652,179684,0.5154621039800986,0,0,,0.582082298999012,64,ALL_RESOLVED
final_v2,ga,map1,75,e807fcfc735986e9,e02d0416b7d51b2a,b3362d9604322a0c,a65eb91a39ef4179,30,4,1,25,0.13333333333333333,45,26.0,25.0,23,0,460,0,140373,14.313237712041882,6118,140373,0.25,14.43527199300297,45,ALL_RESOLVED
final_v2,bfs,map1,79,e807fcfc735986e9,e02d0416b7d51b2a,b3362d9604322a0c,a65eb91a39ef4179,30,28,1,1,0.9333333333333333,93,43.32142857142857,45.5,0,5,1249,229479,238430,0.7443745760247111,0,0,,0.8955679639984737,93,ALL_RESOLVED
final_v2,ga,map1,72,e807fcfc735986e9,e02d0416b7d51b2a,b3362d9604322a0c,a65eb91a39ef4179,30,8,10,12,0.26666666666666666,80,33.875,22.5,64,2,745,0,231481,20.135228408005787,10070,231481,0.25,20.32650147499953,80,ALL_RESOLVED
final_v2,ga,map1,77,e807fcfc735986e9,e02d0416b7d51b2a,b3362d9604322a0c,a65eb91a39ef4179,30,7,2,21,0.23333333333333334,91,47.57142857142857,41,49,0,649,0,188816,11.289973116941837,8209,188816,0.25,11.41439026199805,91,ALL_RESOLVED
final_v2,greedy,map1,79,e807fcfc735986e9,e02d0416b7d51b2a,b3362d9604322a0c,a65eb91a39ef4179,30,28,0,2,0.9333333333333333,99,47.535714285714285,49.5,0,5,1367,106593,192253,0.623329239020677,0,0,,0.7895034220018715,99,ALL_RESOLVED
final_v2,astar,map1,79,e807fcfc735986e9,e02d0416b7d51b2a,b3362d9604322a0c,a65eb91a39ef4179,30,28,1,1,0.9333333333333333,93,44.42857142857143,45.5,0,4,1280,187443,219394,0.6446188569098013,0,0,,0.7457991250012128,93,ALL_RESOLVED
final_v2,bfs,map1,80,e807fcfc735986e9,e02d0416b7d51b2a,b3362d9604322a0c,a65eb91a39ef4179,30,1,1,28,0.03333333333333333,13,13.0,13,0,0,129,36011,36831,0.0731624899963208,0,0,,0.08298838400150998,13,ALL_RESOLVED
final_v2,ucs,map1,79,e807fcfc735986e9,e02d0416b7d51b2a,b3362d9604322a0c,a65eb91a39ef4179,30,28,0,2,0.9333333333333333,93,44.42857142857143,45.5,0,4,1280,250867,259928,1.2812532990428736,0,0,,1.438673132997792,93,ALL_RESOLVED
final_v2,greedy,map1,80,e807fcfc735986e9,e02d0416b7d51b2a,b3362d9604322a0c,a65eb91a39ef4179,30,1,0,29,0.03333333333333333,13,13.0,13,0,0,129,17409,30850,0.10221941700365278,0,0,,0.11969659500027774,13,ALL_RESOLVED
final_v2,ucs,map1,80,e807fcfc735986e9,e02d0416b7d51b2a,b3362d9604322a0c,a65eb91a39ef4179,30,1,1,28,0.03333333333333333,13,13.0,13,0,0,129,36767,37579,0.12135801897966303,0,0,,0.13278482100213296,13,ALL_RESOLVED
final_v2,astar,map1,80,e807fcfc735986e9,e02d0416b7d51b2a,b3362d9604322a0c,a65eb91a39ef4179,30,1,1,28,0.03333333333333333,13,13.0,13,0,0,129,29609,34024,0.16257578700970043,0,0,,0.18029182899772422,13,ALL_RESOLVED
final_v2,bfs,map1,81,e807fcfc735986e9,e02d0416b7d51b2a,b3362d9604322a0c,a65eb91a39ef4179,30,13,1,16,0.43333333333333335,37,20.46153846153846,17,0,3,464,86302,89416,0.28276448797259945,0,0,,0.3356790660000115,37,ALL_RESOLVED
final_v2,ucs,map1,81,e807fcfc735986e9,e02d0416b7d51b2a,b3362d9604322a0c,a65eb91a39ef4179,30,14,0,16,0.4666666666666667,37,21.142857142857142,17.5,0,1,488,91944,95207,0.4687023270089412,0,0,,0.5232500519996393,37,ALL_RESOLVED
final_v2,greedy,map1,81,e807fcfc735986e9,e02d0416b7d51b2a,b3362d9604322a0c,a65eb91a39ef4179,30,14,0,16,0.4666666666666667,41,23.071428571428573,19.0,0,2,515,42091,75698,0.24695792098646052,0,0,,0.30523552099839435,41,ALL_RESOLVED
final_v2,astar,map1,81,e807fcfc735986e9,e02d0416b7d51b2a,b3362d9604322a0c,a65eb91a39ef4179,30,14,0,16,0.4666666666666667,37,21.142857142857142,17.5,0,3,488,71177,82516,0.390862583037233,0,0,,0.44569850400148425,37,ALL_RESOLVED
final_v2,ga,map1,80,e807fcfc735986e9,e02d0416b7d51b2a,b3362d9604322a0c,a65eb91a39ef4179,30,1,0,29,0.03333333333333333,13,13.0,13,4,0,129,0,39791,2.393485393975425,1738,39791,0.25,2.415363042997342,13,ALL_RESOLVED
final_v2,bfs,map1,82,e807fcfc735986e9,e02d0416b7d51b2a,b3362d9604322a0c,a65eb91a39ef4179,30,27,0,3,0.9,79,36.77777777777778,26,0,16,1005,157803,164941,0.3268268690590048,0,0,,0.4057813370018266,79,ALL_RESOLVED
final_v2,ucs,map1,82,e807fcfc735986e9,e02d0416b7d51b2a,b3362d9604322a0c,a65eb91a39ef4179,30,27,0,3,0.9,85,37.925925925925924,27,0,13,1036,177174,184379,0.5793122790491907,0,0,,0.6681741850006802,85,ALL_RESOLVED
final_v2,greedy,map1,82,e807fcfc735986e9,e02d0416b7d51b2a,b3362d9604322a0c,a65eb91a39ef4179,30,27,0,3,0.9,85,40.77777777777778,30,0,12,1113,72197,131042,0.25954494200414047,0,0,,0.34424609599955147,85,ALL_RESOLVED
final_v2,astar,map1,82,e807fcfc735986e9,e02d0416b7d51b2a,b3362d9604322a0c,a65eb91a39ef4179,30,27,0,3,0.9,85,38.2962962962963,29,0,15,1046,127979,149763,0.43974239698945894,0,0,,0.5265286930007278,85,ALL_RESOLVED
final_v2,ga,map1,64,e807fcfc735986e9,e02d0416b7d51b2a,b3362d9604322a0c,a65eb91a39ef4179,30,11,14,5,0.36666666666666664,51,22.90909090909091,14,190,21,1880,0,636693,64.09499942503317,27893,636693,0.25,64.63959245599835,174,ALL_RESOLVED
final_v2,bfs,map1,83,e807fcfc735986e9,e02d0416b7d51b2a,b3362d9604322a0c,a65eb91a39ef4179,30,17,2,11,0.5666666666666667,53,27.941176470588236,25,0,5,681,127048,131682,0.41219306002312806,0,0,,0.4907693870009098,53,ALL_RESOLVED
final_v2,ucs,map1,83,e807fcfc735986e9,e02d0416b7d51b2a,b3362d9604322a0c,a65eb91a39ef4179,30,16,2,12,0.5333333333333333,53,27.0625,24.5,0,5,653,131254,135686,0.6691410659841495,0,0,,0.7498582130028808,53,ALL_RESOLVED
final_v2,greedy,map1,83,e807fcfc735986e9,e02d0416b7d51b2a,b3362d9604322a0c,a65eb91a39ef4179,30,16,2,12,0.5333333333333333,56,29.375,28.5,0,5,692,56577,101803,0.3268183090585808,0,0,,0.40945029799695476,56,ALL_RESOLVED
final_v2,astar,map1,83,e807fcfc735986e9,e02d0416b7d51b2a,b3362d9604322a0c,a65eb91a39ef4179,30,17,1,12,0.5666666666666667,56,28.529411764705884,25,0,5,689,104930,121227,0.5708728800454992,0,0,,0.6547148970021226,56,ALL_RESOLVED
final_v2,ga,map1,78,e807fcfc735986e9,e02d0416b7d51b2a,b3362d9604322a0c,a65eb91a39ef4179,30,5,6,19,0.16666666666666666,58,30.2,15,104,1,1065,0,345841,21.30887183903178,15155,345841,0.25,21.539162895998743,156,ALL_RESOLVED
final_v2,bfs,map1,84,e807fcfc735986e9,e02d0416b7d51b2a,b3362d9604322a0c,a65eb91a39ef4179,30,27,0,3,0.9,85,46.77777777777778,43,0,5,1269,241233,250449,0.49516300097093335,0,0,,0.5850814570003422,85,ALL_RESOLVED
final_v2,ucs,map1,84,e807fcfc735986e9,e02d0416b7d51b2a,b3362d9604322a0c,a65eb91a39ef4179,30,27,0,3,0.9,92,48.7037037037037,44,0,7,1321,267074,276560,0.8519903159940441,0,0,,0.952082085001166,92,ALL_RESOLVED
final_v2,greedy,map1,84,e807fcfc735986e9,e02d0416b7d51b2a,b3362d9604322a0c,a65eb91a39ef4179,30,27,0,3,0.9,91,51.0,47,0,5,1383,108228,195079,0.3803099160286365,0,0,,0.4803816889980226,91,ALL_RESOLVED
final_v2,astar,map1,84,e807fcfc735986e9,e02d0416b7d51b2a,b3362d9604322a0c,a65eb91a39ef4179,30,27,0,3,0.9,90,48.407407407407405,44,0,9,1313,196433,227818,0.6831155490363017,0,0,,0.7866803760007315,90,ALL_RESOLVED
final_v2,ga,map1,81,e807fcfc735986e9,e02d0416b7d51b2a,b3362d9604322a0c,a65eb91a39ef4179,30,9,0,21,0.3,47,20.77777777777778,16,37,1,439,0,127358,12.646442480036058,5501,127358,0.25,12.765059223998833,47,ALL_RESOLVED
final_v2,bfs,map1,85,e807fcfc735986e9,e02d0416b7d51b2a,b3362d9604322a0c,a65eb91a39ef4179,30,16,1,13,0.5333333333333333,54,28.6875,27.5,0,4,645,119107,123601,0.3896797049710585,0,0,,0.470564048999222,54,ALL_RESOLVED
final_v2,ucs,map1,85,e807fcfc735986e9,e02d0416b7d51b2a,b3362d9604322a0c,a65eb91a39ef4179,30,16,1,13,0.5333333333333333,54,29.375,29.5,0,3,656,127175,131818,0.6491691110786633,0,0,,0.7327353459986625,54,ALL_RESOLVED
final_v2,greedy,map1,85,e807fcfc735986e9,e02d0416b7d51b2a,b3362d9604322a0c,a65eb91a39ef4179,30,15,2,13,0.5,48,30.466666666666665,31,0,4,647,52916,94255,0.3089357810385991,0,0,,0.38547752799786394,48,ALL_RESOLVED
final_v2,astar,map1,85,e807fcfc735986e9,e02d0416b7d51b2a,b3362d9604322a0c,a65eb91a39ef4179,30,16,1,13,0.5333333333333333,54,29.375,28.5,0,3,656,98663,113462,0.501112938971346,0,0,,0.5640245149988914,54,ALL_RESOLVED
final_v2,ga,map1,76,e807fcfc735986e9,e02d0416b7d51b2a,b3362d9604322a0c,a65eb91a39ef4179,30,11,7,12,0.36666666666666664,65,21.818181818181817,13,86,4,976,0,317869,31.869889739980863,13854,317869,0.25,32.1838890839972,116,ALL_RESOLVED
final_v2,bfs,map1,86,e807fcfc735986e9,e02d0416b7d51b2a,b3362d9604322a0c,a65eb91a39ef4179,30,18,1,11,0.6,52,29.88888888888889,30.5,0,2,730,132740,137791,0.4314498900239414,0,0,,0.5093379739992088,52,ALL_RESOLVED
final_v2,ucs,map1,86,e807fcfc735986e9,e02d0416b7d51b2a,b3362d9604322a0c,a65eb91a39ef4179,30,18,1,11,0.6,56,31.444444444444443,33.0,0,6,758,141554,146757,0.7259045699720446,0,0,,0.8115572919996339,56,ALL_RESOLVED
final_v2,greedy,map1,86,e807fcfc735986e9,e02d0416b7d51b2a,b3362d9604322a0c,a65eb91a39ef4179,30,18,0,12,0.6,56,32.888888888888886,34.5,0,2,784,58319,104582,0.3385481290133612,0,0,,0.42327728899908834,56,ALL_RESOLVED
final_v2,astar,map1,86,e807fcfc735986e9,e02d0416b7d51b2a,b3362d9604322a0c,a65eb91a39ef4179,30,18,1,11,0.6,55,30.72222222222222,31.5,0,3,745,105577,123421,0.579431931993895,0,0,,0.6626019249997626,55,ALL_RESOLVED
final_v2,ga,map1,67,e807fcfc735986e9,e02d0416b7d51b2a,b3362d9604322a0c,a65eb91a39ef4179,30,7,15,8,0.23333333333333334,79,37.142857142857146,36,233,12,2196,0,762838,75.06359333899309,33481,762838,0.25,75.66762199400182,160,ALL_RESOLVED
final_v2,bfs,map1,87,e807fcfc735986e9,e02d0416b7d51b2a,b3362d9604322a0c,a65eb91a39ef4179,30,0,0,30,0.0,,,,30,0,30,10170,10170,0.032602497998595936,0,0,,0.03434243300216622,1,ALL_RESOLVED
final_v2,ucs,map1,87,e807fcfc735986e9,e02d0416b7d51b2a,b3362d9604322a0c,a65eb91a39ef4179,30,0,0,30,0.0,,,,30,0,30,10170,10170,0.05153278999932809,0,0,,0.05344279299970367,1,ALL_RESOLVED
final_v2,greedy,map1,87,e807fcfc735986e9,e02d0416b7d51b2a,b3362d9604322a0c,a65eb91a39ef4179,30,0,0,30,0.0,,,,30,0,30,10170,16470,0.05743918199732434,0,0,,0.05932354199831025,1,ALL_RESOLVED
final_v2,astar,map1,87,e807fcfc735986e9,e02d0416b7d51b2a,b3362d9604322a0c,a65eb91a39ef4179,30,0,0,30,0.0,,,,30,0,30,10170,10855,0.05393530198489316,0,0,,0.05585508199874312,1,ALL_RESOLVED
final_v2,ga,map1,87,e807fcfc735986e9,e02d0416b7d51b2a,b3362d9604322a0c,a65eb91a39ef4179,30,0,0,30,0.0,,,,4,0,30,0,8370,0.8898763830038661,362,8370,0.00044483985765124553,0.8954771480021009,1,ALL_RESOLVED
final_v2,bfs,map1,88,e807fcfc735986e9,e02d0416b7d51b2a,b3362d9604322a0c,a65eb91a39ef4179,30,21,0,9,0.7,72,37.0,37,0,5,795,121191,126853,0.3905230339660193,0,0,,0.4979178690009576,72,ALL_RESOLVED
final_v2,ga,map1,71,e807fcfc735986e9,e02d0416b7d51b2a,b3362d9604322a0c,a65eb91a39ef4179,30,7,15,8,0.23333333333333334,56,26.0,27,172,20,1742,0,601276,58.1332382050532,26408,601276,0.25,58.624686773000576,154,ALL_RESOLVED
final_v2,greedy,map1,88,e807fcfc735986e9,e02d0416b7d51b2a,b3362d9604322a0c,a65eb91a39ef4179,30,21,0,9,0.7,77,41.38095238095238,41,0,3,887,58668,106453,0.3371791289864632,0,0,,0.4535664450013428,77,ALL_RESOLVED
final_v2,ucs,map1,88,e807fcfc735986e9,e02d0416b7d51b2a,b3362d9604322a0c,a65eb91a39ef4179,30,21,0,9,0.7,74,38.0,37,0,4,816,133737,139498,0.6773227429694089,0,0,,0.7909115490001568,74,ALL_RESOLVED
final_v2,astar,map1,88,e807fcfc735986e9,e02d0416b7d51b2a,b3362d9604322a0c,a65eb91a39ef4179,30,21,0,9,0.7,74,37.61904761904762,37,0,4,808,95142,112060,0.5174786129791755,0,0,,0.630366827997932,74,ALL_RESOLVED
final_v2,bfs,map1,89,e807fcfc735986e9,e02d0416b7d51b2a,b3362d9604322a0c,a65eb91a39ef4179,30,6,2,22,0.2,20,15.666666666666666,16.0,0,3,574,126258,129212,0.4132360069961578,0,0,,0.457088950999605,20,ALL_RESOLVED
final_v2,ga,map1,83,e807fcfc735986e9,e02d0416b7d51b2a,b3362d9604322a0c,a65eb91a39ef4179,30,8,6,16,0.26666666666666666,79,36.125,28.0,60,1,885,0,263178,26.65460124202582,11503,263178,0.25,26.88357903400174,79,ALL_RESOLVED
final_v2,ucs,map1,89,e807fcfc735986e9,e02d0416b7d51b2a,b3362d9604322a0c,a65eb91a39ef4179,30,5,3,22,0.16666666666666666,19,14.8,14,0,3,574,132867,135500,0.6756992009395617,0,0,,0.722883118000027,20,ALL_RESOLVED
final_v2,greedy,map1,89,e807fcfc735986e9,e02d0416b7d51b2a,b3362d9604322a0c,a65eb91a39ef4179,30,3,0,27,0.1,14,12.333333333333334,12,0,1,577,58584,105145,0.33919691304981825,0,0,,0.383975028002169,20,ALL_RESOLVED
final_v2,astar,map1,89,e807fcfc735986e9,e02d0416b7d51b2a,b3362d9604322a0c,a65eb91a39ef4179,30,5,0,25,0.16666666666666666,19,14.8,14,0,4,574,106219,121817,0.5800522460776847,0,0,,0.6263665529986611,20,ALL_RESOLVED
final_v2,bfs,map1,90,e807fcfc735986e9,e02d0416b7d51b2a,b3362d9604322a0c,a65eb91a39ef4179,30,29,0,1,0.9666666666666667,97,46.758620689655174,43,0,3,1362,258462,268279,0.8380424799761386,0,0,,1.0020911360006721,97,ALL_RESOLVED
final_v2,ucs,map1,90,e807fcfc735986e9,e02d0416b7d51b2a,b3362d9604322a0c,a65eb91a39ef4179,30,29,0,1,0.9666666666666667,97,48.0,43,0,3,1398,280889,290872,1.4266163980282727,0,0,,1.5966622669984645,97,ALL_RESOLVED
final_v2,greedy,map1,90,e807fcfc735986e9,e02d0416b7d51b2a,b3362d9604322a0c,a65eb91a39ef4179,30,29,0,1,0.9666666666666667,103,50.89655172413793,47,0,1,1482,117759,212151,0.6796281039860332,0,0,,0.8551433200009342,103,ALL_RESOLVED
final_v2,astar,map1,90,e807fcfc735986e9,e02d0416b7d51b2a,b3362d9604322a0c,a65eb91a39ef4179,30,29,0,1,0.9666666666666667,97,47.793103448275865,43,0,5,1392,209874,245684,1.1455395460106956,0,0,,1.314766695999424,97,ALL_RESOLVED
final_v2,ga,map1,86,e807fcfc735986e9,e02d0416b7d51b2a,b3362d9604322a0c,a65eb91a39ef4179,30,6,9,15,0.2,58,20.0,10.5,62,1,626,0,199866,20.15981847900548,8717,199866,0.25,20.355149631999666,78,ALL_RESOLVED
final_v2,bfs,map1,91,e807fcfc735986e9,e02d0416b7d51b2a,b3362d9604322a0c,a65eb91a39ef4179,30,24,0,6,0.8,58,28.625,20.0,0,14,783,122919,128417,0.3981527109935996,0,0,,0.4861539060002542,58,ALL_RESOLVED
final_v2,ucs,map1,91,e807fcfc735986e9,e02d0416b7d51b2a,b3362d9604322a0c,a65eb91a39ef4179,30,24,0,6,0.8,64,30.083333333333332,21.5,0,11,818,139176,144468,0.707656635055173,0,0,,0.8054648420002195,64,ALL_RESOLVED
final_v2,greedy,map1,91,e807fcfc735986e9,e02d0416b7d51b2a,b3362d9604322a0c,a65eb91a39ef4179,30,23,0,7,0.7666666666666667,65,30.52173913043478,22,0,11,814,55417,100584,0.32100193001679145,0,0,,0.4181319489980524,65,ALL_RESOLVED
final_v2,astar,map1,91,e807fcfc735986e9,e02d0416b7d51b2a,b3362d9604322a0c,a65eb91a39ef4179,30,24,0,6,0.8,65,30.0,20.5,0,11,816,100106,116714,0.5438043610411114,0,0,,0.6415671149989066,65,ALL_RESOLVED
final_v2,ga,map1,89,e807fcfc735986e9,e02d0416b7d51b2a,b3362d9604322a0c,a65eb91a39ef4179,30,3,0,27,0.1,14,12.333333333333334,12,44,0,577,0,176211,18.00850115706635,7722,176211,0.25,18.12884982500327,20,ALL_RESOLVED
final_v2,ga,map1,82,e807fcfc735986e9,e02d0416b7d51b2a,b3362d9604322a0c,a65eb91a39ef4179,30,13,14,3,0.43333333333333335,52,32.07692307692308,35,230,14,2257,0,758631,47.577675945944065,33308,758631,0.25,48.007211134998215,194,ALL_RESOLVED
final_v2,bfs,map1,92,e807fcfc735986e9,e02d0416b7d51b2a,b3362d9604322a0c,a65eb91a39ef4179,30,3,1,26,0.1,11,10.0,10,0,9,246,63846,65621,0.20800803602469387,0,0,,0.22962110699882032,11,ALL_RESOLVED
final_v2,ga,map1,70,e807fcfc735986e9,e02d0416b7d51b2a,b3362d9604322a0c,a65eb91a39ef4179,30,8,12,10,0.26666666666666666,44,28.75,29.0,244,13,2560,0,885909,82.14289397382527,38980,885909,0.25,82.80424211500213,200,TIMEOUT
final_v2,ucs,map1,92,e807fcfc735986e9,e02d0416b7d51b2a,b3362d9604322a0c,a65eb91a39ef4179,30,3,1,26,0.1,11,10.0,10,0,7,246,65726,67442,0.20695719899595133,0,0,,0.2204837499994028,11,ALL_RESOLVED
final_v2,greedy,map1,92,e807fcfc735986e9,e02d0416b7d51b2a,b3362d9604322a0c,a65eb91a39ef4179,30,3,1,26,0.1,11,10.0,10,0,9,246,29996,53593,0.17578858602792025,0,0,,0.19806143200185033,11,ALL_RESOLVED
final_v2,astar,map1,92,e807fcfc735986e9,e02d0416b7d51b2a,b3362d9604322a0c,a65eb91a39ef4179,30,3,1,26,0.1,11,10.0,10,0,7,246,52087,58969,0.18040207998637925,0,0,,0.19528714199987007,11,ALL_RESOLVED
final_v2,ucs,map1,93,e807fcfc735986e9,e02d0416b7d51b2a,b3362d9604322a0c,a65eb91a39ef4179,30,10,0,20,0.3333333333333333,30,15.7,14.5,0,2,197,24647,26018,0.07571543101221323,0,0,,0.09831097300047986,30,ALL_RESOLVED
final_v2,bfs,map1,93,e807fcfc735986e9,e02d0416b7d51b2a,b3362d9604322a0c,a65eb91a39ef4179,30,10,0,20,0.3333333333333333,30,15.6,14.5,0,3,196,22837,24191,0.07458079298885423,0,0,,0.1101894679995894,30,ALL_RESOLVED
final_v2,greedy,map1,93,e807fcfc735986e9,e02d0416b7d51b2a,b3362d9604322a0c,a65eb91a39ef4179,30,10,0,20,0.3333333333333333,34,17.5,16.5,0,0,215,9924,18169,0.03615686199555057,0,0,,0.06011964000208536,34,ALL_RESOLVED
final_v2,astar,map1,93,e807fcfc735986e9,e02d0416b7d51b2a,b3362d9604322a0c,a65eb91a39ef4179,30,10,0,20,0.3333333333333333,30,15.7,14.5,0,2,197,17386,20851,0.09619277498131851,0,0,,0.13202860100136604,30,ALL_RESOLVED
final_v2,bfs,map1,94,e807fcfc735986e9,e02d0416b7d51b2a,b3362d9604322a0c,a65eb91a39ef4179,30,7,2,21,0.23333333333333334,24,15.285714285714286,14,0,3,639,150691,154529,0.4872987940325402,0,0,,0.5383339860018168,24,ALL_RESOLVED
final_v2,ucs,map1,94,e807fcfc735986e9,e02d0416b7d51b2a,b3362d9604322a0c,a65eb91a39ef4179,30,7,1,22,0.23333333333333334,24,15.285714285714286,14,0,3,639,157733,160559,0.7971994259678468,0,0,,0.850830469000357,24,ALL_RESOLVED
final_v2,greedy,map1,94,e807fcfc735986e9,e02d0416b7d51b2a,b3362d9604322a0c,a65eb91a39ef4179,30,6,1,23,0.2,24,15.5,16.5,0,2,649,67721,121201,0.3902238519731327,0,0,,0.4421909769989725,24,ALL_RESOLVED
final_v2,astar,map1,94,e807fcfc735986e9,e02d0416b7d51b2a,b3362d9604322a0c,a65eb91a39ef4179,30,7,1,22,0.23333333333333334,24,15.285714285714286,14,0,3,639,127035,145074,0.6897476220110548,0,0,,0.7430488099998911,24,ALL_RESOLVED
final_v2,ga,map1,93,e807fcfc735986e9,e02d0416b7d51b2a,b3362d9604322a0c,a65eb91a39ef4179,30,8,2,20,0.26666666666666666,30,17.875,18.0,12,0,233,0,55805,3.2380111619822856,2380,55805,0.25,3.2811871509984485,34,ALL_RESOLVED
final_v2,ga,map1,92,e807fcfc735986e9,e02d0416b7d51b2a,b3362d9604322a0c,a65eb91a39ef4179,30,3,1,26,0.1,11,10.0,10,18,2,246,0,68007,4.150331223936519,2927,68007,0.25,4.181105458999809,11,ALL_RESOLVED
final_v2,bfs,map1,95,e807fcfc735986e9,e02d0416b7d51b2a,b3362d9604322a0c,a65eb91a39ef4179,30,29,1,0,0.9666666666666667,88,45.58620689655172,43,0,3,1334,256687,266265,0.5140138959359319,0,0,,0.6086728970003605,88,ALL_RESOLVED
final_v2,greedy,map1,95,e807fcfc735986e9,e02d0416b7d51b2a,b3362d9604322a0c,a65eb91a39ef4179,30,29,1,0,0.9666666666666667,94,50.6551724137931,47,0,4,1481,118331,213161,0.42836928303950117,0,0,,0.532115320002049,94,ALL_RESOLVED
final_v2,ucs,map1,95,e807fcfc735986e9,e02d0416b7d51b2a,b3362d9604322a0c,a65eb91a39ef4179,30,29,1,0,0.9666666666666667,95,47.310344827586206,45,0,7,1384,281506,291398,0.9103425949761004,0,0,,1.0162577790033538,95,ALL_RESOLVED
final_v2,astar,map1,95,e807fcfc735986e9,e02d0416b7d51b2a,b3362d9604322a0c,a65eb91a39ef4179,30,29,1,0,0.9666666666666667,94,47.0,45,0,4,1375,209937,245817,0.7124094239406986,0,0,,0.8164703809998173,94,ALL_RESOLVED
final_v2,bfs,map1,96,e807fcfc735986e9,e02d0416b7d51b2a,b3362d9604322a0c,a65eb91a39ef4179,30,1,0,29,0.03333333333333333,10,10.0,10,0,2,298,70939,73155,0.14992406596866203,0,0,,0.16404359100124566,10,ALL_RESOLVED
final_v2,ucs,map1,96,e807fcfc735986e9,e02d0416b7d51b2a,b3362d9604322a0c,a65eb91a39ef4179,30,1,0,29,0.03333333333333333,10,10.0,10,0,0,298,74448,76261,0.24203640300765983,0,0,,0.25704157799918903,10,ALL_RESOLVED
final_v2,greedy,map1,96,e807fcfc735986e9,e02d0416b7d51b2a,b3362d9604322a0c,a65eb91a39ef4179,30,1,0,29,0.03333333333333333,10,10.0,10,0,2,298,31283,56139,0.11342493497795658,0,0,,0.1274810940012685,10,ALL_RESOLVED
final_v2,astar,map1,96,e807fcfc735986e9,e02d0416b7d51b2a,b3362d9604322a0c,a65eb91a39ef4179,30,1,0,29,0.03333333333333333,10,10.0,10,0,0,298,57046,66030,0.1956484500406077,0,0,,0.20968914100012626,10,ALL_RESOLVED
final_v2,ga,map1,85,e807fcfc735986e9,e02d0416b7d51b2a,b3362d9604322a0c,a65eb91a39ef4179,30,7,8,15,0.23333333333333334,88,46.714285714285715,42,133,4,1289,0,441031,44.253003956950124,19345,441031,0.25,44.60857176100035,100,ALL_RESOLVED
final_v2,bfs,map1,97,e807fcfc735986e9,e02d0416b7d51b2a,b3362d9604322a0c,a65eb91a39ef4179,30,30,0,0,1.0,96,51.2,50.0,0,4,1536,303807,314933,0.983626305085636,0,0,,1.1551282159998664,96,ALL_RESOLVED
final_v2,ucs,map1,97,e807fcfc735986e9,e02d0416b7d51b2a,b3362d9604322a0c,a65eb91a39ef4179,30,30,0,0,1.0,98,52.9,52.5,0,7,1587,329755,341323,1.6683873350157228,0,0,,1.8491716569988057,98,ALL_RESOLVED
final_v2,ga,map1,74,e807fcfc735986e9,e02d0416b7d51b2a,b3362d9604322a0c,a65eb91a39ef4179,30,6,17,7,0.2,76,34.666666666666664,19.0,274,16,2346,0,850998,82.82000033891745,37513,850998,0.25,83.45082583999829,160,ALL_RESOLVED
final_v2,greedy,map1,97,e807fcfc735986e9,e02d0416b7d51b2a,b3362d9604322a0c,a65eb91a39ef4179,30,30,0,0,1.0,102,55.8,54.0,0,2,1674,138580,249289,0.7935554199902981,0,0,,0.9758497770017129,102,ALL_RESOLVED
final_v2,astar,map1,97,e807fcfc735986e9,e02d0416b7d51b2a,b3362d9604322a0c,a65eb91a39ef4179,30,30,0,0,1.0,96,52.56666666666667,52.5,0,7,1577,247788,290153,0.8684248550125631,0,0,,0.9802752480027266,96,ALL_RESOLVED
final_v2,bfs,map1,98,e807fcfc735986e9,e02d0416b7d51b2a,b3362d9604322a0c,a65eb91a39ef4179,30,19,1,10,0.6333333333333333,55,28.63157894736842,25,0,4,610,89542,93907,0.1839217079577793,0,0,,0.23523360499893897,55,ALL_RESOLVED
final_v2,ga,map1,91,e807fcfc735986e9,e02d0416b7d51b2a,b3362d9604322a0c,a65eb91a39ef4179,30,15,3,12,0.5,96,31.733333333333334,16,60,10,908,0,263897,23.910006050991797,11423,263897,0.25,24.130192087999603,96,ALL_RESOLVED
final_v2,ucs,map1,98,e807fcfc735986e9,e02d0416b7d51b2a,b3362d9604322a0c,a65eb91a39ef4179,30,19,1,10,0.6333333333333333,57,29.105263157894736,25,0,5,619,97470,101825,0.30532496097657713,0,0,,0.356299602000945,57,ALL_RESOLVED
final_v2,greedy,map1,98,e807fcfc735986e9,e02d0416b7d51b2a,b3362d9604322a0c,a65eb91a39ef4179,30,19,0,11,0.6333333333333333,65,31.94736842105263,29,0,3,673,41782,76333,0.15289331297390163,0,0,,0.2124140370033274,65,ALL_RESOLVED
final_v2,astar,map1,98,e807fcfc735986e9,e02d0416b7d51b2a,b3362d9604322a0c,a65eb91a39ef4179,30,19,1,10,0.6333333333333333,57,28.842105263157894,25,0,4,614,69412,82493,0.2341257040243363,0,0,,0.28567564700279036,57,ALL_RESOLVED
final_v2,bfs,map1,99,e807fcfc735986e9,e02d0416b7d51b2a,b3362d9604322a0c,a65eb91a39ef4179,30,4,0,26,0.13333333333333333,16,11.75,11.5,26,1,73,10250,10600,0.02031062602691236,0,0,,0.02998956300143618,16,ALL_RESOLVED
final_v2,ucs,map1,99,e807fcfc735986e9,e02d0416b7d51b2a,b3362d9604322a0c,a65eb91a39ef4179,30,4,0,26,0.13333333333333333,16,11.75,11.5,26,1,73,10583,10897,0.03239617899089353,0,0,,0.04143769199799863,16,ALL_RESOLVED
final_v2,greedy,map1,99,e807fcfc735986e9,e02d0416b7d51b2a,b3362d9604322a0c,a65eb91a39ef4179,30,4,0,26,0.13333333333333333,16,11.75,11.5,26,1,73,9179,15252,0.03483693499947549,0,0,,0.044845354997960385,16,ALL_RESOLVED
final_v2,astar,map1,99,e807fcfc735986e9,e02d0416b7d51b2a,b3362d9604322a0c,a65eb91a39ef4179,30,4,0,26,0.13333333333333333,16,11.75,11.5,26,1,73,9346,10207,0.031333836010162486,0,0,,0.04271922199768596,16,ALL_RESOLVED
final_v2,ga,map1,96,e807fcfc735986e9,e02d0416b7d51b2a,b3362d9604322a0c,a65eb91a39ef4179,30,1,1,28,0.03333333333333333,10,10.0,10,24,0,296,0,91622,8.660307938011101,4023,91622,0.25,8.719118190001609,10,ALL_RESOLVED
final_v2,ga,map1,99,e807fcfc735986e9,e02d0416b7d51b2a,b3362d9604322a0c,a65eb91a39ef4179,30,4,0,26,0.13333333333333333,16,11.75,11.5,5,1,73,0,15069,0.8274187180068111,621,15069,0.25,0.8418258180026896,16,ALL_RESOLVED
final_v2,bfs,map1,100,e807fcfc735986e9,e02d0416b7d51b2a,b3362d9604322a0c,a65eb91a39ef4179,30,22,1,7,0.7333333333333333,78,42.72727272727273,44.5,0,5,1034,187217,194547,0.6058023540608701,0,0,,0.7282588469970506,78,ALL_RESOLVED
final_v2,ucs,map1,100,e807fcfc735986e9,e02d0416b7d51b2a,b3362d9604322a0c,a65eb91a39ef4179,30,22,0,8,0.7333333333333333,78,44.54545454545455,47.5,0,9,1076,204927,212600,0.950614882985974,0,0,,1.0763071509973088,78,ALL_RESOLVED
final_v2,greedy,map1,100,e807fcfc735986e9,e02d0416b7d51b2a,b3362d9604322a0c,a65eb91a39ef4179,30,22,1,7,0.7333333333333333,84,47.0,48.5,0,5,1128,86674,156300,0.5014347959222505,0,0,,0.6352511299992329,84,ALL_RESOLVED
final_v2,astar,map1,100,e807fcfc735986e9,e02d0416b7d51b2a,b3362d9604322a0c,a65eb91a39ef4179,30,22,2,6,0.7333333333333333,78,43.81818181818182,47.5,0,6,1056,150626,175921,0.8275002060217957,0,0,,0.9558193189986923,78,ALL_RESOLVED
final_v2,bfs,map1,101,e807fcfc735986e9,e02d0416b7d51b2a,b3362d9604322a0c,a65eb91a39ef4179,30,20,0,10,0.6666666666666666,69,37.6,38.0,0,3,772,117399,122965,0.37522706104209647,0,0,,0.4781242509998265,69,ALL_RESOLVED
final_v2,ucs,map1,101,e807fcfc735986e9,e02d0416b7d51b2a,b3362d9604322a0c,a65eb91a39ef4179,30,20,0,10,0.6666666666666666,74,38.75,39.0,0,2,795,128956,134731,0.6502519169662264,0,0,,0.7629668789995776,74,ALL_RESOLVED
final_v2,greedy,map1,101,e807fcfc735986e9,e02d0416b7d51b2a,b3362d9604322a0c,a65eb91a39ef4179,30,20,0,10,0.6666666666666666,75,41.75,42.0,0,2,855,54688,99479,0.3201048249648011,0,0,,0.4340179430000717,75,ALL_RESOLVED
final_v2,astar,map1,101,e807fcfc735986e9,e02d0416b7d51b2a,b3362d9604322a0c,a65eb91a39ef4179,30,20,0,10,0.6666666666666666,72,38.55,38.0,0,2,791,90656,108808,0.49378347393576405,0,0,,0.6028698180016363,72,ALL_RESOLVED
final_v2,ga,map1,94,e807fcfc735986e9,e02d0416b7d51b2a,b3362d9604322a0c,a65eb91a39ef4179,30,2,1,27,0.06666666666666667,18,13.0,13.0,52,0,642,0,203564,20.76541710001038,8929,203564,0.25,20.9048406610018,24,ALL_RESOLVED
final_v2,bfs,map1,102,e807fcfc735986e9,e02d0416b7d51b2a,b3362d9604322a0c,a65eb91a39ef4179,30,30,0,0,1.0,95,51.0,52.0,0,3,1530,301512,312539,0.973496645958221,0,0,,1.1392907279987412,95,ALL_RESOLVED
final_v2,ucs,map1,102,e807fcfc735986e9,e02d0416b7d51b2a,b3362d9604322a0c,a65eb91a39ef4179,30,30,0,0,1.0,97,53.266666666666666,55.0,0,11,1598,331444,342760,1.6711546750048,0,0,,1.8477191640013189,97,ALL_RESOLVED
final_v2,greedy,map1,102,e807fcfc735986e9,e02d0416b7d51b2a,b3362d9604322a0c,a65eb91a39ef4179,30,30,0,0,1.0,101,55.233333333333334,56.0,0,2,1657,134766,242506,0.7731421859753027,0,0,,0.950763614000607,101,ALL_RESOLVED
final_v2,astar,map1,102,e807fcfc735986e9,e02d0416b7d51b2a,b3362d9604322a0c,a65eb91a39ef4179,30,30,0,0,1.0,95,52.733333333333334,54.0,0,7,1582,247694,289510,1.348601184101426,0,0,,1.5209505950006132,95,ALL_RESOLVED
final_v2,ga,map1,88,e807fcfc735986e9,e02d0416b7d51b2a,b3362d9604322a0c,a65eb91a39ef4179,30,8,12,10,0.26666666666666666,100,36.25,23.5,164,5,1674,0,566436,53.73240746700321,24785,566436,0.25,54.226731326001754,176,ALL_RESOLVED
final_v2,bfs,map1,103,e807fcfc735986e9,e02d0416b7d51b2a,b3362d9604322a0c,a65eb91a39ef4179,30,23,0,7,0.7666666666666667,81,41.82608695652174,42,0,7,1032,184239,191495,0.6019736559974262,0,0,,0.7301545409973187,81,ALL_RESOLVED
final_v2,ucs,map1,103,e807fcfc735986e9,e02d0416b7d51b2a,b3362d9604322a0c,a65eb91a39ef4179,30,23,0,7,0.7666666666666667,84,43.0,42,0,2,1059,199582,207111,1.0116009099729126,0,0,,1.1469253639988892,84,ALL_RESOLVED
final_v2,greedy,map1,103,e807fcfc735986e9,e02d0416b7d51b2a,b3362d9604322a0c,a65eb91a39ef4179,30,23,0,7,0.7666666666666667,87,46.130434782608695,46,0,2,1131,89101,160708,0.5126774300260877,0,0,,0.6508334940008353,87,ALL_RESOLVED
final_v2,astar,map1,103,e807fcfc735986e9,e02d0416b7d51b2a,b3362d9604322a0c,a65eb91a39ef4179,30,22,1,7,0.7333333333333333,80,40.68181818181818,38.0,0,3,973,136886,160814,0.7464053069234069,0,0,,0.8735801109978638,80,ALL_RESOLVED
final_v2,ga,map1,79,e807fcfc735986e9,e02d0416b7d51b2a,b3362d9604322a0c,a65eb91a39ef4179,30,9,9,12,0.3,198,39.666666666666664,22,293,17,2989,0,1032510,90.70336954211598,45371,1032510,0.25,91.40514084099777,200,TIMEOUT
final_v2,bfs,map1,104,e807fcfc735986e9,e02d0416b7d51b2a,b3362d9604322a0c,a65eb91a39ef4179,30,18,1,11,0.6,59,31.944444444444443,23.5,0,1,867,183576,189427,0.38152386100773583,0,0,,0.43904065400056425,59,ALL_RESOLVED
final_v2,ucs,map1,104,e807fcfc735986e9,e02d0416b7d51b2a,b3362d9604322a0c,a65eb91a39ef4179,30,17,2,11,0.5666666666666667,63,31.352941176470587,23,0,1,847,189321,195051,0.60985431096924,0,0,,0.6740760449974914,63,ALL_RESOLVED
final_v2,greedy,map1,104,e807fcfc735986e9,e02d0416b7d51b2a,b3362d9604322a0c,a65eb91a39ef4179,30,17,2,11,0.5666666666666667,63,33.64705882352941,25,0,2,882,81048,145821,0.28839631604932947,0,0,,0.3483298930004821,63,ALL_RESOLVED
final_v2,astar,map1,104,e807fcfc735986e9,e02d0416b7d51b2a,b3362d9604322a0c,a65eb91a39ef4179,30,17,2,11,0.5666666666666667,63,31.11764705882353,24,0,2,843,149321,173602,0.5254845539820963,0,0,,0.5901911380024103,63,ALL_RESOLVED
final_v2,ga,map1,84,e807fcfc735986e9,e02d0416b7d51b2a,b3362d9604322a0c,a65eb91a39ef4179,30,7,10,13,0.23333333333333334,54,21.571428571428573,11,319,12,2977,0,1044736,87.40936473701731,45947,1044736,0.25,88.10677024499819,200,TIMEOUT
final_v2,bfs,map1,105,e807fcfc735986e9,e02d0416b7d51b2a,b3362d9604322a0c,a65eb91a39ef4179,30,9,0,21,0.3,31,18.666666666666668,17,0,0,210,26883,28327,0.0877797170469421,0,0,,0.12481407100131037,31,ALL_RESOLVED
final_v2,ucs,map1,105,e807fcfc735986e9,e02d0416b7d51b2a,b3362d9604322a0c,a65eb91a39ef4179,30,9,0,21,0.3,32,19.0,17,0,1,213,28609,30079,0.14594377401226666,0,0,,0.1844113750012184,32,ALL_RESOLVED
final_v2,greedy,map1,105,e807fcfc735986e9,e02d0416b7d51b2a,b3362d9604322a0c,a65eb91a39ef4179,30,9,0,21,0.3,35,20.88888888888889,21,0,0,230,11836,21597,0.06882911902357591,0,0,,0.11020018899944262,35,ALL_RESOLVED
final_v2,astar,map1,105,e807fcfc735986e9,e02d0416b7d51b2a,b3362d9604322a0c,a65eb91a39ef4179,30,9,0,21,0.3,32,19.0,17,0,1,213,19894,23833,0.11030904900326277,0,0,,0.14862457400158746,32,ALL_RESOLVED
final_v2,ga,map1,98,e807fcfc735986e9,e02d0416b7d51b2a,b3362d9604322a0c,a65eb91a39ef4179,30,8,6,16,0.26666666666666666,99,36.75,21.5,128,4,1336,0,452475,38.14941146405545,19858,452475,0.25,38.46374724800262,108,ALL_RESOLVED
final_v2,bfs,map1,106,e807fcfc735986e9,e02d0416b7d51b2a,b3362d9604322a0c,a65eb91a39ef4179,30,5,1,24,0.16666666666666666,20,17.2,17,0,3,546,137207,140870,0.4435686240067298,0,0,,0.48960743799761985,22,ALL_RESOLVED
final_v2,ucs,map1,106,e807fcfc735986e9,e02d0416b7d51b2a,b3362d9604322a0c,a65eb91a39ef4179,30,5,1,24,0.16666666666666666,21,17.8,17,0,4,549,143486,146720,0.7292266800177458,0,0,,0.7780691400002979,22,ALL_RESOLVED
final_v2,greedy,map1,106,e807fcfc735986e9,e02d0416b7d51b2a,b3362d9604322a0c,a65eb91a39ef4179,30,4,1,25,0.13333333333333333,22,19.5,20.5,0,2,560,61244,109480,0.3551074319802865,0,0,,0.4029051870020339,22,ALL_RESOLVED
final_v2,astar,map1,106,e807fcfc735986e9,e02d0416b7d51b2a,b3362d9604322a0c,a65eb91a39ef4179,30,5,1,24,0.16666666666666666,21,17.8,17,0,4,549,114473,130536,0.6214283559529576,0,0,,0.6700109339981282,22,ALL_RESOLVED
final_v2,ga,map1,105,e807fcfc735986e9,e02d0416b7d51b2a,b3362d9604322a0c,a65eb91a39ef4179,30,6,3,21,0.2,59,22.0,13.5,5,0,230,0,59059,4.920596727009979,2533,59059,0.25,4.992920704000426,59,ALL_RESOLVED
final_v2,bfs,map1,107,e807fcfc735986e9,e02d0416b7d51b2a,b3362d9604322a0c,a65eb91a39ef4179,30,9,1,20,0.3,24,16.444444444444443,16,0,3,482,116850,120056,0.2523857359556132,0,0,,0.28066468800170696,24,ALL_RESOLVED
final_v2,ucs,map1,107,e807fcfc735986e9,e02d0416b7d51b2a,b3362d9604322a0c,a65eb91a39ef4179,30,9,1,20,0.3,25,16.77777777777778,16,0,1,485,121501,124780,0.39503770600276766,0,0,,0.4251147800023318,25,ALL_RESOLVED
final_v2,greedy,map1,107,e807fcfc735986e9,e02d0416b7d51b2a,b3362d9604322a0c,a65eb91a39ef4179,30,9,1,20,0.3,28,18.22222222222222,16,0,3,498,60698,107847,0.22587182099596248,0,0,,0.2600937810020696,28,ALL_RESOLVED
final_v2,astar,map1,107,e807fcfc735986e9,e02d0416b7d51b2a,b3362d9604322a0c,a65eb91a39ef4179,30,9,1,20,0.3,25,16.77777777777778,16,0,2,485,99856,112626,0.3454564410094463,0,0,,0.37482383200040204,25,ALL_RESOLVED
final_v2,ga,map1,104,e807fcfc735986e9,e02d0416b7d51b2a,b3362d9604322a0c,a65eb91a39ef4179,30,9,3,18,0.3,47,25.0,23,66,7,795,0,249697,16.922988430022087,10888,249697,0.25,17.074493463998806,50,ALL_RESOLVED
final_v2,bfs,map1,108,e807fcfc735986e9,e02d0416b7d51b2a,b3362d9604322a0c,a65eb91a39ef4179,30,20,2,8,0.6666666666666666,69,30.4,22.5,0,4,732,122985,128067,0.3998666220504674,0,0,,0.4981475460008369,69,ALL_RESOLVED
final_v2,ucs,map1,108,e807fcfc735986e9,e02d0416b7d51b2a,b3362d9604322a0c,a65eb91a39ef4179,30,19,3,8,0.6333333333333333,61,29.105263157894736,23,0,4,689,125513,130152,0.5934037530278147,0,0,,0.6646077529985632,61,ALL_RESOLVED
final_v2,greedy,map1,108,e807fcfc735986e9,e02d0416b7d51b2a,b3362d9604322a0c,a65eb91a39ef4179,30,20,2,8,0.6666666666666666,74,33.4,26.5,0,3,784,53767,96950,0.18421924293215852,0,0,,0.2461925829993561,74,ALL_RESOLVED
final_v2,astar,map1,108,e807fcfc735986e9,e02d0416b7d51b2a,b3362d9604322a0c,a65eb91a39ef4179,30,20,2,8,0.6666666666666666,69,31.2,24.5,0,4,736,97899,114317,0.5210902729704685,0,0,,0.6206882280021091,69,ALL_RESOLVED
final_v2,ga,map1,100,e807fcfc735986e9,e02d0416b7d51b2a,b3362d9604322a0c,a65eb91a39ef4179,30,6,14,10,0.2,97,51.0,37.5,165,14,1866,0,620599,53.75155882492254,27208,620599,0.25,54.20086576700123,146,ALL_RESOLVED
final_v2,bfs,map1,109,e807fcfc735986e9,e02d0416b7d51b2a,b3362d9604322a0c,a65eb91a39ef4179,30,9,0,21,0.3,30,18.444444444444443,22,0,7,250,39264,40950,0.12797075503112865,0,0,,0.16487875399980112,30,ALL_RESOLVED
final_v2,ucs,map1,109,e807fcfc735986e9,e02d0416b7d51b2a,b3362d9604322a0c,a65eb91a39ef4179,30,9,0,21,0.3,30,18.88888888888889,22,0,2,254,41656,43396,0.2133681150371558,0,0,,0.251236826999957,30,ALL_RESOLVED
final_v2,greedy,map1,109,e807fcfc735986e9,e02d0416b7d51b2a,b3362d9604322a0c,a65eb91a39ef4179,30,9,0,21,0.3,34,20.666666666666668,26,0,7,270,16878,30637,0.09949785401477129,0,0,,0.14096664099997724,34,ALL_RESOLVED
final_v2,ga,map1,107,e807fcfc735986e9,e02d0416b7d51b2a,b3362d9604322a0c,a65eb91a39ef4179,30,6,1,23,0.2,32,15.5,13.0,34,1,487,0,152013,14.41056344795652,6639,152013,0.25,14.523194866997073,32,ALL_RESOLVED
final_v2,astar,map1,109,e807fcfc735986e9,e02d0416b7d51b2a,b3362d9604322a0c,a65eb91a39ef4179,30,9,0,21,0.3,30,18.77777777777778,22,0,3,253,29413,34616,0.16238645596604329,0,0,,0.2000928710003791,30,ALL_RESOLVED
final_v2,ga,map1,106,e807fcfc735986e9,e02d0416b7d51b2a,b3362d9604322a0c,a65eb91a39ef4179,30,0,1,29,0.0,,,,47,2,570,0,173393,16.834442117018625,7603,173393,0.1,16.951259205001406,22,ALL_RESOLVED
final_v2,bfs,map1,110,e807fcfc735986e9,e02d0416b7d51b2a,b3362d9604322a0c,a65eb91a39ef4179,30,18,0,12,0.6,65,34.27777777777778,27.5,0,6,881,186983,192952,0.60802495297321,0,0,,0.7091735850008263,65,ALL_RESOLVED
final_v2,ucs,map1,110,e807fcfc735986e9,e02d0416b7d51b2a,b3362d9604322a0c,a65eb91a39ef4179,30,18,0,12,0.6,67,35.666666666666664,29.0,0,6,906,198908,205001,0.64110792099018,0,0,,0.7091954980023729,67,ALL_RESOLVED
final_v2,greedy,map1,110,e807fcfc735986e9,e02d0416b7d51b2a,b3362d9604322a0c,a65eb91a39ef4179,30,17,0,13,0.5666666666666667,67,36.8235294117647,32,0,6,912,83867,150219,0.48765181191265583,0,0,,0.5931648879995919,67,ALL_RESOLVED
final_v2,astar,map1,110,e807fcfc735986e9,e02d0416b7d51b2a,b3362d9604322a0c,a65eb91a39ef4179,30,18,0,12,0.6,65,35.888888888888886,29.5,0,7,910,156857,181563,0.5399925290148531,0,0,,0.6038969060027739,65,ALL_RESOLVED
final_v2,bfs,map1,111,e807fcfc735986e9,e02d0416b7d51b2a,b3362d9604322a0c,a65eb91a39ef4179,30,24,0,6,0.8,81,50.333333333333336,57.0,0,4,1232,233225,241990,0.489794155004347,0,0,,0.5769543030000932,81,ALL_RESOLVED
final_v2,ucs,map1,111,e807fcfc735986e9,e02d0416b7d51b2a,b3362d9604322a0c,a65eb91a39ef4179,30,24,0,6,0.8,89,52.541666666666664,58.0,0,3,1285,256446,265585,0.8243095559737412,0,0,,0.9216304149995267,89,ALL_RESOLVED
final_v2,greedy,map1,111,e807fcfc735986e9,e02d0416b7d51b2a,b3362d9604322a0c,a65eb91a39ef4179,30,24,0,6,0.8,87,55.0,63.5,0,8,1344,107288,193287,0.3873128839841229,0,0,,0.4817338259999815,87,ALL_RESOLVED
final_v2,astar,map1,111,e807fcfc735986e9,e02d0416b7d51b2a,b3362d9604322a0c,a65eb91a39ef4179,30,24,0,6,0.8,88,52.125,57.0,0,5,1275,191246,223934,0.6761463921284303,0,0,,0.7746200769979623,88,ALL_RESOLVED
final_v2,ga,map1,109,e807fcfc735986e9,e02d0416b7d51b2a,b3362d9604322a0c,a65eb91a39ef4179,30,7,1,22,0.23333333333333334,48,24.428571428571427,12,14,2,275,0,69112,6.962837674964248,2965,69112,0.25,7.050121215001127,48,ALL_RESOLVED
final_v2,bfs,map1,112,e807fcfc735986e9,e02d0416b7d51b2a,b3362d9604322a0c,a65eb91a39ef4179,30,10,0,20,0.3333333333333333,25,14.2,12.5,0,6,382,83322,85942,0.2745495699819003,0,0,,0.3145760240004165,25,ALL_RESOLVED
final_v2,ucs,map1,112,e807fcfc735986e9,e02d0416b7d51b2a,b3362d9604322a0c,a65eb91a39ef4179,30,10,0,20,0.3333333333333333,25,14.2,12.5,0,6,382,89217,91446,0.45506718199976604,0,0,,0.49642399600270437,25,ALL_RESOLVED
final_v2,greedy,map1,112,e807fcfc735986e9,e02d0416b7d51b2a,b3362d9604322a0c,a65eb91a39ef4179,30,10,0,20,0.3333333333333333,29,15.4,12.5,0,6,394,39853,71361,0.23482024999975692,0,0,,0.2798118710015842,29,ALL_RESOLVED
final_v2,astar,map1,112,e807fcfc735986e9,e02d0416b7d51b2a,b3362d9604322a0c,a65eb91a39ef4179,30,10,0,20,0.3333333333333333,25,14.2,12.5,0,6,382,71498,80337,0.3897041379932489,0,0,,0.4310403160015994,25,ALL_RESOLVED
final_v2,ga,map1,90,e807fcfc735986e9,e02d0416b7d51b2a,b3362d9604322a0c,a65eb91a39ef4179,30,8,17,5,0.26666666666666666,45,22.625,21.0,275,18,2847,0,993052,92.96809933613258,43719,993052,0.25,93.70466556799875,200,TIMEOUT
final_v2,bfs,map1,113,e807fcfc735986e9,e02d0416b7d51b2a,b3362d9604322a0c,a65eb91a39ef4179,30,0,0,30,0.0,,,,30,0,30,10170,10170,0.021642632000293816,0,0,,0.022739673000614857,1,ALL_RESOLVED
final_v2,ucs,map1,113,e807fcfc735986e9,e02d0416b7d51b2a,b3362d9604322a0c,a65eb91a39ef4179,30,0,0,30,0.0,,,,30,0,30,10170,10170,0.032794219005154446,0,0,,0.03430086200023652,1,ALL_RESOLVED
final_v2,greedy,map1,113,e807fcfc735986e9,e02d0416b7d51b2a,b3362d9604322a0c,a65eb91a39ef4179,30,0,0,30,0.0,,,,30,0,30,10170,16470,0.0398833619983634,0,0,,0.04115506199741503,1,ALL_RESOLVED
final_v2,ga,map1,101,e807fcfc735986e9,e02d0416b7d51b2a,b3362d9604322a0c,a65eb91a39ef4179,30,5,13,12,0.16666666666666666,81,32.2,30,195,13,1973,0,681226,60.27029848007078,29923,681226,0.25,60.784829166001145,170,ALL_RESOLVED
final_v2,astar,map1,113,e807fcfc735986e9,e02d0416b7d51b2a,b3362d9604322a0c,a65eb91a39ef4179,30,0,0,30,0.0,,,,30,0,30,10170,10975,0.03273336400889093,0,0,,0.03393102399786585,1,ALL_RESOLVED
final_v2,bfs,map1,114,e807fcfc735986e9,e02d0416b7d51b2a,b3362d9604322a0c,a65eb91a39ef4179,30,10,2,18,0.3333333333333333,31,20.3,19.0,0,5,359,67636,69996,0.13535192404378904,0,0,,0.160557636001613,31,ALL_RESOLVED
final_v2,ucs,map1,114,e807fcfc735986e9,e02d0416b7d51b2a,b3362d9604322a0c,a65eb91a39ef4179,30,10,2,18,0.3333333333333333,33,20.7,19.0,0,4,365,71371,73715,0.23117143403578666,0,0,,0.2598356380003679,33,ALL_RESOLVED
final_v2,greedy,map1,114,e807fcfc735986e9,e02d0416b7d51b2a,b3362d9604322a0c,a65eb91a39ef4179,30,11,1,18,0.36666666666666664,36,23.90909090909091,25,0,4,415,32205,57718,0.11689267398469383,0,0,,0.14789565799947013,36,ALL_RESOLVED
final_v2,ga,map1,113,e807fcfc735986e9,e02d0416b7d51b2a,b3362d9604322a0c,a65eb91a39ef4179,30,0,0,30,0.0,,,,3,0,30,0,7985,0.8517552730045281,348,7985,0.00044365572315882877,0.8570124830002896,1,ALL_RESOLVED
final_v2,astar,map1,114,e807fcfc735986e9,e02d0416b7d51b2a,b3362d9604322a0c,a65eb91a39ef4179,30,11,1,18,0.36666666666666664,37,22.181818181818183,21,0,5,396,56134,64907,0.19500847396193421,0,0,,0.22590987500007031,37,ALL_RESOLVED
final_v2,bfs,map1,115,e807fcfc735986e9,e02d0416b7d51b2a,b3362d9604322a0c,a65eb91a39ef4179,30,9,3,18,0.3,34,18.0,18,0,6,452,107038,110225,0.22585259100742405,0,0,,0.26100460999805364,34,ALL_RESOLVED
final_v2,ucs,map1,115,e807fcfc735986e9,e02d0416b7d51b2a,b3362d9604322a0c,a65eb91a39ef4179,30,9,3,18,0.3,34,18.22222222222222,18,0,5,454,111958,115132,0.3724155099662312,0,0,,0.4074678140023025,34,ALL_RESOLVED
final_v2,greedy,map1,115,e807fcfc735986e9,e02d0416b7d51b2a,b3362d9604322a0c,a65eb91a39ef4179,30,9,2,19,0.3,38,20.444444444444443,20,0,4,474,47397,84000,0.1829210740797862,0,0,,0.2207059920001484,38,ALL_RESOLVED
final_v2,astar,map1,115,e807fcfc735986e9,e02d0416b7d51b2a,b3362d9604322a0c,a65eb91a39ef4179,30,9,1,20,0.3,34,18.0,18,0,5,452,87470,101008,0.3083787720206601,0,0,,0.34590741399733815,34,ALL_RESOLVED
final_v2,ga,map1,95,e807fcfc735986e9,e02d0416b7d51b2a,b3362d9604322a0c,a65eb91a39ef4179,30,9,7,14,0.3,76,29.11111111111111,26,313,20,2684,0,936646,80.81660354786072,41145,936646,0.25,81.47972797499824,200,TIMEOUT
final_v2,bfs,map1,116,e807fcfc735986e9,e02d0416b7d51b2a,b3362d9604322a0c,a65eb91a39ef4179,30,28,2,0,0.9333333333333333,96,47.464285714285715,47.0,0,5,1337,261556,271235,0.8489752330897318,0,0,,1.013453308998578,96,ALL_RESOLVED
final_v2,ucs,map1,116,e807fcfc735986e9,e02d0416b7d51b2a,b3362d9604322a0c,a65eb91a39ef4179,30,29,1,0,0.9666666666666667,99,50.48275862068966,51,0,9,1468,305704,316148,1.5611967670156446,0,0,,1.7391682399975252,99,ALL_RESOLVED
final_v2,greedy,map1,116,e807fcfc735986e9,e02d0416b7d51b2a,b3362d9604322a0c,a65eb91a39ef4179,30,30,0,0,1.0,104,54.93333333333333,55.5,0,6,1648,140206,251913,0.8112793819600483,0,0,,0.9955835189975915,104,ALL_RESOLVED
final_v2,ga,map1,115,e807fcfc735986e9,e02d0416b7d51b2a,b3362d9604322a0c,a65eb91a39ef4179,30,6,3,21,0.2,53,24.0,20.5,26,0,482,0,137291,8.478685644015059,5976,137291,0.25,8.56836160199964,53,ALL_RESOLVED
final_v2,ga,map1,103,e807fcfc735986e9,e02d0416b7d51b2a,b3362d9604322a0c,a65eb91a39ef4179,30,8,12,10,0.26666666666666666,53,28.875,24.5,190,18,2069,0,696239,53.73151332614361,30478,696239,0.25,54.22640487099852,186,ALL_RESOLVED
final_v2,astar,map1,116,e807fcfc735986e9,e02d0416b7d51b2a,b3362d9604322a0c,a65eb91a39ef4179,30,30,0,0,1.0,102,51.9,51.5,0,7,1557,250199,292014,1.3682393659619265,0,0,,1.5515103159996215,102,ALL_RESOLVED
final_v2,ga,map1,114,e807fcfc735986e9,e02d0416b7d51b2a,b3362d9604322a0c,a65eb91a39ef4179,30,6,1,23,0.2,52,31.166666666666668,32.0,23,2,385,0,101803,10.303423804001795,4399,101803,0.25,10.415803968000546,52,ALL_RESOLVED
final_v2,bfs,map1,117,e807fcfc735986e9,e02d0416b7d51b2a,b3362d9604322a0c,a65eb91a39ef4179,30,30,0,0,1.0,84,41.56666666666667,34.5,0,6,1247,220476,229731,0.4762465709973185,0,0,,0.5698759260012594,84,ALL_RESOLVED
final_v2,ga,map1,112,e807fcfc735986e9,e02d0416b7d51b2a,b3362d9604322a0c,a65eb91a39ef4179,30,7,2,21,0.23333333333333334,37,14.285714285714286,11,28,4,430,0,117914,11.994558170052187,5112,117914,0.25,12.104082036003092,42,ALL_RESOLVED
final_v2,greedy,map1,117,e807fcfc735986e9,e02d0416b7d51b2a,b3362d9604322a0c,a65eb91a39ef4179,30,30,0,0,1.0,90,45.7,38.5,0,6,1371,95135,172274,0.5604020790124196,0,0,,0.7161125610000454,90,ALL_RESOLVED
final_v2,astar,map1,117,e807fcfc735986e9,e02d0416b7d51b2a,b3362d9604322a0c,a65eb91a39ef4179,30,30,0,0,1.0,86,42.53333333333333,34.5,0,7,1276,175261,205085,0.5883555199725379,0,0,,0.6812659079987498,86,ALL_RESOLVED
final_v2,bfs,map1,118,e807fcfc735986e9,e02d0416b7d51b2a,b3362d9604322a0c,a65eb91a39ef4179,30,16,1,13,0.5333333333333333,51,22.4375,16.5,0,11,475,77404,80669,0.25194036700122524,0,0,,0.32372930200290284,51,ALL_RESOLVED
final_v2,ucs,map1,118,e807fcfc735986e9,e02d0416b7d51b2a,b3362d9604322a0c,a65eb91a39ef4179,30,16,1,13,0.5333333333333333,51,22.4375,16.5,0,8,475,83393,86510,0.2575770829935209,0,0,,0.3030975559995568,51,ALL_RESOLVED
final_v2,ucs,map1,117,e807fcfc735986e9,e02d0416b7d51b2a,b3362d9604322a0c,a65eb91a39ef4179,30,30,0,0,1.0,88,42.5,35.5,0,6,1275,241290,250623,1.2275833968851657,0,0,,1.3819277809998312,88,ALL_RESOLVED
final_v2,greedy,map1,118,e807fcfc735986e9,e02d0416b7d51b2a,b3362d9604322a0c,a65eb91a39ef4179,30,16,0,14,0.5333333333333333,55,24.75,19.0,0,10,508,37008,66804,0.216343867003161,0,0,,0.2945084240018332,55,ALL_RESOLVED
final_v2,astar,map1,118,e807fcfc735986e9,e02d0416b7d51b2a,b3362d9604322a0c,a65eb91a39ef4179,30,16,1,13,0.5333333333333333,51,22.5625,16.5,0,10,477,64346,73711,0.22516571002779528,0,0,,0.27262057599727996,51,ALL_RESOLVED
final_v2,bfs,map1,119,e807fcfc735986e9,e02d0416b7d51b2a,b3362d9604322a0c,a65eb91a39ef4179,30,13,1,16,0.43333333333333335,41,19.846153846153847,19,0,1,360,55471,57957,0.1823096979787806,0,0,,0.23530408200167585,41,ALL_RESOLVED
final_v2,ucs,map1,119,e807fcfc735986e9,e02d0416b7d51b2a,b3362d9604322a0c,a65eb91a39ef4179,30,13,1,16,0.43333333333333335,41,20.384615384615383,19,0,2,367,59171,61727,0.21613129099205253,0,0,,0.2522418100015784,41,ALL_RESOLVED
final_v2,ga,map1,108,e807fcfc735986e9,e02d0416b7d51b2a,b3362d9604322a0c,a65eb91a39ef4179,30,11,7,12,0.36666666666666664,56,27.818181818181817,32,95,11,1054,0,345208,34.266511446046934,15132,345208,0.25,34.56210092400215,94,ALL_RESOLVED
final_v2,greedy,map1,119,e807fcfc735986e9,e02d0416b7d51b2a,b3362d9604322a0c,a65eb91a39ef4179,30,13,1,16,0.43333333333333335,45,22.923076923076923,23,0,1,400,25192,45566,0.14798872300161747,0,0,,0.20527545300137717,45,ALL_RESOLVED
final_v2,astar,map1,119,e807fcfc735986e9,e02d0416b7d51b2a,b3362d9604322a0c,a65eb91a39ef4179,30,13,1,16,0.43333333333333335,41,20.153846153846153,19,0,1,364,44760,52857,0.15562510301970178,0,0,,0.18871594999654917,41,ALL_RESOLVED
final_v2,bfs,map1,120,e807fcfc735986e9,e02d0416b7d51b2a,b3362d9604322a0c,a65eb91a39ef4179,30,18,1,11,0.6,63,33.111111111111114,29.5,0,5,812,157929,163489,0.5100693290842173,0,0,,0.6061717659977148,63,ALL_RESOLVED
final_v2,ucs,map1,120,e807fcfc735986e9,e02d0416b7d51b2a,b3362d9604322a0c,a65eb91a39ef4179,30,18,0,12,0.6,65,33.94444444444444,30.5,0,4,827,167704,173318,0.5724660610358114,0,0,,0.6490165130016976,65,ALL_RESOLVED
final_v2,greedy,map1,120,e807fcfc735986e9,e02d0416b7d51b2a,b3362d9604322a0c,a65eb91a39ef4179,30,18,0,12,0.6,67,37.22222222222222,33.5,0,5,886,69856,125695,0.4075839400138648,0,0,,0.5122069690005446,67,ALL_RESOLVED
final_v2,astar,map1,120,e807fcfc735986e9,e02d0416b7d51b2a,b3362d9604322a0c,a65eb91a39ef4179,30,18,0,12,0.6,65,34.05555555555556,31.5,0,5,829,131214,151588,0.7110670460606343,0,0,,0.8293080809999083,65,ALL_RESOLVED
final_v2,bfs,map1,121,e807fcfc735986e9,e02d0416b7d51b2a,b3362d9604322a0c,a65eb91a39ef4179,30,11,1,18,0.36666666666666664,35,21.727272727272727,20,0,3,923,226898,232101,0.7681596870024805,0,0,,0.8477598909994413,36,ALL_RESOLVED
final_v2,ucs,map1,121,e807fcfc735986e9,e02d0416b7d51b2a,b3362d9604322a0c,a65eb91a39ef4179,30,10,2,18,0.3333333333333333,34,20.8,20.5,0,3,928,237218,241651,1.2634280350066547,0,0,,1.3544405110005755,36,ALL_RESOLVED
final_v2,ga,map1,110,e807fcfc735986e9,e02d0416b7d51b2a,b3362d9604322a0c,a65eb91a39ef4179,30,6,6,18,0.2,77,32.166666666666664,18.5,83,2,1011,0,312844,24.616660516014235,13699,312844,0.25,24.850723745999858,100,ALL_RESOLVED
final_v2,greedy,map1,121,e807fcfc735986e9,e02d0416b7d51b2a,b3362d9604322a0c,a65eb91a39ef4179,30,9,0,21,0.3,36,21.444444444444443,22,0,2,949,101023,180268,0.4358257859967125,0,0,,0.49303153400251176,36,ALL_RESOLVED
final_v2,astar,map1,121,e807fcfc735986e9,e02d0416b7d51b2a,b3362d9604322a0c,a65eb91a39ef4179,30,10,2,18,0.3333333333333333,34,20.4,19.5,0,3,924,191647,219341,1.0612954130010621,0,0,,1.1440622310001345,36,ALL_RESOLVED
final_v2,bfs,map1,122,e807fcfc735986e9,e02d0416b7d51b2a,b3362d9604322a0c,a65eb91a39ef4179,30,9,4,17,0.3,42,25.666666666666668,29,0,1,475,104097,107278,0.3401848099529161,0,0,,0.4000991930006421,42,ALL_RESOLVED
final_v2,ucs,map1,122,e807fcfc735986e9,e02d0416b7d51b2a,b3362d9604322a0c,a65eb91a39ef4179,30,8,3,19,0.26666666666666666,37,24.125,24.5,0,1,449,105276,108315,0.5775337550257973,0,0,,0.6388008979993174,37,ALL_RESOLVED
final_v2,greedy,map1,122,e807fcfc735986e9,e02d0416b7d51b2a,b3362d9604322a0c,a65eb91a39ef4179,30,9,5,16,0.3,46,28.666666666666668,33,0,2,500,44246,78292,0.26051604498934466,0,0,,0.32650879400171107,46,ALL_RESOLVED
final_v2,astar,map1,122,e807fcfc735986e9,e02d0416b7d51b2a,b3362d9604322a0c,a65eb91a39ef4179,30,9,4,17,0.3,42,25.88888888888889,29,0,1,475,84128,98458,0.43592980204266496,0,0,,0.48677869099992677,42,ALL_RESOLVED
final_v2,ga,map1,119,e807fcfc735986e9,e02d0416b7d51b2a,b3362d9604322a0c,a65eb91a39ef4179,30,8,3,19,0.26666666666666666,62,25.25,20.0,37,0,444,0,116951,11.757928169026854,5017,116951,0.25,11.911980425000365,76,ALL_RESOLVED
final_v2,bfs,map1,123,e807fcfc735986e9,e02d0416b7d51b2a,b3362d9604322a0c,a65eb91a39ef4179,30,15,0,15,0.5,49,29.0,31,0,4,525,77913,81406,0.2564706609991845,0,0,,0.32311992900213227,49,ALL_RESOLVED
final_v2,ucs,map1,123,e807fcfc735986e9,e02d0416b7d51b2a,b3362d9604322a0c,a65eb91a39ef4179,30,15,0,15,0.5,51,29.733333333333334,32,0,5,536,83309,86785,0.42800096497740014,0,0,,0.49889437799720326,51,ALL_RESOLVED
final_v2,greedy,map1,123,e807fcfc735986e9,e02d0416b7d51b2a,b3362d9604322a0c,a65eb91a39ef4179,30,15,0,15,0.5,53,31.866666666666667,35,0,3,568,37033,67060,0.21594145100243622,0,0,,0.2888559279999754,53,ALL_RESOLVED
final_v2,astar,map1,123,e807fcfc735986e9,e02d0416b7d51b2a,b3362d9604322a0c,a65eb91a39ef4179,30,15,0,15,0.5,50,29.533333333333335,31,0,6,533,61041,73018,0.341693079975812,0,0,,0.4114801920004538,50,ALL_RESOLVED
final_v2,ga,map1,122,e807fcfc735986e9,e02d0416b7d51b2a,b3362d9604322a0c,a65eb91a39ef4179,30,4,4,22,0.13333333333333333,47,21.75,14.0,24,1,387,0,111043,8.770716893042845,4832,111043,0.25,8.868121760999202,47,ALL_RESOLVED
final_v2,bfs,map1,124,e807fcfc735986e9,e02d0416b7d51b2a,b3362d9604322a0c,a65eb91a39ef4179,30,6,0,24,0.2,15,10.833333333333334,10.5,0,3,113,16543,17304,0.03454193901416147,0,0,,0.044734107999829575,15,ALL_RESOLVED
final_v2,ucs,map1,124,e807fcfc735986e9,e02d0416b7d51b2a,b3362d9604322a0c,a65eb91a39ef4179,30,6,0,24,0.2,15,10.833333333333334,10.5,0,3,113,17371,18049,0.05772020600124961,0,0,,0.06865131000085967,15,ALL_RESOLVED
final_v2,greedy,map1,124,e807fcfc735986e9,e02d0416b7d51b2a,b3362d9604322a0c,a65eb91a39ef4179,30,6,0,24,0.2,15,10.833333333333334,10.5,0,3,113,7764,14207,0.0329812719792244,0,0,,0.04494445700038341,15,ALL_RESOLVED
final_v2,astar,map1,124,e807fcfc735986e9,e02d0416b7d51b2a,b3362d9604322a0c,a65eb91a39ef4179,30,6,0,24,0.2,15,10.833333333333334,10.5,0,3,113,13871,15618,0.050794684000720736,0,0,,0.062433286002487876,15,ALL_RESOLVED
final_v2,ga,map1,124,e807fcfc735986e9,e02d0416b7d51b2a,b3362d9604322a0c,a65eb91a39ef4179,30,6,0,24,0.2,15,10.833333333333334,10.5,6,3,113,0,24725,2.059325144997274,1042,24725,0.25,2.086573104999843,15,ALL_RESOLVED
final_v2,bfs,map1,125,e807fcfc735986e9,e02d0416b7d51b2a,b3362d9604322a0c,a65eb91a39ef4179,30,3,1,26,0.1,18,12.0,10,0,3,468,128657,130773,0.43274100502821966,0,0,,0.4724335920000158,18,ALL_RESOLVED
final_v2,ucs,map1,125,e807fcfc735986e9,e02d0416b7d51b2a,b3362d9604322a0c,a65eb91a39ef4179,30,3,1,26,0.1,18,12.0,10,0,2,468,131143,133253,0.6783084499948018,0,0,,0.7222875709994696,18,ALL_RESOLVED
final_v2,greedy,map1,125,e807fcfc735986e9,e02d0416b7d51b2a,b3362d9604322a0c,a65eb91a39ef4179,30,2,0,28,0.06666666666666667,10,9.0,9.0,0,3,470,61614,109761,0.3694863220116531,0,0,,0.4131675720018393,20,ALL_RESOLVED
final_v2,astar,map1,125,e807fcfc735986e9,e02d0416b7d51b2a,b3362d9604322a0c,a65eb91a39ef4179,30,3,1,26,0.1,18,12.0,10,0,2,468,110547,126491,0.6244141199931619,0,0,,0.6672963189994334,18,ALL_RESOLVED
final_v2,ga,map1,118,e807fcfc735986e9,e02d0416b7d51b2a,b3362d9604322a0c,a65eb91a39ef4179,30,10,6,14,0.3333333333333333,38,18.2,12.5,74,7,822,0,258214,25.396031248026702,11242,258214,0.25,25.66171060999841,94,ALL_RESOLVED
final_v2,bfs,map1,126,e807fcfc735986e9,e02d0416b7d51b2a,b3362d9604322a0c,a65eb91a39ef4179,30,18,0,12,0.6,47,21.944444444444443,18.0,0,3,515,80572,84220,0.26473234801596846,0,0,,0.33362068600035855,47,ALL_RESOLVED
final_v2,ucs,map1,126,e807fcfc735986e9,e02d0416b7d51b2a,b3362d9604322a0c,a65eb91a39ef4179,30,18,0,12,0.6,49,22.166666666666668,18.0,0,3,519,86894,90553,0.450229838002997,0,0,,0.5250025679997634,49,ALL_RESOLVED
final_v2,greedy,map1,126,e807fcfc735986e9,e02d0416b7d51b2a,b3362d9604322a0c,a65eb91a39ef4179,30,18,0,12,0.6,51,24.333333333333332,21.5,0,4,558,37685,67695,0.22233768098521978,0,0,,0.2981460020018858,51,ALL_RESOLVED
final_v2,ga,map1,102,e807fcfc735986e9,e02d0416b7d51b2a,b3362d9604322a0c,a65eb91a39ef4179,30,9,15,6,0.3,88,38.888888888888886,35,261,15,2740,0,929168,90.14355638696361,40751,929168,0.25,90.89886162199764,200,TIMEOUT
final_v2,astar,map1,126,e807fcfc735986e9,e02d0416b7d51b2a,b3362d9604322a0c,a65eb91a39ef4179,30,18,0,12,0.6,47,22.166666666666668,18.0,0,3,519,65436,76712,0.38514707602735143,0,0,,0.45814672599954065,47,ALL_RESOLVED
final_v2,bfs,map1,127,e807fcfc735986e9,e02d0416b7d51b2a,b3362d9604322a0c,a65eb91a39ef4179,30,18,0,12,0.6,61,36.05555555555556,38.0,0,4,817,152257,157843,0.4936010219680611,0,0,,0.5858806210017065,61,ALL_RESOLVED
final_v2,ga,map1,123,e807fcfc735986e9,e02d0416b7d51b2a,b3362d9604322a0c,a65eb91a39ef4179,30,6,7,17,0.2,58,20.166666666666668,13.5,41,3,485,0,150239,14.383215538993682,6527,150239,0.25,14.539440268999897,58,ALL_RESOLVED
final_v2,ucs,map1,127,e807fcfc735986e9,e02d0416b7d51b2a,b3362d9604322a0c,a65eb91a39ef4179,30,18,0,12,0.6,63,37.5,39.0,0,4,843,162020,167831,0.57841326896596,0,0,,0.6468252939994272,63,ALL_RESOLVED
final_v2,greedy,map1,127,e807fcfc735986e9,e02d0416b7d51b2a,b3362d9604322a0c,a65eb91a39ef4179,30,18,0,12,0.6,65,39.888888888888886,42.0,0,3,886,69665,125733,0.40394296995873447,0,0,,0.5029052829995635,65,ALL_RESOLVED
final_v2,astar,map1,127,e807fcfc735986e9,e02d0416b7d51b2a,b3362d9604322a0c,a65eb91a39ef4179,30,18,0,12,0.6,63,37.111111111111114,38.0,0,5,836,123452,145089,0.45774431198151433,0,0,,0.5268657679989701,63,ALL_RESOLVED
final_v2,bfs,map1,128,e807fcfc735986e9,e02d0416b7d51b2a,b3362d9604322a0c,a65eb91a39ef4179,30,25,1,4,0.8333333333333334,86,47.88,50,0,1,1287,253389,262422,0.5780664888879983,0,0,,0.6754087250010343,86,ALL_RESOLVED
final_v2,ucs,map1,128,e807fcfc735986e9,e02d0416b7d51b2a,b3362d9604322a0c,a65eb91a39ef4179,30,25,1,4,0.8333333333333334,87,49.6,54,0,4,1330,274630,284010,1.2886724540039722,0,0,,1.432921464998799,87,ALL_RESOLVED
final_v2,ga,map1,125,e807fcfc735986e9,e02d0416b7d51b2a,b3362d9604322a0c,a65eb91a39ef4179,30,2,0,28,0.06666666666666667,11,9.5,9.5,55,1,467,0,155213,10.845955465993029,6810,155213,0.25,10.931283927999175,16,ALL_RESOLVED
final_v2,greedy,map1,128,e807fcfc735986e9,e02d0416b7d51b2a,b3362d9604322a0c,a65eb91a39ef4179,30,25,1,4,0.8333333333333334,92,52.08,54,0,2,1392,119241,214512,0.6923927700554486,0,0,,0.8478743830019084,92,ALL_RESOLVED
final_v2,astar,map1,128,e807fcfc735986e9,e02d0416b7d51b2a,b3362d9604322a0c,a65eb91a39ef4179,30,25,1,4,0.8333333333333334,86,49.2,54,0,4,1320,209057,246090,0.7518852039684134,0,0,,0.8490674820022832,86,ALL_RESOLVED
final_v2,bfs,map1,129,e807fcfc735986e9,e02d0416b7d51b2a,b3362d9604322a0c,a65eb91a39ef4179,30,3,1,26,0.1,15,12.0,11,0,0,144,32606,33609,0.07372995398691273,0,0,,0.0855239119991893,15,ALL_RESOLVED
final_v2,ga,map1,120,e807fcfc735986e9,e02d0416b7d51b2a,b3362d9604322a0c,a65eb91a39ef4179,30,7,7,16,0.23333333333333334,41,26.857142857142858,26,90,9,1004,0,333564,31.174301221013593,14603,333564,0.25,31.454467507002846,80,ALL_RESOLVED
final_v2,greedy,map1,129,e807fcfc735986e9,e02d0416b7d51b2a,b3362d9604322a0c,a65eb91a39ef4179,30,3,0,27,0.1,15,12.0,11,0,0,144,15268,27382,0.0558128220072831,0,0,,0.06750248799653491,15,ALL_RESOLVED
final_v2,ucs,map1,129,e807fcfc735986e9,e02d0416b7d51b2a,b3362d9604322a0c,a65eb91a39ef4179,30,3,1,26,0.1,15,12.0,11,0,0,144,33885,34851,0.12639381798362592,0,0,,0.1392916469994816,15,ALL_RESOLVED
final_v2,astar,map1,129,e807fcfc735986e9,e02d0416b7d51b2a,b3362d9604322a0c,a65eb91a39ef4179,30,3,1,26,0.1,15,12.0,11,0,0,144,27892,31110,0.09468086398555897,0,0,,0.1062129800011462,15,ALL_RESOLVED
final_v2,ga,map1,121,e807fcfc735986e9,e02d0416b7d51b2a,b3362d9604322a0c,a65eb91a39ef4179,30,3,1,26,0.1,29,15.666666666666666,10,91,8,1011,0,329640,28.580262297040463,14444,329640,0.25,28.810211492000235,36,ALL_RESOLVED
final_v2,bfs,map1,130,e807fcfc735986e9,e02d0416b7d51b2a,b3362d9604322a0c,a65eb91a39ef4179,30,27,1,2,0.9,87,36.81481481481482,33,0,4,1018,167888,175377,0.3711046609823825,0,0,,0.4650299029999587,87,ALL_RESOLVED
final_v2,greedy,map1,130,e807fcfc735986e9,e02d0416b7d51b2a,b3362d9604322a0c,a65eb91a39ef4179,30,27,1,2,0.9,93,40.333333333333336,37,0,7,1113,74328,135000,0.32974595602354384,0,0,,0.4594847279986425,93,ALL_RESOLVED
final_v2,ucs,map1,130,e807fcfc735986e9,e02d0416b7d51b2a,b3362d9604322a0c,a65eb91a39ef4179,30,27,1,2,0.9,87,37.51851851851852,35,0,7,1037,183333,190910,0.9356400150390982,0,0,,1.0791870290013321,87,ALL_RESOLVED
final_v2,astar,map1,130,e807fcfc735986e9,e02d0416b7d51b2a,b3362d9604322a0c,a65eb91a39ef4179,30,27,1,2,0.9,87,37.25925925925926,35,0,4,1030,129926,152033,0.7094790449809807,0,0,,0.8521354149997933,87,ALL_RESOLVED
final_v2,ga,map1,129,e807fcfc735986e9,e02d0416b7d51b2a,b3362d9604322a0c,a65eb91a39ef4179,30,3,0,27,0.1,15,12.0,11,5,0,144,0,37732,2.668187276012759,1627,37732,0.25,2.6946035830005712,15,ALL_RESOLVED
final_v2,bfs,map1,131,e807fcfc735986e9,e02d0416b7d51b2a,b3362d9604322a0c,a65eb91a39ef4179,30,30,0,0,1.0,95,52.93333333333333,52.0,0,7,1588,326223,337668,1.0571393660502508,0,0,,1.2306470539988368,95,ALL_RESOLVED
final_v2,ucs,map1,131,e807fcfc735986e9,e02d0416b7d51b2a,b3362d9604322a0c,a65eb91a39ef4179,30,30,0,0,1.0,103,54.93333333333333,53.0,0,11,1648,354596,366439,1.180457123919041,0,0,,1.308494796998275,103,ALL_RESOLVED
final_v2,ga,map1,97,e807fcfc735986e9,e02d0416b7d51b2a,b3362d9604322a0c,a65eb91a39ef4179,30,6,14,10,0.2,81,33.5,30.0,347,14,3367,0,1182369,117.04804951802726,51957,1182369,0.25,117.94903656600218,200,TIMEOUT
final_v2,greedy,map1,131,e807fcfc735986e9,e02d0416b7d51b2a,b3362d9604322a0c,a65eb91a39ef4179,30,30,0,0,1.0,101,57.46666666666667,58.5,0,7,1724,148979,267894,0.8633036079336307,0,0,,1.0494583820000116,101,ALL_RESOLVED
final_v2,bfs,map1,132,e807fcfc735986e9,e02d0416b7d51b2a,b3362d9604322a0c,a65eb91a39ef4179,30,19,3,8,0.6333333333333333,75,44.05263157894737,46,0,5,983,189905,196617,0.6172187600641337,0,0,,0.7345700530022441,75,ALL_RESOLVED
final_v2,astar,map1,131,e807fcfc735986e9,e02d0416b7d51b2a,b3362d9604322a0c,a65eb91a39ef4179,30,30,0,0,1.0,102,54.53333333333333,52.0,0,9,1636,269980,314595,0.9769862780158292,0,0,,1.1030351059998793,102,ALL_RESOLVED
final_v2,greedy,map1,132,e807fcfc735986e9,e02d0416b7d51b2a,b3362d9604322a0c,a65eb91a39ef4179,30,22,0,8,0.7333333333333333,85,53.54545454545455,56.5,0,6,1290,106452,191116,0.40468858102394734,0,0,,0.4972214959998382,85,ALL_RESOLVED
final_v2,ucs,map1,132,e807fcfc735986e9,e02d0416b7d51b2a,b3362d9604322a0c,a65eb91a39ef4179,30,20,1,9,0.6666666666666666,79,47.4,49.0,0,3,1086,217125,224590,1.1096809119771933,0,0,,1.238079488000949,79,ALL_RESOLVED
final_v2,astar,map1,132,e807fcfc735986e9,e02d0416b7d51b2a,b3362d9604322a0c,a65eb91a39ef4179,30,22,0,8,0.7333333333333333,83,49.68181818181818,52.5,0,6,1205,184175,215719,0.6416278890683316,0,0,,0.7286485139993601,83,ALL_RESOLVED
final_v2,bfs,map1,133,e807fcfc735986e9,e02d0416b7d51b2a,b3362d9604322a0c,a65eb91a39ef4179,30,30,0,0,1.0,95,50.8,49.5,0,2,1524,311477,322542,0.6578279719142301,0,0,,0.766203110000788,95,ALL_RESOLVED
final_v2,ucs,map1,133,e807fcfc735986e9,e02d0416b7d51b2a,b3362d9604322a0c,a65eb91a39ef4179,30,30,0,0,1.0,100,52.36666666666667,51.5,0,3,1571,338688,350121,1.1925537669048936,0,0,,1.3255061580020993,100,ALL_RESOLVED
final_v2,greedy,map1,133,e807fcfc735986e9,e02d0416b7d51b2a,b3362d9604322a0c,a65eb91a39ef4179,30,30,0,0,1.0,101,55.166666666666664,53.5,0,1,1655,140150,252262,0.7468066771289159,0,0,,0.9265381329969387,101,ALL_RESOLVED
final_v2,astar,map1,133,e807fcfc735986e9,e02d0416b7d51b2a,b3362d9604322a0c,a65eb91a39ef4179,30,30,0,0,1.0,100,52.1,51.5,0,3,1563,255263,298539,1.4068567400245229,0,0,,1.5921607190030045,100,ALL_RESOLVED
final_v2,ga,map1,127,e807fcfc735986e9,e02d0416b7d51b2a,b3362d9604322a0c,a65eb91a39ef4179,30,7,4,19,0.23333333333333334,74,41.57142857142857,48,95,6,999,0,313382,31.69570982908772,13694,313382,0.25,31.97990090299936,88,ALL_RESOLVED
final_v2,bfs,map1,134,e807fcfc735986e9,e02d0416b7d51b2a,b3362d9604322a0c,a65eb91a39ef4179,30,2,0,28,0.06666666666666667,15,11.5,11.5,0,1,191,43534,44822,0.14305024101849995,0,0,,0.16425527200044598,15,ALL_RESOLVED
final_v2,ucs,map1,134,e807fcfc735986e9,e02d0416b7d51b2a,b3362d9604322a0c,a65eb91a39ef4179,30,2,0,28,0.06666666666666667,15,11.5,11.5,0,1,191,44974,46253,0.2303699050025898,0,0,,0.2524529500005883,15,ALL_RESOLVED
final_v2,greedy,map1,134,e807fcfc735986e9,e02d0416b7d51b2a,b3362d9604322a0c,a65eb91a39ef4179,30,2,0,28,0.06666666666666667,15,11.5,11.5,0,0,191,20209,36518,0.11951919100465602,0,0,,0.14119033699898864,15,ALL_RESOLVED
final_v2,astar,map1,134,e807fcfc735986e9,e02d0416b7d51b2a,b3362d9604322a0c,a65eb91a39ef4179,30,2,0,28,0.06666666666666667,15,11.5,11.5,0,1,191,35258,40307,0.193607061952207,0,0,,0.21571478199984995,15,ALL_RESOLVED
final_v2,ga,map1,126,e807fcfc735986e9,e02d0416b7d51b2a,b3362d9604322a0c,a65eb91a39ef4179,30,12,5,13,0.4,109,29.583333333333332,15.5,98,5,1129,0,361532,36.207601600999624,15797,361532,0.25,36.55199057000209,116,ALL_RESOLVED
final_v2,bfs,map1,135,e807fcfc735986e9,e02d0416b7d51b2a,b3362d9604322a0c,a65eb91a39ef4179,30,6,5,19,0.2,31,18.666666666666668,17.5,0,1,378,98443,100940,0.32193700093921507,0,0,,0.3685904479971214,31,ALL_RESOLVED
final_v2,ucs,map1,135,e807fcfc735986e9,e02d0416b7d51b2a,b3362d9604322a0c,a65eb91a39ef4179,30,6,4,20,0.2,31,19.0,17.5,0,1,384,102226,104671,0.5259312599919213,0,0,,0.5749609589984175,31,ALL_RESOLVED
final_v2,greedy,map1,135,e807fcfc735986e9,e02d0416b7d51b2a,b3362d9604322a0c,a65eb91a39ef4179,30,8,1,21,0.26666666666666666,42,25.625,29.5,0,1,467,47242,83253,0.273005290011497,0,0,,0.33317352700032643,42,ALL_RESOLVED
final_v2,astar,map1,135,e807fcfc735986e9,e02d0416b7d51b2a,b3362d9604322a0c,a65eb91a39ef4179,30,8,1,21,0.26666666666666666,38,23.125,25.5,0,1,447,86212,100672,0.47366876200248953,0,0,,0.5308961709997675,38,ALL_RESOLVED
final_v2,ga,map1,134,e807fcfc735986e9,e02d0416b7d51b2a,b3362d9604322a0c,a65eb91a39ef4179,30,2,0,28,0.06666666666666667,15,11.5,11.5,12,0,191,0,53389,4.851476778054348,2330,53389,0.25,4.891900675000215,15,ALL_RESOLVED
final_v2,bfs,map1,136,e807fcfc735986e9,e02d0416b7d51b2a,b3362d9604322a0c,a65eb91a39ef4179,30,7,1,22,0.23333333333333334,19,13.0,12,0,3,275,62073,63968,0.13212408998879255,0,0,,0.15216710999811767,19,ALL_RESOLVED
final_v2,ucs,map1,136,e807fcfc735986e9,e02d0416b7d51b2a,b3362d9604322a0c,a65eb91a39ef4179,30,7,1,22,0.23333333333333334,19,13.285714285714286,13,0,2,277,64180,66035,0.24789290799526498,0,0,,0.2731077530006587,19,ALL_RESOLVED
final_v2,greedy,map1,136,e807fcfc735986e9,e02d0416b7d51b2a,b3362d9604322a0c,a65eb91a39ef4179,30,7,0,23,0.23333333333333334,23,14.0,12,0,4,282,28056,49708,0.1637183820057544,0,0,,0.19685231399853365,23,ALL_RESOLVED
final_v2,astar,map1,136,e807fcfc735986e9,e02d0416b7d51b2a,b3362d9604322a0c,a65eb91a39ef4179,30,7,1,22,0.23333333333333334,19,13.285714285714286,13,0,2,277,50063,57723,0.2741093280274072,0,0,,0.3039593200010131,19,ALL_RESOLVED
final_v2,ga,map1,111,e807fcfc735986e9,e02d0416b7d51b2a,b3362d9604322a0c,a65eb91a39ef4179,30,3,15,12,0.1,47,33.333333333333336,38,279,14,2884,0,985348,88.57657919691701,43288,985348,0.25,89.30836646099851,200,TIMEOUT
final_v2,bfs,map1,137,e807fcfc735986e9,e02d0416b7d51b2a,b3362d9604322a0c,a65eb91a39ef4179,30,24,2,4,0.8,80,48.25,49.5,0,5,1192,223471,232219,0.7134612349618692,0,0,,0.8482017400019686,80,ALL_RESOLVED
final_v2,ucs,map1,137,e807fcfc735986e9,e02d0416b7d51b2a,b3362d9604322a0c,a65eb91a39ef4179,30,24,2,4,0.8,87,51.041666666666664,54.5,0,6,1259,247712,256928,1.2544617019520956,0,0,,1.4045536630001152,87,ALL_RESOLVED
final_v2,greedy,map1,137,e807fcfc735986e9,e02d0416b7d51b2a,b3362d9604322a0c,a65eb91a39ef4179,30,24,2,4,0.8,86,52.833333333333336,53.5,0,3,1302,100956,182275,0.5781698600221716,0,0,,0.7235678990000451,86,ALL_RESOLVED
final_v2,ga,map1,136,e807fcfc735986e9,e02d0416b7d51b2a,b3362d9604322a0c,a65eb91a39ef4179,30,6,0,24,0.2,23,14.166666666666666,11.5,16,2,293,0,79043,7.96329745901312,3416,79043,0.25,8.033377024999936,24,ALL_RESOLVED
final_v2,astar,map1,137,e807fcfc735986e9,e02d0416b7d51b2a,b3362d9604322a0c,a65eb91a39ef4179,30,24,2,4,0.8,88,51.083333333333336,54.5,0,7,1260,180407,212539,0.9853569249607972,0,0,,1.135416367000289,88,ALL_RESOLVED
final_v2,bfs,map1,138,e807fcfc735986e9,e02d0416b7d51b2a,b3362d9604322a0c,a65eb91a39ef4179,30,19,1,10,0.6333333333333333,55,36.31578947368421,38,0,5,800,128822,134342,0.33273547494172817,0,0,,0.39327910899737617,55,ALL_RESOLVED
final_v2,ga,map1,135,e807fcfc735986e9,e02d0416b7d51b2a,b3362d9604322a0c,a65eb91a39ef4179,30,3,2,25,0.1,11,10.0,10,20,1,366,0,108374,11.211039541005448,4732,108374,0.25,11.302856463000353,24,ALL_RESOLVED
final_v2,ucs,map1,138,e807fcfc735986e9,e02d0416b7d51b2a,b3362d9604322a0c,a65eb91a39ef4179,30,19,0,11,0.6333333333333333,59,38.10526315789474,39,0,7,834,139301,145026,0.43757814204946044,0,0,,0.4927087960022618,59,ALL_RESOLVED
final_v2,greedy,map1,138,e807fcfc735986e9,e02d0416b7d51b2a,b3362d9604322a0c,a65eb91a39ef4179,30,17,1,12,0.5666666666666667,58,38.0,38,0,4,776,55319,100333,0.32443432395666605,0,0,,0.4096962449984858,58,ALL_RESOLVED
final_v2,astar,map1,138,e807fcfc735986e9,e02d0416b7d51b2a,b3362d9604322a0c,a65eb91a39ef4179,30,19,0,11,0.6333333333333333,60,38.1578947368421,39,0,6,835,102108,121373,0.3381446810126363,0,0,,0.39215575699927285,60,ALL_RESOLVED
final_v2,bfs,map1,139,e807fcfc735986e9,e02d0416b7d51b2a,b3362d9604322a0c,a65eb91a39ef4179,30,9,1,20,0.3,34,21.88888888888889,20,0,11,449,101098,103953,0.20608971900946926,0,0,,0.23583050599700073,34,ALL_RESOLVED
final_v2,ucs,map1,139,e807fcfc735986e9,e02d0416b7d51b2a,b3362d9604322a0c,a65eb91a39ef4179,30,9,1,20,0.3,36,22.555555555555557,21,0,3,455,105296,108267,0.3302011910091096,0,0,,0.36316503299894975,36,ALL_RESOLVED
final_v2,greedy,map1,139,e807fcfc735986e9,e02d0416b7d51b2a,b3362d9604322a0c,a65eb91a39ef4179,30,8,2,20,0.26666666666666666,34,22.75,22.5,0,8,450,50645,90468,0.194369736018416,0,0,,0.2265080780016433,34,ALL_RESOLVED
final_v2,astar,map1,139,e807fcfc735986e9,e02d0416b7d51b2a,b3362d9604322a0c,a65eb91a39ef4179,30,8,2,20,0.26666666666666666,30,20.625,19.5,0,4,427,87002,98065,0.2991139900077542,0,0,,0.33015102299759747,30,ALL_RESOLVED
final_v2,ga,map1,132,e807fcfc735986e9,e02d0416b7d51b2a,b3362d9604322a0c,a65eb91a39ef4179,30,4,9,17,0.13333333333333333,126,63.75,48.5,146,8,1577,0,539193,40.99963082983959,23692,539193,0.25,41.36930986099833,132,ALL_RESOLVED
final_v2,bfs,map1,140,e807fcfc735986e9,e02d0416b7d51b2a,b3362d9604322a0c,a65eb91a39ef4179,30,11,1,18,0.36666666666666664,44,27.454545454545453,31,0,1,378,57608,60201,0.1867770309690968,0,0,,0.24385179400269408,44,ALL_RESOLVED
final_v2,ucs,map1,140,e807fcfc735986e9,e02d0416b7d51b2a,b3362d9604322a0c,a65eb91a39ef4179,30,11,1,18,0.36666666666666664,44,28.363636363636363,31,0,1,388,61917,64616,0.3158526580191392,0,0,,0.37456827600180986,44,ALL_RESOLVED
final_v2,greedy,map1,140,e807fcfc735986e9,e02d0416b7d51b2a,b3362d9604322a0c,a65eb91a39ef4179,30,11,1,18,0.36666666666666664,48,31.454545454545453,35,0,1,422,28027,50794,0.16308628100523492,0,0,,0.2257468890020391,48,ALL_RESOLVED
final_v2,astar,map1,140,e807fcfc735986e9,e02d0416b7d51b2a,b3362d9604322a0c,a65eb91a39ef4179,30,11,1,18,0.36666666666666664,44,28.272727272727273,31,0,2,387,44542,52732,0.24525220002033166,0,0,,0.30345843699979014,44,ALL_RESOLVED
final_v2,ga,map1,117,e807fcfc735986e9,e02d0416b7d51b2a,b3362d9604322a0c,a65eb91a39ef4179,30,12,16,2,0.4,93,35.833333333333336,27.5,232,11,2700,0,911786,83.11866769409608,40063,911786,0.25,83.84109937799803,198,ALL_RESOLVED
final_v2,bfs,map1,141,e807fcfc735986e9,e02d0416b7d51b2a,b3362d9604322a0c,a65eb91a39ef4179,30,7,0,23,0.23333333333333334,32,16.571428571428573,15,0,6,392,101063,103672,0.3311463880127121,0,0,,0.3797877690012683,32,ALL_RESOLVED
final_v2,ucs,map1,141,e807fcfc735986e9,e02d0416b7d51b2a,b3362d9604322a0c,a65eb91a39ef4179,30,7,0,23,0.23333333333333334,32,16.571428571428573,15,0,1,392,104070,106587,0.5333898480239441,0,0,,0.5833702820018516,32,ALL_RESOLVED
final_v2,greedy,map1,141,e807fcfc735986e9,e02d0416b7d51b2a,b3362d9604322a0c,a65eb91a39ef4179,30,7,0,23,0.23333333333333334,36,18.571428571428573,18,0,5,406,45209,79822,0.26360270997247426,0,0,,0.317018410001765,36,ALL_RESOLVED
final_v2,astar,map1,141,e807fcfc735986e9,e02d0416b7d51b2a,b3362d9604322a0c,a65eb91a39ef4179,30,7,0,23,0.23333333333333334,32,16.571428571428573,15,0,1,392,84618,96322,0.4624188899906585,0,0,,0.5122982370012323,32,ALL_RESOLVED
final_v2,ga,map1,139,e807fcfc735986e9,e02d0416b7d51b2a,b3362d9604322a0c,a65eb91a39ef4179,30,3,4,23,0.1,32,24.333333333333332,26,35,1,463,0,136050,10.41335975900438,5951,136050,0.25,10.517586396999832,48,ALL_RESOLVED
final_v2,bfs,map1,142,e807fcfc735986e9,e02d0416b7d51b2a,b3362d9604322a0c,a65eb91a39ef4179,30,17,1,12,0.5666666666666667,56,36.8235294117647,43,0,13,704,117294,122251,0.37685229495400563,0,0,,0.46146681900063413,56,ALL_RESOLVED
final_v2,ucs,map1,142,e807fcfc735986e9,e02d0416b7d51b2a,b3362d9604322a0c,a65eb91a39ef4179,30,17,0,13,0.5666666666666667,60,38.470588235294116,43,0,9,732,127275,132474,0.643599834984343,0,0,,0.7348928790015634,60,ALL_RESOLVED
final_v2,greedy,map1,142,e807fcfc735986e9,e02d0416b7d51b2a,b3362d9604322a0c,a65eb91a39ef4179,30,17,0,13,0.5666666666666667,64,40.529411764705884,47,0,12,767,53567,96919,0.30654776499432046,0,0,,0.40223972400053754,64,ALL_RESOLVED
final_v2,astar,map1,142,e807fcfc735986e9,e02d0416b7d51b2a,b3362d9604322a0c,a65eb91a39ef4179,30,17,0,13,0.5666666666666667,63,38.588235294117645,43,0,7,734,93092,109753,0.5066625010367716,0,0,,0.6002961060003145,63,ALL_RESOLVED
final_v2,ga,map1,141,e807fcfc735986e9,e02d0416b7d51b2a,b3362d9604322a0c,a65eb91a39ef4179,30,6,0,24,0.2,34,20.166666666666668,19.0,29,2,409,0,108226,11.019325206991198,4665,108226,0.25,11.11732522100283,34,ALL_RESOLVED
final_v2,bfs,map1,143,e807fcfc735986e9,e02d0416b7d51b2a,b3362d9604322a0c,a65eb91a39ef4179,30,9,1,20,0.3,30,18.77777777777778,18,0,4,379,84850,87313,0.27839104601662257,0,0,,0.32299220000277273,30,ALL_RESOLVED
final_v2,ucs,map1,143,e807fcfc735986e9,e02d0416b7d51b2a,b3362d9604322a0c,a65eb91a39ef4179,30,9,1,20,0.3,30,18.77777777777778,18,0,3,379,87804,90318,0.4497570090388763,0,0,,0.49614122599814436,30,ALL_RESOLVED
final_v2,greedy,map1,143,e807fcfc735986e9,e02d0416b7d51b2a,b3362d9604322a0c,a65eb91a39ef4179,30,9,1,20,0.3,34,21.333333333333332,22,0,3,402,39650,69984,0.23125621100189164,0,0,,0.28149005199884414,34,ALL_RESOLVED
final_v2,astar,map1,143,e807fcfc735986e9,e02d0416b7d51b2a,b3362d9604322a0c,a65eb91a39ef4179,30,9,1,20,0.3,30,19.0,18,0,3,381,72545,82684,0.39807311395634315,0,0,,0.4450034940018668,30,ALL_RESOLVED
final_v2,ga,map1,140,e807fcfc735986e9,e02d0416b7d51b2a,b3362d9604322a0c,a65eb91a39ef4179,30,4,6,20,0.13333333333333333,62,35.0,33.5,40,1,506,0,154350,15.661443675988266,6703,154350,0.25,15.814712429997599,62,ALL_RESOLVED
final_v2,bfs,map1,144,e807fcfc735986e9,e02d0416b7d51b2a,b3362d9604322a0c,a65eb91a39ef4179,30,25,1,4,0.8333333333333334,82,41.12,39,0,3,1068,185424,192980,0.6000311450770823,0,0,,0.7300300380011322,82,ALL_RESOLVED
final_v2,ucs,map1,144,e807fcfc735986e9,e02d0416b7d51b2a,b3362d9604322a0c,a65eb91a39ef4179,30,25,1,4,0.8333333333333334,84,42.0,40,0,3,1090,200305,208077,1.0190021030102798,0,0,,1.156355541999801,84,ALL_RESOLVED
final_v2,greedy,map1,144,e807fcfc735986e9,e02d0416b7d51b2a,b3362d9604322a0c,a65eb91a39ef4179,30,24,2,4,0.8,83,43.083333333333336,41.0,0,3,1078,78263,141589,0.45485083602397935,0,0,,0.5888282599989907,83,ALL_RESOLVED
final_v2,astar,map1,144,e807fcfc735986e9,e02d0416b7d51b2a,b3362d9604322a0c,a65eb91a39ef4179,30,24,2,4,0.8,78,39.958333333333336,37.0,0,4,1003,134734,158720,0.7370292419545876,0,0,,0.8637577920017065,78,ALL_RESOLVED
final_v2,ga,map1,128,e807fcfc735986e9,e02d0416b7d51b2a,b3362d9604322a0c,a65eb91a39ef4179,30,4,12,14,0.13333333333333333,15,11.0,10.5,222,3,2144,0,735664,68.92814170295605,32372,735664,0.25,69.5025508530016,176,ALL_RESOLVED
final_v2,bfs,map1,145,e807fcfc735986e9,e02d0416b7d51b2a,b3362d9604322a0c,a65eb91a39ef4179,30,30,0,0,1.0,98,50.4,48.5,0,2,1512,291578,302845,0.9412763500076835,0,0,,1.1127374520001467,98,ALL_RESOLVED
final_v2,ucs,map1,145,e807fcfc735986e9,e02d0416b7d51b2a,b3362d9604322a0c,a65eb91a39ef4179,30,30,0,0,1.0,98,52.666666666666664,52.5,0,4,1580,323113,334941,1.647513393061672,0,0,,1.8276626949991623,98,ALL_RESOLVED
final_v2,greedy,map1,145,e807fcfc735986e9,e02d0416b7d51b2a,b3362d9604322a0c,a65eb91a39ef4179,30,30,0,0,1.0,104,55.2,52.5,0,4,1656,128862,232430,0.7416059610113734,0,0,,0.9252530149969971,104,ALL_RESOLVED
final_v2,astar,map1,145,e807fcfc735986e9,e02d0416b7d51b2a,b3362d9604322a0c,a65eb91a39ef4179,30,30,0,0,1.0,98,52.63333333333333,54.5,0,5,1579,235330,279182,1.291733022986591,0,0,,1.4709324469986313,98,ALL_RESOLVED
final_v2,ga,map1,116,e807fcfc735986e9,e02d0416b7d51b2a,b3362d9604322a0c,a65eb91a39ef4179,30,7,9,14,0.23333333333333334,34,18.428571428571427,15,330,26,3251,0,1143489,110.88081097598479,50314,1143489,0.25,111.77880649800136,200,TIMEOUT
final_v2,bfs,map1,146,e807fcfc735986e9,e02d0416b7d51b2a,b3362d9604322a0c,a65eb91a39ef4179,30,2,0,28,0.06666666666666667,11,10.5,10.5,0,0,189,53072,54447,0.1738017459938419,0,0,,0.19179648700082907,11,ALL_RESOLVED
final_v2,ga,map1,138,e807fcfc735986e9,e02d0416b7d51b2a,b3362d9604322a0c,a65eb91a39ef4179,30,4,10,16,0.13333333333333333,61,35.75,34.5,89,9,939,0,322474,32.56249890703839,14145,322474,0.25,32.83366625400231,84,ALL_RESOLVED
final_v2,greedy,map1,146,e807fcfc735986e9,e02d0416b7d51b2a,b3362d9604322a0c,a65eb91a39ef4179,30,2,0,28,0.06666666666666667,11,10.5,10.5,0,0,189,24297,43166,0.1422249719798856,0,0,,0.1608997610019287,11,ALL_RESOLVED
final_v2,ucs,map1,146,e807fcfc735986e9,e02d0416b7d51b2a,b3362d9604322a0c,a65eb91a39ef4179,30,2,0,28,0.06666666666666667,11,10.5,10.5,0,0,189,53743,55171,0.2751551959954668,0,0,,0.2942274359993462,11,ALL_RESOLVED
final_v2,astar,map1,146,e807fcfc735986e9,e02d0416b7d51b2a,b3362d9604322a0c,a65eb91a39ef4179,30,2,0,28,0.06666666666666667,11,10.5,10.5,0,0,189,43736,49403,0.23872386897346587,0,0,,0.257854468000005,11,ALL_RESOLVED
final_v2,bfs,map1,147,e807fcfc735986e9,e02d0416b7d51b2a,b3362d9604322a0c,a65eb91a39ef4179,30,19,0,11,0.6333333333333333,55,31.68421052631579,33,0,5,646,91171,95815,0.2954683670432132,0,0,,0.37479965499733225,55,ALL_RESOLVED
final_v2,ucs,map1,147,e807fcfc735986e9,e02d0416b7d51b2a,b3362d9604322a0c,a65eb91a39ef4179,30,19,0,11,0.6333333333333333,57,33.10526315789474,33,0,4,673,102475,107364,0.5210588400477718,0,0,,0.6055812490012613,57,ALL_RESOLVED
final_v2,greedy,map1,147,e807fcfc735986e9,e02d0416b7d51b2a,b3362d9604322a0c,a65eb91a39ef4179,30,19,0,11,0.6333333333333333,65,35.526315789473685,37,0,4,719,40704,74423,0.23547267399044358,0,0,,0.32776986400131136,65,ALL_RESOLVED
final_v2,ga,map1,143,e807fcfc735986e9,e02d0416b7d51b2a,b3362d9604322a0c,a65eb91a39ef4179,30,6,3,21,0.2,53,33.333333333333336,38.5,39,4,482,0,143801,14.363478237050003,6291,143801,0.25,14.500000258998625,53,ALL_RESOLVED
final_v2,astar,map1,147,e807fcfc735986e9,e02d0416b7d51b2a,b3362d9604322a0c,a65eb91a39ef4179,30,19,0,11,0.6333333333333333,57,33.1578947368421,33,0,5,674,72040,86042,0.39584759405624936,0,0,,0.4804338510002708,57,ALL_RESOLVED
final_v2,bfs,map1,148,e807fcfc735986e9,e02d0416b7d51b2a,b3362d9604322a0c,a65eb91a39ef4179,30,11,0,19,0.36666666666666664,38,19.363636363636363,16,0,1,403,82968,85633,0.273054755958583,0,0,,0.32529611800055136,38,ALL_RESOLVED
final_v2,ucs,map1,148,e807fcfc735986e9,e02d0416b7d51b2a,b3362d9604322a0c,a65eb91a39ef4179,30,11,0,19,0.36666666666666664,38,19.545454545454547,16,0,2,405,86211,88895,0.44811586193100084,0,0,,0.5021532309983741,38,ALL_RESOLVED
final_v2,greedy,map1,148,e807fcfc735986e9,e02d0416b7d51b2a,b3362d9604322a0c,a65eb91a39ef4179,30,11,0,19,0.36666666666666664,42,21.545454545454547,17,0,3,427,37651,66952,0.22094942807234474,0,0,,0.27844806099892594,42,ALL_RESOLVED
final_v2,astar,map1,148,e807fcfc735986e9,e02d0416b7d51b2a,b3362d9604322a0c,a65eb91a39ef4179,30,11,0,19,0.36666666666666664,38,19.363636363636363,16,0,2,403,69251,80003,0.38248410898813745,0,0,,0.4363656869973056,38,ALL_RESOLVED
final_v2,ga,map1,146,e807fcfc735986e9,e02d0416b7d51b2a,b3362d9604322a0c,a65eb91a39ef4179,30,2,0,28,0.06666666666666667,12,11.0,11.0,8,1,190,0,51700,5.362955728021916,2248,51700,0.25,5.40461694500118,12,ALL_RESOLVED
final_v2,bfs,map1,149,e807fcfc735986e9,e02d0416b7d51b2a,b3362d9604322a0c,a65eb91a39ef4179,30,4,1,25,0.13333333333333333,15,12.5,13.0,0,2,466,118527,120505,0.38689613499082043,0,0,,0.4222377689984569,16,ALL_RESOLVED
final_v2,ucs,map1,149,e807fcfc735986e9,e02d0416b7d51b2a,b3362d9604322a0c,a65eb91a39ef4179,30,4,1,25,0.13333333333333333,15,12.5,13.0,0,3,466,122124,123791,0.6242070219486777,0,0,,0.6618788209998456,16,ALL_RESOLVED
final_v2,greedy,map1,149,e807fcfc735986e9,e02d0416b7d51b2a,b3362d9604322a0c,a65eb91a39ef4179,30,2,2,26,0.06666666666666667,12,10.5,10.5,0,1,469,56153,99740,0.3283253040135605,0,0,,0.36523823300012737,16,ALL_RESOLVED
final_v2,astar,map1,149,e807fcfc735986e9,e02d0416b7d51b2a,b3362d9604322a0c,a65eb91a39ef4179,30,4,0,26,0.13333333333333333,15,12.5,13.0,0,3,466,103219,116198,0.5634602289756003,0,0,,0.6014755289979803,16,ALL_RESOLVED
final_v2,ga,map1,148,e807fcfc735986e9,e02d0416b7d51b2a,b3362d9604322a0c,a65eb91a39ef4179,30,7,2,21,0.23333333333333334,68,24.142857142857142,20,23,0,415,0,109697,11.12087215203428,4729,109697,0.25,11.252218108998932,68,ALL_RESOLVED
final_v2,bfs,map1,150,e807fcfc735986e9,e02d0416b7d51b2a,b3362d9604322a0c,a65eb91a39ef4179,30,6,0,24,0.2,17,13.0,14.0,0,8,606,180104,183473,0.5911413649846509,0,0,,0.6407332350026991,22,ALL_RESOLVED
final_v2,ga,map1,137,e807fcfc735986e9,e02d0416b7d51b2a,b3362d9604322a0c,a65eb91a39ef4179,30,5,19,6,0.16666666666666666,49,24.4,15,229,10,2406,0,809880,49.69726304395226,35484,809880,0.25,50.15172374300164,194,ALL_RESOLVED
final_v2,greedy,map1,150,e807fcfc735986e9,e02d0416b7d51b2a,b3362d9604322a0c,a65eb91a39ef4179,30,6,0,24,0.2,20,15.166666666666666,17.5,0,8,619,86527,153852,0.3484954809973715,0,0,,0.3865940359974047,22,ALL_RESOLVED
final_v2,ucs,map1,150,e807fcfc735986e9,e02d0416b7d51b2a,b3362d9604322a0c,a65eb91a39ef4179,30,6,0,24,0.2,17,13.0,14.0,0,4,606,184389,187140,0.9434983089959132,0,0,,0.9960940210003173,22,ALL_RESOLVED
final_v2,astar,map1,150,e807fcfc735986e9,e02d0416b7d51b2a,b3362d9604322a0c,a65eb91a39ef4179,30,6,0,24,0.2,17,13.0,14.0,0,4,606,155437,175855,0.5582937070139451,0,0,,0.5952984439973079,22,ALL_RESOLVED
final_v2,bfs,map1,151,e807fcfc735986e9,e02d0416b7d51b2a,b3362d9604322a0c,a65eb91a39ef4179,30,5,0,25,0.16666666666666666,28,19.8,17,0,0,249,59363,60966,0.1313814310124144,0,0,,0.15333477799867978,28,ALL_RESOLVED
final_v2,ucs,map1,151,e807fcfc735986e9,e02d0416b7d51b2a,b3362d9604322a0c,a65eb91a39ef4179,30,5,0,25,0.16666666666666666,28,19.8,17,0,0,249,60591,62175,0.20385591202648357,0,0,,0.22736896100104786,28,ALL_RESOLVED
final_v2,greedy,map1,151,e807fcfc735986e9,e02d0416b7d51b2a,b3362d9604322a0c,a65eb91a39ef4179,30,4,1,25,0.13333333333333333,32,20.25,17.5,0,0,235,27106,47986,0.09756814493448474,0,0,,0.12160416200276813,32,ALL_RESOLVED
final_v2,astar,map1,151,e807fcfc735986e9,e02d0416b7d51b2a,b3362d9604322a0c,a65eb91a39ef4179,30,5,0,25,0.16666666666666666,28,19.8,17,0,0,249,47102,54318,0.16221946304722223,0,0,,0.1878969280005549,28,ALL_RESOLVED
final_v2,ga,map1,133,e807fcfc735986e9,e02d0416b7d51b2a,b3362d9604322a0c,a65eb91a39ef4179,30,8,13,9,0.26666666666666666,105,34.5,14.0,356,24,3298,0,1134932,85.77276837896716,49773,1134932,0.25,86.4469353070017,200,TIMEOUT
final_v2,bfs,map1,152,e807fcfc735986e9,e02d0416b7d51b2a,b3362d9604322a0c,a65eb91a39ef4179,30,8,1,21,0.26666666666666666,21,13.25,12.5,0,5,370,82739,85431,0.26991841492417734,0,0,,0.3052244079990487,21,ALL_RESOLVED
final_v2,ucs,map1,152,e807fcfc735986e9,e02d0416b7d51b2a,b3362d9604322a0c,a65eb91a39ef4179,30,8,1,21,0.26666666666666666,21,13.25,12.5,0,4,370,87104,89684,0.4471615239926905,0,0,,0.484218375000637,21,ALL_RESOLVED
final_v2,greedy,map1,152,e807fcfc735986e9,e02d0416b7d51b2a,b3362d9604322a0c,a65eb91a39ef4179,30,5,3,22,0.16666666666666666,14,10.4,10,0,4,338,36186,64388,0.21132758395833662,0,0,,0.24077465400114306,14,ALL_RESOLVED
final_v2,astar,map1,152,e807fcfc735986e9,e02d0416b7d51b2a,b3362d9604322a0c,a65eb91a39ef4179,30,8,1,21,0.26666666666666666,21,13.25,12.5,0,4,370,66986,76679,0.37061015800281893,0,0,,0.40705685500142863,21,ALL_RESOLVED
final_v2,ga,map1,151,e807fcfc735986e9,e02d0416b7d51b2a,b3362d9604322a0c,a65eb91a39ef4179,30,2,2,26,0.06666666666666667,20,17.0,17.0,16,1,258,0,75969,4.585796735998883,3324,75969,0.25,4.6499803039987455,60,ALL_RESOLVED
final_v2,ga,map1,130,e807fcfc735986e9,e02d0416b7d51b2a,b3362d9604322a0c,a65eb91a39ef4179,30,10,15,5,0.3333333333333333,51,25.9,18.5,318,27,2777,0,972930,97.20903793299294,42721,972930,0.25,97.99135996499899,194,ALL_RESOLVED
final_v2,ga,map1,149,e807fcfc735986e9,e02d0416b7d51b2a,b3362d9604322a0c,a65eb91a39ef4179,30,2,0,28,0.06666666666666667,12,10.5,10.5,42,0,469,0,142204,14.715931895982067,6228,142204,0.25,14.8134626079991,16,ALL_RESOLVED
final_v2,bfs,map1,153,e807fcfc735986e9,e02d0416b7d51b2a,b3362d9604322a0c,a65eb91a39ef4179,30,26,2,2,0.8666666666666667,86,47.73076923076923,47.5,0,2,1281,237266,246629,0.4811434979419573,0,0,,0.5698413099999016,86,ALL_RESOLVED
final_v2,greedy,map1,153,e807fcfc735986e9,e02d0416b7d51b2a,b3362d9604322a0c,a65eb91a39ef4179,30,26,1,3,0.8666666666666667,92,52.07692307692308,51.5,0,3,1394,107805,194877,0.6263353029971768,0,0,,0.7813387349997356,92,ALL_RESOLVED
final_v2,astar,map1,153,e807fcfc735986e9,e02d0416b7d51b2a,b3362d9604322a0c,a65eb91a39ef4179,30,26,1,3,0.8666666666666667,86,48.88461538461539,48.0,0,4,1311,190457,222639,0.6676620019716211,0,0,,0.7607195419986965,86,ALL_RESOLVED
final_v2,bfs,map1,154,e807fcfc735986e9,e02d0416b7d51b2a,b3362d9604322a0c,a65eb91a39ef4179,30,2,0,28,0.06666666666666667,10,9.5,9.5,0,1,143,33270,34130,0.07136241099942708,0,0,,0.07988220699917292,10,ALL_RESOLVED
final_v2,ucs,map1,154,e807fcfc735986e9,e02d0416b7d51b2a,b3362d9604322a0c,a65eb91a39ef4179,30,2,0,28,0.06666666666666667,10,9.5,9.5,0,1,143,34052,34861,0.11208296001132112,0,0,,0.12162301900025341,10,ALL_RESOLVED
final_v2,greedy,map1,154,e807fcfc735986e9,e02d0416b7d51b2a,b3362d9604322a0c,a65eb91a39ef4179,30,2,0,28,0.06666666666666667,10,9.5,9.5,0,0,143,14897,26798,0.05366267201316077,0,0,,0.06250410299981013,10,ALL_RESOLVED
final_v2,ucs,map1,153,e807fcfc735986e9,e02d0416b7d51b2a,b3362d9604322a0c,a65eb91a39ef4179,30,26,2,2,0.8666666666666667,90,49.5,48.0,0,6,1327,259560,269304,1.3246055990348395,0,0,,1.478971290998743,90,ALL_RESOLVED
final_v2,astar,map1,154,e807fcfc735986e9,e02d0416b7d51b2a,b3362d9604322a0c,a65eb91a39ef4179,30,2,0,28,0.06666666666666667,10,9.5,9.5,0,0,143,27645,31250,0.1007316909963265,0,0,,0.10990081700219889,10,ALL_RESOLVED
final_v2,bfs,map1,155,e807fcfc735986e9,e02d0416b7d51b2a,b3362d9604322a0c,a65eb91a39ef4179,30,5,0,25,0.16666666666666666,15,11.0,10,0,2,205,49547,50933,0.10383384998203837,0,0,,0.11764415500147152,15,ALL_RESOLVED
final_v2,ucs,map1,155,e807fcfc735986e9,e02d0416b7d51b2a,b3362d9604322a0c,a65eb91a39ef4179,30,5,0,25,0.16666666666666666,15,11.0,10,0,2,205,51153,52551,0.16937953497836133,0,0,,0.18509242800064385,15,ALL_RESOLVED
final_v2,greedy,map1,155,e807fcfc735986e9,e02d0416b7d51b2a,b3362d9604322a0c,a65eb91a39ef4179,30,5,0,25,0.16666666666666666,17,11.8,10,0,2,209,25675,45747,0.09849259100519703,0,0,,0.11470091599767329,17,ALL_RESOLVED
final_v2,astar,map1,155,e807fcfc735986e9,e02d0416b7d51b2a,b3362d9604322a0c,a65eb91a39ef4179,30,5,0,25,0.16666666666666666,15,11.0,10,0,2,205,42016,47264,0.1476432819654292,0,0,,0.16510879099951126,15,ALL_RESOLVED
final_v2,ga,map1,142,e807fcfc735986e9,e02d0416b7d51b2a,b3362d9604322a0c,a65eb91a39ef4179,30,5,14,11,0.16666666666666666,39,23.6,23,104,5,1280,0,434018,44.00597196499075,18971,434018,0.25,44.377657009998074,124,ALL_RESOLVED
final_v2,bfs,map1,156,e807fcfc735986e9,e02d0416b7d51b2a,b3362d9604322a0c,a65eb91a39ef4179,30,30,0,0,1.0,95,51.7,49.5,0,8,1551,304900,316303,0.9866010119258135,0,0,,1.1547280380000302,95,ALL_RESOLVED
final_v2,ga,map1,154,e807fcfc735986e9,e02d0416b7d51b2a,b3362d9604322a0c,a65eb91a39ef4179,30,2,0,28,0.06666666666666667,10,9.5,9.5,11,0,143,0,35170,3.596316871989984,1511,35170,0.25,3.6260445839980093,10,ALL_RESOLVED
final_v2,greedy,map1,156,e807fcfc735986e9,e02d0416b7d51b2a,b3362d9604322a0c,a65eb91a39ef4179,30,30,0,0,1.0,101,56.2,53.5,0,5,1686,134421,242135,0.7741123998930561,0,0,,0.9552043140029127,101,ALL_RESOLVED
final_v2,ucs,map1,156,e807fcfc735986e9,e02d0416b7d51b2a,b3362d9604322a0c,a65eb91a39ef4179,30,30,0,0,1.0,95,53.7,52.0,0,10,1611,334477,346317,1.6918648699574987,0,0,,1.8677525479979522,95,ALL_RESOLVED
final_v2,ga,map1,152,e807fcfc735986e9,e02d0416b7d51b2a,b3362d9604322a0c,a65eb91a39ef4179,30,6,2,22,0.2,19,11.833333333333334,10.5,21,2,359,0,99143,7.065213608970225,4300,99143,0.25,7.122488736997184,19,ALL_RESOLVED
final_v2,bfs,map1,157,e807fcfc735986e9,e02d0416b7d51b2a,b3362d9604322a0c,a65eb91a39ef4179,30,30,0,0,1.0,95,49.266666666666666,43.5,0,4,1478,287081,297930,0.5709423790212895,0,0,,0.6736686429976544,95,ALL_RESOLVED
final_v2,astar,map1,156,e807fcfc735986e9,e02d0416b7d51b2a,b3362d9604322a0c,a65eb91a39ef4179,30,30,0,0,1.0,95,53.733333333333334,53.5,0,11,1612,248006,290481,1.35785561294324,0,0,,1.5329695030013681,95,ALL_RESOLVED
final_v2,ga,map1,155,e807fcfc735986e9,e02d0416b7d51b2a,b3362d9604322a0c,a65eb91a39ef4179,30,5,0,25,0.16666666666666666,24,14.6,10,16,2,223,0,59955,5.402643095989333,2585,59955,0.25,5.456523011998797,24,ALL_RESOLVED
final_v2,ucs,map1,157,e807fcfc735986e9,e02d0416b7d51b2a,b3362d9604322a0c,a65eb91a39ef4179,30,30,0,0,1.0,99,50.86666666666667,47.0,0,4,1526,312613,323901,1.0093089969559514,0,0,,1.1262052159981977,99,ALL_RESOLVED
final_v2,greedy,map1,157,e807fcfc735986e9,e02d0416b7d51b2a,b3362d9604322a0c,a65eb91a39ef4179,30,30,0,0,1.0,101,53.46666666666667,47.5,0,4,1604,128193,231112,0.739990205020149,0,0,,0.920171929999924,101,ALL_RESOLVED
final_v2,astar,map1,157,e807fcfc735986e9,e02d0416b7d51b2a,b3362d9604322a0c,a65eb91a39ef4179,30,30,0,0,1.0,97,50.666666666666664,47.0,0,4,1520,231603,271426,1.2655524219662766,0,0,,1.443085177001194,97,ALL_RESOLVED
final_v2,bfs,map1,158,e807fcfc735986e9,e02d0416b7d51b2a,b3362d9604322a0c,a65eb91a39ef4179,30,21,0,9,0.7,60,35.23809523809524,33,0,8,1388,304732,314707,0.9928264839982148,0,0,,1.133951881001849,72,ALL_RESOLVED
final_v2,ga,map1,150,e807fcfc735986e9,e02d0416b7d51b2a,b3362d9604322a0c,a65eb91a39ef4179,30,2,1,27,0.06666666666666667,9,8.5,8.5,48,4,633,0,209851,15.811161489076767,9199,209851,0.25,15.922037329997693,22,ALL_RESOLVED
final_v2,greedy,map1,158,e807fcfc735986e9,e02d0416b7d51b2a,b3362d9604322a0c,a65eb91a39ef4179,30,21,0,9,0.7,65,39.095238095238095,37,0,9,1469,133868,240544,0.7756093870120822,0,0,,0.9182352269999683,72,ALL_RESOLVED
final_v2,ucs,map1,158,e807fcfc735986e9,e02d0416b7d51b2a,b3362d9604322a0c,a65eb91a39ef4179,30,21,0,9,0.7,62,37.04761904761905,35,0,11,1426,330831,340690,1.6848716759413946,0,0,,1.831578145000094,72,ALL_RESOLVED
final_v2,bfs,map1,159,e807fcfc735986e9,e02d0416b7d51b2a,b3362d9604322a0c,a65eb91a39ef4179,30,11,0,19,0.36666666666666664,25,17.636363636363637,18,0,3,270,36808,38643,0.11996109903702745,0,0,,0.1515919119992759,25,ALL_RESOLVED
final_v2,astar,map1,158,e807fcfc735986e9,e02d0416b7d51b2a,b3362d9604322a0c,a65eb91a39ef4179,30,21,0,9,0.7,61,36.61904761904762,35,0,8,1417,247967,285452,0.8350552550473367,0,0,,0.9274114099971484,72,ALL_RESOLVED
final_v2,greedy,map1,159,e807fcfc735986e9,e02d0416b7d51b2a,b3362d9604322a0c,a65eb91a39ef4179,30,11,0,19,0.36666666666666664,29,20.545454545454547,22,0,3,302,15913,29233,0.06110501102011767,0,0,,0.08704584899896872,29,ALL_RESOLVED
final_v2,astar,map1,159,e807fcfc735986e9,e02d0416b7d51b2a,b3362d9604322a0c,a65eb91a39ef4179,30,11,0,19,0.36666666666666664,26,18.09090909090909,18,0,2,275,28201,33608,0.10033050497440854,0,0,,0.12004830799924093,26,ALL_RESOLVED
final_v2,ucs,map1,159,e807fcfc735986e9,e02d0416b7d51b2a,b3362d9604322a0c,a65eb91a39ef4179,30,11,0,19,0.36666666666666664,27,18.0,18,0,1,274,39483,41345,0.20274326599246706,0,0,,0.23765653499867767,27,ALL_RESOLVED
final_v2,bfs,map1,160,e807fcfc735986e9,e02d0416b7d51b2a,b3362d9604322a0c,a65eb91a39ef4179,30,30,0,0,1.0,93,54.233333333333334,60.5,0,5,1627,338239,349887,1.0939585760097543,0,0,,1.262262397001905,93,ALL_RESOLVED
final_v2,ucs,map1,160,e807fcfc735986e9,e02d0416b7d51b2a,b3362d9604322a0c,a65eb91a39ef4179,30,30,0,0,1.0,101,57.4,63.0,0,14,1722,377041,389250,1.916576889987482,0,0,,2.1059371679984906,101,ALL_RESOLVED
final_v2,ga,map1,131,e807fcfc735986e9,e02d0416b7d51b2a,b3362d9604322a0c,a65eb91a39ef4179,30,6,13,11,0.2,63,28.0,22.5,320,23,3252,0,1160370,109.755820431943,51027,1160370,0.25,110.60197917200276,200,TIMEOUT
final_v2,greedy,map1,160,e807fcfc735986e9,e02d0416b7d51b2a,b3362d9604322a0c,a65eb91a39ef4179,30,30,0,0,1.0,99,58.93333333333333,65.5,0,8,1768,152673,274250,0.877526165015297,0,0,,1.0589755680011876,99,ALL_RESOLVED
final_v2,astar,map1,160,e807fcfc735986e9,e02d0416b7d51b2a,b3362d9604322a0c,a65eb91a39ef4179,30,30,0,0,1.0,98,56.53333333333333,61.5,0,12,1696,282438,328400,1.5444046179436555,0,0,,1.727125146000617,98,ALL_RESOLVED
final_v2,bfs,map1,161,e807fcfc735986e9,e02d0416b7d51b2a,b3362d9604322a0c,a65eb91a39ef4179,30,3,1,26,0.1,12,10.333333333333334,10,0,5,409,97120,99414,0.3157330519716197,0,0,,0.34676232499987236,14,ALL_RESOLVED
final_v2,ucs,map1,161,e807fcfc735986e9,e02d0416b7d51b2a,b3362d9604322a0c,a65eb91a39ef4179,30,3,3,24,0.1,12,10.333333333333334,10,0,3,405,101156,103057,0.5156854419983574,0,0,,0.5486748030016315,14,ALL_RESOLVED
final_v2,ga,map1,159,e807fcfc735986e9,e02d0416b7d51b2a,b3362d9604322a0c,a65eb91a39ef4179,30,8,1,21,0.26666666666666666,62,26.625,22.5,22,2,409,0,114500,6.5969033429755655,4956,114500,0.25,6.674170882997714,62,ALL_RESOLVED
final_v2,greedy,map1,161,e807fcfc735986e9,e02d0416b7d51b2a,b3362d9604322a0c,a65eb91a39ef4179,30,3,0,27,0.1,12,10.333333333333334,10,0,5,409,42150,75330,0.2448315429937793,0,0,,0.2768973270030983,14,ALL_RESOLVED
final_v2,astar,map1,161,e807fcfc735986e9,e02d0416b7d51b2a,b3362d9604322a0c,a65eb91a39ef4179,30,3,3,24,0.1,12,10.333333333333334,10,0,4,405,82003,93666,0.2745537739720021,0,0,,0.2954253450006945,14,ALL_RESOLVED
final_v2,bfs,map1,162,e807fcfc735986e9,e02d0416b7d51b2a,b3362d9604322a0c,a65eb91a39ef4179,30,20,0,10,0.6666666666666666,57,37.45,43.5,0,5,789,116091,121601,0.24080570803198498,0,0,,0.2946348590012349,57,ALL_RESOLVED
final_v2,ucs,map1,162,e807fcfc735986e9,e02d0416b7d51b2a,b3362d9604322a0c,a65eb91a39ef4179,30,20,0,10,0.6666666666666666,65,40.15,43.5,0,7,843,131795,137738,0.412820790985279,0,0,,0.47700181099935435,65,ALL_RESOLVED
final_v2,greedy,map1,162,e807fcfc735986e9,e02d0416b7d51b2a,b3362d9604322a0c,a65eb91a39ef4179,30,20,0,10,0.6666666666666666,64,41.25,47.5,0,5,865,52394,95588,0.1902392469746701,0,0,,0.25029457599885063,64,ALL_RESOLVED
final_v2,astar,map1,162,e807fcfc735986e9,e02d0416b7d51b2a,b3362d9604322a0c,a65eb91a39ef4179,30,20,0,10,0.6666666666666666,63,39.8,43.5,0,8,836,92014,110048,0.34600138499445166,0,0,,0.41422829200018896,63,ALL_RESOLVED
final_v2,ga,map1,147,e807fcfc735986e9,e02d0416b7d51b2a,b3362d9604322a0c,a65eb91a39ef4179,30,8,11,11,0.26666666666666666,165,54.125,43.5,154,18,1437,0,500588,45.289977429059945,21975,500588,0.25,45.7110968670022,165,ALL_RESOLVED
final_v2,bfs,map1,163,e807fcfc735986e9,e02d0416b7d51b2a,b3362d9604322a0c,a65eb91a39ef4179,30,30,0,0,1.0,87,44.8,40.0,0,14,1344,248016,257907,0.8030107798767858,0,0,,0.9567147890011256,87,ALL_RESOLVED
final_v2,ucs,map1,163,e807fcfc735986e9,e02d0416b7d51b2a,b3362d9604322a0c,a65eb91a39ef4179,30,30,0,0,1.0,94,47.166666666666664,43.0,0,17,1415,278635,288853,1.4108469150742167,0,0,,1.5796165189967724,94,ALL_RESOLVED
final_v2,greedy,map1,163,e807fcfc735986e9,e02d0416b7d51b2a,b3362d9604322a0c,a65eb91a39ef4179,30,30,0,0,1.0,93,48.733333333333334,44.0,0,14,1462,109609,197981,0.6267134679837909,0,0,,0.7901223949993437,93,ALL_RESOLVED
final_v2,ga,map1,161,e807fcfc735986e9,e02d0416b7d51b2a,b3362d9604322a0c,a65eb91a39ef4179,30,2,0,28,0.06666666666666667,10,9.5,9.5,38,1,411,0,127895,10.776675434015488,5592,127895,0.25,10.85339473500062,14,ALL_RESOLVED
final_v2,astar,map1,163,e807fcfc735986e9,e02d0416b7d51b2a,b3362d9604322a0c,a65eb91a39ef4179,30,30,0,0,1.0,95,47.13333333333333,43.5,0,16,1414,205921,240720,1.1189047739753732,0,0,,1.287688681997679,95,ALL_RESOLVED
final_v2,bfs,map1,164,e807fcfc735986e9,e02d0416b7d51b2a,b3362d9604322a0c,a65eb91a39ef4179,30,21,1,8,0.7,68,38.904761904761905,41,0,6,903,159818,166193,0.5170648899511434,0,0,,0.6242488479983876,68,ALL_RESOLVED
final_v2,ucs,map1,164,e807fcfc735986e9,e02d0416b7d51b2a,b3362d9604322a0c,a65eb91a39ef4179,30,21,1,8,0.7,72,40.285714285714285,42,0,5,932,173545,180146,0.8791491840020171,0,0,,0.9955539020011202,72,ALL_RESOLVED
final_v2,greedy,map1,164,e807fcfc735986e9,e02d0416b7d51b2a,b3362d9604322a0c,a65eb91a39ef4179,30,21,1,8,0.7,74,42.523809523809526,45,0,4,979,74208,133937,0.43053687102656113,0,0,,0.5493124530003115,74,ALL_RESOLVED
final_v2,astar,map1,164,e807fcfc735986e9,e02d0416b7d51b2a,b3362d9604322a0c,a65eb91a39ef4179,30,21,1,8,0.7,71,40.285714285714285,41,0,5,932,128717,151341,0.7147385149946786,0,0,,0.8319610059988918,71,ALL_RESOLVED
final_v2,ga,map1,144,e807fcfc735986e9,e02d0416b7d51b2a,b3362d9604322a0c,a65eb91a39ef4179,30,8,14,8,0.26666666666666666,55,24.625,19.5,249,15,2331,0,806072,81.76851606592027,35412,806072,0.25,82.42245128300056,180,ALL_RESOLVED
final_v2,bfs,map1,165,e807fcfc735986e9,e02d0416b7d51b2a,b3362d9604322a0c,a65eb91a39ef4179,30,18,4,8,0.6,69,31.166666666666668,27.5,0,4,749,143345,148652,0.4648941459490743,0,0,,0.5697259549997398,69,ALL_RESOLVED
final_v2,ucs,map1,165,e807fcfc735986e9,e02d0416b7d51b2a,b3362d9604322a0c,a65eb91a39ef4179,30,18,3,9,0.6,69,31.944444444444443,29.5,0,4,763,153381,158762,0.7832366280381393,0,0,,0.8911097190029977,69,ALL_RESOLVED
final_v2,greedy,map1,165,e807fcfc735986e9,e02d0416b7d51b2a,b3362d9604322a0c,a65eb91a39ef4179,30,20,2,8,0.6666666666666666,86,40.35,36.0,0,4,967,80639,144994,0.4714853250516171,0,0,,0.6024627970000438,86,ALL_RESOLVED
final_v2,astar,map1,165,e807fcfc735986e9,e02d0416b7d51b2a,b3362d9604322a0c,a65eb91a39ef4179,30,18,3,9,0.6,69,32.0,29.5,0,7,764,119422,137300,0.6540342239968595,0,0,,0.7623017570003867,69,ALL_RESOLVED
final_v2,ga,map1,162,e807fcfc735986e9,e02d0416b7d51b2a,b3362d9604322a0c,a65eb91a39ef4179,30,6,13,11,0.2,59,31.333333333333332,28.5,111,4,1250,0,423002,39.427675543040095,18499,423002,0.25,39.77007244899869,110,ALL_RESOLVED
final_v2,bfs,map1,166,e807fcfc735986e9,e02d0416b7d51b2a,b3362d9604322a0c,a65eb91a39ef4179,30,6,1,23,0.2,17,12.833333333333334,12.5,0,2,219,46793,48270,0.15348056903894758,0,0,,0.177007935999427,17,ALL_RESOLVED
final_v2,ucs,map1,166,e807fcfc735986e9,e02d0416b7d51b2a,b3362d9604322a0c,a65eb91a39ef4179,30,6,1,23,0.2,17,12.833333333333334,12.5,0,2,219,48092,49521,0.24545323398706387,0,0,,0.2699660770012997,17,ALL_RESOLVED
final_v2,greedy,map1,166,e807fcfc735986e9,e02d0416b7d51b2a,b3362d9604322a0c,a65eb91a39ef4179,30,6,1,23,0.2,17,12.833333333333334,12.5,0,2,221,21261,38102,0.12429335300112143,0,0,,0.14824817300177529,17,ALL_RESOLVED
final_v2,astar,map1,166,e807fcfc735986e9,e02d0416b7d51b2a,b3362d9604322a0c,a65eb91a39ef4179,30,6,1,23,0.2,17,12.833333333333334,12.5,0,2,221,38737,43504,0.21038417701493017,0,0,,0.2346107250014029,17,ALL_RESOLVED
final_v2,ga,map1,166,e807fcfc735986e9,e02d0416b7d51b2a,b3362d9604322a0c,a65eb91a39ef4179,30,6,1,23,0.2,18,13.333333333333334,13.0,9,2,224,0,54244,5.184510093971767,2301,54244,0.25,5.227185356001428,18,ALL_RESOLVED
final_v2,bfs,map1,167,e807fcfc735986e9,e02d0416b7d51b2a,b3362d9604322a0c,a65eb91a39ef4179,30,30,0,0,1.0,90,50.56666666666667,52.0,0,6,1517,316482,327415,0.6632395669876132,0,0,,0.7648746069971821,90,ALL_RESOLVED
final_v2,ucs,map1,167,e807fcfc735986e9,e02d0416b7d51b2a,b3362d9604322a0c,a65eb91a39ef4179,30,30,0,0,1.0,102,53.43333333333333,53.0,0,10,1603,353788,365235,1.151306009014661,0,0,,1.2748546699986036,102,ALL_RESOLVED
final_v2,greedy,map1,167,e807fcfc735986e9,e02d0416b7d51b2a,b3362d9604322a0c,a65eb91a39ef4179,30,30,0,0,1.0,96,54.9,58.5,0,6,1647,142237,255768,0.5120871428880491,0,0,,0.6239738629992644,96,ALL_RESOLVED
final_v2,astar,map1,167,e807fcfc735986e9,e02d0416b7d51b2a,b3362d9604322a0c,a65eb91a39ef4179,30,30,0,0,1.0,101,53.06666666666667,52.0,0,9,1592,269427,311561,0.9150251179526094,0,0,,1.0365270209986193,101,ALL_RESOLVED
final_v2,ga,map1,158,e807fcfc735986e9,e02d0416b7d51b2a,b3362d9604322a0c,a65eb91a39ef4179,30,7,0,23,0.23333333333333334,60,40.142857142857146,40,197,12,1937,0,663384,64.46828495396767,29091,663384,0.25,64.91548510900247,72,ALL_RESOLVED
final_v2,bfs,map1,168,e807fcfc735986e9,e02d0416b7d51b2a,b3362d9604322a0c,a65eb91a39ef4179,30,3,0,27,0.1,16,14.666666666666666,15,0,0,476,126595,128659,0.412538587977906,0,0,,0.44877619500039145,16,ALL_RESOLVED
final_v2,ucs,map1,168,e807fcfc735986e9,e02d0416b7d51b2a,b3362d9604322a0c,a65eb91a39ef4179,30,3,0,27,0.1,16,14.666666666666666,15,0,0,476,129570,131669,0.6605288929895323,0,0,,0.6985273549980775,16,ALL_RESOLVED
final_v2,greedy,map1,168,e807fcfc735986e9,e02d0416b7d51b2a,b3362d9604322a0c,a65eb91a39ef4179,30,1,0,29,0.03333333333333333,13,13.0,13,0,0,477,59095,105235,0.3451837159918796,0,0,,0.38297510399934254,16,ALL_RESOLVED
final_v2,astar,map1,168,e807fcfc735986e9,e02d0416b7d51b2a,b3362d9604322a0c,a65eb91a39ef4179,30,3,0,27,0.1,16,14.666666666666666,15,0,0,476,110655,124890,0.603348278968042,0,0,,0.6416834119991108,16,ALL_RESOLVED
final_v2,ga,map1,164,e807fcfc735986e9,e02d0416b7d51b2a,b3362d9604322a0c,a65eb91a39ef4179,30,8,12,10,0.26666666666666666,133,45.375,27.5,193,5,1879,0,623069,50.22530144795019,27307,623069,0.25,50.693583812000725,200,TIMEOUT
final_v2,bfs,map1,169,e807fcfc735986e9,e02d0416b7d51b2a,b3362d9604322a0c,a65eb91a39ef4179,30,29,1,0,0.9666666666666667,86,42.10344827586207,41,0,11,1235,207681,216684,0.6713423490036803,0,0,,0.8132333290013776,86,ALL_RESOLVED
final_v2,ucs,map1,169,e807fcfc735986e9,e02d0416b7d51b2a,b3362d9604322a0c,a65eb91a39ef4179,30,29,1,0,0.9666666666666667,88,43.58620689655172,41,0,8,1278,232786,241896,0.8603763779974543,0,0,,0.9627795759988658,88,ALL_RESOLVED
final_v2,greedy,map1,169,e807fcfc735986e9,e02d0416b7d51b2a,b3362d9604322a0c,a65eb91a39ef4179,30,29,1,0,0.9666666666666667,92,46.275862068965516,45,0,8,1358,95095,172226,0.33917150100387516,0,0,,0.4314256249999744,92,ALL_RESOLVED
final_v2,astar,map1,169,e807fcfc735986e9,e02d0416b7d51b2a,b3362d9604322a0c,a65eb91a39ef4179,30,29,1,0,0.9666666666666667,86,43.89655172413793,43,0,9,1289,170024,200364,0.5734789920788899,0,0,,0.6640083379970747,86,ALL_RESOLVED
final_v2,ga,map1,168,e807fcfc735986e9,e02d0416b7d51b2a,b3362d9604322a0c,a65eb91a39ef4179,30,1,0,29,0.03333333333333333,13,13.0,13,37,0,477,0,150439,11.16472734402123,6563,150439,0.25,11.243267925001419,16,ALL_RESOLVED
final_v2,bfs,map1,170,e807fcfc735986e9,e02d0416b7d51b2a,b3362d9604322a0c,a65eb91a39ef4179,30,29,0,1,0.9666666666666667,81,47.0,53,0,9,1367,254956,265110,0.8304061109993199,0,0,,0.9800155029988673,81,ALL_RESOLVED
final_v2,ucs,map1,170,e807fcfc735986e9,e02d0416b7d51b2a,b3362d9604322a0c,a65eb91a39ef4179,30,29,0,1,0.9666666666666667,86,49.758620689655174,53,0,13,1447,288544,299255,1.4645060469592863,0,0,,1.6225232659999165,86,ALL_RESOLVED
final_v2,greedy,map1,170,e807fcfc735986e9,e02d0416b7d51b2a,b3362d9604322a0c,a65eb91a39ef4179,30,29,0,1,0.9666666666666667,87,51.96551724137931,57,0,1,1511,110816,200252,0.6371026710003207,0,0,,0.7921542240001145,87,ALL_RESOLVED
final_v2,astar,map1,170,e807fcfc735986e9,e02d0416b7d51b2a,b3362d9604322a0c,a65eb91a39ef4179,30,29,0,1,0.9666666666666667,85,49.724137931034484,55,0,14,1446,204181,241578,1.118291333943489,0,0,,1.2733598640006676,85,ALL_RESOLVED
final_v2,ga,map1,160,e807fcfc735986e9,e02d0416b7d51b2a,b3362d9604322a0c,a65eb91a39ef4179,30,7,16,7,0.23333333333333334,75,28.0,16,297,20,2950,0,1023435,83.18968244810094,45002,1023435,0.25,83.87931171200034,200,TIMEOUT
final_v2,bfs,map1,171,e807fcfc735986e9,e02d0416b7d51b2a,b3362d9604322a0c,a65eb91a39ef4179,30,30,0,0,1.0,94,48.96666666666667,48.5,0,2,1469,295430,305840,0.9630870989822142,0,0,,1.1277196800001548,94,ALL_RESOLVED
final_v2,ga,map1,165,e807fcfc735986e9,e02d0416b7d51b2a,b3362d9604322a0c,a65eb91a39ef4179,30,7,11,12,0.23333333333333334,100,38.42857142857143,38,128,6,1425,0,479883,48.30016804704792,21010,479883,0.25,48.69247159600127,122,ALL_RESOLVED
final_v2,ucs,map1,171,e807fcfc735986e9,e02d0416b7d51b2a,b3362d9604322a0c,a65eb91a39ef4179,30,30,0,0,1.0,102,51.06666666666667,49.5,0,9,1532,326840,337615,1.6693348220651387,0,0,,1.8527024190007069,102,ALL_RESOLVED
final_v2,greedy,map1,171,e807fcfc735986e9,e02d0416b7d51b2a,b3362d9604322a0c,a65eb91a39ef4179,30,30,0,0,1.0,100,53.333333333333336,53.5,0,1,1600,137883,247598,0.794828089990915,0,0,,0.9721095290005906,100,ALL_RESOLVED
final_v2,astar,map1,171,e807fcfc735986e9,e02d0416b7d51b2a,b3362d9604322a0c,a65eb91a39ef4179,30,30,0,0,1.0,101,50.7,49.5,0,4,1521,247814,286452,1.3498100340111705,0,0,,1.5291111549995549,101,ALL_RESOLVED
final_v2,bfs,map1,172,e807fcfc735986e9,e02d0416b7d51b2a,b3362d9604322a0c,a65eb91a39ef4179,30,4,2,24,0.13333333333333333,20,12.75,11.5,0,3,259,67758,69520,0.22019733496927074,0,0,,0.24949137400108157,20,ALL_RESOLVED
final_v2,ucs,map1,172,e807fcfc735986e9,e02d0416b7d51b2a,b3362d9604322a0c,a65eb91a39ef4179,30,4,2,24,0.13333333333333333,20,12.75,11.5,0,2,259,69375,71111,0.35470125901701977,0,0,,0.3853991350006254,20,ALL_RESOLVED
final_v2,greedy,map1,172,e807fcfc735986e9,e02d0416b7d51b2a,b3362d9604322a0c,a65eb91a39ef4179,30,4,2,24,0.13333333333333333,20,13.75,13.5,0,3,263,29129,50898,0.16753245200015954,0,0,,0.1973677139976644,20,ALL_RESOLVED
final_v2,astar,map1,172,e807fcfc735986e9,e02d0416b7d51b2a,b3362d9604322a0c,a65eb91a39ef4179,30,4,2,24,0.13333333333333333,20,12.75,11.5,0,2,259,54883,63309,0.2985520789407019,0,0,,0.32889506200081087,20,ALL_RESOLVED
final_v2,ga,map1,153,e807fcfc735986e9,e02d0416b7d51b2a,b3362d9604322a0c,a65eb91a39ef4179,30,5,18,7,0.16666666666666666,151,68.0,47,327,18,3094,0,1100941,104.52624031911182,48480,1100941,0.25,105.31801577999795,180,ALL_RESOLVED
final_v2,bfs,map1,173,e807fcfc735986e9,e02d0416b7d51b2a,b3362d9604322a0c,a65eb91a39ef4179,30,8,0,22,0.26666666666666666,25,14.5,14.5,0,3,336,76402,78694,0.2509886559782899,0,0,,0.28848957599984715,25,ALL_RESOLVED
final_v2,ucs,map1,173,e807fcfc735986e9,e02d0416b7d51b2a,b3362d9604322a0c,a65eb91a39ef4179,30,8,0,22,0.26666666666666666,25,14.5,14.5,0,2,336,80018,82248,0.40962785201190854,0,0,,0.44836781199774123,25,ALL_RESOLVED
final_v2,greedy,map1,173,e807fcfc735986e9,e02d0416b7d51b2a,b3362d9604322a0c,a65eb91a39ef4179,30,7,0,23,0.23333333333333334,18,13.0,14,0,4,321,38951,68591,0.2268301409749256,0,0,,0.25899631699940073,18,ALL_RESOLVED
final_v2,astar,map1,173,e807fcfc735986e9,e02d0416b7d51b2a,b3362d9604322a0c,a65eb91a39ef4179,30,7,0,23,0.23333333333333334,18,13.0,14,0,2,321,63977,72319,0.34916053201959585,0,0,,0.38130082999850856,18,ALL_RESOLVED
final_v2,ga,map1,172,e807fcfc735986e9,e02d0416b7d51b2a,b3362d9604322a0c,a65eb91a39ef4179,30,3,0,27,0.1,21,12.666666666666666,9,16,1,254,0,71927,7.392565643000125,3130,71927,0.25,7.453923835000751,21,ALL_RESOLVED
final_v2,bfs,map1,174,e807fcfc735986e9,e02d0416b7d51b2a,b3362d9604322a0c,a65eb91a39ef4179,30,27,1,2,0.9,77,35.370370370370374,36,0,8,991,152511,160028,0.48815417300284025,0,0,,0.6017963220001548,77,ALL_RESOLVED
final_v2,ucs,map1,174,e807fcfc735986e9,e02d0416b7d51b2a,b3362d9604322a0c,a65eb91a39ef4179,30,27,1,2,0.9,77,37.18518518518518,38,0,11,1040,175883,183459,0.6153253169322852,0,0,,0.7166981580012362,77,ALL_RESOLVED
final_v2,greedy,map1,174,e807fcfc735986e9,e02d0416b7d51b2a,b3362d9604322a0c,a65eb91a39ef4179,30,27,1,2,0.9,83,39.111111111111114,40,0,3,1092,67587,123100,0.38755214995035203,0,0,,0.5169793839995691,83,ALL_RESOLVED
final_v2,astar,map1,174,e807fcfc735986e9,e02d0416b7d51b2a,b3362d9604322a0c,a65eb91a39ef4179,30,27,1,2,0.9,77,37.074074074074076,36,0,10,1037,121288,144887,0.6654586260774522,0,0,,0.7891856550013472,77,ALL_RESOLVED
final_v2,ga,map1,173,e807fcfc735986e9,e02d0416b7d51b2a,b3362d9604322a0c,a65eb91a39ef4179,30,7,0,23,0.23333333333333334,53,20.0,14,25,1,370,0,105362,8.984104256021965,4551,105362,0.25,9.071236765998037,53,ALL_RESOLVED
final_v2,bfs,map1,175,e807fcfc735986e9,e02d0416b7d51b2a,b3362d9604322a0c,a65eb91a39ef4179,30,2,3,25,0.06666666666666667,12,11.5,11.5,0,0,355,90050,91851,0.18571070196048822,0,0,,0.2030211320015951,12,ALL_RESOLVED
final_v2,ucs,map1,175,e807fcfc735986e9,e02d0416b7d51b2a,b3362d9604322a0c,a65eb91a39ef4179,30,2,3,25,0.06666666666666667,12,11.5,11.5,0,0,355,91784,93474,0.2920095749941538,0,0,,0.3099873659994046,12,ALL_RESOLVED
final_v2,greedy,map1,175,e807fcfc735986e9,e02d0416b7d51b2a,b3362d9604322a0c,a65eb91a39ef4179,30,2,3,25,0.06666666666666667,12,11.5,11.5,0,0,355,40862,73016,0.15649262701845146,0,0,,0.17412407099982374,12,ALL_RESOLVED
final_v2,ga,map1,163,e807fcfc735986e9,e02d0416b7d51b2a,b3362d9604322a0c,a65eb91a39ef4179,30,8,14,8,0.26666666666666666,62,21.25,12.5,345,40,3270,0,1168542,87.7958317380726,51406,1168542,0.25,88.47332807299972,200,TIMEOUT
final_v2,astar,map1,175,e807fcfc735986e9,e02d0416b7d51b2a,b3362d9604322a0c,a65eb91a39ef4179,30,2,3,25,0.06666666666666667,12,11.5,11.5,0,0,355,75562,86762,0.25927596397377783,0,0,,0.27742065400161664,12,ALL_RESOLVED
final_v2,bfs,map1,176,e807fcfc735986e9,e02d0416b7d51b2a,b3362d9604322a0c,a65eb91a39ef4179,30,0,0,30,0.0,,,,0,0,60,18032,18438,0.03900051600794541,0,0,,0.04183402200214914,2,ALL_RESOLVED
final_v2,ucs,map1,176,e807fcfc735986e9,e02d0416b7d51b2a,b3362d9604322a0c,a65eb91a39ef4179,30,0,0,30,0.0,,,,0,0,60,18561,18957,0.060001346999342786,0,0,,0.0628722490000655,2,ALL_RESOLVED
final_v2,greedy,map1,176,e807fcfc735986e9,e02d0416b7d51b2a,b3362d9604322a0c,a65eb91a39ef4179,30,0,0,30,0.0,,,,0,0,60,8921,15895,0.03118385200286866,0,0,,0.03393495099953725,2,ALL_RESOLVED
final_v2,astar,map1,176,e807fcfc735986e9,e02d0416b7d51b2a,b3362d9604322a0c,a65eb91a39ef4179,30,0,0,30,0.0,,,,0,0,60,15745,17408,0.05259431799277081,0,0,,0.055444684003305156,2,ALL_RESOLVED
final_v2,ga,map1,176,e807fcfc735986e9,e02d0416b7d51b2a,b3362d9604322a0c,a65eb91a39ef4179,30,0,0,30,0.0,,,,4,0,60,0,18382,1.1540210959865362,804,18382,0.017241379310344827,1.1617854750002152,2,ALL_RESOLVED
final_v2,bfs,map1,177,e807fcfc735986e9,e02d0416b7d51b2a,b3362d9604322a0c,a65eb91a39ef4179,30,5,1,24,0.16666666666666666,20,11.6,10,0,3,208,49138,50550,0.10740146602256573,0,0,,0.12466411800050992,20,ALL_RESOLVED
final_v2,ucs,map1,177,e807fcfc735986e9,e02d0416b7d51b2a,b3362d9604322a0c,a65eb91a39ef4179,30,5,1,24,0.16666666666666666,20,11.6,10,0,2,208,50339,51728,0.16622004098098841,0,0,,0.18329756000093766,20,ALL_RESOLVED
final_v2,greedy,map1,177,e807fcfc735986e9,e02d0416b7d51b2a,b3362d9604322a0c,a65eb91a39ef4179,30,5,1,24,0.16666666666666666,24,12.4,10,0,3,212,22831,40605,0.08149995899293572,0,0,,0.10056625500146765,24,ALL_RESOLVED
final_v2,astar,map1,177,e807fcfc735986e9,e02d0416b7d51b2a,b3362d9604322a0c,a65eb91a39ef4179,30,5,1,24,0.16666666666666666,20,11.6,10,0,2,208,40483,46398,0.13642717598486342,0,0,,0.15546008799719857,20,ALL_RESOLVED
final_v2,ga,map1,157,e807fcfc735986e9,e02d0416b7d51b2a,b3362d9604322a0c,a65eb91a39ef4179,30,6,9,15,0.2,59,27.166666666666668,23.5,389,48,3721,0,1314193,110.66933374292421,57755,1314193,0.25,111.48847978299818,200,TIMEOUT
final_v2,ga,map1,145,e807fcfc735986e9,e02d0416b7d51b2a,b3362d9604322a0c,a65eb91a39ef4179,30,4,14,12,0.13333333333333333,97,37.75,23.0,451,32,4035,0,1439942,144.88810152790393,63424,1439942,0.25,145.88403703900258,200,TIMEOUT
final_v2,bfs,map1,178,e807fcfc735986e9,e02d0416b7d51b2a,b3362d9604322a0c,a65eb91a39ef4179,30,13,1,16,0.43333333333333335,51,27.307692307692307,21,0,2,457,73573,76625,0.2395316189758887,0,0,,0.3063506479993521,51,ALL_RESOLVED
final_v2,greedy,map1,178,e807fcfc735986e9,e02d0416b7d51b2a,b3362d9604322a0c,a65eb91a39ef4179,30,13,0,17,0.43333333333333335,55,30.692307692307693,25,0,2,501,34421,62019,0.2000746889752918,0,0,,0.2725031970003329,55,ALL_RESOLVED
final_v2,ucs,map1,178,e807fcfc735986e9,e02d0416b7d51b2a,b3362d9604322a0c,a65eb91a39ef4179,30,13,1,16,0.43333333333333335,53,28.153846153846153,24,0,4,468,78058,81249,0.39795804004825186,0,0,,0.4689380589989014,53,ALL_RESOLVED
final_v2,astar,map1,178,e807fcfc735986e9,e02d0416b7d51b2a,b3362d9604322a0c,a65eb91a39ef4179,30,13,1,16,0.43333333333333335,53,28.307692307692307,24,0,4,470,59181,69420,0.32424505102608236,0,0,,0.3950543800019659,53,ALL_RESOLVED
final_v2,bfs,map1,179,e807fcfc735986e9,e02d0416b7d51b2a,b3362d9604322a0c,a65eb91a39ef4179,30,7,0,23,0.23333333333333334,34,19.428571428571427,18,0,4,918,261524,266897,0.858081336995383,0,0,,0.9335642180012655,34,ALL_RESOLVED
final_v2,ucs,map1,179,e807fcfc735986e9,e02d0416b7d51b2a,b3362d9604322a0c,a65eb91a39ef4179,30,7,0,23,0.23333333333333334,34,19.428571428571427,18,0,5,918,268505,273540,1.379202305972285,0,0,,1.4599803819983208,34,ALL_RESOLVED
final_v2,ga,map1,175,e807fcfc735986e9,e02d0416b7d51b2a,b3362d9604322a0c,a65eb91a39ef4179,30,2,2,26,0.06666666666666667,12,11.5,11.5,33,1,359,0,107357,6.554419044034148,4683,107357,0.25,6.6034342300008575,14,ALL_RESOLVED
final_v2,ga,map1,177,e807fcfc735986e9,e02d0416b7d51b2a,b3362d9604322a0c,a65eb91a39ef4179,30,4,1,25,0.13333333333333333,11,9.5,9.5,10,0,198,0,56474,4.4194624179835955,2453,56474,0.25,4.455540972001472,11,ALL_RESOLVED
final_v2,greedy,map1,179,e807fcfc735986e9,e02d0416b7d51b2a,b3362d9604322a0c,a65eb91a39ef4179,30,6,0,24,0.2,27,19.5,20.5,0,3,933,119100,211701,0.6990824849235651,0,0,,0.7787574480025796,34,ALL_RESOLVED
final_v2,bfs,map1,180,e807fcfc735986e9,e02d0416b7d51b2a,b3362d9604322a0c,a65eb91a39ef4179,30,5,2,23,0.16666666666666666,21,15.4,17,0,1,327,79630,81899,0.17916515099568642,0,0,,0.20017260600070585,21,ALL_RESOLVED
final_v2,ucs,map1,180,e807fcfc735986e9,e02d0416b7d51b2a,b3362d9604322a0c,a65eb91a39ef4179,30,4,3,23,0.13333333333333333,18,14.0,14.5,0,1,316,82363,84508,0.2765621659491444,0,0,,0.3001042489995598,18,ALL_RESOLVED
final_v2,greedy,map1,180,e807fcfc735986e9,e02d0416b7d51b2a,b3362d9604322a0c,a65eb91a39ef4179,30,4,2,24,0.13333333333333333,23,16.5,17.0,0,0,322,36109,63438,0.14574947298751795,0,0,,0.1692134580007405,23,ALL_RESOLVED
final_v2,astar,map1,179,e807fcfc735986e9,e02d0416b7d51b2a,b3362d9604322a0c,a65eb91a39ef4179,30,7,0,23,0.23333333333333334,34,19.714285714285715,18,0,5,920,224719,255510,0.8095728440239327,0,0,,0.8638586890010629,34,ALL_RESOLVED
final_v2,astar,map1,180,e807fcfc735986e9,e02d0416b7d51b2a,b3362d9604322a0c,a65eb91a39ef4179,30,5,2,23,0.16666666666666666,21,15.4,17,0,1,327,64904,74275,0.23070448702492286,0,0,,0.25254601100095897,21,ALL_RESOLVED
final_v2,bfs,map1,181,e807fcfc735986e9,e02d0416b7d51b2a,b3362d9604322a0c,a65eb91a39ef4179,30,10,2,18,0.3333333333333333,33,23.1,25.0,0,0,549,125517,129287,0.27069480704449234,0,0,,0.3053820249988348,33,ALL_RESOLVED
final_v2,ucs,map1,181,e807fcfc735986e9,e02d0416b7d51b2a,b3362d9604322a0c,a65eb91a39ef4179,30,10,2,18,0.3333333333333333,35,24.4,26.5,0,2,562,132147,135993,0.4331703249736165,0,0,,0.472085765999509,35,ALL_RESOLVED
final_v2,greedy,map1,181,e807fcfc735986e9,e02d0416b7d51b2a,b3362d9604322a0c,a65eb91a39ef4179,30,10,2,18,0.3333333333333333,37,26.7,29.0,0,0,585,60824,108947,0.23284343104387517,0,0,,0.27073318799739354,37,ALL_RESOLVED
final_v2,astar,map1,181,e807fcfc735986e9,e02d0416b7d51b2a,b3362d9604322a0c,a65eb91a39ef4179,30,10,0,20,0.3333333333333333,36,23.9,25.0,0,0,559,106371,123718,0.39037585900950944,0,0,,0.4318882150000718,36,ALL_RESOLVED
final_v2,ga,map1,180,e807fcfc735986e9,e02d0416b7d51b2a,b3362d9604322a0c,a65eb91a39ef4179,30,2,1,27,0.06666666666666667,19,14.0,14.0,15,2,308,0,87815,5.470073616030277,3805,87815,0.25,5.514896879001753,19,ALL_RESOLVED
final_v2,bfs,map1,182,e807fcfc735986e9,e02d0416b7d51b2a,b3362d9604322a0c,a65eb91a39ef4179,30,4,1,25,0.13333333333333333,16,13.75,14.5,0,0,159,33850,34928,0.07398615098645678,0,0,,0.08690158900208189,16,ALL_RESOLVED
final_v2,ucs,map1,182,e807fcfc735986e9,e02d0416b7d51b2a,b3362d9604322a0c,a65eb91a39ef4179,30,4,1,25,0.13333333333333333,16,13.75,14.5,0,0,159,34777,35831,0.11403472801248427,0,0,,0.1282389769985457,16,ALL_RESOLVED
final_v2,greedy,map1,182,e807fcfc735986e9,e02d0416b7d51b2a,b3362d9604322a0c,a65eb91a39ef4179,30,4,1,25,0.13333333333333333,16,13.75,14.5,0,0,159,16172,29093,0.062271241968119284,0,0,,0.0754719370015664,16,ALL_RESOLVED
final_v2,astar,map1,182,e807fcfc735986e9,e02d0416b7d51b2a,b3362d9604322a0c,a65eb91a39ef4179,30,4,1,25,0.13333333333333333,16,13.75,14.5,0,0,159,26814,30873,0.09059438700933242,0,0,,0.1039255139985471,16,ALL_RESOLVED
final_v2,ga,map1,182,e807fcfc735986e9,e02d0416b7d51b2a,b3362d9604322a0c,a65eb91a39ef4179,30,4,0,26,0.13333333333333333,16,13.75,14.5,8,0,159,0,36703,2.2498965589984437,1565,36703,0.25,2.273775113000738,16,ALL_RESOLVED
final_v2,bfs,map1,183,e807fcfc735986e9,e02d0416b7d51b2a,b3362d9604322a0c,a65eb91a39ef4179,30,14,1,15,0.4666666666666667,55,23.857142857142858,17.0,0,0,1294,327669,336296,0.7297963330747734,0,0,,0.8127407120009593,60,ALL_RESOLVED
final_v2,ucs,map1,183,e807fcfc735986e9,e02d0416b7d51b2a,b3362d9604322a0c,a65eb91a39ef4179,30,14,1,15,0.4666666666666667,55,23.857142857142858,17.0,0,3,1294,342955,351161,1.1597543899915763,0,0,,1.2459993500015116,60,ALL_RESOLVED
final_v2,greedy,map1,183,e807fcfc735986e9,e02d0416b7d51b2a,b3362d9604322a0c,a65eb91a39ef4179,30,13,0,17,0.43333333333333335,54,24.23076923076923,20,0,0,1335,145611,259968,0.5523125890213123,0,0,,0.6358041450002929,60,ALL_RESOLVED
final_v2,astar,map1,183,e807fcfc735986e9,e02d0416b7d51b2a,b3362d9604322a0c,a65eb91a39ef4179,30,14,1,15,0.4666666666666667,55,24.0,17.5,0,4,1296,270075,311185,0.9331077200222353,0,0,,1.0161215640000592,60,ALL_RESOLVED
final_v2,ga,map1,178,e807fcfc735986e9,e02d0416b7d51b2a,b3362d9604322a0c,a65eb91a39ef4179,30,7,3,20,0.23333333333333334,102,41.0,32,40,0,579,0,169014,16.90205596299711,7347,169014,0.25,17.10181367900077,102,ALL_RESOLVED
final_v2,bfs,map1,184,e807fcfc735986e9,e02d0416b7d51b2a,b3362d9604322a0c,a65eb91a39ef4179,30,28,0,2,0.9333333333333333,88,41.92857142857143,41.5,0,7,1190,208192,216856,0.6715144959416648,0,0,,0.8146129710003152,88,ALL_RESOLVED
final_v2,ga,map1,181,e807fcfc735986e9,e02d0416b7d51b2a,b3362d9604322a0c,a65eb91a39ef4179,30,4,0,26,0.13333333333333333,28,18.25,18.0,36,0,489,0,151734,12.752012932029174,6605,151734,0.25,12.855155031000322,28,ALL_RESOLVED
final_v2,ucs,map1,184,e807fcfc735986e9,e02d0416b7d51b2a,b3362d9604322a0c,a65eb91a39ef4179,30,28,0,2,0.9333333333333333,88,42.67857142857143,43.0,0,8,1211,226684,235229,1.150606963008613,0,0,,1.2997158459984348,88,ALL_RESOLVED
final_v2,greedy,map1,184,e807fcfc735986e9,e02d0416b7d51b2a,b3362d9604322a0c,a65eb91a39ef4179,30,27,1,2,0.9,85,43.81481481481482,44,0,6,1203,82870,150274,0.47580160599318333,0,0,,0.6167595819970302,85,ALL_RESOLVED
final_v2,astar,map1,184,e807fcfc735986e9,e02d0416b7d51b2a,b3362d9604322a0c,a65eb91a39ef4179,30,27,1,2,0.9,81,40.592592592592595,40,0,7,1116,148459,175644,0.8117012680595508,0,0,,0.9482541859979392,81,ALL_RESOLVED
final_v2,ga,map1,156,e807fcfc735986e9,e02d0416b7d51b2a,b3362d9604322a0c,a65eb91a39ef4179,30,5,13,12,0.16666666666666666,41,30.6,37,412,48,3749,0,1345976,133.77162268195025,59221,1345976,0.25,134.71080538599927,200,TIMEOUT
final_v2,bfs,map1,185,e807fcfc735986e9,e02d0416b7d51b2a,b3362d9604322a0c,a65eb91a39ef4179,30,28,1,1,0.9333333333333333,77,40.357142857142854,46.0,0,10,1154,197689,206215,0.6374869550236326,0,0,,0.7638785820017802,77,ALL_RESOLVED
final_v2,ucs,map1,185,e807fcfc735986e9,e02d0416b7d51b2a,b3362d9604322a0c,a65eb91a39ef4179,30,28,1,1,0.9333333333333333,79,42.214285714285715,46.0,0,12,1206,219958,228722,1.0948468329770549,0,0,,1.2233913420022873,79,ALL_RESOLVED
final_v2,greedy,map1,185,e807fcfc735986e9,e02d0416b7d51b2a,b3362d9604322a0c,a65eb91a39ef4179,30,28,1,1,0.9333333333333333,83,44.5,50.0,0,4,1270,87311,158193,0.5032493179460289,0,0,,0.6403399699993315,83,ALL_RESOLVED
final_v2,astar,map1,185,e807fcfc735986e9,e02d0416b7d51b2a,b3362d9604322a0c,a65eb91a39ef4179,30,28,1,1,0.9333333333333333,77,41.714285714285715,46.0,0,10,1192,156928,184215,0.8538806479919003,0,0,,0.9839433369998005,77,ALL_RESOLVED
final_v2,bfs,map1,186,e807fcfc735986e9,e02d0416b7d51b2a,b3362d9604322a0c,a65eb91a39ef4179,30,30,0,0,1.0,97,49.63333333333333,45.0,0,3,1489,289406,300369,0.9355343880306464,0,0,,1.105375153998466,97,ALL_RESOLVED
final_v2,ucs,map1,186,e807fcfc735986e9,e02d0416b7d51b2a,b3362d9604322a0c,a65eb91a39ef4179,30,30,0,0,1.0,97,51.3,46.5,0,5,1539,315607,326971,1.5998287350194005,0,0,,1.7766066299991508,97,ALL_RESOLVED
final_v2,greedy,map1,186,e807fcfc735986e9,e02d0416b7d51b2a,b3362d9604322a0c,a65eb91a39ef4179,30,30,0,0,1.0,103,54.1,49.0,0,3,1623,127929,230748,0.7333808199400664,0,0,,0.9147280100005446,103,ALL_RESOLVED
final_v2,astar,map1,186,e807fcfc735986e9,e02d0416b7d51b2a,b3362d9604322a0c,a65eb91a39ef4179,30,30,0,0,1.0,97,51.4,48.5,0,8,1542,233637,274080,1.2825298210991605,0,0,,1.4586170720031078,97,ALL_RESOLVED
final_v2,ga,map1,167,e807fcfc735986e9,e02d0416b7d51b2a,b3362d9604322a0c,a65eb91a39ef4179,30,10,13,7,0.3333333333333333,61,25.2,20.0,265,10,2734,0,917180,84.40685183397,40201,917180,0.25,85.1079656519978,200,TIMEOUT
final_v2,bfs,map1,187,e807fcfc735986e9,e02d0416b7d51b2a,b3362d9604322a0c,a65eb91a39ef4179,30,27,0,3,0.9,80,41.888888888888886,42,0,4,1173,199089,207543,0.6474238839109603,0,0,,0.7746754340005282,80,ALL_RESOLVED
final_v2,ga,map1,179,e807fcfc735986e9,e02d0416b7d51b2a,b3362d9604322a0c,a65eb91a39ef4179,30,4,0,26,0.13333333333333333,24,18.25,20.5,77,5,957,0,311535,31.658077622018027,13622,311535,0.25,31.87782657599746,34,ALL_RESOLVED
final_v2,greedy,map1,187,e807fcfc735986e9,e02d0416b7d51b2a,b3362d9604322a0c,a65eb91a39ef4179,30,24,3,3,0.8,80,40.916666666666664,40.5,0,2,1056,70908,128846,0.41721324795435066,0,0,,0.5447633920011867,80,ALL_RESOLVED
final_v2,ucs,map1,187,e807fcfc735986e9,e02d0416b7d51b2a,b3362d9604322a0c,a65eb91a39ef4179,30,27,0,3,0.9,87,43.55555555555556,42,0,3,1218,220744,229523,1.126100286055589,0,0,,1.2703860350011382,87,ALL_RESOLVED
final_v2,astar,map1,187,e807fcfc735986e9,e02d0416b7d51b2a,b3362d9604322a0c,a65eb91a39ef4179,30,27,0,3,0.9,83,43.18518518518518,42,0,3,1208,161301,191399,0.9103702148640878,0,0,,1.0518396500010567,83,ALL_RESOLVED
final_v2,bfs,map1,188,e807fcfc735986e9,e02d0416b7d51b2a,b3362d9604322a0c,a65eb91a39ef4179,30,2,1,27,0.06666666666666667,14,11.0,11.0,0,2,414,110369,112329,0.33358257203144603,0,0,,0.36361157200008165,14,ALL_RESOLVED
final_v2,ucs,map1,188,e807fcfc735986e9,e02d0416b7d51b2a,b3362d9604322a0c,a65eb91a39ef4179,30,2,1,27,0.06666666666666667,14,11.0,11.0,0,1,414,113093,114839,0.5870314410676656,0,0,,0.6215483490013867,14,ALL_RESOLVED
final_v2,greedy,map1,188,e807fcfc735986e9,e02d0416b7d51b2a,b3362d9604322a0c,a65eb91a39ef4179,30,2,0,28,0.06666666666666667,14,11.0,11.0,0,2,414,50542,90255,0.316781313969841,0,0,,0.35030528100105585,14,ALL_RESOLVED
final_v2,astar,map1,188,e807fcfc735986e9,e02d0416b7d51b2a,b3362d9604322a0c,a65eb91a39ef4179,30,2,1,27,0.06666666666666667,14,11.0,11.0,0,0,414,93664,107746,0.5259453869730351,0,0,,0.5600189999968279,14,ALL_RESOLVED
final_v2,ga,map1,169,e807fcfc735986e9,e02d0416b7d51b2a,b3362d9604322a0c,a65eb91a39ef4179,30,9,15,6,0.3,160,59.22222222222222,28,305,32,2965,0,1042305,81.6141050070255,45764,1042305,0.25,82.24764809100088,186,ALL_RESOLVED
final_v2,bfs,map1,189,e807fcfc735986e9,e02d0416b7d51b2a,b3362d9604322a0c,a65eb91a39ef4179,30,27,0,3,0.9,91,44.0,38,0,6,1242,221730,230555,0.7170851089067583,0,0,,0.8627527580028982,91,ALL_RESOLVED
final_v2,ucs,map1,189,e807fcfc735986e9,e02d0416b7d51b2a,b3362d9604322a0c,a65eb91a39ef4179,30,26,1,3,0.8666666666666667,91,43.46153846153846,38.0,0,6,1194,226278,234693,1.1453995610536367,0,0,,1.2945656159972714,91,ALL_RESOLVED
final_v2,greedy,map1,189,e807fcfc735986e9,e02d0416b7d51b2a,b3362d9604322a0c,a65eb91a39ef4179,30,27,0,3,0.9,97,48.851851851851855,42,0,3,1373,107680,194305,0.6201890009469935,0,0,,0.7782211849989835,97,ALL_RESOLVED
final_v2,astar,map1,189,e807fcfc735986e9,e02d0416b7d51b2a,b3362d9604322a0c,a65eb91a39ef4179,30,26,1,3,0.8666666666666667,91,43.07692307692308,38.0,0,4,1184,167482,196514,0.9134802740081795,0,0,,1.061935050001921,91,ALL_RESOLVED
final_v2,ga,map1,188,e807fcfc735986e9,e02d0416b7d51b2a,b3362d9604322a0c,a65eb91a39ef4179,30,1,0,29,0.03333333333333333,8,8.0,8,36,2,414,0,126382,13.198198799993406,5515,126382,0.25,13.28871167699981,14,ALL_RESOLVED
final_v2,ga,map1,183,e807fcfc735986e9,e02d0416b7d51b2a,b3362d9604322a0c,a65eb91a39ef4179,30,9,0,21,0.3,42,25.22222222222222,32,121,3,1487,0,489563,35.85683370699553,21533,489563,0.25,36.12565401599932,60,ALL_RESOLVED
final_v2,bfs,map1,190,e807fcfc735986e9,e02d0416b7d51b2a,b3362d9604322a0c,a65eb91a39ef4179,30,18,0,12,0.6,55,32.611111111111114,32.5,0,4,611,77756,82152,0.24966059202415636,0,0,,0.32539911799904075,55,ALL_RESOLVED
final_v2,ucs,map1,190,e807fcfc735986e9,e02d0416b7d51b2a,b3362d9604322a0c,a65eb91a39ef4179,30,18,0,12,0.6,57,34.22222222222222,33.5,0,5,640,88161,92815,0.44433904503966914,0,0,,0.5252935930002423,57,ALL_RESOLVED
final_v2,greedy,map1,190,e807fcfc735986e9,e02d0416b7d51b2a,b3362d9604322a0c,a65eb91a39ef4179,30,18,0,12,0.6,65,36.55555555555556,36.5,0,3,682,35296,64957,0.20352799692409462,0,0,,0.2923553790024016,65,ALL_RESOLVED
final_v2,astar,map1,190,e807fcfc735986e9,e02d0416b7d51b2a,b3362d9604322a0c,a65eb91a39ef4179,30,18,0,12,0.6,55,33.833333333333336,34.0,0,4,633,58156,71622,0.3202137340522313,0,0,,0.39815397299753386,55,ALL_RESOLVED
final_v2,bfs,map1,191,e807fcfc735986e9,e02d0416b7d51b2a,b3362d9604322a0c,a65eb91a39ef4179,30,29,1,0,0.9666666666666667,98,47.96551724137931,41,0,4,1407,269540,279150,0.8764338989676617,0,0,,1.0396573950019956,98,ALL_RESOLVED
final_v2,ucs,map1,191,e807fcfc735986e9,e02d0416b7d51b2a,b3362d9604322a0c,a65eb91a39ef4179,30,29,1,0,0.9666666666666667,102,49.310344827586206,41,0,5,1446,290641,300643,1.4739799190065241,0,0,,1.648572984002385,102,ALL_RESOLVED
final_v2,greedy,map1,191,e807fcfc735986e9,e02d0416b7d51b2a,b3362d9604322a0c,a65eb91a39ef4179,30,30,0,0,1.0,104,54.166666666666664,45.5,0,4,1625,137675,247776,0.7970467349405226,0,0,,0.9690377689985326,104,ALL_RESOLVED
final_v2,astar,map1,191,e807fcfc735986e9,e02d0416b7d51b2a,b3362d9604322a0c,a65eb91a39ef4179,30,29,1,0,0.9666666666666667,100,48.93103448275862,41,0,6,1435,224791,259666,0.7202568480461196,0,0,,0.8219145420007408,100,ALL_RESOLVED
final_v2,ga,map1,171,e807fcfc735986e9,e02d0416b7d51b2a,b3362d9604322a0c,a65eb91a39ef4179,30,11,13,6,0.36666666666666664,64,23.636363636363637,14,239,8,2320,0,787805,79.46027465096267,34477,787805,0.25,80.13894742200137,200,TIMEOUT
final_v2,bfs,map1,192,e807fcfc735986e9,e02d0416b7d51b2a,b3362d9604322a0c,a65eb91a39ef4179,30,5,2,23,0.16666666666666666,25,15.8,17,0,3,761,217800,222028,0.7075355449997005,0,0,,0.7690946490001807,28,ALL_RESOLVED
final_v2,ucs,map1,192,e807fcfc735986e9,e02d0416b7d51b2a,b3362d9604322a0c,a65eb91a39ef4179,30,5,1,24,0.16666666666666666,25,15.8,17,0,3,761,222160,225965,1.1324045359615411,0,0,,1.1979087990002881,28,ALL_RESOLVED
final_v2,greedy,map1,192,e807fcfc735986e9,e02d0416b7d51b2a,b3362d9604322a0c,a65eb91a39ef4179,30,4,2,24,0.13333333333333333,24,14.5,13.0,0,3,768,98432,175015,0.5737214270047843,0,0,,0.6380690660007531,28,ALL_RESOLVED
final_v2,astar,map1,192,e807fcfc735986e9,e02d0416b7d51b2a,b3362d9604322a0c,a65eb91a39ef4179,30,5,2,23,0.16666666666666666,25,15.8,17,0,3,761,184354,210732,0.9646111270049005,0,0,,1.0281682269996963,28,ALL_RESOLVED
final_v2,ga,map1,174,e807fcfc735986e9,e02d0416b7d51b2a,b3362d9604322a0c,a65eb91a39ef4179,30,8,14,8,0.26666666666666666,140,30.875,13.5,305,59,2697,0,955739,81.9502756990696,42189,955739,0.25,82.61690287999954,200,TIMEOUT
final_v2,bfs,map1,193,e807fcfc735986e9,e02d0416b7d51b2a,b3362d9604322a0c,a65eb91a39ef4179,30,17,1,12,0.5666666666666667,41,24.294117647058822,24,0,5,465,56982,60262,0.18408717599595548,0,0,,0.23972656700061634,41,ALL_RESOLVED
final_v2,ucs,map1,193,e807fcfc735986e9,e02d0416b7d51b2a,b3362d9604322a0c,a65eb91a39ef4179,30,17,1,12,0.5666666666666667,43,24.823529411764707,24,0,4,474,63030,66308,0.3194134900259087,0,0,,0.37868424400221556,43,ALL_RESOLVED
final_v2,greedy,map1,193,e807fcfc735986e9,e02d0416b7d51b2a,b3362d9604322a0c,a65eb91a39ef4179,30,17,1,12,0.5666666666666667,45,27.235294117647058,28,0,3,515,26286,48162,0.15222650001305738,0,0,,0.2134749479992024,45,ALL_RESOLVED
final_v2,astar,map1,193,e807fcfc735986e9,e02d0416b7d51b2a,b3362d9604322a0c,a65eb91a39ef4179,30,17,1,12,0.5666666666666667,42,25.058823529411764,24,0,6,478,43701,53096,0.2414003840640362,0,0,,0.29933374100073706,42,ALL_RESOLVED
final_v2,ga,map1,185,e807fcfc735986e9,e02d0416b7d51b2a,b3362d9604322a0c,a65eb91a39ef4179,30,9,15,6,0.3,63,34.888888888888886,31,254,28,2536,0,867079,64.43072802297684,38091,867079,0.25,64.95352727299905,200,TIMEOUT
final_v2,bfs,map1,194,e807fcfc735986e9,e02d0416b7d51b2a,b3362d9604322a0c,a65eb91a39ef4179,30,21,0,9,0.7,67,35.38095238095238,25,0,6,779,116279,121734,0.24103800695593236,0,0,,0.30378011200082256,67,ALL_RESOLVED
final_v2,ga,map1,170,e807fcfc735986e9,e02d0416b7d51b2a,b3362d9604322a0c,a65eb91a39ef4179,30,8,11,11,0.26666666666666666,92,34.75,29.5,314,11,3266,0,1121708,113.40384500709479,49354,1121708,0.25,114.26161085000058,200,TIMEOUT
final_v2,ucs,map1,194,e807fcfc735986e9,e02d0416b7d51b2a,b3362d9604322a0c,a65eb91a39ef4179,30,21,0,9,0.7,73,37.04761904761905,29,0,9,814,129476,135217,0.41155016292759683,0,0,,0.4813458820026426,73,ALL_RESOLVED
final_v2,greedy,map1,194,e807fcfc735986e9,e02d0416b7d51b2a,b3362d9604322a0c,a65eb91a39ef4179,30,21,0,9,0.7,72,39.095238095238095,32,0,4,857,53781,97615,0.31038991398963844,0,0,,0.4196718230014085,72,ALL_RESOLVED
final_v2,astar,map1,194,e807fcfc735986e9,e02d0416b7d51b2a,b3362d9604322a0c,a65eb91a39ef4179,30,21,0,9,0.7,73,36.523809523809526,27,0,6,803,92408,109737,0.3262460370460758,0,0,,0.39524628200160805,73,ALL_RESOLVED
final_v2,bfs,map1,195,e807fcfc735986e9,e02d0416b7d51b2a,b3362d9604322a0c,a65eb91a39ef4179,30,6,1,23,0.2,24,17.833333333333332,20.0,0,9,779,207995,211504,0.42979562589607667,0,0,,0.46895693500118796,28,ALL_RESOLVED
final_v2,ucs,map1,195,e807fcfc735986e9,e02d0416b7d51b2a,b3362d9604322a0c,a65eb91a39ef4179,30,6,1,23,0.2,27,18.333333333333332,20.0,0,6,782,213951,216779,0.7493201599172608,0,0,,0.7940889350029465,28,ALL_RESOLVED
final_v2,greedy,map1,195,e807fcfc735986e9,e02d0416b7d51b2a,b3362d9604322a0c,a65eb91a39ef4179,30,6,0,24,0.2,28,21.166666666666668,24.0,0,7,799,94609,168239,0.34815461708421935,0,0,,0.3907986490012263,28,ALL_RESOLVED
final_v2,astar,map1,195,e807fcfc735986e9,e02d0416b7d51b2a,b3362d9604322a0c,a65eb91a39ef4179,30,6,1,23,0.2,27,18.333333333333332,20.0,0,7,782,177300,200453,0.6277004980402126,0,0,,0.6719533290015534,28,ALL_RESOLVED
final_v2,ga,map1,192,e807fcfc735986e9,e02d0416b7d51b2a,b3362d9604322a0c,a65eb91a39ef4179,30,2,0,28,0.06666666666666667,9,8.5,8.5,65,1,783,0,244874,25.140829570020287,10708,244874,0.25,25.31067448899921,28,ALL_RESOLVED
final_v2,bfs,map1,196,e807fcfc735986e9,e02d0416b7d51b2a,b3362d9604322a0c,a65eb91a39ef4179,30,13,2,15,0.43333333333333335,42,20.153846153846153,18,0,1,432,81511,84500,0.2642620329861529,0,0,,0.32211345200266805,42,ALL_RESOLVED
final_v2,ucs,map1,196,e807fcfc735986e9,e02d0416b7d51b2a,b3362d9604322a0c,a65eb91a39ef4179,30,13,1,16,0.43333333333333335,42,20.76923076923077,18,0,2,440,87244,90290,0.4480097620180459,0,0,,0.5083763449983962,42,ALL_RESOLVED
final_v2,greedy,map1,196,e807fcfc735986e9,e02d0416b7d51b2a,b3362d9604322a0c,a65eb91a39ef4179,30,13,2,15,0.43333333333333335,46,22.923076923076923,22,0,1,468,36065,65102,0.21062518998223823,0,0,,0.2741200790005678,46,ALL_RESOLVED
final_v2,astar,map1,196,e807fcfc735986e9,e02d0416b7d51b2a,b3362d9604322a0c,a65eb91a39ef4179,30,13,1,16,0.43333333333333335,42,20.307692307692307,18,0,2,434,68205,79594,0.3749325690114347,0,0,,0.4349154669980635,42,ALL_RESOLVED
final_v2,ga,map1,190,e807fcfc735986e9,e02d0416b7d51b2a,b3362d9604322a0c,a65eb91a39ef4179,30,4,14,12,0.13333333333333333,38,25.5,26.5,134,16,1152,0,411472,41.27893331394807,18091,411472,0.25,41.62913239400223,112,ALL_RESOLVED
final_v2,bfs,map1,197,e807fcfc735986e9,e02d0416b7d51b2a,b3362d9604322a0c,a65eb91a39ef4179,30,3,0,27,0.1,12,10.333333333333334,11,0,1,193,50096,51313,0.16513053902235697,0,0,,0.18410574099834776,12,ALL_RESOLVED
final_v2,ucs,map1,197,e807fcfc735986e9,e02d0416b7d51b2a,b3362d9604322a0c,a65eb91a39ef4179,30,3,0,27,0.1,12,10.333333333333334,11,0,2,193,51099,52318,0.26076588199066464,0,0,,0.28080148400113103,12,ALL_RESOLVED
final_v2,greedy,map1,197,e807fcfc735986e9,e02d0416b7d51b2a,b3362d9604322a0c,a65eb91a39ef4179,30,3,0,27,0.1,12,10.333333333333334,11,0,1,193,24304,43497,0.14363315999435144,0,0,,0.16377214300155174,12,ALL_RESOLVED
final_v2,astar,map1,197,e807fcfc735986e9,e02d0416b7d51b2a,b3362d9604322a0c,a65eb91a39ef4179,30,3,0,27,0.1,12,10.333333333333334,11,0,2,193,41188,47640,0.22893835496142856,0,0,,0.24922779199914658,12,ALL_RESOLVED
final_v2,ga,map1,184,e807fcfc735986e9,e02d0416b7d51b2a,b3362d9604322a0c,a65eb91a39ef4179,30,9,17,4,0.3,60,24.77777777777778,17,254,18,2555,0,872067,80.71387105293252,38275,872067,0.25,81.36400575500011,180,ALL_RESOLVED
final_v2,ga,map1,197,e807fcfc735986e9,e02d0416b7d51b2a,b3362d9604322a0c,a65eb91a39ef4179,30,3,0,27,0.1,12,10.333333333333334,11,8,1,193,0,53692,5.491536795045249,2320,53692,0.25,5.534609039001225,12,ALL_RESOLVED
final_v2,bfs,map1,198,e807fcfc735986e9,e02d0416b7d51b2a,b3362d9604322a0c,a65eb91a39ef4179,30,12,3,15,0.4,49,31.25,30.5,0,8,517,93747,97238,0.3071909889986273,0,0,,0.3760413689997222,49,ALL_RESOLVED
final_v2,greedy,map1,198,e807fcfc735986e9,e02d0416b7d51b2a,b3362d9604322a0c,a65eb91a39ef4179,30,12,2,16,0.4,53,34.416666666666664,34.5,0,8,555,45081,81596,0.27306327300175326,0,0,,0.347156232000998,53,ALL_RESOLVED
final_v2,ucs,map1,198,e807fcfc735986e9,e02d0416b7d51b2a,b3362d9604322a0c,a65eb91a39ef4179,30,12,4,14,0.4,54,32.5,32.5,0,3,538,100329,103946,0.5136976069770753,0,0,,0.5885059229985927,54,ALL_RESOLVED
final_v2,astar,map1,198,e807fcfc735986e9,e02d0416b7d51b2a,b3362d9604322a0c,a65eb91a39ef4179,30,12,4,14,0.4,54,32.333333333333336,32.5,0,3,536,74599,88298,0.4141233489754086,0,0,,0.4888852250005584,54,ALL_RESOLVED
final_v2,bfs,map1,199,e807fcfc735986e9,e02d0416b7d51b2a,b3362d9604322a0c,a65eb91a39ef4179,30,13,1,16,0.43333333333333335,51,27.46153846153846,22,0,2,493,87426,90696,0.2897464009838586,0,0,,0.3596347330021672,51,ALL_RESOLVED
final_v2,ucs,map1,199,e807fcfc735986e9,e02d0416b7d51b2a,b3362d9604322a0c,a65eb91a39ef4179,30,12,2,16,0.4,53,26.0,21.0,0,2,454,86234,89300,0.44986717593928915,0,0,,0.5228563059972657,53,ALL_RESOLVED
final_v2,ga,map1,193,e807fcfc735986e9,e02d0416b7d51b2a,b3362d9604322a0c,a65eb91a39ef4179,30,8,8,14,0.26666666666666666,39,20.0,18.0,77,10,714,0,242775,24.04529865297809,10658,242775,0.25,24.242996095999843,60,ALL_RESOLVED
final_v2,greedy,map1,199,e807fcfc735986e9,e02d0416b7d51b2a,b3362d9604322a0c,a65eb91a39ef4179,30,13,1,16,0.43333333333333335,55,30.615384615384617,26,0,3,534,41799,75357,0.23502406897750916,0,0,,0.3045380759976979,55,ALL_RESOLVED
final_v2,astar,map1,199,e807fcfc735986e9,e02d0416b7d51b2a,b3362d9604322a0c,a65eb91a39ef4179,30,12,2,16,0.4,51,25.833333333333332,21.0,0,2,452,65984,77380,0.3655341599987878,0,0,,0.4357614110012946,51,ALL_RESOLVED
final_v2,bfs,map2,0,e807fcfc735986e9,e02d0416b7d51b2a,b3362d9604322a0c,a65eb91a39ef4179,30,30,0,0,1.0,38,23.366666666666667,23.5,0,55,701,92093,101668,0.29859616296744207,0,0,,0.3723159580003994,38,ALL_RESOLVED
final_v2,ucs,map2,0,e807fcfc735986e9,e02d0416b7d51b2a,b3362d9604322a0c,a65eb91a39ef4179,30,30,0,0,1.0,41,23.466666666666665,23.5,0,26,704,127813,136909,0.6536464020355197,0,0,,0.7340370659985638,41,ALL_RESOLVED
final_v2,greedy,map2,0,e807fcfc735986e9,e02d0416b7d51b2a,b3362d9604322a0c,a65eb91a39ef4179,30,30,0,0,1.0,40,24.533333333333335,24.5,0,38,736,10728,25652,0.06737843996961601,0,0,,0.1408612279992667,40,ALL_RESOLVED
final_v2,astar,map2,0,e807fcfc735986e9,e02d0416b7d51b2a,b3362d9604322a0c,a65eb91a39ef4179,30,30,0,0,1.0,42,23.8,23.5,0,24,714,37589,50713,0.211668274965632,0,0,,0.28841817699867534,42,ALL_RESOLVED
final_v2,ga,map1,187,e807fcfc735986e9,e02d0416b7d51b2a,b3362d9604322a0c,a65eb91a39ef4179,30,6,16,8,0.2,65,27.333333333333332,21.0,200,24,2074,0,717487,70.82737184500729,31497,717487,0.25,71.3740860220023,134,ALL_RESOLVED
final_v2,bfs,map2,1,e807fcfc735986e9,e02d0416b7d51b2a,b3362d9604322a0c,a65eb91a39ef4179,30,30,0,0,1.0,41,26.366666666666667,26.5,0,119,791,96754,106722,0.31621970902051544,0,0,,0.3979520009997941,41,ALL_RESOLVED
final_v2,ucs,map2,1,e807fcfc735986e9,e02d0416b7d51b2a,b3362d9604322a0c,a65eb91a39ef4179,30,30,0,0,1.0,41,26.366666666666667,26.5,0,87,791,142154,151503,0.7260675569486921,0,0,,0.8120007650031766,41,ALL_RESOLVED
final_v2,greedy,map2,1,e807fcfc735986e9,e02d0416b7d51b2a,b3362d9604322a0c,a65eb91a39ef4179,30,30,0,0,1.0,41,26.366666666666667,26.5,0,83,791,10832,25865,0.06711002203519456,0,0,,0.14527622700188658,41,ALL_RESOLVED
final_v2,astar,map2,1,e807fcfc735986e9,e02d0416b7d51b2a,b3362d9604322a0c,a65eb91a39ef4179,30,30,0,0,1.0,41,26.366666666666667,26.5,0,103,791,41629,55143,0.23250102201927803,0,0,,0.31183817199780606,41,ALL_RESOLVED
final_v2,ga,map1,189,e807fcfc735986e9,e02d0416b7d51b2a,b3362d9604322a0c,a65eb91a39ef4179,30,7,13,10,0.23333333333333334,65,33.857142857142854,35,264,12,2441,0,860418,57.52199484294033,37713,860418,0.25,58.00842343399927,194,ALL_RESOLVED
final_v2,ga,map1,196,e807fcfc735986e9,e02d0416b7d51b2a,b3362d9604322a0c,a65eb91a39ef4179,30,9,3,18,0.3,66,27.555555555555557,21,35,0,572,0,157802,16.053993616082153,6836,157802,0.25,16.21791267000299,66,ALL_RESOLVED
final_v2,bfs,map2,2,e807fcfc735986e9,e02d0416b7d51b2a,b3362d9604322a0c,a65eb91a39ef4179,30,4,1,25,0.13333333333333333,11,9.5,9.5,0,5,342,77442,82572,0.16873191499325912,0,0,,0.18769854300262523,12,ALL_RESOLVED
final_v2,greedy,map2,2,e807fcfc735986e9,e02d0416b7d51b2a,b3362d9604322a0c,a65eb91a39ef4179,30,4,1,25,0.13333333333333333,11,9.5,9.5,0,2,342,12227,23505,0.04330114700496779,0,0,,0.05768987700139405,12,ALL_RESOLVED
final_v2,astar,map2,2,e807fcfc735986e9,e02d0416b7d51b2a,b3362d9604322a0c,a65eb91a39ef4179,30,4,1,25,0.13333333333333333,11,9.5,9.5,0,10,342,36459,44134,0.1254821109941986,0,0,,0.1424009299989848,12,ALL_RESOLVED
final_v2,ucs,map2,2,e807fcfc735986e9,e02d0416b7d51b2a,b3362d9604322a0c,a65eb91a39ef4179,30,4,1,25,0.13333333333333333,11,9.5,9.5,0,8,342,88259,91303,0.4529799430456478,0,0,,0.48151874899849645,12,ALL_RESOLVED
final_v2,bfs,map2,3,e807fcfc735986e9,e02d0416b7d51b2a,b3362d9604322a0c,a65eb91a39ef4179,30,30,0,0,1.0,38,23.5,23.5,0,69,705,87163,96733,0.283495962015877,0,0,,0.3563244199976907,38,ALL_RESOLVED
final_v2,ucs,map2,3,e807fcfc735986e9,e02d0416b7d51b2a,b3362d9604322a0c,a65eb91a39ef4179,30,29,0,1,0.9666666666666667,40,23.103448275862068,23,0,41,694,121417,129726,0.6269839070482703,0,0,,0.7051976080001623,40,ALL_RESOLVED
final_v2,greedy,map2,3,e807fcfc735986e9,e02d0416b7d51b2a,b3362d9604322a0c,a65eb91a39ef4179,30,28,1,1,0.9333333333333333,37,23.357142857142858,23.5,0,37,700,10306,24499,0.06461454802047228,0,0,,0.13206926099883276,37,ALL_RESOLVED
final_v2,astar,map2,3,e807fcfc735986e9,e02d0416b7d51b2a,b3362d9604322a0c,a65eb91a39ef4179,30,30,0,0,1.0,39,23.566666666666666,23.5,0,37,707,38296,50498,0.21516609701211564,0,0,,0.28761785100141424,39,ALL_RESOLVED
final_v2,ga,map1,195,e807fcfc735986e9,e02d0416b7d51b2a,b3362d9604322a0c,a65eb91a39ef4179,30,1,0,29,0.03333333333333333,8,8.0,8,72,0,820,0,268755,23.338775801024894,11819,268755,0.25,23.49571612300133,28,ALL_RESOLVED
final_v2,bfs,map2,4,e807fcfc735986e9,e02d0416b7d51b2a,b3362d9604322a0c,a65eb91a39ef4179,30,30,0,0,1.0,41,26.3,26.5,0,78,789,112329,122958,0.24873717793161632,0,0,,0.3031526220001979,41,ALL_RESOLVED
final_v2,ucs,map2,4,e807fcfc735986e9,e02d0416b7d51b2a,b3362d9604322a0c,a65eb91a39ef4179,30,30,0,0,1.0,43,26.6,26.5,0,35,798,159953,169942,0.5223362520409864,0,0,,0.5794603039976209,43,ALL_RESOLVED
final_v2,greedy,map2,4,e807fcfc735986e9,e02d0416b7d51b2a,b3362d9604322a0c,a65eb91a39ef4179,30,30,0,0,1.0,42,26.833333333333332,27.5,0,46,805,12349,29572,0.04957845199169242,0,0,,0.09951692599861417,42,ALL_RESOLVED
final_v2,astar,map2,4,e807fcfc735986e9,e02d0416b7d51b2a,b3362d9604322a0c,a65eb91a39ef4179,30,30,0,0,1.0,41,26.3,26.5,0,44,789,47386,62586,0.1713809559259971,0,0,,0.22132723899994744,41,ALL_RESOLVED
final_v2,ga,map1,198,e807fcfc735986e9,e02d0416b7d51b2a,b3362d9604322a0c,a65eb91a39ef4179,30,4,5,21,0.13333333333333333,41,20.5,16.5,30,1,436,0,131464,13.519768341004237,5734,131464,0.25,13.64991664199988,46,ALL_RESOLVED
final_v2,bfs,map2,5,e807fcfc735986e9,e02d0416b7d51b2a,b3362d9604322a0c,a65eb91a39ef4179,30,30,0,0,1.0,41,26.2,26.5,0,92,786,114787,126099,0.3717753849705332,0,0,,0.4540540330017393,41,ALL_RESOLVED
final_v2,ucs,map2,5,e807fcfc735986e9,e02d0416b7d51b2a,b3362d9604322a0c,a65eb91a39ef4179,30,28,2,0,0.9333333333333333,41,25.964285714285715,26.5,0,50,767,143909,153325,0.734121766010503,0,0,,0.8168759289983427,41,ALL_RESOLVED
final_v2,greedy,map2,5,e807fcfc735986e9,e02d0416b7d51b2a,b3362d9604322a0c,a65eb91a39ef4179,30,29,1,0,0.9666666666666667,51,27.413793103448278,28,0,55,815,12687,30220,0.07996935608025524,0,0,,0.16805296300299233,51,ALL_RESOLVED
final_v2,ga,map2,2,e807fcfc735986e9,e02d0416b7d51b2a,b3362d9604322a0c,a65eb91a39ef4179,30,4,1,25,0.13333333333333333,11,9.5,9.5,9,1,342,0,76759,6.680671327034361,3301,76759,0.25,6.733529593999265,12,ALL_RESOLVED
final_v2,astar,map2,5,e807fcfc735986e9,e02d0416b7d51b2a,b3362d9604322a0c,a65eb91a39ef4179,30,29,1,0,0.9666666666666667,41,26.448275862068964,27,0,49,789,44855,60384,0.2526046960374515,0,0,,0.3303761499992106,41,ALL_RESOLVED
final_v2,bfs,map2,6,e807fcfc735986e9,e02d0416b7d51b2a,b3362d9604322a0c,a65eb91a39ef4179,30,30,0,0,1.0,41,26.233333333333334,26.5,0,118,787,97097,107533,0.3153952149732504,0,0,,0.39539185499961604,41,ALL_RESOLVED
final_v2,ucs,map2,6,e807fcfc735986e9,e02d0416b7d51b2a,b3362d9604322a0c,a65eb91a39ef4179,30,30,0,0,1.0,42,27.066666666666666,27.5,0,81,812,144949,155243,0.7401604359620251,0,0,,0.8263478570006555,42,ALL_RESOLVED
final_v2,ga,map1,199,e807fcfc735986e9,e02d0416b7d51b2a,b3362d9604322a0c,a65eb91a39ef4179,30,7,2,21,0.23333333333333334,71,30.714285714285715,26,43,2,609,0,182304,15.037442509990797,7926,182304,0.25,15.187055818998488,71,ALL_RESOLVED
final_v2,greedy,map2,6,e807fcfc735986e9,e02d0416b7d51b2a,b3362d9604322a0c,a65eb91a39ef4179,30,29,0,1,0.9666666666666667,41,26.620689655172413,27,0,72,782,11181,26696,0.0702002059770166,0,0,,0.1470959540019976,41,ALL_RESOLVED
final_v2,astar,map2,6,e807fcfc735986e9,e02d0416b7d51b2a,b3362d9604322a0c,a65eb91a39ef4179,30,30,0,0,1.0,42,27.066666666666666,27.5,0,101,812,40568,54514,0.1502575510094175,0,0,,0.20176453899694025,42,ALL_RESOLVED
final_v2,bfs,map2,7,e807fcfc735986e9,e02d0416b7d51b2a,b3362d9604322a0c,a65eb91a39ef4179,30,30,0,0,1.0,39,24.4,24.5,0,108,732,84909,94103,0.18589081697064103,0,0,,0.2397481890002382,39,ALL_RESOLVED
final_v2,ucs,map2,7,e807fcfc735986e9,e02d0416b7d51b2a,b3362d9604322a0c,a65eb91a39ef4179,30,30,0,0,1.0,39,24.4,24.5,0,88,732,122873,131316,0.4130673319923517,0,0,,0.46387951799988514,39,ALL_RESOLVED
final_v2,greedy,map2,7,e807fcfc735986e9,e02d0416b7d51b2a,b3362d9604322a0c,a65eb91a39ef4179,30,30,0,0,1.0,39,24.4,24.5,0,54,732,10247,24337,0.03855370097517152,0,0,,0.08355540599950473,39,ALL_RESOLVED
final_v2,astar,map2,7,e807fcfc735986e9,e02d0416b7d51b2a,b3362d9604322a0c,a65eb91a39ef4179,30,30,0,0,1.0,39,24.4,24.5,0,70,732,38363,50785,0.1359995729981165,0,0,,0.18696814400027506,39,ALL_RESOLVED
final_v2,ga,map1,194,e807fcfc735986e9,e02d0416b7d51b2a,b3362d9604322a0c,a65eb91a39ef4179,30,8,11,11,0.26666666666666666,48,28.125,31.5,124,4,1353,0,454813,36.12489662108783,19928,454813,0.25,36.480088232001435,144,ALL_RESOLVED
final_v2,bfs,map2,8,e807fcfc735986e9,e02d0416b7d51b2a,b3362d9604322a0c,a65eb91a39ef4179,30,26,4,0,0.8666666666666667,43,27.384615384615383,27.5,0,33,754,121829,132040,0.39633775001129834,0,0,,0.47413537000102224,43,ALL_RESOLVED
final_v2,ucs,map2,8,e807fcfc735986e9,e02d0416b7d51b2a,b3362d9604322a0c,a65eb91a39ef4179,30,27,2,1,0.9,45,28.62962962962963,29,0,30,809,151277,161655,0.7728078349318821,0,0,,0.8566167739991215,45,ALL_RESOLVED
final_v2,ga,map2,0,e807fcfc735986e9,e02d0416b7d51b2a,b3362d9604322a0c,a65eb91a39ef4179,30,29,1,0,0.9666666666666667,60,33.310344827586206,35,39,24,1030,0,223835,20.30847811710919,9479,223835,0.25,20.507820381000784,64,ALL_RESOLVED
final_v2,greedy,map2,8,e807fcfc735986e9,e02d0416b7d51b2a,b3362d9604322a0c,a65eb91a39ef4179,30,28,2,0,0.9333333333333333,43,28.821428571428573,29.5,0,36,823,13558,32343,0.08515273194643669,0,0,,0.15993457600052352,43,ALL_RESOLVED
final_v2,astar,map2,8,e807fcfc735986e9,e02d0416b7d51b2a,b3362d9604322a0c,a65eb91a39ef4179,30,27,3,0,0.9,45,28.14814814814815,28,0,19,796,43389,59736,0.24750923500323552,0,0,,0.32587480200163554,45,ALL_RESOLVED
final_v2,bfs,map2,9,e807fcfc735986e9,e02d0416b7d51b2a,b3362d9604322a0c,a65eb91a39ef4179,30,14,7,9,0.4666666666666667,28,19.142857142857142,20.0,0,26,654,104497,113816,0.339940969068266,0,0,,0.3968234679996385,28,ALL_RESOLVED
final_v2,ucs,map2,9,e807fcfc735986e9,e02d0416b7d51b2a,b3362d9604322a0c,a65eb91a39ef4179,30,14,6,10,0.4666666666666667,28,19.285714285714285,20.0,0,15,650,130644,138476,0.6777484070480568,0,0,,0.7373018910002429,28,ALL_RESOLVED
final_v2,greedy,map2,9,e807fcfc735986e9,e02d0416b7d51b2a,b3362d9604322a0c,a65eb91a39ef4179,30,15,5,10,0.5,28,19.0,18,0,23,685,11092,26084,0.06962321096216328,0,0,,0.12339021299703745,28,ALL_RESOLVED
final_v2,astar,map2,9,e807fcfc735986e9,e02d0416b7d51b2a,b3362d9604322a0c,a65eb91a39ef4179,30,13,7,10,0.43333333333333335,28,18.76923076923077,18,0,20,658,37962,50614,0.21381590403689188,0,0,,0.2686083070002496,28,ALL_RESOLVED
final_v2,ga,map2,3,e807fcfc735986e9,e02d0416b7d51b2a,b3362d9604322a0c,a65eb91a39ef4179,30,22,3,5,0.7333333333333333,62,25.0,23.5,31,10,846,0,194706,17.00964080202175,8366,194706,0.25,17.17577188300129,62,ALL_RESOLVED
final_v2,bfs,map2,10,e807fcfc735986e9,e02d0416b7d51b2a,b3362d9604322a0c,a65eb91a39ef4179,30,30,0,0,1.0,38,23.5,23.5,0,80,705,85791,95074,0.19415669498994248,0,0,,0.2508122120016196,38,ALL_RESOLVED
final_v2,ga,map2,1,e807fcfc735986e9,e02d0416b7d51b2a,b3362d9604322a0c,a65eb91a39ef4179,30,28,2,0,0.9333333333333333,62,31.75,31.0,41,15,989,0,209475,20.510215671005426,8853,209475,0.25,20.72389275700334,64,ALL_RESOLVED
final_v2,greedy,map2,10,e807fcfc735986e9,e02d0416b7d51b2a,b3362d9604322a0c,a65eb91a39ef4179,30,30,0,0,1.0,39,24.3,24.5,0,64,729,9757,23410,0.060930839983484475,0,0,,0.13461540799835348,39,ALL_RESOLVED
final_v2,ucs,map2,10,e807fcfc735986e9,e02d0416b7d51b2a,b3362d9604322a0c,a65eb91a39ef4179,30,30,0,0,1.0,38,23.5,23.5,0,52,705,126116,134751,0.4465942139722756,0,0,,0.49986906200138037,38,ALL_RESOLVED
final_v2,astar,map2,10,e807fcfc735986e9,e02d0416b7d51b2a,b3362d9604322a0c,a65eb91a39ef4179,30,30,0,0,1.0,38,23.5,23.5,0,56,705,36754,49029,0.20658875299341162,0,0,,0.27865632599787205,38,ALL_RESOLVED
final_v2,bfs,map2,11,e807fcfc735986e9,e02d0416b7d51b2a,b3362d9604322a0c,a65eb91a39ef4179,30,30,0,0,1.0,37,22.5,22.5,0,78,675,80628,89149,0.26223828204820165,0,0,,0.3350101159994665,37,ALL_RESOLVED
final_v2,ga,map2,4,e807fcfc735986e9,e02d0416b7d51b2a,b3362d9604322a0c,a65eb91a39ef4179,30,29,0,1,0.9666666666666667,61,33.172413793103445,34,33,17,1010,0,218173,15.894522389036865,9280,218173,0.25,16.06981666300271,61,ALL_RESOLVED
final_v2,greedy,map2,11,e807fcfc735986e9,e02d0416b7d51b2a,b3362d9604322a0c,a65eb91a39ef4179,30,30,0,0,1.0,38,22.566666666666666,22.5,0,30,677,9426,22449,0.05879569901662762,0,0,,0.1278753990009136,38,ALL_RESOLVED
final_v2,ucs,map2,11,e807fcfc735986e9,e02d0416b7d51b2a,b3362d9604322a0c,a65eb91a39ef4179,30,30,0,0,1.0,37,22.5,22.5,0,46,675,121223,129448,0.6221695599924715,0,0,,0.6984689210003125,37,ALL_RESOLVED
final_v2,astar,map2,11,e807fcfc735986e9,e02d0416b7d51b2a,b3362d9604322a0c,a65eb91a39ef4179,30,30,0,0,1.0,37,22.5,22.5,0,50,675,35595,47172,0.1994716520057409,0,0,,0.27011369400133844,37,ALL_RESOLVED
final_v2,bfs,map2,12,e807fcfc735986e9,e02d0416b7d51b2a,b3362d9604322a0c,a65eb91a39ef4179,30,28,1,1,0.9333333333333333,36,22.5,22.5,0,110,638,58555,66119,0.19085727204583236,0,0,,0.25798983099957695,36,ALL_RESOLVED
final_v2,ga,map2,7,e807fcfc735986e9,e02d0416b7d51b2a,b3362d9604322a0c,a65eb91a39ef4179,30,27,0,3,0.9,52,26.85185185185185,26,34,13,905,0,194423,12.201558250973903,8237,194423,0.25,12.33702174300197,60,ALL_RESOLVED
final_v2,greedy,map2,12,e807fcfc735986e9,e02d0416b7d51b2a,b3362d9604322a0c,a65eb91a39ef4179,30,27,1,2,0.9,37,23.703703703703702,24,0,127,678,8208,19405,0.030723161100468133,0,0,,0.0738157180021517,37,ALL_RESOLVED
final_v2,ucs,map2,12,e807fcfc735986e9,e02d0416b7d51b2a,b3362d9604322a0c,a65eb91a39ef4179,30,28,1,1,0.9333333333333333,45,23.107142857142858,22.5,0,71,655,100172,108064,0.5146974989911541,0,0,,0.5950423869981023,45,ALL_RESOLVED
final_v2,astar,map2,12,e807fcfc735986e9,e02d0416b7d51b2a,b3362d9604322a0c,a65eb91a39ef4179,30,28,1,1,0.9333333333333333,41,22.857142857142858,22.5,0,74,648,31406,41261,0.11276799795450643,0,0,,0.15915631300231325,41,ALL_RESOLVED
final_v2,ga,map1,191,e807fcfc735986e9,e02d0416b7d51b2a,b3362d9604322a0c,a65eb91a39ef4179,30,11,5,14,0.36666666666666664,47,32.27272727272727,35,201,15,2261,0,764111,74.22463644600066,33395,764111,0.25,74.88406111199947,200,TIMEOUT
final_v2,bfs,map2,13,e807fcfc735986e9,e02d0416b7d51b2a,b3362d9604322a0c,a65eb91a39ef4179,30,22,2,6,0.7333333333333333,31,20.5,20.5,0,61,639,83381,91743,0.16744571198069025,0,0,,0.2056603310011269,31,ALL_RESOLVED
final_v2,greedy,map2,13,e807fcfc735986e9,e02d0416b7d51b2a,b3362d9604322a0c,a65eb91a39ef4179,30,14,4,12,0.4666666666666667,23,16.5,16.5,0,31,637,15556,32186,0.06235235998974531,0,0,,0.10141524600112461,30,ALL_RESOLVED
final_v2,astar,map2,13,e807fcfc735986e9,e02d0416b7d51b2a,b3362d9604322a0c,a65eb91a39ef4179,30,19,2,9,0.6333333333333333,33,19.63157894736842,19,0,50,661,42878,54722,0.15332770704117138,0,0,,0.19423656999788363,33,ALL_RESOLVED
final_v2,ucs,map2,13,e807fcfc735986e9,e02d0416b7d51b2a,b3362d9604322a0c,a65eb91a39ef4179,30,18,3,9,0.6,33,19.38888888888889,18.5,0,42,645,121301,127993,0.6192545960075222,0,0,,0.6856817199986835,33,ALL_RESOLVED
final_v2,bfs,map2,14,e807fcfc735986e9,e02d0416b7d51b2a,b3362d9604322a0c,a65eb91a39ef4179,30,30,0,0,1.0,39,24.3,24.5,0,113,729,78930,88187,0.25753219006219297,0,0,,0.33314978999987943,39,ALL_RESOLVED
final_v2,ucs,map2,14,e807fcfc735986e9,e02d0416b7d51b2a,b3362d9604322a0c,a65eb91a39ef4179,30,30,0,0,1.0,39,24.3,24.5,0,81,729,121487,130303,0.6227505550086789,0,0,,0.7016597830006504,39,ALL_RESOLVED
final_v2,greedy,map2,14,e807fcfc735986e9,e02d0416b7d51b2a,b3362d9604322a0c,a65eb91a39ef4179,30,30,0,0,1.0,39,24.3,24.5,0,67,729,9578,23023,0.05979617199773202,0,0,,0.1322841370019887,39,ALL_RESOLVED
final_v2,astar,map2,14,e807fcfc735986e9,e02d0416b7d51b2a,b3362d9604322a0c,a65eb91a39ef4179,30,30,0,0,1.0,39,24.3,24.5,0,83,729,35529,47979,0.2000244649098022,0,0,,0.27434752200133516,39,ALL_RESOLVED
final_v2,ga,map2,5,e807fcfc735986e9,e02d0416b7d51b2a,b3362d9604322a0c,a65eb91a39ef4179,30,22,5,3,0.7333333333333333,55,29.227272727272727,29.5,47,17,919,0,205930,20.416047083032026,8795,205930,0.25,20.605936985997687,55,ALL_RESOLVED
final_v2,bfs,map2,15,e807fcfc735986e9,e02d0416b7d51b2a,b3362d9604322a0c,a65eb91a39ef4179,30,21,2,7,0.7,29,18.666666666666668,19,0,27,598,93207,100470,0.3013245279689727,0,0,,0.3564872759998252,29,ALL_RESOLVED
final_v2,ga,map2,6,e807fcfc735986e9,e02d0416b7d51b2a,b3362d9604322a0c,a65eb91a39ef4179,30,29,1,0,0.9666666666666667,63,31.20689655172414,28,24,30,933,0,200146,19.38806754309917,8457,200146,0.25,19.591734871999506,63,ALL_RESOLVED
final_v2,greedy,map2,15,e807fcfc735986e9,e02d0416b7d51b2a,b3362d9604322a0c,a65eb91a39ef4179,30,22,1,7,0.7333333333333333,31,19.636363636363637,19.5,0,26,626,9825,22852,0.06088122402798035,0,0,,0.11506213800021214,31,ALL_RESOLVED
final_v2,ucs,map2,15,e807fcfc735986e9,e02d0416b7d51b2a,b3362d9604322a0c,a65eb91a39ef4179,30,22,2,6,0.7333333333333333,31,19.272727272727273,19.5,0,17,604,112302,119306,0.5719322470176849,0,0,,0.6312954230015748,31,ALL_RESOLVED
final_v2,astar,map2,15,e807fcfc735986e9,e02d0416b7d51b2a,b3362d9604322a0c,a65eb91a39ef4179,30,20,4,6,0.6666666666666666,30,18.45,18.5,0,18,585,36596,47477,0.20354742806375725,0,0,,0.2574640389975684,30,ALL_RESOLVED
final_v2,bfs,map2,16,e807fcfc735986e9,e02d0416b7d51b2a,b3362d9604322a0c,a65eb91a39ef4179,30,30,0,0,1.0,40,24.133333333333333,23.5,0,36,724,108650,119003,0.3525447090178204,0,0,,0.4297495179998805,40,ALL_RESOLVED
final_v2,ucs,map2,16,e807fcfc735986e9,e02d0416b7d51b2a,b3362d9604322a0c,a65eb91a39ef4179,30,30,0,0,1.0,44,25.1,24.5,0,19,753,145675,155076,0.7436957670724951,0,0,,0.8294396560013411,44,ALL_RESOLVED
final_v2,greedy,map2,16,e807fcfc735986e9,e02d0416b7d51b2a,b3362d9604322a0c,a65eb91a39ef4179,30,30,0,0,1.0,44,26.433333333333334,25.5,0,41,793,12503,30206,0.07871664901540498,0,0,,0.15908784000203013,44,ALL_RESOLVED
final_v2,astar,map2,16,e807fcfc735986e9,e02d0416b7d51b2a,b3362d9604322a0c,a65eb91a39ef4179,30,30,0,0,1.0,44,25.166666666666668,24.5,0,21,755,46369,61223,0.25973096301822807,0,0,,0.34012292199986405,44,ALL_RESOLVED
final_v2,ga,map2,10,e807fcfc735986e9,e02d0416b7d51b2a,b3362d9604322a0c,a65eb91a39ef4179,30,29,1,0,0.9666666666666667,67,30.275862068965516,28,26,15,888,0,188153,11.240124341980845,7939,188153,0.25,11.373867448997771,67,ALL_RESOLVED
final_v2,bfs,map2,17,e807fcfc735986e9,e02d0416b7d51b2a,b3362d9604322a0c,a65eb91a39ef4179,30,11,3,16,0.36666666666666664,24,16.90909090909091,17,0,12,642,116640,126060,0.24674440997478087,0,0,,0.2784061179991113,24,ALL_RESOLVED
final_v2,ucs,map2,17,e807fcfc735986e9,e02d0416b7d51b2a,b3362d9604322a0c,a65eb91a39ef4179,30,9,5,16,0.3,22,15.444444444444445,16,0,6,635,144780,152422,0.46959038004206377,0,0,,0.5043473449986777,24,ALL_RESOLVED
final_v2,greedy,map2,17,e807fcfc735986e9,e02d0416b7d51b2a,b3362d9604322a0c,a65eb91a39ef4179,30,11,2,17,0.36666666666666664,24,18.09090909090909,18,0,12,655,12677,29000,0.055194293996464694,0,0,,0.08804196499841055,24,ALL_RESOLVED
final_v2,astar,map2,17,e807fcfc735986e9,e02d0416b7d51b2a,b3362d9604322a0c,a65eb91a39ef4179,30,10,4,16,0.3333333333333333,24,16.3,16.5,0,10,635,44978,59092,0.17779915694336523,0,0,,0.21010264399956213,24,ALL_RESOLVED
final_v2,ga,map2,9,e807fcfc735986e9,e02d0416b7d51b2a,b3362d9604322a0c,a65eb91a39ef4179,30,11,3,16,0.36666666666666664,26,17.90909090909091,17,26,10,697,0,153035,15.22679889299252,6530,153035,0.25,15.351175457999489,28,ALL_RESOLVED
final_v2,bfs,map2,18,e807fcfc735986e9,e02d0416b7d51b2a,b3362d9604322a0c,a65eb91a39ef4179,30,29,1,0,0.9666666666666667,38,24.0,24,0,96,724,85177,94519,0.2790493540596799,0,0,,0.35410443499858957,38,ALL_RESOLVED
final_v2,ga,map2,13,e807fcfc735986e9,e02d0416b7d51b2a,b3362d9604322a0c,a65eb91a39ef4179,30,13,4,13,0.43333333333333335,33,18.53846153846154,17,39,15,691,0,165019,11.000825590970635,7105,165019,0.25,11.10056846599764,33,ALL_RESOLVED
final_v2,ucs,map2,18,e807fcfc735986e9,e02d0416b7d51b2a,b3362d9604322a0c,a65eb91a39ef4179,30,30,0,0,1.0,46,24.733333333333334,24.5,0,58,742,130805,139906,0.6715318930182548,0,0,,0.7615457780011639,46,ALL_RESOLVED
final_v2,greedy,map2,18,e807fcfc735986e9,e02d0416b7d51b2a,b3362d9604322a0c,a65eb91a39ef4179,30,30,0,0,1.0,40,25.433333333333334,25.5,0,81,763,10203,24217,0.06381749793945346,0,0,,0.1399760369968135,40,ALL_RESOLVED
final_v2,astar,map2,18,e807fcfc735986e9,e02d0416b7d51b2a,b3362d9604322a0c,a65eb91a39ef4179,30,30,0,0,1.0,46,24.733333333333334,24.5,0,66,742,37994,50666,0.21432924502005335,0,0,,0.29879398200137075,46,ALL_RESOLVED
final_v2,bfs,map2,19,e807fcfc735986e9,e02d0416b7d51b2a,b3362d9604322a0c,a65eb91a39ef4179,30,30,0,0,1.0,37,22.5,22.5,0,78,675,79476,88536,0.2594874620590417,0,0,,0.33222082599968417,37,ALL_RESOLVED
final_v2,ga,map2,8,e807fcfc735986e9,e02d0416b7d51b2a,b3362d9604322a0c,a65eb91a39ef4179,30,17,6,7,0.5666666666666667,44,29.176470588235293,29,30,5,844,0,193774,19.45339110992063,8338,193774,0.25,19.622194057999877,44,ALL_RESOLVED
final_v2,greedy,map2,19,e807fcfc735986e9,e02d0416b7d51b2a,b3362d9604322a0c,a65eb91a39ef4179,30,30,0,0,1.0,38,22.533333333333335,22.5,0,41,676,9079,21698,0.057644362008431926,0,0,,0.12766944900067756,38,ALL_RESOLVED
final_v2,ucs,map2,19,e807fcfc735986e9,e02d0416b7d51b2a,b3362d9604322a0c,a65eb91a39ef4179,30,30,0,0,1.0,38,22.533333333333335,22.5,0,51,676,121888,130358,0.6262486859959608,0,0,,0.7036885749985231,38,ALL_RESOLVED
final_v2,astar,map2,19,e807fcfc735986e9,e02d0416b7d51b2a,b3362d9604322a0c,a65eb91a39ef4179,30,30,0,0,1.0,38,22.533333333333335,22.5,0,53,676,36656,48159,0.20556446793489158,0,0,,0.27842357299959986,38,ALL_RESOLVED
final_v2,bfs,map2,20,e807fcfc735986e9,e02d0416b7d51b2a,b3362d9604322a0c,a65eb91a39ef4179,30,30,0,0,1.0,41,26.433333333333334,26.5,0,121,793,88195,98122,0.28819432203817996,0,0,,0.3653071170010662,41,ALL_RESOLVED
final_v2,ucs,map2,20,e807fcfc735986e9,e02d0416b7d51b2a,b3362d9604322a0c,a65eb91a39ef4179,30,30,0,0,1.0,41,26.433333333333334,26.5,0,79,793,126114,135353,0.6731230520854297,0,0,,0.7534865449997596,41,ALL_RESOLVED
final_v2,greedy,map2,20,e807fcfc735986e9,e02d0416b7d51b2a,b3362d9604322a0c,a65eb91a39ef4179,30,30,0,0,1.0,42,27.5,27.5,0,93,825,11361,26907,0.07111928694212111,0,0,,0.14814624499922502,42,ALL_RESOLVED
final_v2,ga,map2,12,e807fcfc735986e9,e02d0416b7d51b2a,b3362d9604322a0c,a65eb91a39ef4179,30,24,5,1,0.8,60,26.166666666666668,23.5,24,32,728,0,154089,14.87564659797863,6476,154089,0.25,15.041735094000614,60,ALL_RESOLVED
final_v2,astar,map2,20,e807fcfc735986e9,e02d0416b7d51b2a,b3362d9604322a0c,a65eb91a39ef4179,30,30,0,0,1.0,41,26.433333333333334,26.5,0,75,793,37340,50928,0.21258651306925458,0,0,,0.2875085589985247,41,ALL_RESOLVED
final_v2,bfs,map2,21,e807fcfc735986e9,e02d0416b7d51b2a,b3362d9604322a0c,a65eb91a39ef4179,30,14,4,12,0.4666666666666667,26,19.285714285714285,19.5,0,27,648,99861,109577,0.3259539038990624,0,0,,0.37998679600059404,26,ALL_RESOLVED
final_v2,ga,map2,15,e807fcfc735986e9,e02d0416b7d51b2a,b3362d9604322a0c,a65eb91a39ef4179,30,16,3,11,0.5333333333333333,29,18.0,18.5,20,3,594,0,129127,9.557277148076537,5508,129127,0.25,9.645419683001819,29,ALL_RESOLVED
final_v2,greedy,map2,21,e807fcfc735986e9,e02d0416b7d51b2a,b3362d9604322a0c,a65eb91a39ef4179,30,13,4,13,0.43333333333333335,26,19.0,19,0,16,651,10698,25380,0.04342661900955136,0,0,,0.07558173000143142,26,ALL_RESOLVED
final_v2,ucs,map2,21,e807fcfc735986e9,e02d0416b7d51b2a,b3362d9604322a0c,a65eb91a39ef4179,30,13,5,12,0.43333333333333335,26,19.307692307692307,20,0,18,631,132573,140014,0.6831193640246056,0,0,,0.7403686619982182,26,ALL_RESOLVED
final_v2,astar,map2,21,e807fcfc735986e9,e02d0416b7d51b2a,b3362d9604322a0c,a65eb91a39ef4179,30,13,5,12,0.43333333333333335,26,19.307692307692307,20,0,12,631,39212,52304,0.2053851580421906,0,0,,0.25999278300150763,26,ALL_RESOLVED
final_v2,bfs,map2,22,e807fcfc735986e9,e02d0416b7d51b2a,b3362d9604322a0c,a65eb91a39ef4179,30,30,0,0,1.0,40,25.333333333333332,25.5,0,126,760,86932,97198,0.2898594430043886,0,0,,0.3724835739994887,40,ALL_RESOLVED
final_v2,ga,map2,11,e807fcfc735986e9,e02d0416b7d51b2a,b3362d9604322a0c,a65eb91a39ef4179,30,29,1,0,0.9666666666666667,69,27.862068965517242,27,30,21,874,0,186177,17.959740505997615,7844,186177,0.25,18.167293738999433,69,ALL_RESOLVED
final_v2,greedy,map2,22,e807fcfc735986e9,e02d0416b7d51b2a,b3362d9604322a0c,a65eb91a39ef4179,30,30,0,0,1.0,40,25.333333333333332,25.5,0,70,760,10373,24850,0.06472087600195664,0,0,,0.1401692430008552,40,ALL_RESOLVED
final_v2,ucs,map2,22,e807fcfc735986e9,e02d0416b7d51b2a,b3362d9604322a0c,a65eb91a39ef4179,30,30,0,0,1.0,41,25.4,25.5,0,74,762,132363,142223,0.6901677060159273,0,0,,0.7748204669987899,41,ALL_RESOLVED
final_v2,astar,map2,22,e807fcfc735986e9,e02d0416b7d51b2a,b3362d9604322a0c,a65eb91a39ef4179,30,30,0,0,1.0,40,25.333333333333332,25.5,0,78,760,37429,50274,0.20970586402108893,0,0,,0.28666404799878364,40,ALL_RESOLVED
final_v2,bfs,map2,23,e807fcfc735986e9,e02d0416b7d51b2a,b3362d9604322a0c,a65eb91a39ef4179,30,30,0,0,1.0,38,23.366666666666667,23.5,0,112,701,79892,88938,0.26694639500419726,0,0,,0.3423538280003413,38,ALL_RESOLVED
final_v2,ucs,map2,23,e807fcfc735986e9,e02d0416b7d51b2a,b3362d9604322a0c,a65eb91a39ef4179,30,30,0,0,1.0,40,23.5,23.5,0,74,705,118915,127239,0.6066154600521259,0,0,,0.687156957003026,40,ALL_RESOLVED
final_v2,greedy,map2,23,e807fcfc735986e9,e02d0416b7d51b2a,b3362d9604322a0c,a65eb91a39ef4179,30,30,0,0,1.0,40,24.333333333333332,24.5,0,83,730,9511,22775,0.059184147972700885,0,0,,0.13389040999754798,40,ALL_RESOLVED
final_v2,astar,map2,23,e807fcfc735986e9,e02d0416b7d51b2a,b3362d9604322a0c,a65eb91a39ef4179,30,30,0,0,1.0,39,23.433333333333334,23.5,0,78,703,36069,47862,0.20398417302203598,0,0,,0.27799077199961175,39,ALL_RESOLVED
final_v2,ga,map2,14,e807fcfc735986e9,e02d0416b7d51b2a,b3362d9604322a0c,a65eb91a39ef4179,30,24,2,4,0.8,50,24.75,22.5,35,9,876,0,182666,17.70115200100554,7711,182666,0.25,17.88660254000206,56,ALL_RESOLVED
final_v2,bfs,map2,24,e807fcfc735986e9,e02d0416b7d51b2a,b3362d9604322a0c,a65eb91a39ef4179,30,30,0,0,1.0,39,24.333333333333332,24.5,0,71,730,95087,105064,0.307655738946778,0,0,,0.3833906110012322,39,ALL_RESOLVED
final_v2,ucs,map2,24,e807fcfc735986e9,e02d0416b7d51b2a,b3362d9604322a0c,a65eb91a39ef4179,30,30,0,0,1.0,41,24.466666666666665,24.5,0,43,734,132809,142385,0.6772472410011687,0,0,,0.7594699039982515,41,ALL_RESOLVED
final_v2,ga,map2,17,e807fcfc735986e9,e02d0416b7d51b2a,b3362d9604322a0c,a65eb91a39ef4179,30,8,1,21,0.26666666666666666,24,16.625,17.5,19,8,631,0,141639,11.333194764989457,6062,141639,0.25,11.427303287997347,24,ALL_RESOLVED
final_v2,greedy,map2,24,e807fcfc735986e9,e02d0416b7d51b2a,b3362d9604322a0c,a65eb91a39ef4179,30,30,0,0,1.0,40,24.933333333333334,25.5,0,43,748,10839,26057,0.06755027799226809,0,0,,0.14119261100131553,40,ALL_RESOLVED
final_v2,astar,map2,24,e807fcfc735986e9,e02d0416b7d51b2a,b3362d9604322a0c,a65eb91a39ef4179,30,30,0,0,1.0,45,24.533333333333335,24.5,0,45,736,37515,50300,0.14364749497326557,0,0,,0.20191173600323964,45,ALL_RESOLVED
final_v2,bfs,map2,25,e807fcfc735986e9,e02d0416b7d51b2a,b3362d9604322a0c,a65eb91a39ef4179,30,30,0,0,1.0,38,23.333333333333332,23.5,0,75,700,88851,98274,0.20044540301751113,0,0,,0.24941133899847046,38,ALL_RESOLVED
final_v2,ucs,map2,25,e807fcfc735986e9,e02d0416b7d51b2a,b3362d9604322a0c,a65eb91a39ef4179,30,30,0,0,1.0,38,23.333333333333332,23.5,0,47,700,122573,130895,0.4082718350109644,0,0,,0.45950518700192333,38,ALL_RESOLVED
final_v2,greedy,map2,25,e807fcfc735986e9,e02d0416b7d51b2a,b3362d9604322a0c,a65eb91a39ef4179,30,30,0,0,1.0,40,24.266666666666666,24.5,0,45,728,10344,24835,0.04267086998152081,0,0,,0.09236832399983541,40,ALL_RESOLVED
final_v2,astar,map2,25,e807fcfc735986e9,e02d0416b7d51b2a,b3362d9604322a0c,a65eb91a39ef4179,30,30,0,0,1.0,38,23.333333333333332,23.5,0,35,700,38117,50679,0.14909873807482654,0,0,,0.20097754999733297,38,ALL_RESOLVED
final_v2,ga,map2,18,e807fcfc735986e9,e02d0416b7d51b2a,b3362d9604322a0c,a65eb91a39ef4179,30,26,2,2,0.8666666666666667,49,27.923076923076923,27.5,20,32,920,0,196042,16.465656664946437,8275,196042,0.25,16.6321301220014,50,ALL_RESOLVED
final_v2,ga,map2,20,e807fcfc735986e9,e02d0416b7d51b2a,b3362d9604322a0c,a65eb91a39ef4179,30,25,4,1,0.8333333333333334,44,28.28,28,31,31,789,0,164535,13.800029584861477,6921,164535,0.25,13.932432729001448,44,ALL_RESOLVED
final_v2,bfs,map2,26,e807fcfc735986e9,e02d0416b7d51b2a,b3362d9604322a0c,a65eb91a39ef4179,30,26,4,0,0.8666666666666667,36,23.0,23.5,0,42,730,109657,119913,0.35598765500981244,0,0,,0.42561071399904904,36,ALL_RESOLVED
final_v2,ga,map2,19,e807fcfc735986e9,e02d0416b7d51b2a,b3362d9604322a0c,a65eb91a39ef4179,30,30,0,0,1.0,51,27.866666666666667,25.5,23,22,836,0,177191,15.622102180968795,7443,177191,0.25,15.789800354999898,51,ALL_RESOLVED
final_v2,greedy,map2,26,e807fcfc735986e9,e02d0416b7d51b2a,b3362d9604322a0c,a65eb91a39ef4179,30,22,6,2,0.7333333333333333,34,21.5,21.5,0,7,723,11876,28343,0.07465169795614202,0,0,,0.13653777500076103,34,ALL_RESOLVED
final_v2,ga,map2,16,e807fcfc735986e9,e02d0416b7d51b2a,b3362d9604322a0c,a65eb91a39ef4179,30,27,3,0,0.9,92,34.629629629629626,29,40,11,1113,0,259554,20.862569224053004,11186,259554,0.25,21.09862972100018,92,ALL_RESOLVED
final_v2,astar,map2,26,e807fcfc735986e9,e02d0416b7d51b2a,b3362d9604322a0c,a65eb91a39ef4179,30,24,3,3,0.8,35,22.416666666666668,22.5,0,16,724,44724,58971,0.23318701602329384,0,0,,0.2910853700013831,35,ALL_RESOLVED
final_v2,ucs,map2,26,e807fcfc735986e9,e02d0416b7d51b2a,b3362d9604322a0c,a65eb91a39ef4179,30,25,3,2,0.8333333333333334,36,22.96,23,0,19,724,144479,152781,0.4796580870024627,0,0,,0.5270346659999632,36,ALL_RESOLVED
final_v2,greedy,map2,27,e807fcfc735986e9,e02d0416b7d51b2a,b3362d9604322a0c,a65eb91a39ef4179,30,30,0,0,1.0,41,26.133333333333333,26.5,0,88,784,10540,25320,0.040521556984458584,0,0,,0.08754942800078425,41,ALL_RESOLVED
final_v2,bfs,map2,27,e807fcfc735986e9,e02d0416b7d51b2a,b3362d9604322a0c,a65eb91a39ef4179,30,30,0,0,1.0,40,25.3,25.5,0,107,759,90947,101051,0.29911239994544303,0,0,,0.3795905560000392,40,ALL_RESOLVED
final_v2,astar,map2,27,e807fcfc735986e9,e02d0416b7d51b2a,b3362d9604322a0c,a65eb91a39ef4179,30,30,0,0,1.0,44,25.433333333333334,25.5,0,63,763,35624,48400,0.12717391702608438,0,0,,0.18035795700052404,44,ALL_RESOLVED
final_v2,bfs,map2,28,e807fcfc735986e9,e02d0416b7d51b2a,b3362d9604322a0c,a65eb91a39ef4179,30,30,0,0,1.0,40,25.466666666666665,25.5,0,93,764,104638,115103,0.23163846102397656,0,0,,0.28165624599932926,40,ALL_RESOLVED
final_v2,ucs,map2,27,e807fcfc735986e9,e02d0416b7d51b2a,b3362d9604322a0c,a65eb91a39ef4179,30,30,0,0,1.0,46,25.5,25.5,0,57,765,131880,141688,0.6780719129601493,0,0,,0.766800378998596,46,ALL_RESOLVED
final_v2,greedy,map2,28,e807fcfc735986e9,e02d0416b7d51b2a,b3362d9604322a0c,a65eb91a39ef4179,30,30,0,0,1.0,41,26.333333333333332,26.5,0,57,790,11490,27698,0.07251513695518952,0,0,,0.14894885400281055,41,ALL_RESOLVED
final_v2,ucs,map2,28,e807fcfc735986e9,e02d0416b7d51b2a,b3362d9604322a0c,a65eb91a39ef4179,30,30,0,0,1.0,46,26.366666666666667,25.5,0,40,791,154301,164215,0.5078563480346929,0,0,,0.5665749610016064,46,ALL_RESOLVED
final_v2,astar,map2,28,e807fcfc735986e9,e02d0416b7d51b2a,b3362d9604322a0c,a65eb91a39ef4179,30,30,0,0,1.0,52,26.166666666666668,25.5,0,38,785,49351,64599,0.2756330950796837,0,0,,0.36832983199929004,52,ALL_RESOLVED
final_v2,bfs,map2,29,e807fcfc735986e9,e02d0416b7d51b2a,b3362d9604322a0c,a65eb91a39ef4179,30,20,6,4,0.6666666666666666,33,19.9,18.5,2,12,620,96228,104435,0.3113689210404118,0,0,,0.371610217000125,33,ALL_RESOLVED
final_v2,ga,map2,21,e807fcfc735986e9,e02d0416b7d51b2a,b3362d9604322a0c,a65eb91a39ef4179,30,9,2,19,0.3,26,19.77777777777778,22,33,3,674,0,153525,15.42613901099321,6602,153525,0.25,15.548729505000665,26,ALL_RESOLVED
final_v2,ucs,map2,29,e807fcfc735986e9,e02d0416b7d51b2a,b3362d9604322a0c,a65eb91a39ef4179,30,20,6,4,0.6666666666666666,35,20.4,18.5,2,14,648,127282,134445,0.6504089669724635,0,0,,0.7163434190006228,35,ALL_RESOLVED
final_v2,greedy,map2,29,e807fcfc735986e9,e02d0416b7d51b2a,b3362d9604322a0c,a65eb91a39ef4179,30,16,6,8,0.5333333333333333,32,17.875,16.5,2,8,630,10811,25362,0.06771368594854721,0,0,,0.12436244299897226,32,ALL_RESOLVED
final_v2,astar,map2,29,e807fcfc735986e9,e02d0416b7d51b2a,b3362d9604322a0c,a65eb91a39ef4179,30,20,3,7,0.6666666666666666,35,20.4,18.5,2,18,650,36543,48916,0.20591000002605142,0,0,,0.267206422999152,35,ALL_RESOLVED
final_v2,bfs,map2,30,e807fcfc735986e9,e02d0416b7d51b2a,b3362d9604322a0c,a65eb91a39ef4179,30,30,0,0,1.0,38,23.5,23.5,0,120,705,77477,86611,0.25178882802356384,0,0,,0.3285190919996239,38,ALL_RESOLVED
final_v2,ucs,map2,30,e807fcfc735986e9,e02d0416b7d51b2a,b3362d9604322a0c,a65eb91a39ef4179,30,30,0,0,1.0,43,23.766666666666666,23.5,0,92,713,121095,129295,0.6163313069482683,0,0,,0.7025574370018148,43,ALL_RESOLVED
final_v2,greedy,map2,30,e807fcfc735986e9,e02d0416b7d51b2a,b3362d9604322a0c,a65eb91a39ef4179,30,30,0,0,1.0,38,23.5,23.5,0,66,705,9341,22276,0.05797347400948638,0,0,,0.13066966000042157,38,ALL_RESOLVED
final_v2,astar,map2,30,e807fcfc735986e9,e02d0416b7d51b2a,b3362d9604322a0c,a65eb91a39ef4179,30,30,0,0,1.0,39,23.533333333333335,23.5,0,93,706,37264,48625,0.20668577601827565,0,0,,0.282307141002093,39,ALL_RESOLVED
final_v2,ga,map1,186,e807fcfc735986e9,e02d0416b7d51b2a,b3362d9604322a0c,a65eb91a39ef4179,30,4,13,13,0.13333333333333333,31,16.25,13.0,424,67,4069,0,1447823,138.56445293394063,63762,1447823,0.25,139.56322503299816,200,TIMEOUT
final_v2,bfs,map2,31,e807fcfc735986e9,e02d0416b7d51b2a,b3362d9604322a0c,a65eb91a39ef4179,30,30,0,0,1.0,39,24.5,24.5,0,157,735,71674,81683,0.23425934504848556,0,0,,0.31193515099948854,39,ALL_RESOLVED
final_v2,ucs,map2,31,e807fcfc735986e9,e02d0416b7d51b2a,b3362d9604322a0c,a65eb91a39ef4179,30,30,0,0,1.0,39,24.5,24.5,0,99,735,113427,122767,0.5821976020561124,0,0,,0.6620427790003305,39,ALL_RESOLVED
final_v2,ga,map2,22,e807fcfc735986e9,e02d0416b7d51b2a,b3362d9604322a0c,a65eb91a39ef4179,30,29,1,0,0.9666666666666667,73,31.06896551724138,30,38,9,977,0,209363,18.116680473005545,8897,209363,0.25,18.30332989999806,76,ALL_RESOLVED
final_v2,greedy,map2,31,e807fcfc735986e9,e02d0416b7d51b2a,b3362d9604322a0c,a65eb91a39ef4179,30,30,0,0,1.0,39,24.5,24.5,0,121,735,8565,20790,0.053930887010210427,0,0,,0.13065137499870616,39,ALL_RESOLVED
final_v2,astar,map2,31,e807fcfc735986e9,e02d0416b7d51b2a,b3362d9604322a0c,a65eb91a39ef4179,30,30,0,0,1.0,39,24.5,24.5,0,99,735,31321,42350,0.10745221304023289,0,0,,0.15331093200074974,39,ALL_RESOLVED
final_v2,bfs,map2,32,e807fcfc735986e9,e02d0416b7d51b2a,b3362d9604322a0c,a65eb91a39ef4179,30,30,0,0,1.0,40,25.433333333333334,25.5,0,112,763,94777,104719,0.18852839204555494,0,0,,0.23560188099872903,40,ALL_RESOLVED
final_v2,ucs,map2,32,e807fcfc735986e9,e02d0416b7d51b2a,b3362d9604322a0c,a65eb91a39ef4179,30,30,0,0,1.0,40,25.433333333333334,25.5,0,56,763,141865,151324,0.5003713139922183,0,0,,0.5644241410009272,40,ALL_RESOLVED
final_v2,greedy,map2,32,e807fcfc735986e9,e02d0416b7d51b2a,b3362d9604322a0c,a65eb91a39ef4179,30,30,0,0,1.0,41,26.433333333333334,26.5,0,88,793,10920,26162,0.0686304391019803,0,0,,0.14937534400087316,41,ALL_RESOLVED
final_v2,ga,map2,23,e807fcfc735986e9,e02d0416b7d51b2a,b3362d9604322a0c,a65eb91a39ef4179,30,29,1,0,0.9666666666666667,65,29.06896551724138,26,37,22,869,0,182748,17.742349292057042,7707,182748,0.25,17.937221084001067,65,ALL_RESOLVED
final_v2,astar,map2,32,e807fcfc735986e9,e02d0416b7d51b2a,b3362d9604322a0c,a65eb91a39ef4179,30,30,0,0,1.0,42,25.5,25.5,0,66,765,44910,59306,0.25127573999998276,0,0,,0.33127465700090397,42,ALL_RESOLVED
final_v2,bfs,map2,33,e807fcfc735986e9,e02d0416b7d51b2a,b3362d9604322a0c,a65eb91a39ef4179,30,30,0,0,1.0,38,23.466666666666665,23.5,0,101,704,77118,86660,0.2502406760540907,0,0,,0.3198805829997582,38,ALL_RESOLVED
final_v2,ucs,map2,33,e807fcfc735986e9,e02d0416b7d51b2a,b3362d9604322a0c,a65eb91a39ef4179,30,30,0,0,1.0,41,23.7,23.5,0,44,711,116017,125054,0.5927567000035197,0,0,,0.6687526390014682,41,ALL_RESOLVED
final_v2,greedy,map2,33,e807fcfc735986e9,e02d0416b7d51b2a,b3362d9604322a0c,a65eb91a39ef4179,30,29,1,0,0.9666666666666667,39,24.862068965517242,25,0,92,727,9538,22494,0.05919050593365682,0,0,,0.1292930739982694,39,ALL_RESOLVED
final_v2,astar,map2,33,e807fcfc735986e9,e02d0416b7d51b2a,b3362d9604322a0c,a65eb91a39ef4179,30,30,0,0,1.0,38,23.466666666666665,23.5,0,43,704,31732,43150,0.17908396301208995,0,0,,0.24561792600070476,38,ALL_RESOLVED
final_v2,ga,map2,24,e807fcfc735986e9,e02d0416b7d51b2a,b3362d9604322a0c,a65eb91a39ef4179,30,30,0,0,1.0,79,31.8,30.5,28,12,954,0,199461,17.639982512981078,8409,199461,0.25,17.8320080170015,79,ALL_RESOLVED
final_v2,bfs,map2,34,e807fcfc735986e9,e02d0416b7d51b2a,b3362d9604322a0c,a65eb91a39ef4179,30,30,0,0,1.0,38,23.3,23.5,0,65,699,90890,100259,0.19683082593473955,0,0,,0.24514679099956993,38,ALL_RESOLVED
final_v2,ucs,map2,34,e807fcfc735986e9,e02d0416b7d51b2a,b3362d9604322a0c,a65eb91a39ef4179,30,30,0,0,1.0,43,23.7,23.5,0,31,711,134460,143543,0.49667788102306076,0,0,,0.5582464159997471,43,ALL_RESOLVED
final_v2,greedy,map2,34,e807fcfc735986e9,e02d0416b7d51b2a,b3362d9604322a0c,a65eb91a39ef4179,30,30,0,0,1.0,40,24.333333333333332,23.5,0,46,730,10260,24623,0.040992191003169864,0,0,,0.09008536700275727,40,ALL_RESOLVED
final_v2,astar,map2,34,e807fcfc735986e9,e02d0416b7d51b2a,b3362d9604322a0c,a65eb91a39ef4179,30,30,0,0,1.0,40,23.433333333333334,23.5,0,29,703,38851,51945,0.14712728405356756,0,0,,0.19994647599742166,40,ALL_RESOLVED
final_v2,ga,map2,25,e807fcfc735986e9,e02d0416b7d51b2a,b3362d9604322a0c,a65eb91a39ef4179,30,29,1,0,0.9666666666666667,84,29.17241379310345,26,21,14,922,0,201701,18.664255503044842,8564,201701,0.25,18.895150434000243,84,ALL_RESOLVED
final_v2,bfs,map2,35,e807fcfc735986e9,e02d0416b7d51b2a,b3362d9604322a0c,a65eb91a39ef4179,30,21,1,8,0.7,28,18.0,18,0,41,520,65749,72082,0.21441448300902266,0,0,,0.2623549540003296,28,ALL_RESOLVED
final_v2,ucs,map2,35,e807fcfc735986e9,e02d0416b7d51b2a,b3362d9604322a0c,a65eb91a39ef4179,30,20,2,8,0.6666666666666666,27,17.5,17.5,0,33,506,82788,87888,0.4231010079893167,0,0,,0.47183828500055824,27,ALL_RESOLVED
final_v2,greedy,map2,35,e807fcfc735986e9,e02d0416b7d51b2a,b3362d9604322a0c,a65eb91a39ef4179,30,17,2,11,0.5666666666666667,26,16.470588235294116,16,0,19,480,10301,20760,0.06014311503895442,0,0,,0.10278917499817908,26,ALL_RESOLVED
final_v2,astar,map2,35,e807fcfc735986e9,e02d0416b7d51b2a,b3362d9604322a0c,a65eb91a39ef4179,30,20,2,8,0.6666666666666666,27,17.5,17.5,0,33,506,30503,38941,0.1688233689928893,0,0,,0.21471262400154956,27,ALL_RESOLVED
final_v2,ga,map2,27,e807fcfc735986e9,e02d0416b7d51b2a,b3362d9604322a0c,a65eb91a39ef4179,30,26,1,3,0.8666666666666667,44,27.115384615384617,28.5,41,33,901,0,191700,14.494520558018849,8112,191700,0.25,14.643910101000074,50,ALL_RESOLVED
final_v2,bfs,map2,36,e807fcfc735986e9,e02d0416b7d51b2a,b3362d9604322a0c,a65eb91a39ef4179,30,30,0,0,1.0,40,25.366666666666667,25.5,0,113,761,93949,103973,0.2054806410196761,0,0,,0.2608369439985836,40,ALL_RESOLVED
final_v2,ga,map2,26,e807fcfc735986e9,e02d0416b7d51b2a,b3362d9604322a0c,a65eb91a39ef4179,30,16,1,13,0.5333333333333333,35,23.4375,24.5,42,8,825,0,181992,15.475223845045548,7787,181992,0.25,15.606764592001127,35,ALL_RESOLVED
final_v2,greedy,map2,36,e807fcfc735986e9,e02d0416b7d51b2a,b3362d9604322a0c,a65eb91a39ef4179,30,30,0,0,1.0,40,25.366666666666667,25.5,0,57,761,10906,26406,0.06901155005107285,0,0,,0.14500107200001366,40,ALL_RESOLVED
final_v2,ucs,map2,36,e807fcfc735986e9,e02d0416b7d51b2a,b3362d9604322a0c,a65eb91a39ef4179,30,30,0,0,1.0,40,25.366666666666667,25.5,0,69,761,139506,149007,0.4722830240098119,0,0,,0.5284069330009515,40,ALL_RESOLVED
final_v2,astar,map2,36,e807fcfc735986e9,e02d0416b7d51b2a,b3362d9604322a0c,a65eb91a39ef4179,30,30,0,0,1.0,41,25.466666666666665,25.5,0,74,764,44941,58930,0.2523954200150911,0,0,,0.33245939900007215,41,ALL_RESOLVED
final_v2,bfs,map2,37,e807fcfc735986e9,e02d0416b7d51b2a,b3362d9604322a0c,a65eb91a39ef4179,30,30,0,0,1.0,39,24.5,24.5,0,129,735,81139,90653,0.26382484999339795,0,0,,0.34049824199973955,39,ALL_RESOLVED
final_v2,ucs,map2,37,e807fcfc735986e9,e02d0416b7d51b2a,b3362d9604322a0c,a65eb91a39ef4179,30,30,0,0,1.0,39,24.5,24.5,0,79,735,131847,140794,0.6763831990283506,0,0,,0.7577699689973088,39,ALL_RESOLVED
final_v2,greedy,map2,37,e807fcfc735986e9,e02d0416b7d51b2a,b3362d9604322a0c,a65eb91a39ef4179,30,30,0,0,1.0,39,24.5,24.5,0,71,735,9937,23718,0.06208019299447187,0,0,,0.13574984399747336,39,ALL_RESOLVED
final_v2,astar,map2,37,e807fcfc735986e9,e02d0416b7d51b2a,b3362d9604322a0c,a65eb91a39ef4179,30,30,0,0,1.0,39,24.5,24.5,0,71,735,40294,52856,0.22535675791004905,0,0,,0.30094597399875056,39,ALL_RESOLVED
final_v2,ga,map2,29,e807fcfc735986e9,e02d0416b7d51b2a,b3362d9604322a0c,a65eb91a39ef4179,30,12,2,16,0.4,31,17.5,16.0,38,17,692,0,152972,15.313637344010203,6538,152972,0.25,15.44496876100311,31,ALL_RESOLVED
final_v2,bfs,map2,38,e807fcfc735986e9,e02d0416b7d51b2a,b3362d9604322a0c,a65eb91a39ef4179,30,30,0,0,1.0,38,23.433333333333334,23.5,0,52,703,95019,104662,0.19976756899632164,0,0,,0.24807153599977028,38,ALL_RESOLVED
final_v2,ucs,map2,38,e807fcfc735986e9,e02d0416b7d51b2a,b3362d9604322a0c,a65eb91a39ef4179,30,30,0,0,1.0,44,24.166666666666668,23.5,0,34,725,133476,142345,0.4439400730516354,0,0,,0.4994638039970596,44,ALL_RESOLVED
final_v2,greedy,map2,38,e807fcfc735986e9,e02d0416b7d51b2a,b3362d9604322a0c,a65eb91a39ef4179,30,30,0,0,1.0,42,24.966666666666665,23.5,0,32,749,11480,27430,0.0508977419740404,0,0,,0.103593379000813,42,ALL_RESOLVED
final_v2,astar,map2,38,e807fcfc735986e9,e02d0416b7d51b2a,b3362d9604322a0c,a65eb91a39ef4179,30,30,0,0,1.0,40,24.033333333333335,23.5,0,30,721,41934,55469,0.16001957000116818,0,0,,0.20825658700050553,40,ALL_RESOLVED
final_v2,ga,map2,28,e807fcfc735986e9,e02d0416b7d51b2a,b3362d9604322a0c,a65eb91a39ef4179,30,30,0,0,1.0,71,31.7,30.5,34,24,951,0,199275,18.402769657954195,8428,199275,0.25,18.60494732799998,71,ALL_RESOLVED
final_v2,bfs,map2,39,e807fcfc735986e9,e02d0416b7d51b2a,b3362d9604322a0c,a65eb91a39ef4179,30,29,1,0,0.9666666666666667,39,24.96551724137931,25,0,131,732,78567,88301,0.2575239389880153,0,0,,0.331149583998922,39,ALL_RESOLVED
final_v2,ucs,map2,39,e807fcfc735986e9,e02d0416b7d51b2a,b3362d9604322a0c,a65eb91a39ef4179,30,29,1,0,0.9666666666666667,39,24.96551724137931,25,0,81,732,115672,124433,0.5929245090410404,0,0,,0.6674626919993898,39,ALL_RESOLVED
final_v2,greedy,map2,39,e807fcfc735986e9,e02d0416b7d51b2a,b3362d9604322a0c,a65eb91a39ef4179,30,29,1,0,0.9666666666666667,40,26.0,26,0,115,762,9765,23134,0.06114659097511321,0,0,,0.1345098029996734,40,ALL_RESOLVED
final_v2,astar,map2,39,e807fcfc735986e9,e02d0416b7d51b2a,b3362d9604322a0c,a65eb91a39ef4179,30,29,1,0,0.9666666666666667,39,24.96551724137931,25,0,95,732,34295,46096,0.19303561993365292,0,0,,0.26267733100030455,39,ALL_RESOLVED
final_v2,ga,map2,30,e807fcfc735986e9,e02d0416b7d51b2a,b3362d9604322a0c,a65eb91a39ef4179,30,29,1,0,0.9666666666666667,58,28.689655172413794,28,35,27,874,0,184425,16.971161995981674,7770,184425,0.25,17.153181329998915,58,ALL_RESOLVED
final_v2,bfs,map2,40,e807fcfc735986e9,e02d0416b7d51b2a,b3362d9604322a0c,a65eb91a39ef4179,30,28,0,2,0.9333333333333333,36,22.464285714285715,22.5,0,126,637,56775,64449,0.18579349897845532,0,0,,0.2552867070007778,36,ALL_RESOLVED
final_v2,ucs,map2,40,e807fcfc735986e9,e02d0416b7d51b2a,b3362d9604322a0c,a65eb91a39ef4179,30,28,0,2,0.9333333333333333,36,22.464285714285715,22.5,0,98,637,85444,92919,0.4387109599883843,0,0,,0.5085593910007447,36,ALL_RESOLVED
final_v2,greedy,map2,40,e807fcfc735986e9,e02d0416b7d51b2a,b3362d9604322a0c,a65eb91a39ef4179,30,28,0,2,0.9333333333333333,37,23.392857142857142,23.5,0,128,663,7356,17658,0.04580928904033499,0,0,,0.1166718860004039,37,ALL_RESOLVED
final_v2,astar,map2,40,e807fcfc735986e9,e02d0416b7d51b2a,b3362d9604322a0c,a65eb91a39ef4179,30,28,0,2,0.9333333333333333,36,22.464285714285715,22.5,0,94,637,23820,33278,0.13464016196667217,0,0,,0.20078328300223802,36,ALL_RESOLVED
final_v2,ga,map2,31,e807fcfc735986e9,e02d0416b7d51b2a,b3362d9604322a0c,a65eb91a39ef4179,30,30,0,0,1.0,62,28.8,27.5,22,56,864,0,179426,16.88412962700386,7518,179426,0.25,17.07657688299878,62,ALL_RESOLVED
final_v2,bfs,map2,41,e807fcfc735986e9,e02d0416b7d51b2a,b3362d9604322a0c,a65eb91a39ef4179,30,30,0,0,1.0,40,25.3,25.5,0,102,759,97207,107562,0.31438010900092195,0,0,,0.39452739499756717,40,ALL_RESOLVED
final_v2,ga,map2,35,e807fcfc735986e9,e02d0416b7d51b2a,b3362d9604322a0c,a65eb91a39ef4179,30,13,4,13,0.43333333333333335,28,17.23076923076923,17,19,1,484,0,106903,10.698139374038874,4532,106903,0.25,10.793756040002336,28,ALL_RESOLVED
final_v2,greedy,map2,41,e807fcfc735986e9,e02d0416b7d51b2a,b3362d9604322a0c,a65eb91a39ef4179,30,30,0,0,1.0,41,26.0,26.5,0,63,780,11185,26556,0.07043627598250168,0,0,,0.1486157670005923,41,ALL_RESOLVED
final_v2,ucs,map2,41,e807fcfc735986e9,e02d0416b7d51b2a,b3362d9604322a0c,a65eb91a39ef4179,30,30,0,0,1.0,40,25.3,25.5,0,70,759,135000,144589,0.6954278240264102,0,0,,0.7793496680023964,40,ALL_RESOLVED
final_v2,astar,map2,41,e807fcfc735986e9,e02d0416b7d51b2a,b3362d9604322a0c,a65eb91a39ef4179,30,30,0,0,1.0,42,25.366666666666667,25.5,0,62,761,39503,52890,0.22240808594142436,0,0,,0.3030710839993844,42,ALL_RESOLVED
final_v2,bfs,map2,42,e807fcfc735986e9,e02d0416b7d51b2a,b3362d9604322a0c,a65eb91a39ef4179,30,16,2,12,0.5333333333333333,25,16.5625,16.5,0,24,565,105999,112861,0.34061694997217273,0,0,,0.39159062799808453,25,ALL_RESOLVED
final_v2,ucs,map2,42,e807fcfc735986e9,e02d0416b7d51b2a,b3362d9604322a0c,a65eb91a39ef4179,30,15,3,12,0.5,25,16.2,16,0,21,553,122333,128683,0.6213089239718101,0,0,,0.674308136000036,25,ALL_RESOLVED
final_v2,greedy,map2,42,e807fcfc735986e9,e02d0416b7d51b2a,b3362d9604322a0c,a65eb91a39ef4179,30,15,3,12,0.5,25,17.333333333333332,18,0,31,578,10573,24399,0.0654131910232536,0,0,,0.11283961899971473,25,ALL_RESOLVED
final_v2,ga,map2,33,e807fcfc735986e9,e02d0416b7d51b2a,b3362d9604322a0c,a65eb91a39ef4179,30,26,1,3,0.8666666666666667,62,27.884615384615383,25.0,32,10,867,0,189872,16.585560565039486,8053,189872,0.25,16.775939258001017,84,ALL_RESOLVED
final_v2,ga,map2,32,e807fcfc735986e9,e02d0416b7d51b2a,b3362d9604322a0c,a65eb91a39ef4179,30,30,0,0,1.0,57,30.4,27.0,20,20,912,0,194307,18.46677647499382,8206,194307,0.25,18.651761066998006,57,ALL_RESOLVED
final_v2,astar,map2,42,e807fcfc735986e9,e02d0416b7d51b2a,b3362d9604322a0c,a65eb91a39ef4179,30,15,3,12,0.5,25,16.2,16,0,20,553,41626,53970,0.23165480899842805,0,0,,0.28064316699965275,25,ALL_RESOLVED
final_v2,ga,map2,34,e807fcfc735986e9,e02d0416b7d51b2a,b3362d9604322a0c,a65eb91a39ef4179,30,29,1,0,0.9666666666666667,66,31.482758620689655,31,30,13,961,0,205610,15.147320819978631,8701,205610,0.25,15.322497202003433,66,ALL_RESOLVED
final_v2,bfs,map2,43,e807fcfc735986e9,e02d0416b7d51b2a,b3362d9604322a0c,a65eb91a39ef4179,30,17,5,8,0.5666666666666667,30,18.294117647058822,18,0,39,627,104628,112933,0.24368991694791475,0,0,,0.28720043000066653,30,ALL_RESOLVED
final_v2,greedy,map2,43,e807fcfc735986e9,e02d0416b7d51b2a,b3362d9604322a0c,a65eb91a39ef4179,30,15,4,11,0.5,29,19.066666666666666,19,0,21,674,23069,43582,0.08125262701287284,0,0,,0.11662593699657009,29,ALL_RESOLVED
final_v2,astar,map2,43,e807fcfc735986e9,e02d0416b7d51b2a,b3362d9604322a0c,a65eb91a39ef4179,30,17,5,8,0.5666666666666667,30,18.294117647058822,18,0,22,623,48201,60382,0.267154958924948,0,0,,0.32456063800054835,30,ALL_RESOLVED
final_v2,ucs,map2,43,e807fcfc735986e9,e02d0416b7d51b2a,b3362d9604322a0c,a65eb91a39ef4179,30,17,5,8,0.5666666666666667,30,18.294117647058822,18,0,31,627,121544,127494,0.6170564710373583,0,0,,0.6786798120010644,30,ALL_RESOLVED
final_v2,bfs,map2,44,e807fcfc735986e9,e02d0416b7d51b2a,b3362d9604322a0c,a65eb91a39ef4179,30,29,0,1,0.9666666666666667,40,25.82758620689655,26,1,151,750,73772,83458,0.23954788502305746,0,0,,0.3139144880005915,40,ALL_RESOLVED
final_v2,greedy,map2,44,e807fcfc735986e9,e02d0416b7d51b2a,b3362d9604322a0c,a65eb91a39ef4179,30,28,0,2,0.9333333333333333,40,26.285714285714285,26.5,1,127,753,9320,22428,0.05804494301992236,0,0,,0.13296909899872844,40,ALL_RESOLVED
final_v2,astar,map2,44,e807fcfc735986e9,e02d0416b7d51b2a,b3362d9604322a0c,a65eb91a39ef4179,30,29,0,1,0.9666666666666667,40,25.82758620689655,26,1,95,750,30408,42256,0.1724518610171799,0,0,,0.24568936499781557,40,ALL_RESOLVED
final_v2,ucs,map2,44,e807fcfc735986e9,e02d0416b7d51b2a,b3362d9604322a0c,a65eb91a39ef4179,30,29,0,1,0.9666666666666667,40,25.82758620689655,26,1,103,750,108019,116867,0.5501536549854791,0,0,,0.6266249649997917,40,ALL_RESOLVED
final_v2,bfs,map2,45,e807fcfc735986e9,e02d0416b7d51b2a,b3362d9604322a0c,a65eb91a39ef4179,30,30,0,0,1.0,39,24.433333333333334,24.5,0,154,733,67753,76133,0.22016073900886113,0,0,,0.2948051489984209,39,ALL_RESOLVED
final_v2,ucs,map2,45,e807fcfc735986e9,e02d0416b7d51b2a,b3362d9604322a0c,a65eb91a39ef4179,30,30,0,0,1.0,39,24.433333333333334,24.5,0,102,733,107484,115466,0.5492344709782628,0,0,,0.6253841440011456,39,ALL_RESOLVED
final_v2,greedy,map2,45,e807fcfc735986e9,e02d0416b7d51b2a,b3362d9604322a0c,a65eb91a39ef4179,30,30,0,0,1.0,39,24.433333333333334,24.5,0,136,733,8266,20154,0.05152372002339689,0,0,,0.12508137999975588,39,ALL_RESOLVED
final_v2,astar,map2,45,e807fcfc735986e9,e02d0416b7d51b2a,b3362d9604322a0c,a65eb91a39ef4179,30,29,1,0,0.9666666666666667,38,23.93103448275862,24,0,105,718,35309,46081,0.1969073549262248,0,0,,0.2674116420021164,38,ALL_RESOLVED
final_v2,ga,map2,39,e807fcfc735986e9,e02d0416b7d51b2a,b3362d9604322a0c,a65eb91a39ef4179,30,26,1,3,0.8666666666666667,53,28.192307692307693,25.5,37,23,811,0,168544,13.58270060504583,7088,168544,0.25,13.715776708002522,53,ALL_RESOLVED
final_v2,ga,map2,36,e807fcfc735986e9,e02d0416b7d51b2a,b3362d9604322a0c,a65eb91a39ef4179,30,28,1,1,0.9333333333333333,70,32.107142857142854,29.5,34,15,945,0,204617,19.47139202404287,8651,204617,0.25,19.685744856000383,70,ALL_RESOLVED
final_v2,bfs,map2,46,e807fcfc735986e9,e02d0416b7d51b2a,b3362d9604322a0c,a65eb91a39ef4179,30,30,0,0,1.0,43,28.166666666666668,28.5,0,114,845,112336,123588,0.23498547099370626,0,0,,0.28739945699999225,43,ALL_RESOLVED
final_v2,greedy,map2,46,e807fcfc735986e9,e02d0416b7d51b2a,b3362d9604322a0c,a65eb91a39ef4179,30,30,0,0,1.0,44,28.9,29.5,0,78,867,13141,31263,0.053080349887750344,0,0,,0.1078226680001535,44,ALL_RESOLVED
final_v2,astar,map2,46,e807fcfc735986e9,e02d0416b7d51b2a,b3362d9604322a0c,a65eb91a39ef4179,30,29,1,0,0.9666666666666667,42,27.655172413793103,28,0,47,828,42027,57192,0.16063171493806294,0,0,,0.21475813199867844,42,ALL_RESOLVED
final_v2,ga,map2,37,e807fcfc735986e9,e02d0416b7d51b2a,b3362d9604322a0c,a65eb91a39ef4179,30,29,0,1,0.9666666666666667,67,30.06896551724138,28,28,17,888,0,187458,18.17357982591784,7905,187458,0.25,18.378225494998333,67,ALL_RESOLVED
final_v2,bfs,map2,47,e807fcfc735986e9,e02d0416b7d51b2a,b3362d9604322a0c,a65eb91a39ef4179,30,30,0,0,1.0,39,24.233333333333334,24.5,0,97,727,87723,97114,0.2832043070047803,0,0,,0.3593980029982049,39,ALL_RESOLVED
final_v2,ucs,map2,46,e807fcfc735986e9,e02d0416b7d51b2a,b3362d9604322a0c,a65eb91a39ef4179,30,30,0,0,1.0,43,28.166666666666668,28.5,0,60,845,153251,164661,0.7825092949860846,0,0,,0.8704041679993679,43,ALL_RESOLVED
final_v2,greedy,map2,47,e807fcfc735986e9,e02d0416b7d51b2a,b3362d9604322a0c,a65eb91a39ef4179,30,30,0,0,1.0,40,25.033333333333335,25.5,0,79,751,9952,23719,0.06192820199794369,0,0,,0.13687340700198547,40,ALL_RESOLVED
final_v2,ga,map2,40,e807fcfc735986e9,e02d0416b7d51b2a,b3362d9604322a0c,a65eb91a39ef4179,30,28,0,2,0.9333333333333333,54,27.428571428571427,23.5,25,28,776,0,161227,13.59879349098992,6758,161227,0.25,13.755444169000839,54,ALL_RESOLVED
final_v2,astar,map2,47,e807fcfc735986e9,e02d0416b7d51b2a,b3362d9604322a0c,a65eb91a39ef4179,30,30,0,0,1.0,44,25.0,25.5,0,48,750,40075,52974,0.2254433820671693,0,0,,0.3068570010000258,44,ALL_RESOLVED
final_v2,ucs,map2,47,e807fcfc735986e9,e02d0416b7d51b2a,b3362d9604322a0c,a65eb91a39ef4179,30,30,0,0,1.0,40,24.866666666666667,25.5,0,50,746,136223,145639,0.697684673970798,0,0,,0.7788700069977494,40,ALL_RESOLVED
final_v2,bfs,map2,48,e807fcfc735986e9,e02d0416b7d51b2a,b3362d9604322a0c,a65eb91a39ef4179,30,28,2,0,0.9333333333333333,45,23.571428571428573,22.5,0,36,672,89753,98546,0.29264411204349017,0,0,,0.37075659800029825,45,ALL_RESOLVED
final_v2,ga,map2,43,e807fcfc735986e9,e02d0416b7d51b2a,b3362d9604322a0c,a65eb91a39ef4179,30,11,8,11,0.36666666666666664,31,17.363636363636363,15,30,7,611,0,152155,10.413810921952972,6574,152155,0.25,10.513282973999594,31,ALL_RESOLVED
final_v2,ga,map2,38,e807fcfc735986e9,e02d0416b7d51b2a,b3362d9604322a0c,a65eb91a39ef4179,30,25,3,2,0.8333333333333334,49,27.92,25,44,11,1016,0,236786,18.085334459046862,10137,236786,0.25,18.30664541200167,90,ALL_RESOLVED
final_v2,greedy,map2,48,e807fcfc735986e9,e02d0416b7d51b2a,b3362d9604322a0c,a65eb91a39ef4179,30,28,2,0,0.9333333333333333,58,27.357142857142858,25.5,0,22,778,16854,36035,0.10351144199012197,0,0,,0.1944823579979129,58,ALL_RESOLVED
final_v2,astar,map2,48,e807fcfc735986e9,e02d0416b7d51b2a,b3362d9604322a0c,a65eb91a39ef4179,30,28,2,0,0.9333333333333333,46,24.535714285714285,22.5,0,33,699,42861,54627,0.2381491779742646,0,0,,0.31694276299822377,46,ALL_RESOLVED
final_v2,ucs,map2,48,e807fcfc735986e9,e02d0416b7d51b2a,b3362d9604322a0c,a65eb91a39ef4179,30,28,2,0,0.9333333333333333,47,24.821428571428573,22.5,0,31,707,123914,132390,0.6315220030301134,0,0,,0.715750957999262,47,ALL_RESOLVED
final_v2,bfs,map2,49,e807fcfc735986e9,e02d0416b7d51b2a,b3362d9604322a0c,a65eb91a39ef4179,30,30,0,0,1.0,39,24.3,24.5,0,124,729,80611,90418,0.26516955503393547,0,0,,0.341878164002992,39,ALL_RESOLVED
final_v2,greedy,map2,49,e807fcfc735986e9,e02d0416b7d51b2a,b3362d9604322a0c,a65eb91a39ef4179,30,29,1,0,0.9666666666666667,40,24.724137931034484,25,0,105,725,9114,21937,0.05691102198397857,0,0,,0.13297614299881388,40,ALL_RESOLVED
final_v2,ga,map2,42,e807fcfc735986e9,e02d0416b7d51b2a,b3362d9604322a0c,a65eb91a39ef4179,30,14,1,15,0.4666666666666667,27,17.5,17.5,25,7,589,0,132276,11.621959809992404,5673,132276,0.25,11.719460312000592,27,ALL_RESOLVED
final_v2,astar,map2,49,e807fcfc735986e9,e02d0416b7d51b2a,b3362d9604322a0c,a65eb91a39ef4179,30,30,0,0,1.0,42,24.4,24.5,0,79,732,38912,51201,0.2192124949542631,0,0,,0.2981224560026021,42,ALL_RESOLVED
final_v2,bfs,map2,50,e807fcfc735986e9,e02d0416b7d51b2a,b3362d9604322a0c,a65eb91a39ef4179,30,30,0,0,1.0,39,24.5,24.5,0,96,735,89843,99660,0.18763718099580728,0,0,,0.23354392100009136,39,ALL_RESOLVED
final_v2,greedy,map2,50,e807fcfc735986e9,e02d0416b7d51b2a,b3362d9604322a0c,a65eb91a39ef4179,30,29,1,0,0.9666666666666667,43,25.17241379310345,24,0,21,734,11679,27062,0.046467184969515074,0,0,,0.09455530299965176,43,ALL_RESOLVED
final_v2,ucs,map2,49,e807fcfc735986e9,e02d0416b7d51b2a,b3362d9604322a0c,a65eb91a39ef4179,30,30,0,0,1.0,39,24.3,24.5,0,74,729,123779,133072,0.6397609030245803,0,0,,0.7198253460010164,39,ALL_RESOLVED
final_v2,astar,map2,50,e807fcfc735986e9,e02d0416b7d51b2a,b3362d9604322a0c,a65eb91a39ef4179,30,29,1,0,0.9666666666666667,40,24.137931034482758,24,0,49,704,40075,52955,0.14630569004293648,0,0,,0.1959337879998202,40,ALL_RESOLVED
final_v2,bfs,map2,51,e807fcfc735986e9,e02d0416b7d51b2a,b3362d9604322a0c,a65eb91a39ef4179,30,20,7,3,0.6666666666666666,28,18.5,18.5,0,75,636,76929,86237,0.16146951399787213,0,0,,0.2032298069971148,34,ALL_RESOLVED
final_v2,ucs,map2,50,e807fcfc735986e9,e02d0416b7d51b2a,b3362d9604322a0c,a65eb91a39ef4179,30,29,1,0,0.9666666666666667,40,24.137931034482758,24,0,45,704,127442,136063,0.66008657689963,0,0,,0.7405403449993173,40,ALL_RESOLVED
final_v2,greedy,map2,51,e807fcfc735986e9,e02d0416b7d51b2a,b3362d9604322a0c,a65eb91a39ef4179,30,26,3,1,0.8666666666666667,34,21.5,21.5,0,84,687,8836,21041,0.05517254502046853,0,0,,0.12044882699774462,34,ALL_RESOLVED
final_v2,ucs,map2,51,e807fcfc735986e9,e02d0416b7d51b2a,b3362d9604322a0c,a65eb91a39ef4179,30,22,5,3,0.7333333333333333,32,19.59090909090909,19.5,0,56,669,117755,126203,0.40314473598846234,0,0,,0.4489579790024436,34,ALL_RESOLVED
final_v2,astar,map2,51,e807fcfc735986e9,e02d0416b7d51b2a,b3362d9604322a0c,a65eb91a39ef4179,30,21,6,3,0.7,32,19.142857142857142,19,0,54,666,34561,45103,0.19459426706453087,0,0,,0.26023581600020407,34,ALL_RESOLVED
final_v2,bfs,map2,52,e807fcfc735986e9,e02d0416b7d51b2a,b3362d9604322a0c,a65eb91a39ef4179,30,30,0,0,1.0,38,23.5,23.5,0,112,705,76080,84461,0.24678570194737404,0,0,,0.3226546040023095,38,ALL_RESOLVED
final_v2,ucs,map2,52,e807fcfc735986e9,e02d0416b7d51b2a,b3362d9604322a0c,a65eb91a39ef4179,30,30,0,0,1.0,41,23.6,23.5,0,83,708,110923,119012,0.5702029150052113,0,0,,0.6517298760008998,41,ALL_RESOLVED
final_v2,greedy,map2,52,e807fcfc735986e9,e02d0416b7d51b2a,b3362d9604322a0c,a65eb91a39ef4179,30,30,0,0,1.0,38,23.5,23.5,0,54,705,9522,22425,0.059179640065849526,0,0,,0.12923577300171019,38,ALL_RESOLVED
final_v2,ga,map2,45,e807fcfc735986e9,e02d0416b7d51b2a,b3362d9604322a0c,a65eb91a39ef4179,30,30,0,0,1.0,49,25.966666666666665,25.5,17,43,779,0,158181,11.10554089497964,6610,158181,0.25,11.222283271999913,49,ALL_RESOLVED
final_v2,astar,map2,52,e807fcfc735986e9,e02d0416b7d51b2a,b3362d9604322a0c,a65eb91a39ef4179,30,30,0,0,1.0,38,23.5,23.5,0,90,705,31524,42375,0.17858998098381562,0,0,,0.2526585689993226,38,ALL_RESOLVED
final_v2,bfs,map2,53,e807fcfc735986e9,e02d0416b7d51b2a,b3362d9604322a0c,a65eb91a39ef4179,30,10,3,17,0.3333333333333333,22,17.2,17.5,0,19,608,101284,110411,0.32881470793654444,0,0,,0.3769002780027222,22,ALL_RESOLVED
final_v2,ucs,map2,53,e807fcfc735986e9,e02d0416b7d51b2a,b3362d9604322a0c,a65eb91a39ef4179,30,10,1,19,0.3333333333333333,22,17.2,17.5,0,18,608,140508,147710,0.7189753300663142,0,0,,0.771436218998133,22,ALL_RESOLVED
final_v2,greedy,map2,53,e807fcfc735986e9,e02d0416b7d51b2a,b3362d9604322a0c,a65eb91a39ef4179,30,10,4,16,0.3333333333333333,22,17.2,17.5,0,14,608,11091,25151,0.06834836793495924,0,0,,0.11190105399873573,22,ALL_RESOLVED
final_v2,astar,map2,53,e807fcfc735986e9,e02d0416b7d51b2a,b3362d9604322a0c,a65eb91a39ef4179,30,9,3,18,0.3,22,16.77777777777778,17,0,17,603,41571,54567,0.23290727499625064,0,0,,0.2788218970017624,22,ALL_RESOLVED
final_v2,ga,map2,44,e807fcfc735986e9,e02d0416b7d51b2a,b3362d9604322a0c,a65eb91a39ef4179,30,29,0,1,0.9666666666666667,62,30.275862068965516,28,24,20,879,0,181023,15.674319026013109,7613,181023,0.25,15.831793966997793,62,ALL_RESOLVED
final_v2,bfs,map2,54,e807fcfc735986e9,e02d0416b7d51b2a,b3362d9604322a0c,a65eb91a39ef4179,30,30,0,0,1.0,39,24.4,24.5,0,69,732,97506,107117,0.28172946098129614,0,0,,0.3539115710009355,39,ALL_RESOLVED
final_v2,ucs,map2,54,e807fcfc735986e9,e02d0416b7d51b2a,b3362d9604322a0c,a65eb91a39ef4179,30,30,0,0,1.0,53,25.566666666666666,24.5,0,28,767,143190,152910,0.7272799270213,0,0,,0.825903313998424,53,ALL_RESOLVED
final_v2,greedy,map2,54,e807fcfc735986e9,e02d0416b7d51b2a,b3362d9604322a0c,a65eb91a39ef4179,30,27,2,1,0.9,53,24.48148148148148,25,0,21,729,11515,27430,0.07193832598568406,0,0,,0.1606309089984279,53,ALL_RESOLVED
final_v2,astar,map2,54,e807fcfc735986e9,e02d0416b7d51b2a,b3362d9604322a0c,a65eb91a39ef4179,30,30,0,0,1.0,53,25.266666666666666,24.5,0,29,758,45443,59302,0.25343878706917167,0,0,,0.34633081699939794,53,ALL_RESOLVED
final_v2,ga,map2,41,e807fcfc735986e9,e02d0416b7d51b2a,b3362d9604322a0c,a65eb91a39ef4179,30,29,1,0,0.9666666666666667,79,33.3448275862069,32,32,12,1009,0,216429,21.289237341137778,9167,216429,0.25,21.523514714997873,79,ALL_RESOLVED
final_v2,bfs,map2,55,e807fcfc735986e9,e02d0416b7d51b2a,b3362d9604322a0c,a65eb91a39ef4179,30,30,0,0,1.0,37,22.5,22.5,0,107,675,69485,77665,0.1767558200590429,0,0,,0.22353430799921625,37,ALL_RESOLVED
final_v2,ucs,map2,55,e807fcfc735986e9,e02d0416b7d51b2a,b3362d9604322a0c,a65eb91a39ef4179,30,30,0,0,1.0,37,22.5,22.5,0,79,675,110551,118569,0.36778263303494896,0,0,,0.41836637500091456,37,ALL_RESOLVED
final_v2,greedy,map2,55,e807fcfc735986e9,e02d0416b7d51b2a,b3362d9604322a0c,a65eb91a39ef4179,30,30,0,0,1.0,40,22.6,22.5,0,86,678,8159,19635,0.0356507819815306,0,0,,0.08497547599836253,40,ALL_RESOLVED
final_v2,astar,map2,55,e807fcfc735986e9,e02d0416b7d51b2a,b3362d9604322a0c,a65eb91a39ef4179,30,30,0,0,1.0,37,22.5,22.5,0,89,675,33859,44479,0.12973834000877105,0,0,,0.1871554079989437,37,ALL_RESOLVED
final_v2,ga,map2,51,e807fcfc735986e9,e02d0416b7d51b2a,b3362d9604322a0c,a65eb91a39ef4179,30,14,5,11,0.4666666666666667,30,16.071428571428573,15.5,28,23,689,0,141678,10.58977664401391,5988,141678,0.25,10.690175296000234,34,ALL_RESOLVED
final_v2,bfs,map2,56,e807fcfc735986e9,e02d0416b7d51b2a,b3362d9604322a0c,a65eb91a39ef4179,30,29,1,0,0.9666666666666667,37,22.96551724137931,23,0,80,690,83316,91677,0.18176200298330514,0,0,,0.22957569899881491,37,ALL_RESOLVED
final_v2,ucs,map2,56,e807fcfc735986e9,e02d0416b7d51b2a,b3362d9604322a0c,a65eb91a39ef4179,30,28,2,0,0.9333333333333333,37,22.5,22.5,0,51,676,121138,128928,0.41574888398099574,0,0,,0.46463486600259785,37,ALL_RESOLVED
final_v2,greedy,map2,56,e807fcfc735986e9,e02d0416b7d51b2a,b3362d9604322a0c,a65eb91a39ef4179,30,28,2,0,0.9333333333333333,48,23.821428571428573,22.5,0,48,737,11002,25766,0.044858100915007526,0,0,,0.09754703799990239,48,ALL_RESOLVED
final_v2,astar,map2,56,e807fcfc735986e9,e02d0416b7d51b2a,b3362d9604322a0c,a65eb91a39ef4179,30,29,1,0,0.9666666666666667,45,23.24137931034483,23,0,60,698,39898,52317,0.14888636905379826,0,0,,0.2037120139975741,45,ALL_RESOLVED
final_v2,ga,map2,50,e807fcfc735986e9,e02d0416b7d51b2a,b3362d9604322a0c,a65eb91a39ef4179,30,28,1,1,0.9333333333333333,53,26.714285714285715,24.5,23,13,780,0,166652,13.662171756968746,7051,166652,0.25,13.810743090998585,53,ALL_RESOLVED
final_v2,bfs,map2,57,e807fcfc735986e9,e02d0416b7d51b2a,b3362d9604322a0c,a65eb91a39ef4179,30,18,4,8,0.6,34,23.61111111111111,25.5,0,40,783,123977,135161,0.400303628983238,0,0,,0.46817755099982605,34,ALL_RESOLVED
final_v2,ga,map2,47,e807fcfc735986e9,e02d0416b7d51b2a,b3362d9604322a0c,a65eb91a39ef4179,30,29,0,1,0.9666666666666667,47,27.551724137931036,28,30,26,863,0,182152,16.107935734889907,7675,182152,0.25,16.295577638000395,64,ALL_RESOLVED
final_v2,greedy,map2,57,e807fcfc735986e9,e02d0416b7d51b2a,b3362d9604322a0c,a65eb91a39ef4179,30,18,3,9,0.6,34,23.88888888888889,25.5,0,68,808,12821,30414,0.0802861549964291,0,0,,0.14669288100049016,34,ALL_RESOLVED
final_v2,astar,map2,57,e807fcfc735986e9,e02d0416b7d51b2a,b3362d9604322a0c,a65eb91a39ef4179,30,18,4,8,0.6,34,23.27777777777778,24.5,0,27,795,44391,60488,0.25242935803180444,0,0,,0.31830168400119874,34,ALL_RESOLVED
final_v2,ucs,map2,57,e807fcfc735986e9,e02d0416b7d51b2a,b3362d9604322a0c,a65eb91a39ef4179,30,18,6,6,0.6,34,23.38888888888889,24.5,0,35,793,156396,165490,0.7952179440108011,0,0,,0.8675473869989219,34,ALL_RESOLVED
final_v2,ga,map2,49,e807fcfc735986e9,e02d0416b7d51b2a,b3362d9604322a0c,a65eb91a39ef4179,30,29,0,1,0.9666666666666667,50,27.275862068965516,27,22,14,807,0,165704,15.845075156958046,6955,165704,0.25,16.007246699999087,50,ALL_RESOLVED
final_v2,bfs,map2,58,e807fcfc735986e9,e02d0416b7d51b2a,b3362d9604322a0c,a65eb91a39ef4179,30,15,7,8,0.5,30,20.866666666666667,22,0,23,683,116484,127024,0.3791274030045315,0,0,,0.4420603940016008,32,ALL_RESOLVED
final_v2,greedy,map2,58,e807fcfc735986e9,e02d0416b7d51b2a,b3362d9604322a0c,a65eb91a39ef4179,30,7,10,13,0.23333333333333334,30,16.0,14,0,6,668,18221,37274,0.10770755695921252,0,0,,0.16435409399855416,32,ALL_RESOLVED
final_v2,astar,map2,58,e807fcfc735986e9,e02d0416b7d51b2a,b3362d9604322a0c,a65eb91a39ef4179,30,13,5,12,0.43333333333333335,31,20.846153846153847,20,0,60,713,49285,63504,0.27302551998582203,0,0,,0.33581455900275614,32,ALL_RESOLVED
final_v2,ucs,map2,58,e807fcfc735986e9,e02d0416b7d51b2a,b3362d9604322a0c,a65eb91a39ef4179,30,13,6,11,0.43333333333333335,30,20.53846153846154,20,0,40,707,152565,160336,0.7760805229809193,0,0,,0.8433843970015005,32,ALL_RESOLVED
final_v2,bfs,map2,59,e807fcfc735986e9,e02d0416b7d51b2a,b3362d9604322a0c,a65eb91a39ef4179,30,30,0,0,1.0,38,23.5,23.5,0,111,705,75327,84364,0.2439786329814524,0,0,,0.31771051499890746,38,ALL_RESOLVED
final_v2,ga,map2,53,e807fcfc735986e9,e02d0416b7d51b2a,b3362d9604322a0c,a65eb91a39ef4179,30,6,3,21,0.2,19,16.333333333333332,16.5,16,11,600,0,134245,13.185846589989524,5740,134245,0.25,13.290528437999455,22,ALL_RESOLVED
final_v2,ucs,map2,59,e807fcfc735986e9,e02d0416b7d51b2a,b3362d9604322a0c,a65eb91a39ef4179,30,30,0,0,1.0,39,23.533333333333335,23.5,0,60,706,116907,125503,0.5975856739460141,0,0,,0.6758563750008761,39,ALL_RESOLVED
final_v2,greedy,map2,59,e807fcfc735986e9,e02d0416b7d51b2a,b3362d9604322a0c,a65eb91a39ef4179,30,30,0,0,1.0,38,23.5,23.5,0,59,705,9388,22381,0.05849664301786106,0,0,,0.12947932699898956,38,ALL_RESOLVED
final_v2,astar,map2,59,e807fcfc735986e9,e02d0416b7d51b2a,b3362d9604322a0c,a65eb91a39ef4179,30,30,0,0,1.0,38,23.5,23.5,0,73,705,34863,46378,0.1950344769647927,0,0,,0.26745166899854667,38,ALL_RESOLVED
final_v2,ga,map2,52,e807fcfc735986e9,e02d0416b7d51b2a,b3362d9604322a0c,a65eb91a39ef4179,30,29,1,0,0.9666666666666667,52,27.620689655172413,28,16,25,861,0,177344,15.703517451944208,7457,177344,0.25,15.86581887200009,60,ALL_RESOLVED
final_v2,bfs,map2,60,e807fcfc735986e9,e02d0416b7d51b2a,b3362d9604322a0c,a65eb91a39ef4179,30,17,4,9,0.5666666666666667,30,19.764705882352942,19,0,16,606,89794,98067,0.2898988349516003,0,0,,0.3460466449978412,30,ALL_RESOLVED
final_v2,greedy,map2,60,e807fcfc735986e9,e02d0416b7d51b2a,b3362d9604322a0c,a65eb91a39ef4179,30,16,5,9,0.5333333333333333,30,18.9375,18.5,0,6,625,10387,24159,0.06476484198719845,0,0,,0.11761524000030477,30,ALL_RESOLVED
final_v2,ga,map2,46,e807fcfc735986e9,e02d0416b7d51b2a,b3362d9604322a0c,a65eb91a39ef4179,30,26,0,4,0.8666666666666667,58,33.53846153846154,37.5,47,17,1128,0,247670,20.86107922200972,10558,247670,0.25,21.062831117000314,64,ALL_RESOLVED
final_v2,astar,map2,60,e807fcfc735986e9,e02d0416b7d51b2a,b3362d9604322a0c,a65eb91a39ef4179,30,15,4,11,0.5,29,18.533333333333335,18,0,10,606,31962,43360,0.18149954598993645,0,0,,0.23601395199875697,30,ALL_RESOLVED
final_v2,ucs,map2,60,e807fcfc735986e9,e02d0416b7d51b2a,b3362d9604322a0c,a65eb91a39ef4179,30,14,4,12,0.4666666666666667,27,17.928571428571427,17.5,0,13,609,114308,121656,0.5814076510432642,0,0,,0.6407902660030231,30,ALL_RESOLVED
final_v2,bfs,map2,61,e807fcfc735986e9,e02d0416b7d51b2a,b3362d9604322a0c,a65eb91a39ef4179,30,30,0,0,1.0,39,24.5,24.5,0,134,735,76261,85463,0.24697202394963824,0,0,,0.3239668139976857,39,ALL_RESOLVED
final_v2,greedy,map2,61,e807fcfc735986e9,e02d0416b7d51b2a,b3362d9604322a0c,a65eb91a39ef4179,30,30,0,0,1.0,39,24.5,24.5,0,112,735,8902,21443,0.05543229905379121,0,0,,0.1308561229998304,39,ALL_RESOLVED
final_v2,ga,map2,48,e807fcfc735986e9,e02d0416b7d51b2a,b3362d9604322a0c,a65eb91a39ef4179,30,21,5,4,0.7,49,26.142857142857142,24,26,10,825,0,203414,20.104166830937174,8725,203414,0.25,20.280442351999227,49,ALL_RESOLVED
final_v2,astar,map2,61,e807fcfc735986e9,e02d0416b7d51b2a,b3362d9604322a0c,a65eb91a39ef4179,30,30,0,0,1.0,39,24.5,24.5,0,90,735,36301,48200,0.2020578079900588,0,0,,0.27620576299887034,39,ALL_RESOLVED
final_v2,ucs,map2,61,e807fcfc735986e9,e02d0416b7d51b2a,b3362d9604322a0c,a65eb91a39ef4179,30,30,0,0,1.0,39,24.5,24.5,0,94,735,120813,129854,0.6244747559612733,0,0,,0.7043912009976339,39,ALL_RESOLVED
final_v2,bfs,map2,62,e807fcfc735986e9,e02d0416b7d51b2a,b3362d9604322a0c,a65eb91a39ef4179,30,30,0,0,1.0,41,26.4,26.5,0,169,792,82184,92628,0.26533050003490644,0,0,,0.3455112250012462,41,ALL_RESOLVED
final_v2,greedy,map2,62,e807fcfc735986e9,e02d0416b7d51b2a,b3362d9604322a0c,a65eb91a39ef4179,30,30,0,0,1.0,42,27.3,27.5,0,142,819,10173,24426,0.06337800302935648,0,0,,0.14574969700333895,42,ALL_RESOLVED
final_v2,ucs,map2,62,e807fcfc735986e9,e02d0416b7d51b2a,b3362d9604322a0c,a65eb91a39ef4179,30,30,0,0,1.0,41,26.4,26.5,0,113,792,125069,135179,0.6425131050345954,0,0,,0.7249790219975694,41,ALL_RESOLVED
final_v2,astar,map2,62,e807fcfc735986e9,e02d0416b7d51b2a,b3362d9604322a0c,a65eb91a39ef4179,30,30,0,0,1.0,41,26.4,26.5,0,105,792,33666,46718,0.19094960996153532,0,0,,0.2685116700013168,41,ALL_RESOLVED
final_v2,bfs,map2,63,e807fcfc735986e9,e02d0416b7d51b2a,b3362d9604322a0c,a65eb91a39ef4179,30,26,4,0,0.8666666666666667,39,25.76923076923077,26.5,0,111,802,109146,120273,0.35270087697790586,0,0,,0.43023008199816104,39,ALL_RESOLVED
final_v2,ga,map2,55,e807fcfc735986e9,e02d0416b7d51b2a,b3362d9604322a0c,a65eb91a39ef4179,30,29,1,0,0.9666666666666667,66,25.379310344827587,26,13,27,742,0,150542,12.389540898973792,6281,150542,0.25,12.553719434999948,66,ALL_RESOLVED
final_v2,greedy,map2,63,e807fcfc735986e9,e02d0416b7d51b2a,b3362d9604322a0c,a65eb91a39ef4179,30,24,6,0,0.8,38,25.541666666666668,26.5,0,75,819,12270,29153,0.0765847010188736,0,0,,0.15282163099982427,40,ALL_RESOLVED
final_v2,ucs,map2,63,e807fcfc735986e9,e02d0416b7d51b2a,b3362d9604322a0c,a65eb91a39ef4179,30,26,3,1,0.8666666666666667,39,25.76923076923077,26.5,0,77,822,148291,158359,0.7584944719528721,0,0,,0.8412095509993378,40,ALL_RESOLVED
final_v2,astar,map2,63,e807fcfc735986e9,e02d0416b7d51b2a,b3362d9604322a0c,a65eb91a39ef4179,30,27,3,0,0.9,40,26.296296296296298,27,0,80,822,37538,52158,0.21281942997302394,0,0,,0.28844496899910155,40,ALL_RESOLVED
final_v2,bfs,map2,64,e807fcfc735986e9,e02d0416b7d51b2a,b3362d9604322a0c,a65eb91a39ef4179,30,23,7,0,0.7666666666666667,36,23.043478260869566,23,0,156,722,71920,80947,0.23379282998939743,0,0,,0.30707653799981927,36,ALL_RESOLVED
final_v2,ucs,map2,64,e807fcfc735986e9,e02d0416b7d51b2a,b3362d9604322a0c,a65eb91a39ef4179,30,24,6,0,0.8,36,23.416666666666668,23.5,0,130,728,106486,114481,0.5449690820205433,0,0,,0.6164674749998085,36,ALL_RESOLVED
final_v2,greedy,map2,64,e807fcfc735986e9,e02d0416b7d51b2a,b3362d9604322a0c,a65eb91a39ef4179,30,22,7,1,0.7333333333333333,36,22.5,22.5,0,139,721,8802,21042,0.05478208396380069,0,0,,0.1301611620001495,36,ALL_RESOLVED
final_v2,astar,map2,64,e807fcfc735986e9,e02d0416b7d51b2a,b3362d9604322a0c,a65eb91a39ef4179,30,24,6,0,0.8,36,23.5,23.5,0,125,736,32096,43196,0.1795868900626374,0,0,,0.24708807400020305,36,ALL_RESOLVED
final_v2,ga,map2,56,e807fcfc735986e9,e02d0416b7d51b2a,b3362d9604322a0c,a65eb91a39ef4179,30,20,3,7,0.6666666666666666,33,19.85,19.5,38,22,827,0,188286,12.359237122971535,8032,188286,0.25,12.491167458003474,48,ALL_RESOLVED
final_v2,bfs,map2,65,e807fcfc735986e9,e02d0416b7d51b2a,b3362d9604322a0c,a65eb91a39ef4179,30,25,2,3,0.8333333333333334,45,27.96,29,0,10,727,121969,132683,0.39717410892626503,0,0,,0.4747467079978378,45,ALL_RESOLVED
final_v2,ucs,map2,65,e807fcfc735986e9,e02d0416b7d51b2a,b3362d9604322a0c,a65eb91a39ef4179,30,25,2,3,0.8333333333333334,52,30.24,31,0,13,784,149701,158610,0.7615425590847735,0,0,,0.8514154650001728,52,ALL_RESOLVED
final_v2,greedy,map2,65,e807fcfc735986e9,e02d0416b7d51b2a,b3362d9604322a0c,a65eb91a39ef4179,30,22,4,4,0.7333333333333333,59,33.77272727272727,28.5,0,12,917,26093,52911,0.15445707116668927,0,0,,0.24667270600184565,59,ALL_RESOLVED
final_v2,astar,map2,65,e807fcfc735986e9,e02d0416b7d51b2a,b3362d9604322a0c,a65eb91a39ef4179,30,25,2,3,0.8333333333333334,52,29.6,27,0,16,794,54078,69853,0.2999074770268635,0,0,,0.3845202270022128,52,ALL_RESOLVED
final_v2,ga,map2,58,e807fcfc735986e9,e02d0416b7d51b2a,b3362d9604322a0c,a65eb91a39ef4179,30,6,7,17,0.2,23,16.166666666666668,15.5,36,7,711,0,177750,11.891413195018686,7713,177750,0.25,11.990406163000443,32,ALL_RESOLVED
final_v2,bfs,map2,66,e807fcfc735986e9,e02d0416b7d51b2a,b3362d9604322a0c,a65eb91a39ef4179,30,30,0,0,1.0,41,26.266666666666666,26.5,0,117,788,100622,111456,0.21692942698064144,0,0,,0.2708770369972626,41,ALL_RESOLVED
final_v2,ucs,map2,66,e807fcfc735986e9,e02d0416b7d51b2a,b3362d9604322a0c,a65eb91a39ef4179,30,30,0,0,1.0,41,26.266666666666666,26.5,0,71,788,140481,149963,0.45588309099912294,0,0,,0.507983231000253,41,ALL_RESOLVED
final_v2,greedy,map2,66,e807fcfc735986e9,e02d0416b7d51b2a,b3362d9604322a0c,a65eb91a39ef4179,30,30,0,0,1.0,42,27.3,27.5,0,76,819,11989,28704,0.044402879939298145,0,0,,0.09175621399845113,42,ALL_RESOLVED
final_v2,ga,map2,60,e807fcfc735986e9,e02d0416b7d51b2a,b3362d9604322a0c,a65eb91a39ef4179,30,12,7,11,0.4,27,17.916666666666668,17.5,20,6,655,0,144773,10.762682157012023,6175,144773,0.25,10.853282916999888,30,ALL_RESOLVED
final_v2,ga,map2,54,e807fcfc735986e9,e02d0416b7d51b2a,b3362d9604322a0c,a65eb91a39ef4179,30,19,5,6,0.6333333333333333,39,23.842105263157894,23,34,8,961,0,221783,22.191237709987035,9493,221783,0.25,22.39113671599989,56,ALL_RESOLVED
final_v2,astar,map2,66,e807fcfc735986e9,e02d0416b7d51b2a,b3362d9604322a0c,a65eb91a39ef4179,30,30,0,0,1.0,42,26.366666666666667,26.5,0,68,791,44878,59501,0.1542256869652192,0,0,,0.20655061100114835,42,ALL_RESOLVED
final_v2,bfs,map2,67,e807fcfc735986e9,e02d0416b7d51b2a,b3362d9604322a0c,a65eb91a39ef4179,30,7,0,23,0.23333333333333334,16,12.285714285714286,12,0,18,362,82024,87793,0.18080030402416014,0,0,,0.20132661900061066,16,ALL_RESOLVED
final_v2,greedy,map2,67,e807fcfc735986e9,e02d0416b7d51b2a,b3362d9604322a0c,a65eb91a39ef4179,30,7,0,23,0.23333333333333334,18,12.571428571428571,12,0,2,364,14815,28032,0.049707107991707744,0,0,,0.06724749199929647,18,ALL_RESOLVED
final_v2,ucs,map2,67,e807fcfc735986e9,e02d0416b7d51b2a,b3362d9604322a0c,a65eb91a39ef4179,30,7,0,23,0.23333333333333334,16,12.285714285714286,12,0,12,362,93734,96982,0.41527333100384567,0,0,,0.44323652899765875,16,ALL_RESOLVED
final_v2,astar,map2,67,e807fcfc735986e9,e02d0416b7d51b2a,b3362d9604322a0c,a65eb91a39ef4179,30,7,0,23,0.23333333333333334,16,12.285714285714286,12,0,12,362,44929,54046,0.152582187041844,0,0,,0.17188090199852013,16,ALL_RESOLVED
final_v2,bfs,map2,68,e807fcfc735986e9,e02d0416b7d51b2a,b3362d9604322a0c,a65eb91a39ef4179,30,29,1,0,0.9666666666666667,40,25.551724137931036,26,0,84,775,102604,113187,0.2035215179894294,0,0,,0.252261809000629,40,ALL_RESOLVED
final_v2,ucs,map2,68,e807fcfc735986e9,e02d0416b7d51b2a,b3362d9604322a0c,a65eb91a39ef4179,30,25,4,1,0.8333333333333334,38,24.44,25,0,42,789,141883,151488,0.4631813460000558,0,0,,0.5131754520007235,38,ALL_RESOLVED
final_v2,greedy,map2,68,e807fcfc735986e9,e02d0416b7d51b2a,b3362d9604322a0c,a65eb91a39ef4179,30,28,2,0,0.9333333333333333,40,25.785714285714285,26.5,0,69,790,11424,27318,0.04338400499182171,0,0,,0.08643413000027067,40,ALL_RESOLVED
final_v2,astar,map2,68,e807fcfc735986e9,e02d0416b7d51b2a,b3362d9604322a0c,a65eb91a39ef4179,30,26,2,2,0.8666666666666667,37,24.0,24.5,0,28,772,43510,57452,0.16757079402304953,0,0,,0.22121131400126615,38,ALL_RESOLVED
final_v2,ga,map2,57,e807fcfc735986e9,e02d0416b7d51b2a,b3362d9604322a0c,a65eb91a39ef4179,30,12,2,16,0.4,34,24.25,25.5,24,5,871,0,189559,18.704287160107924,8081,189559,0.25,18.853043752002122,34,ALL_RESOLVED
final_v2,bfs,map2,69,e807fcfc735986e9,e02d0416b7d51b2a,b3362d9604322a0c,a65eb91a39ef4179,30,30,0,0,1.0,39,24.433333333333334,24.5,0,112,733,86694,96338,0.1824379899262567,0,0,,0.23925635399791645,39,ALL_RESOLVED
final_v2,ucs,map2,69,e807fcfc735986e9,e02d0416b7d51b2a,b3362d9604322a0c,a65eb91a39ef4179,30,30,0,0,1.0,39,24.433333333333334,24.5,0,52,733,132674,142015,0.6803427119739354,0,0,,0.7605992989992956,39,ALL_RESOLVED
final_v2,greedy,map2,69,e807fcfc735986e9,e02d0416b7d51b2a,b3362d9604322a0c,a65eb91a39ef4179,30,30,0,0,1.0,39,24.433333333333334,24.5,0,72,733,9713,23265,0.06098286910128081,0,0,,0.13473229599912884,39,ALL_RESOLVED
final_v2,ga,map2,59,e807fcfc735986e9,e02d0416b7d51b2a,b3362d9604322a0c,a65eb91a39ef4179,30,30,0,0,1.0,60,28.966666666666665,25.5,21,22,869,0,180952,17.399188864008465,7590,180952,0.25,17.585268119997636,60,ALL_RESOLVED
final_v2,astar,map2,69,e807fcfc735986e9,e02d0416b7d51b2a,b3362d9604322a0c,a65eb91a39ef4179,30,30,0,0,1.0,39,24.433333333333334,24.5,0,66,733,37156,49662,0.20979778801483917,0,0,,0.2848288120003417,39,ALL_RESOLVED
final_v2,bfs,map2,70,e807fcfc735986e9,e02d0416b7d51b2a,b3362d9604322a0c,a65eb91a39ef4179,30,14,3,13,0.4666666666666667,21,14.5,14.5,0,17,427,69673,74937,0.2279171860391216,0,0,,0.2665314009973372,21,ALL_RESOLVED
final_v2,ga,map2,61,e807fcfc735986e9,e02d0416b7d51b2a,b3362d9604322a0c,a65eb91a39ef4179,30,29,1,0,0.9666666666666667,61,27.79310344827586,27,31,14,816,0,171464,16.439025095020042,7220,171464,0.25,16.614707552002073,61,ALL_RESOLVED
final_v2,ga,map2,67,e807fcfc735986e9,e02d0416b7d51b2a,b3362d9604322a0c,a65eb91a39ef4179,30,5,1,24,0.16666666666666666,15,11.8,12,22,1,359,0,77543,5.965443372006121,3293,77543,0.25,6.013394265999523,15,ALL_RESOLVED
final_v2,greedy,map2,70,e807fcfc735986e9,e02d0416b7d51b2a,b3362d9604322a0c,a65eb91a39ef4179,30,13,2,15,0.43333333333333335,22,15.538461538461538,16,0,22,440,8474,18402,0.051347279993933626,0,0,,0.08828857499975129,22,ALL_RESOLVED
final_v2,ucs,map2,70,e807fcfc735986e9,e02d0416b7d51b2a,b3362d9604322a0c,a65eb91a39ef4179,30,14,2,14,0.4666666666666667,22,15.357142857142858,15.5,0,23,439,83658,88026,0.42993432097136974,0,0,,0.4717236420001427,22,ALL_RESOLVED
final_v2,astar,map2,70,e807fcfc735986e9,e02d0416b7d51b2a,b3362d9604322a0c,a65eb91a39ef4179,30,14,2,14,0.4666666666666667,22,15.357142857142858,15.5,0,23,439,27060,35481,0.10198557100738981,0,0,,0.12738954500309774,22,ALL_RESOLVED
final_v2,bfs,map2,71,e807fcfc735986e9,e02d0416b7d51b2a,b3362d9604322a0c,a65eb91a39ef4179,30,30,0,0,1.0,40,24.966666666666665,25.5,0,79,749,98595,108750,0.3195551490498474,0,0,,0.3968334670025797,40,ALL_RESOLVED
final_v2,ucs,map2,71,e807fcfc735986e9,e02d0416b7d51b2a,b3362d9604322a0c,a65eb91a39ef4179,30,30,0,0,1.0,41,25.6,26.5,0,58,768,136478,146891,0.4501516800519312,0,0,,0.5026272220020473,41,ALL_RESOLVED
final_v2,greedy,map2,71,e807fcfc735986e9,e02d0416b7d51b2a,b3362d9604322a0c,a65eb91a39ef4179,30,30,0,0,1.0,41,25.7,26.5,0,63,771,10904,26125,0.06814156695691054,0,0,,0.1441878519981401,41,ALL_RESOLVED
final_v2,astar,map2,71,e807fcfc735986e9,e02d0416b7d51b2a,b3362d9604322a0c,a65eb91a39ef4179,30,30,0,0,1.0,41,25.6,26.5,0,58,768,38921,52595,0.13661124309146544,0,0,,0.18555545900017023,41,ALL_RESOLVED
final_v2,bfs,map2,72,e807fcfc735986e9,e02d0416b7d51b2a,b3362d9604322a0c,a65eb91a39ef4179,30,28,1,1,0.9333333333333333,40,24.75,24.5,1,19,702,100934,109680,0.21959572601190303,0,0,,0.26516789100060123,40,ALL_RESOLVED
final_v2,ucs,map2,72,e807fcfc735986e9,e02d0416b7d51b2a,b3362d9604322a0c,a65eb91a39ef4179,30,28,1,1,0.9333333333333333,42,25.428571428571427,24.5,1,11,725,134444,143736,0.43622521806901204,0,0,,0.48603148799884366,42,ALL_RESOLVED
final_v2,greedy,map2,72,e807fcfc735986e9,e02d0416b7d51b2a,b3362d9604322a0c,a65eb91a39ef4179,30,29,0,1,0.9666666666666667,41,26.82758620689655,27,1,62,779,11159,26951,0.07916293300149846,0,0,,0.1602118730006623,41,ALL_RESOLVED
final_v2,astar,map2,72,e807fcfc735986e9,e02d0416b7d51b2a,b3362d9604322a0c,a65eb91a39ef4179,30,28,1,1,0.9333333333333333,41,25.428571428571427,24.5,1,11,725,40916,56074,0.23820739899747423,0,0,,0.3130481240004883,41,ALL_RESOLVED
final_v2,ga,map2,64,e807fcfc735986e9,e02d0416b7d51b2a,b3362d9604322a0c,a65eb91a39ef4179,30,21,3,6,0.7,36,23.857142857142858,24,19,82,769,0,159865,14.990463470039685,6711,159865,0.25,15.126714147998428,36,ALL_RESOLVED
final_v2,bfs,map2,73,e807fcfc735986e9,e02d0416b7d51b2a,b3362d9604322a0c,a65eb91a39ef4179,30,29,1,0,0.9666666666666667,38,23.862068965517242,24,0,85,696,77247,84994,0.2492691539991938,0,0,,0.31919606199880945,38,ALL_RESOLVED
final_v2,ucs,map2,73,e807fcfc735986e9,e02d0416b7d51b2a,b3362d9604322a0c,a65eb91a39ef4179,30,26,4,0,0.8666666666666667,36,22.615384615384617,22.5,0,56,644,99110,106214,0.5029100540050422,0,0,,0.5710136880006758,36,ALL_RESOLVED
final_v2,ga,map2,62,e807fcfc735986e9,e02d0416b7d51b2a,b3362d9604322a0c,a65eb91a39ef4179,30,30,0,0,1.0,72,33.166666666666664,31.5,30,38,995,0,212751,19.12701091792769,8965,212751,0.25,19.318504142000165,72,ALL_RESOLVED
final_v2,greedy,map2,73,e807fcfc735986e9,e02d0416b7d51b2a,b3362d9604322a0c,a65eb91a39ef4179,30,29,1,0,0.9666666666666667,39,24.379310344827587,25,0,74,711,9500,22430,0.0582769580250897,0,0,,0.12608937900222372,39,ALL_RESOLVED
final_v2,astar,map2,73,e807fcfc735986e9,e02d0416b7d51b2a,b3362d9604322a0c,a65eb91a39ef4179,30,28,2,0,0.9333333333333333,38,23.678571428571427,23.5,0,65,671,31595,42049,0.11384760696455487,0,0,,0.15609627599769738,38,ALL_RESOLVED
final_v2,bfs,map2,74,e807fcfc735986e9,e02d0416b7d51b2a,b3362d9604322a0c,a65eb91a39ef4179,30,30,0,0,1.0,40,25.5,25.5,0,105,765,94302,104371,0.1935386130171537,0,0,,0.23983080000107293,40,ALL_RESOLVED
final_v2,ucs,map2,74,e807fcfc735986e9,e02d0416b7d51b2a,b3362d9604322a0c,a65eb91a39ef4179,30,30,0,0,1.0,43,25.633333333333333,25.5,0,55,769,141331,150995,0.5105601909963298,0,0,,0.5826614940015133,43,ALL_RESOLVED
final_v2,greedy,map2,74,e807fcfc735986e9,e02d0416b7d51b2a,b3362d9604322a0c,a65eb91a39ef4179,30,30,0,0,1.0,41,26.466666666666665,26.5,0,80,794,11110,26719,0.06995854598062579,0,0,,0.1501699180007563,41,ALL_RESOLVED
final_v2,astar,map2,74,e807fcfc735986e9,e02d0416b7d51b2a,b3362d9604322a0c,a65eb91a39ef4179,30,30,0,0,1.0,40,25.5,25.5,0,53,765,42752,56582,0.24083003697887762,0,0,,0.31898218599963,40,ALL_RESOLVED
final_v2,ga,map2,63,e807fcfc735986e9,e02d0416b7d51b2a,b3362d9604322a0c,a65eb91a39ef4179,30,20,1,9,0.6666666666666666,38,26.3,28.5,41,7,922,0,203339,20.174171214956004,8694,203339,0.25,20.34006759100157,40,ALL_RESOLVED
final_v2,bfs,map2,75,e807fcfc735986e9,e02d0416b7d51b2a,b3362d9604322a0c,a65eb91a39ef4179,30,23,4,3,0.7666666666666667,46,21.391304347826086,21,0,23,540,72827,80052,0.235489705013606,0,0,,0.31228033200022765,46,ALL_RESOLVED
final_v2,ucs,map2,75,e807fcfc735986e9,e02d0416b7d51b2a,b3362d9604322a0c,a65eb91a39ef4179,30,22,5,3,0.7333333333333333,46,22.045454545454547,22.0,0,20,539,93256,99900,0.4744656829716405,0,0,,0.5531916720028676,46,ALL_RESOLVED
final_v2,greedy,map2,75,e807fcfc735986e9,e02d0416b7d51b2a,b3362d9604322a0c,a65eb91a39ef4179,30,22,5,3,0.7333333333333333,50,23.0,22.5,0,22,596,10526,23641,0.06433828798617469,0,0,,0.14382827300141798,50,ALL_RESOLVED
final_v2,astar,map2,75,e807fcfc735986e9,e02d0416b7d51b2a,b3362d9604322a0c,a65eb91a39ef4179,30,23,4,3,0.7666666666666667,46,22.47826086956522,23,0,24,565,28826,38349,0.16145659804169554,0,0,,0.23770560899720294,46,ALL_RESOLVED
final_v2,ga,map2,65,e807fcfc735986e9,e02d0416b7d51b2a,b3362d9604322a0c,a65eb91a39ef4179,30,13,10,7,0.43333333333333335,53,28.76923076923077,23,30,4,730,0,188458,16.059008524007368,8192,188458,0.25,16.2038226270015,53,ALL_RESOLVED
final_v2,bfs,map2,76,e807fcfc735986e9,e02d0416b7d51b2a,b3362d9604322a0c,a65eb91a39ef4179,30,28,0,2,0.9333333333333333,37,22.535714285714285,22.5,0,33,635,77569,84952,0.16776794793622685,0,0,,0.21012251299907803,37,ALL_RESOLVED
final_v2,ucs,map2,76,e807fcfc735986e9,e02d0416b7d51b2a,b3362d9604322a0c,a65eb91a39ef4179,30,27,1,2,0.9,38,22.77777777777778,22,0,26,629,105115,112912,0.3428546989671304,0,0,,0.3859287649975158,38,ALL_RESOLVED
final_v2,greedy,map2,76,e807fcfc735986e9,e02d0416b7d51b2a,b3362d9604322a0c,a65eb91a39ef4179,30,28,0,2,0.9333333333333333,37,22.535714285714285,22.5,0,27,635,8758,21153,0.03358104898507008,0,0,,0.07213419899926521,37,ALL_RESOLVED
final_v2,astar,map2,76,e807fcfc735986e9,e02d0416b7d51b2a,b3362d9604322a0c,a65eb91a39ef4179,30,27,1,2,0.9,38,22.814814814814813,22,0,27,630,32132,42941,0.11327274805444176,0,0,,0.15447441400101525,38,ALL_RESOLVED
final_v2,ga,map2,70,e807fcfc735986e9,e02d0416b7d51b2a,b3362d9604322a0c,a65eb91a39ef4179,30,12,1,17,0.4,37,17.0,14.5,19,5,456,0,99727,10.014345232026244,4247,99727,0.25,10.108925845001068,37,ALL_RESOLVED
final_v2,bfs,map2,77,e807fcfc735986e9,e02d0416b7d51b2a,b3362d9604322a0c,a65eb91a39ef4179,30,30,0,0,1.0,37,22.5,22.5,0,66,675,80511,88851,0.2610165699952631,0,0,,0.3315491400026076,37,ALL_RESOLVED
final_v2,ucs,map2,77,e807fcfc735986e9,e02d0416b7d51b2a,b3362d9604322a0c,a65eb91a39ef4179,30,30,0,0,1.0,39,23.533333333333335,24.0,0,49,706,119392,128015,0.609320543029753,0,0,,0.6851548859995091,39,ALL_RESOLVED
final_v2,greedy,map2,77,e807fcfc735986e9,e02d0416b7d51b2a,b3362d9604322a0c,a65eb91a39ef4179,30,30,0,0,1.0,39,23.8,23.5,0,63,714,9685,22998,0.06026588397435262,0,0,,0.13085050199879333,39,ALL_RESOLVED
final_v2,astar,map2,77,e807fcfc735986e9,e02d0416b7d51b2a,b3362d9604322a0c,a65eb91a39ef4179,30,30,0,0,1.0,39,23.533333333333335,24.0,0,45,706,34156,45954,0.1925697449805739,0,0,,0.2641773159994045,39,ALL_RESOLVED
final_v2,ga,map2,66,e807fcfc735986e9,e02d0416b7d51b2a,b3362d9604322a0c,a65eb91a39ef4179,30,24,3,3,0.8,63,28.375,29.5,47,6,1041,0,248407,18.739022853038477,10700,248407,0.25,18.9422324249972,86,ALL_RESOLVED
final_v2,bfs,map2,78,e807fcfc735986e9,e02d0416b7d51b2a,b3362d9604322a0c,a65eb91a39ef4179,30,30,0,0,1.0,44,26.266666666666666,27.5,0,25,788,131224,142304,0.42388565202782047,0,0,,0.5044818960013799,44,ALL_RESOLVED
final_v2,ucs,map2,78,e807fcfc735986e9,e02d0416b7d51b2a,b3362d9604322a0c,a65eb91a39ef4179,30,29,1,0,0.9666666666666667,45,27.93103448275862,30,0,36,822,158106,166354,0.6576055300683947,0,0,,0.7264528369996697,45,ALL_RESOLVED
final_v2,greedy,map2,78,e807fcfc735986e9,e02d0416b7d51b2a,b3362d9604322a0c,a65eb91a39ef4179,30,25,5,0,0.8333333333333334,50,29.36,26,0,17,870,25871,51663,0.09277577904140344,0,0,,0.14380271399932099,50,ALL_RESOLVED
final_v2,astar,map2,78,e807fcfc735986e9,e02d0416b7d51b2a,b3362d9604322a0c,a65eb91a39ef4179,30,29,1,0,0.9666666666666667,48,27.96551724137931,31,0,29,823,65200,81938,0.22541157903469866,0,0,,0.2768308769991563,48,ALL_RESOLVED
final_v2,ga,map2,68,e807fcfc735986e9,e02d0416b7d51b2a,b3362d9604322a0c,a65eb91a39ef4179,30,14,6,10,0.4666666666666667,35,22.357142857142858,22.0,31,3,839,0,188716,18.77923409996947,8098,188716,0.25,18.93051085499974,38,ALL_RESOLVED
final_v2,bfs,map2,79,e807fcfc735986e9,e02d0416b7d51b2a,b3362d9604322a0c,a65eb91a39ef4179,30,30,0,0,1.0,40,25.4,25.5,0,104,762,93629,103205,0.3027504079909704,0,0,,0.381291992001934,40,ALL_RESOLVED
final_v2,ga,map2,69,e807fcfc735986e9,e02d0416b7d51b2a,b3362d9604322a0c,a65eb91a39ef4179,30,30,0,0,1.0,66,29.466666666666665,26.5,34,27,884,0,183248,15.345615650996479,7710,183248,0.25,15.528034162998665,66,ALL_RESOLVED
final_v2,greedy,map2,79,e807fcfc735986e9,e02d0416b7d51b2a,b3362d9604322a0c,a65eb91a39ef4179,30,30,0,0,1.0,41,26.4,26.5,0,94,792,10726,25645,0.06706506995396921,0,0,,0.1457833929998742,41,ALL_RESOLVED
final_v2,astar,map2,79,e807fcfc735986e9,e02d0416b7d51b2a,b3362d9604322a0c,a65eb91a39ef4179,30,29,1,0,0.9666666666666667,40,24.93103448275862,25,0,52,729,38088,50719,0.2145380119618494,0,0,,0.29021005899994634,40,ALL_RESOLVED
final_v2,ucs,map2,79,e807fcfc735986e9,e02d0416b7d51b2a,b3362d9604322a0c,a65eb91a39ef4179,30,29,1,0,0.9666666666666667,40,24.93103448275862,25,0,52,729,131516,140409,0.6704434910170676,0,0,,0.7509502959983365,40,ALL_RESOLVED
final_v2,ga,map2,72,e807fcfc735986e9,e02d0416b7d51b2a,b3362d9604322a0c,a65eb91a39ef4179,30,26,2,2,0.8666666666666667,57,29.96153846153846,27.5,26,30,890,0,191575,13.140463964115042,8123,191575,0.25,13.275731320998602,57,ALL_RESOLVED
final_v2,bfs,map2,80,e807fcfc735986e9,e02d0416b7d51b2a,b3362d9604322a0c,a65eb91a39ef4179,30,30,0,0,1.0,39,24.5,24.5,0,95,735,89806,99464,0.29013882302388083,0,0,,0.36621469099918613,39,ALL_RESOLVED
final_v2,greedy,map2,80,e807fcfc735986e9,e02d0416b7d51b2a,b3362d9604322a0c,a65eb91a39ef4179,30,30,0,0,1.0,40,25.366666666666667,25.5,0,63,761,10599,25458,0.0658382050023647,0,0,,0.14081413600069936,40,ALL_RESOLVED
final_v2,ucs,map2,80,e807fcfc735986e9,e02d0416b7d51b2a,b3362d9604322a0c,a65eb91a39ef4179,30,30,0,0,1.0,46,24.866666666666667,24.5,0,44,746,137479,147151,0.44170400900839013,0,0,,0.4975923979982326,46,ALL_RESOLVED
final_v2,astar,map2,80,e807fcfc735986e9,e02d0416b7d51b2a,b3362d9604322a0c,a65eb91a39ef4179,30,30,0,0,1.0,43,24.7,24.5,0,49,741,41572,54710,0.23086663102003513,0,0,,0.31094565800231067,43,ALL_RESOLVED
final_v2,bfs,map2,81,e807fcfc735986e9,e02d0416b7d51b2a,b3362d9604322a0c,a65eb91a39ef4179,30,29,0,1,0.9666666666666667,41,22.20689655172414,22,0,64,650,80685,88943,0.2598994750151178,0,0,,0.3368660339983762,41,ALL_RESOLVED
final_v2,ucs,map2,81,e807fcfc735986e9,e02d0416b7d51b2a,b3362d9604322a0c,a65eb91a39ef4179,30,27,2,1,0.9,43,22.925925925925927,21,0,48,689,122906,131080,0.6231293329074106,0,0,,0.7049723500022083,43,ALL_RESOLVED
final_v2,greedy,map2,81,e807fcfc735986e9,e02d0416b7d51b2a,b3362d9604322a0c,a65eb91a39ef4179,30,21,6,3,0.7,42,19.333333333333332,18,0,36,662,11941,26824,0.07295799200073816,0,0,,0.14689030400040792,42,ALL_RESOLVED
final_v2,ga,map2,73,e807fcfc735986e9,e02d0416b7d51b2a,b3362d9604322a0c,a65eb91a39ef4179,30,15,8,7,0.5,32,17.533333333333335,17,22,18,629,0,139569,13.833035289982945,5956,139569,0.25,13.951822371000162,32,ALL_RESOLVED
final_v2,astar,map2,81,e807fcfc735986e9,e02d0416b7d51b2a,b3362d9604322a0c,a65eb91a39ef4179,30,26,3,1,0.8666666666666667,42,22.03846153846154,20.5,0,47,683,38754,50015,0.2138533269862819,0,0,,0.29044938500010176,42,ALL_RESOLVED
final_v2,bfs,map2,82,e807fcfc735986e9,e02d0416b7d51b2a,b3362d9604322a0c,a65eb91a39ef4179,30,30,0,0,1.0,40,25.366666666666667,25.5,0,85,761,101795,112069,0.32814444598625414,0,0,,0.40253873400070006,40,ALL_RESOLVED
final_v2,ucs,map2,82,e807fcfc735986e9,e02d0416b7d51b2a,b3362d9604322a0c,a65eb91a39ef4179,30,29,1,0,0.9666666666666667,40,25.586206896551722,26,0,55,776,144472,153618,0.7320718559531088,0,0,,0.8099002730014035,40,ALL_RESOLVED
final_v2,greedy,map2,82,e807fcfc735986e9,e02d0416b7d51b2a,b3362d9604322a0c,a65eb91a39ef4179,30,26,4,0,0.8666666666666667,37,24.03846153846154,24.5,0,58,759,10951,26506,0.06854914999712491,0,0,,0.13846242499857908,37,ALL_RESOLVED
final_v2,astar,map2,82,e807fcfc735986e9,e02d0416b7d51b2a,b3362d9604322a0c,a65eb91a39ef4179,30,28,0,2,0.9333333333333333,39,24.964285714285715,25.5,0,47,771,46113,60605,0.25613762001376017,0,0,,0.32841280400316464,39,ALL_RESOLVED
final_v2,ga,map2,71,e807fcfc735986e9,e02d0416b7d51b2a,b3362d9604322a0c,a65eb91a39ef4179,30,27,1,2,0.9,54,29.37037037037037,31,37,17,967,0,202647,19.9440422300504,8578,202647,0.25,20.140185530999588,58,ALL_RESOLVED
final_v2,bfs,map2,83,e807fcfc735986e9,e02d0416b7d51b2a,b3362d9604322a0c,a65eb91a39ef4179,30,30,0,0,1.0,39,24.066666666666666,24.5,0,85,722,89519,98902,0.2896846289440873,0,0,,0.36534255600054166,39,ALL_RESOLVED
final_v2,ucs,map2,83,e807fcfc735986e9,e02d0416b7d51b2a,b3362d9604322a0c,a65eb91a39ef4179,30,30,0,0,1.0,39,24.066666666666666,24.5,0,49,722,132317,141424,0.6756145920371637,0,0,,0.7554320959970937,39,ALL_RESOLVED
final_v2,greedy,map2,83,e807fcfc735986e9,e02d0416b7d51b2a,b3362d9604322a0c,a65eb91a39ef4179,30,30,0,0,1.0,39,24.066666666666666,24.5,0,49,722,9962,23764,0.0623039350793988,0,0,,0.13424241300162976,39,ALL_RESOLVED
final_v2,astar,map2,83,e807fcfc735986e9,e02d0416b7d51b2a,b3362d9604322a0c,a65eb91a39ef4179,30,30,0,0,1.0,39,24.066666666666666,24.5,0,51,722,39182,51497,0.21961635496700183,0,0,,0.2941467909986386,39,ALL_RESOLVED
final_v2,ga,map2,75,e807fcfc735986e9,e02d0416b7d51b2a,b3362d9604322a0c,a65eb91a39ef4179,30,15,10,5,0.5,37,21.133333333333333,20,30,4,651,0,156025,15.69240864596577,6717,156025,0.25,15.843130016997748,48,ALL_RESOLVED
final_v2,ga,map2,76,e807fcfc735986e9,e02d0416b7d51b2a,b3362d9604322a0c,a65eb91a39ef4179,30,25,2,3,0.8333333333333334,49,30.4,31,29,11,852,0,182926,14.677645135016064,7739,182926,0.25,14.822353897998255,52,ALL_RESOLVED
final_v2,bfs,map2,84,e807fcfc735986e9,e02d0416b7d51b2a,b3362d9604322a0c,a65eb91a39ef4179,30,30,0,0,1.0,39,24.366666666666667,24.5,0,87,731,87627,97187,0.28455113700329093,0,0,,0.3592585020014667,39,ALL_RESOLVED
final_v2,greedy,map2,84,e807fcfc735986e9,e02d0416b7d51b2a,b3362d9604322a0c,a65eb91a39ef4179,30,30,0,0,1.0,40,25.333333333333332,25.5,0,60,760,10691,25182,0.06621369403001154,0,0,,0.14031851199979428,40,ALL_RESOLVED
final_v2,ucs,map2,84,e807fcfc735986e9,e02d0416b7d51b2a,b3362d9604322a0c,a65eb91a39ef4179,30,30,0,0,1.0,43,24.5,24.5,0,47,735,124813,134173,0.6364525819662958,0,0,,0.7196787510001741,43,ALL_RESOLVED
final_v2,astar,map2,84,e807fcfc735986e9,e02d0416b7d51b2a,b3362d9604322a0c,a65eb91a39ef4179,30,30,0,0,1.0,39,24.366666666666667,24.5,0,49,731,34336,46284,0.1932586130242271,0,0,,0.2663834030026919,39,ALL_RESOLVED
final_v2,bfs,map2,85,e807fcfc735986e9,e02d0416b7d51b2a,b3362d9604322a0c,a65eb91a39ef4179,30,6,6,18,0.2,18,14.0,13.5,0,15,540,117556,125928,0.37959565193523304,0,0,,0.42412707100083935,20,ALL_RESOLVED
final_v2,ucs,map2,85,e807fcfc735986e9,e02d0416b7d51b2a,b3362d9604322a0c,a65eb91a39ef4179,30,6,5,19,0.2,18,14.0,13.5,0,12,546,136744,142188,0.6898553099745186,0,0,,0.736772160998953,20,ALL_RESOLVED
final_v2,greedy,map2,85,e807fcfc735986e9,e02d0416b7d51b2a,b3362d9604322a0c,a65eb91a39ef4179,30,5,4,21,0.16666666666666666,17,14.4,15,0,7,554,24394,45384,0.13879600498330547,0,0,,0.17971048899926245,20,ALL_RESOLVED
final_v2,ga,map2,74,e807fcfc735986e9,e02d0416b7d51b2a,b3362d9604322a0c,a65eb91a39ef4179,30,30,0,0,1.0,64,32.63333333333333,32.5,46,11,979,0,208143,20.24605950904879,8812,208143,0.25,20.448374851999688,64,ALL_RESOLVED
final_v2,astar,map2,85,e807fcfc735986e9,e02d0416b7d51b2a,b3362d9604322a0c,a65eb91a39ef4179,30,6,5,19,0.2,18,14.0,13.5,0,15,546,60010,72321,0.32473461598419817,0,0,,0.3683412739992491,20,ALL_RESOLVED
final_v2,bfs,map2,86,e807fcfc735986e9,e02d0416b7d51b2a,b3362d9604322a0c,a65eb91a39ef4179,30,28,2,0,0.9333333333333333,39,24.571428571428573,25.5,0,26,706,97848,105565,0.31550190206689877,0,0,,0.3846175949984172,39,ALL_RESOLVED
final_v2,ucs,map2,86,e807fcfc735986e9,e02d0416b7d51b2a,b3362d9604322a0c,a65eb91a39ef4179,30,29,1,0,0.9666666666666667,43,25.75862068965517,26,0,13,755,130089,139041,0.6605114380181476,0,0,,0.7382834590025595,43,ALL_RESOLVED
final_v2,greedy,map2,86,e807fcfc735986e9,e02d0416b7d51b2a,b3362d9604322a0c,a65eb91a39ef4179,30,28,2,0,0.9333333333333333,40,25.75,25.5,0,49,739,11030,26278,0.06916814597934717,0,0,,0.1390887429988652,40,ALL_RESOLVED
final_v2,astar,map2,86,e807fcfc735986e9,e02d0416b7d51b2a,b3362d9604322a0c,a65eb91a39ef4179,30,29,1,0,0.9666666666666667,43,25.310344827586206,26,0,14,742,46357,60195,0.2561661040454055,0,0,,0.32915827299802913,43,ALL_RESOLVED
final_v2,ga,map2,78,e807fcfc735986e9,e02d0416b7d51b2a,b3362d9604322a0c,a65eb91a39ef4179,30,13,5,12,0.43333333333333335,57,23.692307692307693,18,49,4,870,0,222141,13.723579457975575,9609,222141,0.25,13.847583648999716,57,ALL_RESOLVED
final_v2,bfs,map2,87,e807fcfc735986e9,e02d0416b7d51b2a,b3362d9604322a0c,a65eb91a39ef4179,30,7,1,22,0.23333333333333334,19,15.0,16,0,9,563,117621,126746,0.24289594793663127,0,0,,0.2700790359995153,20,ALL_RESOLVED
final_v2,ga,map2,80,e807fcfc735986e9,e02d0416b7d51b2a,b3362d9604322a0c,a65eb91a39ef4179,30,29,1,0,0.9666666666666667,68,31.82758620689655,31,34,13,987,0,209307,12.369642729994666,8868,209307,0.25,12.509130799000559,68,ALL_RESOLVED
final_v2,ga,map2,77,e807fcfc735986e9,e02d0416b7d51b2a,b3362d9604322a0c,a65eb91a39ef4179,30,28,1,1,0.9333333333333333,74,28.357142857142858,24.5,24,29,822,0,172648,16.652401364943216,7271,172648,0.25,16.8423201350015,74,ALL_RESOLVED
final_v2,greedy,map2,87,e807fcfc735986e9,e02d0416b7d51b2a,b3362d9604322a0c,a65eb91a39ef4179,30,7,2,21,0.23333333333333334,20,16.285714285714285,17,0,9,572,13560,29388,0.049508473985042656,0,0,,0.07494959100222331,20,ALL_RESOLVED
final_v2,ucs,map2,87,e807fcfc735986e9,e02d0416b7d51b2a,b3362d9604322a0c,a65eb91a39ef4179,30,5,3,22,0.16666666666666666,18,14.0,15,0,6,560,140001,147428,0.455920684911689,0,0,,0.48688140000012936,20,ALL_RESOLVED
final_v2,bfs,map2,88,e807fcfc735986e9,e02d0416b7d51b2a,b3362d9604322a0c,a65eb91a39ef4179,30,19,4,7,0.6333333333333333,30,19.0,19,0,35,667,100519,109929,0.2044208699990122,0,0,,0.24145464600223931,30,ALL_RESOLVED
final_v2,astar,map2,87,e807fcfc735986e9,e02d0416b7d51b2a,b3362d9604322a0c,a65eb91a39ef4179,30,5,5,20,0.16666666666666666,18,14.0,15,0,15,560,47378,60175,0.26009300594887463,0,0,,0.3031555670022499,20,ALL_RESOLVED
final_v2,greedy,map2,88,e807fcfc735986e9,e02d0416b7d51b2a,b3362d9604322a0c,a65eb91a39ef4179,30,20,4,6,0.6666666666666666,30,19.7,19.5,0,21,670,10289,24672,0.06440919401939027,0,0,,0.12022805699962191,30,ALL_RESOLVED
final_v2,astar,map2,88,e807fcfc735986e9,e02d0416b7d51b2a,b3362d9604322a0c,a65eb91a39ef4179,30,18,4,8,0.6,30,19.055555555555557,18.5,0,30,679,40478,54558,0.227255317979143,0,0,,0.2861783930020465,30,ALL_RESOLVED
final_v2,ucs,map2,88,e807fcfc735986e9,e02d0416b7d51b2a,b3362d9604322a0c,a65eb91a39ef4179,30,18,6,6,0.6,30,19.055555555555557,18.5,0,32,679,136790,144698,0.4381139109573269,0,0,,0.47883128600005875,30,ALL_RESOLVED
final_v2,bfs,map2,89,e807fcfc735986e9,e02d0416b7d51b2a,b3362d9604322a0c,a65eb91a39ef4179,30,4,2,24,0.13333333333333333,15,11.5,11.5,0,5,412,101047,107060,0.21112634102610173,0,0,,0.2340565880003851,16,ALL_RESOLVED
final_v2,ucs,map2,89,e807fcfc735986e9,e02d0416b7d51b2a,b3362d9604322a0c,a65eb91a39ef4179,30,4,3,23,0.13333333333333333,15,11.5,11.5,0,3,412,110980,114855,0.35611671894730534,0,0,,0.3780616950025433,16,ALL_RESOLVED
final_v2,greedy,map2,89,e807fcfc735986e9,e02d0416b7d51b2a,b3362d9604322a0c,a65eb91a39ef4179,30,4,1,25,0.13333333333333333,15,11.5,11.5,0,1,412,17016,31851,0.05913690299712471,0,0,,0.07767597999918507,16,ALL_RESOLVED
final_v2,astar,map2,89,e807fcfc735986e9,e02d0416b7d51b2a,b3362d9604322a0c,a65eb91a39ef4179,30,4,3,23,0.13333333333333333,15,11.5,11.5,0,3,412,49472,59841,0.16607301996918977,0,0,,0.18583520199899795,16,ALL_RESOLVED
final_v2,ga,map2,79,e807fcfc735986e9,e02d0416b7d51b2a,b3362d9604322a0c,a65eb91a39ef4179,30,28,2,0,0.9333333333333333,71,32.92857142857143,32.5,39,11,934,0,196729,19.231857132941514,8295,196729,0.25,19.43592710699886,71,ALL_RESOLVED
final_v2,ga,map2,81,e807fcfc735986e9,e02d0416b7d51b2a,b3362d9604322a0c,a65eb91a39ef4179,30,19,3,8,0.6333333333333333,40,19.736842105263158,17,27,5,755,0,173754,17.145763053962582,7438,173754,0.25,17.295210526997835,42,ALL_RESOLVED
final_v2,bfs,map2,90,e807fcfc735986e9,e02d0416b7d51b2a,b3362d9604322a0c,a65eb91a39ef4179,30,30,0,0,1.0,42,27.3,27.5,0,114,819,109527,120440,0.35513695298868697,0,0,,0.439327220999985,42,ALL_RESOLVED
final_v2,greedy,map2,90,e807fcfc735986e9,e02d0416b7d51b2a,b3362d9604322a0c,a65eb91a39ef4179,30,30,0,0,1.0,42,27.3,27.5,0,46,819,12544,30072,0.07871734998479951,0,0,,0.15665295800135937,42,ALL_RESOLVED
final_v2,astar,map2,90,e807fcfc735986e9,e02d0416b7d51b2a,b3362d9604322a0c,a65eb91a39ef4179,30,30,0,0,1.0,42,27.3,27.5,0,70,819,47735,62983,0.2666087280304055,0,0,,0.3484008899977198,42,ALL_RESOLVED
final_v2,ucs,map2,90,e807fcfc735986e9,e02d0416b7d51b2a,b3362d9604322a0c,a65eb91a39ef4179,30,30,0,0,1.0,42,27.3,27.5,0,64,819,154722,164729,0.7888411390740657,0,0,,0.8763251160016807,42,ALL_RESOLVED
final_v2,bfs,map2,91,e807fcfc735986e9,e02d0416b7d51b2a,b3362d9604322a0c,a65eb91a39ef4179,30,30,0,0,1.0,40,25.233333333333334,25.5,0,93,757,100784,110911,0.3260331370111089,0,0,,0.4049888560002728,40,ALL_RESOLVED
final_v2,ga,map2,89,e807fcfc735986e9,e02d0416b7d51b2a,b3362d9604322a0c,a65eb91a39ef4179,30,2,0,28,0.06666666666666667,10,9.5,9.5,20,2,411,0,96077,6.167940767962136,4146,96077,0.25,6.213778682002157,14,ALL_RESOLVED
final_v2,ga,map2,82,e807fcfc735986e9,e02d0416b7d51b2a,b3362d9604322a0c,a65eb91a39ef4179,30,20,3,7,0.6666666666666666,36,23.8,24.5,18,18,834,0,172563,16.89464796804532,7276,172563,0.25,17.03762922900205,36,ALL_RESOLVED
final_v2,greedy,map2,91,e807fcfc735986e9,e02d0416b7d51b2a,b3362d9604322a0c,a65eb91a39ef4179,30,30,0,0,1.0,40,25.233333333333334,25.5,0,37,757,11083,26836,0.04272562098412891,0,0,,0.0875900270002603,40,ALL_RESOLVED
final_v2,ga,map2,87,e807fcfc735986e9,e02d0416b7d51b2a,b3362d9604322a0c,a65eb91a39ef4179,30,2,6,22,0.06666666666666667,11,10.0,10.0,26,2,532,0,130902,8.188184459020704,5679,130902,0.25,8.25498546000017,20,ALL_RESOLVED
final_v2,astar,map2,91,e807fcfc735986e9,e02d0416b7d51b2a,b3362d9604322a0c,a65eb91a39ef4179,30,30,0,0,1.0,42,25.733333333333334,25.5,0,50,772,43399,57649,0.24304955801562755,0,0,,0.3228871059982339,42,ALL_RESOLVED
final_v2,ucs,map2,91,e807fcfc735986e9,e02d0416b7d51b2a,b3362d9604322a0c,a65eb91a39ef4179,30,30,0,0,1.0,44,25.766666666666666,25.5,0,49,773,144757,154579,0.7417401640086609,0,0,,0.8292831920007302,44,ALL_RESOLVED
final_v2,bfs,map2,92,e807fcfc735986e9,e02d0416b7d51b2a,b3362d9604322a0c,a65eb91a39ef4179,30,30,0,0,1.0,38,23.5,23.5,0,52,705,87330,95491,0.18256484793892014,0,0,,0.22781284300072002,38,ALL_RESOLVED
final_v2,greedy,map2,92,e807fcfc735986e9,e02d0416b7d51b2a,b3362d9604322a0c,a65eb91a39ef4179,30,30,0,0,1.0,39,23.633333333333333,23.5,0,46,709,9848,23580,0.062412886043603066,0,0,,0.13431797100201948,39,ALL_RESOLVED
final_v2,astar,map2,92,e807fcfc735986e9,e02d0416b7d51b2a,b3362d9604322a0c,a65eb91a39ef4179,30,30,0,0,1.0,39,23.533333333333335,23.5,0,39,706,43298,56307,0.14866530501603847,0,0,,0.19385391600008006,39,ALL_RESOLVED
final_v2,bfs,map2,93,e807fcfc735986e9,e02d0416b7d51b2a,b3362d9604322a0c,a65eb91a39ef4179,30,18,2,10,0.6,30,21.333333333333332,21.5,0,95,734,98400,108872,0.19940449394562165,0,0,,0.23939323900049203,30,ALL_RESOLVED
final_v2,ucs,map2,92,e807fcfc735986e9,e02d0416b7d51b2a,b3362d9604322a0c,a65eb91a39ef4179,30,30,0,0,1.0,40,23.833333333333332,23.5,0,40,715,127524,136072,0.6509493189660134,0,0,,0.72866232099841,40,ALL_RESOLVED
final_v2,greedy,map2,93,e807fcfc735986e9,e02d0416b7d51b2a,b3362d9604322a0c,a65eb91a39ef4179,30,18,2,10,0.6,30,21.333333333333332,21.5,0,70,744,10782,25598,0.06679972596975858,0,0,,0.12710350999986986,30,ALL_RESOLVED
final_v2,ucs,map2,93,e807fcfc735986e9,e02d0416b7d51b2a,b3362d9604322a0c,a65eb91a39ef4179,30,18,6,6,0.6,30,21.333333333333332,21.5,0,58,728,140353,148960,0.45283867504258524,0,0,,0.49503577900031814,30,ALL_RESOLVED
final_v2,astar,map2,93,e807fcfc735986e9,e02d0416b7d51b2a,b3362d9604322a0c,a65eb91a39ef4179,30,18,2,10,0.6,30,21.333333333333332,21.5,0,64,744,43150,56571,0.23886345904611517,0,0,,0.30053662799764425,30,ALL_RESOLVED
final_v2,bfs,map2,94,e807fcfc735986e9,e02d0416b7d51b2a,b3362d9604322a0c,a65eb91a39ef4179,30,30,0,0,1.0,40,25.4,25.5,0,110,762,90058,100199,0.2908643309856416,0,0,,0.3685742159977963,40,ALL_RESOLVED
final_v2,ucs,map2,94,e807fcfc735986e9,e02d0416b7d51b2a,b3362d9604322a0c,a65eb91a39ef4179,30,30,0,0,1.0,40,25.4,25.5,0,62,762,127666,137841,0.6510742839636805,0,0,,0.7320563969988143,40,ALL_RESOLVED
final_v2,ga,map2,85,e807fcfc735986e9,e02d0416b7d51b2a,b3362d9604322a0c,a65eb91a39ef4179,30,4,3,23,0.13333333333333333,18,14.25,14.5,30,3,569,0,131101,13.849799034971511,5620,131101,0.25,13.948708840001927,20,ALL_RESOLVED
final_v2,greedy,map2,94,e807fcfc735986e9,e02d0416b7d51b2a,b3362d9604322a0c,a65eb91a39ef4179,30,30,0,0,1.0,41,26.366666666666667,26.5,0,85,791,10749,25645,0.0674162849500135,0,0,,0.14591579000261845,41,ALL_RESOLVED
final_v2,ga,map2,83,e807fcfc735986e9,e02d0416b7d51b2a,b3362d9604322a0c,a65eb91a39ef4179,30,30,0,0,1.0,53,28.4,28.5,24,21,852,0,177968,17.06740793200879,7481,177968,0.25,17.243726239998068,53,ALL_RESOLVED
final_v2,astar,map2,94,e807fcfc735986e9,e02d0416b7d51b2a,b3362d9604322a0c,a65eb91a39ef4179,30,30,0,0,1.0,40,25.4,25.5,0,70,762,33429,46435,0.18986158793632057,0,0,,0.2650318670021079,40,ALL_RESOLVED
final_v2,bfs,map2,95,e807fcfc735986e9,e02d0416b7d51b2a,b3362d9604322a0c,a65eb91a39ef4179,30,30,0,0,1.0,41,26.366666666666667,26.5,0,154,791,81248,90330,0.2635474250673724,0,0,,0.3444033319974551,41,ALL_RESOLVED
final_v2,greedy,map2,95,e807fcfc735986e9,e02d0416b7d51b2a,b3362d9604322a0c,a65eb91a39ef4179,30,30,0,0,1.0,41,26.4,26.5,0,131,792,9736,23405,0.060942890031583374,0,0,,0.14033951300007175,41,ALL_RESOLVED
final_v2,ucs,map2,95,e807fcfc735986e9,e02d0416b7d51b2a,b3362d9604322a0c,a65eb91a39ef4179,30,29,1,0,0.9666666666666667,43,25.96551724137931,26,0,93,763,117155,126001,0.6002820360008627,0,0,,0.6820444199984195,43,ALL_RESOLVED
final_v2,astar,map2,95,e807fcfc735986e9,e02d0416b7d51b2a,b3362d9604322a0c,a65eb91a39ef4179,30,29,1,0,0.9666666666666667,43,25.96551724137931,26,0,103,763,38335,50785,0.21415843997965567,0,0,,0.291211325002223,43,ALL_RESOLVED
final_v2,bfs,map2,96,e807fcfc735986e9,e02d0416b7d51b2a,b3362d9604322a0c,a65eb91a39ef4179,30,30,0,0,1.0,38,23.5,23.5,0,97,705,81128,90128,0.26406772101836395,0,0,,0.33829573200273444,38,ALL_RESOLVED
final_v2,ucs,map2,96,e807fcfc735986e9,e02d0416b7d51b2a,b3362d9604322a0c,a65eb91a39ef4179,30,30,0,0,1.0,38,23.5,23.5,0,61,705,123734,132553,0.6339509840508981,0,0,,0.7117242519998399,38,ALL_RESOLVED
final_v2,greedy,map2,96,e807fcfc735986e9,e02d0416b7d51b2a,b3362d9604322a0c,a65eb91a39ef4179,30,30,0,0,1.0,38,23.5,23.5,0,63,705,9190,22280,0.0575236750410113,0,0,,0.12906009200014523,38,ALL_RESOLVED
final_v2,astar,map2,96,e807fcfc735986e9,e02d0416b7d51b2a,b3362d9604322a0c,a65eb91a39ef4179,30,30,0,0,1.0,38,23.5,23.5,0,71,705,38088,49817,0.2128538900105923,0,0,,0.28619321400037734,38,ALL_RESOLVED
final_v2,ga,map2,84,e807fcfc735986e9,e02d0416b7d51b2a,b3362d9604322a0c,a65eb91a39ef4179,30,26,1,3,0.8666666666666667,41,26.5,28.5,28,21,867,0,192081,18.69243617198299,8136,192081,0.25,18.874954784001602,56,ALL_RESOLVED
final_v2,bfs,map2,97,e807fcfc735986e9,e02d0416b7d51b2a,b3362d9604322a0c,a65eb91a39ef4179,30,30,0,0,1.0,39,24.5,24.5,0,55,735,98882,108529,0.320944310977211,0,0,,0.3953126410015102,39,ALL_RESOLVED
final_v2,ucs,map2,97,e807fcfc735986e9,e02d0416b7d51b2a,b3362d9604322a0c,a65eb91a39ef4179,30,30,0,0,1.0,42,25.2,25.5,0,38,756,137024,146159,0.6990400940412655,0,0,,0.7810416070024075,42,ALL_RESOLVED
final_v2,greedy,map2,97,e807fcfc735986e9,e02d0416b7d51b2a,b3362d9604322a0c,a65eb91a39ef4179,30,28,2,0,0.9333333333333333,39,24.571428571428573,24.5,0,32,724,11150,26537,0.06970157904288499,0,0,,0.13975972600019304,39,ALL_RESOLVED
final_v2,astar,map2,97,e807fcfc735986e9,e02d0416b7d51b2a,b3362d9604322a0c,a65eb91a39ef4179,30,30,0,0,1.0,44,25.233333333333334,25.5,0,37,757,42453,56616,0.237362200015923,0,0,,0.3167027669987874,44,ALL_RESOLVED
final_v2,ga,map2,88,e807fcfc735986e9,e02d0416b7d51b2a,b3362d9604322a0c,a65eb91a39ef4179,30,13,3,14,0.43333333333333335,30,18.76923076923077,18,22,25,736,0,162502,15.880906250022235,6909,162502,0.25,16.008452474001388,30,ALL_RESOLVED
final_v2,bfs,map2,98,e807fcfc735986e9,e02d0416b7d51b2a,b3362d9604322a0c,a65eb91a39ef4179,30,1,1,28,0.03333333333333333,9,9.0,9,0,3,283,64678,69124,0.2099711379778455,0,0,,0.23178321900195442,10,ALL_RESOLVED
final_v2,ucs,map2,98,e807fcfc735986e9,e02d0416b7d51b2a,b3362d9604322a0c,a65eb91a39ef4179,30,1,1,28,0.03333333333333333,9,9.0,9,0,1,283,70915,73931,0.3614882949841558,0,0,,0.38434878299813136,10,ALL_RESOLVED
final_v2,greedy,map2,98,e807fcfc735986e9,e02d0416b7d51b2a,b3362d9604322a0c,a65eb91a39ef4179,30,1,1,28,0.03333333333333333,9,9.0,9,0,1,283,9181,17818,0.05352201299319859,0,0,,0.07317052299913485,10,ALL_RESOLVED
final_v2,astar,map2,98,e807fcfc735986e9,e02d0416b7d51b2a,b3362d9604322a0c,a65eb91a39ef4179,30,1,1,28,0.03333333333333333,9,9.0,9,0,1,283,23867,30277,0.13214363500810578,0,0,,0.15265621999787982,10,ALL_RESOLVED
final_v2,ga,map2,86,e807fcfc735986e9,e02d0416b7d51b2a,b3362d9604322a0c,a65eb91a39ef4179,30,23,7,0,0.7666666666666667,51,28.73913043478261,28,27,8,861,0,187255,18.50189648808373,7963,187255,0.25,18.66988656399917,51,ALL_RESOLVED
final_v2,bfs,map2,99,e807fcfc735986e9,e02d0416b7d51b2a,b3362d9604322a0c,a65eb91a39ef4179,30,30,0,0,1.0,40,25.3,25.5,0,104,759,92754,103347,0.30051549199561123,0,0,,0.3785482610001054,40,ALL_RESOLVED
final_v2,ucs,map2,99,e807fcfc735986e9,e02d0416b7d51b2a,b3362d9604322a0c,a65eb91a39ef4179,30,30,0,0,1.0,41,25.333333333333332,25.5,0,49,760,134398,144434,0.6858975059949444,0,0,,0.7683699400004116,41,ALL_RESOLVED
final_v2,greedy,map2,99,e807fcfc735986e9,e02d0416b7d51b2a,b3362d9604322a0c,a65eb91a39ef4179,30,30,0,0,1.0,41,26.233333333333334,26.5,0,62,787,11373,26945,0.07039300702672335,0,0,,0.1465999499996542,41,ALL_RESOLVED
final_v2,astar,map2,99,e807fcfc735986e9,e02d0416b7d51b2a,b3362d9604322a0c,a65eb91a39ef4179,30,30,0,0,1.0,41,25.366666666666667,25.5,0,42,761,38027,51343,0.21345909793308238,0,0,,0.2901435199964908,41,ALL_RESOLVED
final_v2,ga,map2,93,e807fcfc735986e9,e02d0416b7d51b2a,b3362d9604322a0c,a65eb91a39ef4179,30,10,4,16,0.3333333333333333,28,18.7,18.5,37,7,769,0,169911,10.233424856050988,7261,169911,0.25,10.322915634002129,30,ALL_RESOLVED
final_v2,bfs,map2,100,e807fcfc735986e9,e02d0416b7d51b2a,b3362d9604322a0c,a65eb91a39ef4179,30,30,0,0,1.0,40,25.366666666666667,25.5,0,103,761,99537,110342,0.21360794093925506,0,0,,0.2648498229973484,40,ALL_RESOLVED
final_v2,ucs,map2,100,e807fcfc735986e9,e02d0416b7d51b2a,b3362d9604322a0c,a65eb91a39ef4179,30,30,0,0,1.0,40,25.366666666666667,25.5,0,63,761,137721,146456,0.4441939239950443,0,0,,0.49763192299724324,40,ALL_RESOLVED
final_v2,ga,map2,91,e807fcfc735986e9,e02d0416b7d51b2a,b3362d9604322a0c,a65eb91a39ef4179,30,26,3,1,0.8666666666666667,81,29.423076923076923,28.5,28,12,933,0,206754,12.429264825987048,8826,206754,0.25,12.575821458001883,81,ALL_RESOLVED
final_v2,greedy,map2,100,e807fcfc735986e9,e02d0416b7d51b2a,b3362d9604322a0c,a65eb91a39ef4179,30,30,0,0,1.0,41,26.3,26.5,0,63,789,11425,27067,0.045302701048058225,0,0,,0.09415013600300881,41,ALL_RESOLVED
final_v2,astar,map2,100,e807fcfc735986e9,e02d0416b7d51b2a,b3362d9604322a0c,a65eb91a39ef4179,30,30,0,0,1.0,40,25.366666666666667,25.5,0,75,761,41856,55605,0.14662380691152066,0,0,,0.19383641200329293,40,ALL_RESOLVED
final_v2,bfs,map2,101,e807fcfc735986e9,e02d0416b7d51b2a,b3362d9604322a0c,a65eb91a39ef4179,30,22,5,3,0.7333333333333333,30,19.5,19.5,0,39,651,90321,99451,0.19191680196672678,0,0,,0.23115829499874962,30,ALL_RESOLVED
final_v2,ucs,map2,101,e807fcfc735986e9,e02d0416b7d51b2a,b3362d9604322a0c,a65eb91a39ef4179,30,21,0,9,0.7,30,19.285714285714285,19,0,32,675,129669,137463,0.42665842395217624,0,0,,0.46770938099871273,30,ALL_RESOLVED
final_v2,greedy,map2,101,e807fcfc735986e9,e02d0416b7d51b2a,b3362d9604322a0c,a65eb91a39ef4179,30,20,2,8,0.6666666666666666,29,18.75,18.5,0,25,659,11423,25850,0.04319108598065213,0,0,,0.0798449050016643,30,ALL_RESOLVED
final_v2,astar,map2,101,e807fcfc735986e9,e02d0416b7d51b2a,b3362d9604322a0c,a65eb91a39ef4179,30,21,0,9,0.7,30,19.285714285714285,19,0,33,675,39223,50855,0.1399606479681097,0,0,,0.1778023500010022,30,ALL_RESOLVED
final_v2,ga,map2,98,e807fcfc735986e9,e02d0416b7d51b2a,b3362d9604322a0c,a65eb91a39ef4179,30,1,1,28,0.03333333333333333,9,9.0,9,19,0,283,0,62161,6.582172454967804,2667,62161,0.25,6.628595370002586,10,ALL_RESOLVED
final_v2,bfs,map2,102,e807fcfc735986e9,e02d0416b7d51b2a,b3362d9604322a0c,a65eb91a39ef4179,30,28,0,2,0.9333333333333333,37,23.428571428571427,23.5,2,108,658,65717,74044,0.2141089149590698,0,0,,0.2834697199978109,37,ALL_RESOLVED
final_v2,ga,map2,92,e807fcfc735986e9,e02d0416b7d51b2a,b3362d9604322a0c,a65eb91a39ef4179,30,27,0,3,0.9,51,27.48148148148148,26,30,6,810,0,170162,16.4561904489492,7186,170162,0.25,16.61414777399841,51,ALL_RESOLVED
final_v2,ucs,map2,102,e807fcfc735986e9,e02d0416b7d51b2a,b3362d9604322a0c,a65eb91a39ef4179,30,27,1,2,0.9,37,22.962962962962962,23,2,77,628,93058,100670,0.4768301659387362,0,0,,0.547786355997232,37,ALL_RESOLVED
final_v2,greedy,map2,102,e807fcfc735986e9,e02d0416b7d51b2a,b3362d9604322a0c,a65eb91a39ef4179,30,28,0,2,0.9333333333333333,46,24.071428571428573,23.5,2,72,676,9049,21372,0.05626476401812397,0,0,,0.13521685800151317,46,ALL_RESOLVED
final_v2,astar,map2,102,e807fcfc735986e9,e02d0416b7d51b2a,b3362d9604322a0c,a65eb91a39ef4179,30,28,0,2,0.9333333333333333,37,23.428571428571427,23.5,2,82,658,30436,40597,0.17058795896809897,0,0,,0.23921074500321993,37,ALL_RESOLVED
final_v2,bfs,map2,103,e807fcfc735986e9,e02d0416b7d51b2a,b3362d9604322a0c,a65eb91a39ef4179,30,29,1,0,0.9666666666666667,38,23.79310344827586,24,0,65,696,83230,92331,0.27061590401353897,0,0,,0.34018336000008276,38,ALL_RESOLVED
final_v2,ucs,map2,103,e807fcfc735986e9,e02d0416b7d51b2a,b3362d9604322a0c,a65eb91a39ef4179,30,29,1,0,0.9666666666666667,39,24.413793103448278,25,0,51,714,121485,130802,0.6211698609731684,0,0,,0.6957988620015385,39,ALL_RESOLVED
final_v2,greedy,map2,103,e807fcfc735986e9,e02d0416b7d51b2a,b3362d9604322a0c,a65eb91a39ef4179,30,29,1,0,0.9666666666666667,39,24.413793103448278,25,0,49,714,10117,24034,0.06278068606115994,0,0,,0.1314102489996003,39,ALL_RESOLVED
final_v2,astar,map2,103,e807fcfc735986e9,e02d0416b7d51b2a,b3362d9604322a0c,a65eb91a39ef4179,30,29,1,0,0.9666666666666667,39,24.413793103448278,25,0,49,714,35490,47523,0.19926944004691904,0,0,,0.2687888180007576,39,ALL_RESOLVED
final_v2,ga,map2,90,e807fcfc735986e9,e02d0416b7d51b2a,b3362d9604322a0c,a65eb91a39ef4179,30,30,0,0,1.0,65,33.36666666666667,31.5,42,18,1001,0,213273,20.8975612669783,9022,213273,0.25,21.110447838000255,65,ALL_RESOLVED
final_v2,bfs,map2,104,e807fcfc735986e9,e02d0416b7d51b2a,b3362d9604322a0c,a65eb91a39ef4179,30,30,0,0,1.0,40,25.366666666666667,25.5,0,146,761,80066,89828,0.26052692497250973,0,0,,0.3399056700000074,40,ALL_RESOLVED
final_v2,ga,map2,95,e807fcfc735986e9,e02d0416b7d51b2a,b3362d9604322a0c,a65eb91a39ef4179,30,27,0,3,0.9,51,27.11111111111111,26,23,38,824,0,174865,16.625927899942326,7368,174865,0.25,16.789672206999967,51,ALL_RESOLVED
final_v2,greedy,map2,104,e807fcfc735986e9,e02d0416b7d51b2a,b3362d9604322a0c,a65eb91a39ef4179,30,30,0,0,1.0,41,26.333333333333332,26.5,0,133,790,9752,23484,0.06079379402945051,0,0,,0.14389936099905754,41,ALL_RESOLVED
final_v2,astar,map2,104,e807fcfc735986e9,e02d0416b7d51b2a,b3362d9604322a0c,a65eb91a39ef4179,30,30,0,0,1.0,40,25.366666666666667,25.5,0,102,761,35237,47702,0.1979389779844496,0,0,,0.27399767200040515,40,ALL_RESOLVED
final_v2,ucs,map2,104,e807fcfc735986e9,e02d0416b7d51b2a,b3362d9604322a0c,a65eb91a39ef4179,30,30,0,0,1.0,40,25.366666666666667,25.5,0,104,761,120859,130235,0.6194791929628991,0,0,,0.700732039000286,40,ALL_RESOLVED
final_v2,bfs,map2,105,e807fcfc735986e9,e02d0416b7d51b2a,b3362d9604322a0c,a65eb91a39ef4179,30,21,3,6,0.7,30,19.0,19,0,54,645,78832,87590,0.2569369010052469,0,0,,0.31655597200006014,30,ALL_RESOLVED
final_v2,ucs,map2,105,e807fcfc735986e9,e02d0416b7d51b2a,b3362d9604322a0c,a65eb91a39ef4179,30,21,3,6,0.7,30,18.857142857142858,19,0,28,642,115146,122964,0.5885484509926755,0,0,,0.6498355340008857,30,ALL_RESOLVED
final_v2,greedy,map2,105,e807fcfc735986e9,e02d0416b7d51b2a,b3362d9604322a0c,a65eb91a39ef4179,30,21,3,6,0.7,30,19.238095238095237,20,0,33,650,9365,21838,0.05769561893612263,0,0,,0.11329672700230731,30,ALL_RESOLVED
final_v2,astar,map2,105,e807fcfc735986e9,e02d0416b7d51b2a,b3362d9604322a0c,a65eb91a39ef4179,30,21,4,5,0.7,30,18.857142857142858,19,0,24,630,33778,44225,0.18818825896232738,0,0,,0.24491446899992297,30,ALL_RESOLVED
final_v2,ga,map2,96,e807fcfc735986e9,e02d0416b7d51b2a,b3362d9604322a0c,a65eb91a39ef4179,30,29,1,0,0.9666666666666667,66,28.620689655172413,25,34,12,860,0,184685,17.489275445001113,7832,184685,0.25,17.68077049400017,66,ALL_RESOLVED
final_v2,ga,map2,94,e807fcfc735986e9,e02d0416b7d51b2a,b3362d9604322a0c,a65eb91a39ef4179,30,26,3,1,0.8666666666666667,47,30.384615384615383,31.5,38,19,976,0,207913,20.410083322960418,8783,207913,0.25,20.595596088998718,52,ALL_RESOLVED
final_v2,bfs,map2,106,e807fcfc735986e9,e02d0416b7d51b2a,b3362d9604322a0c,a65eb91a39ef4179,30,30,0,0,1.0,41,26.033333333333335,26.5,0,101,781,101476,111945,0.3295399070048006,0,0,,0.4087010820003343,41,ALL_RESOLVED
final_v2,greedy,map2,106,e807fcfc735986e9,e02d0416b7d51b2a,b3362d9604322a0c,a65eb91a39ef4179,30,30,0,0,1.0,43,27.966666666666665,28.5,0,101,839,11588,27831,0.07268996998755028,0,0,,0.15475467899887008,43,ALL_RESOLVED
final_v2,astar,map2,106,e807fcfc735986e9,e02d0416b7d51b2a,b3362d9604322a0c,a65eb91a39ef4179,30,30,0,0,1.0,42,26.866666666666667,27.5,0,76,806,37274,51825,0.2118288260353438,0,0,,0.29040810399965267,42,ALL_RESOLVED
final_v2,ucs,map2,106,e807fcfc735986e9,e02d0416b7d51b2a,b3362d9604322a0c,a65eb91a39ef4179,30,30,0,0,1.0,42,26.866666666666667,27.5,0,52,806,144985,155436,0.7403842290113971,0,0,,0.824895875997754,42,ALL_RESOLVED
final_v2,bfs,map2,107,e807fcfc735986e9,e02d0416b7d51b2a,b3362d9604322a0c,a65eb91a39ef4179,30,17,0,13,0.5666666666666667,26,17.058823529411764,17,0,44,602,112536,120279,0.3636373650042515,0,0,,0.41892838700005086,26,ALL_RESOLVED
final_v2,ga,map2,100,e807fcfc735986e9,e02d0416b7d51b2a,b3362d9604322a0c,a65eb91a39ef4179,30,21,2,7,0.7,44,23.952380952380953,22,33,17,897,0,196783,12.268540104942076,8404,196783,0.25,12.387844855998992,44,ALL_RESOLVED
final_v2,greedy,map2,107,e807fcfc735986e9,e02d0416b7d51b2a,b3362d9604322a0c,a65eb91a39ef4179,30,14,1,15,0.4666666666666667,26,16.071428571428573,15.5,0,39,609,26226,48640,0.10217774402553914,0,0,,0.14068040599886444,26,ALL_RESOLVED
final_v2,astar,map2,107,e807fcfc735986e9,e02d0416b7d51b2a,b3362d9604322a0c,a65eb91a39ef4179,30,17,0,13,0.5666666666666667,26,17.11764705882353,17,0,34,603,60176,72725,0.21698463403663482,0,0,,0.2543214319994149,26,ALL_RESOLVED
final_v2,ga,map2,101,e807fcfc735986e9,e02d0416b7d51b2a,b3362d9604322a0c,a65eb91a39ef4179,30,15,0,15,0.5,28,16.933333333333334,17,32,10,704,0,155386,11.642352054983348,6637,155386,0.25,11.744614016999549,30,ALL_RESOLVED
final_v2,ucs,map2,107,e807fcfc735986e9,e02d0416b7d51b2a,b3362d9604322a0c,a65eb91a39ef4179,30,17,0,13,0.5666666666666667,26,17.11764705882353,17,0,34,603,127267,132659,0.649003385908145,0,0,,0.7058965960022761,26,ALL_RESOLVED
final_v2,bfs,map2,108,e807fcfc735986e9,e02d0416b7d51b2a,b3362d9604322a0c,a65eb91a39ef4179,30,30,0,0,1.0,40,25.366666666666667,25.5,0,130,761,86781,96355,0.2808686610442237,0,0,,0.35887406499750796,40,ALL_RESOLVED
final_v2,greedy,map2,108,e807fcfc735986e9,e02d0416b7d51b2a,b3362d9604322a0c,a65eb91a39ef4179,30,30,0,0,1.0,41,26.3,26.5,0,100,789,10504,25035,0.06564109098326298,0,0,,0.144881180000084,41,ALL_RESOLVED
final_v2,ucs,map2,108,e807fcfc735986e9,e02d0416b7d51b2a,b3362d9604322a0c,a65eb91a39ef4179,30,30,0,0,1.0,40,25.366666666666667,25.5,0,82,761,131044,140643,0.6691366730192385,0,0,,0.7508179289980035,40,ALL_RESOLVED
final_v2,astar,map2,108,e807fcfc735986e9,e02d0416b7d51b2a,b3362d9604322a0c,a65eb91a39ef4179,30,30,0,0,1.0,40,25.366666666666667,25.5,0,76,761,38672,51643,0.21757650302242837,0,0,,0.2939360509990365,40,ALL_RESOLVED
final_v2,bfs,map2,109,e807fcfc735986e9,e02d0416b7d51b2a,b3362d9604322a0c,a65eb91a39ef4179,30,30,0,0,1.0,39,24.233333333333334,24.5,0,79,727,95077,105293,0.3069314479835157,0,0,,0.38152547599747777,39,ALL_RESOLVED
final_v2,ga,map2,97,e807fcfc735986e9,e02d0416b7d51b2a,b3362d9604322a0c,a65eb91a39ef4179,30,22,8,0,0.7333333333333333,63,27.0,25.0,42,20,866,0,194980,19.227109074981854,8301,194980,0.25,19.42271734500173,72,ALL_RESOLVED
final_v2,greedy,map2,109,e807fcfc735986e9,e02d0416b7d51b2a,b3362d9604322a0c,a65eb91a39ef4179,30,30,0,0,1.0,41,25.633333333333333,26.5,0,65,769,10856,25807,0.06773305804017582,0,0,,0.1450285150021955,41,ALL_RESOLVED
final_v2,ucs,map2,109,e807fcfc735986e9,e02d0416b7d51b2a,b3362d9604322a0c,a65eb91a39ef4179,30,30,0,0,1.0,40,24.8,25.5,0,56,744,135534,145478,0.6963076310130418,0,0,,0.7772746769987862,40,ALL_RESOLVED
final_v2,astar,map2,109,e807fcfc735986e9,e02d0416b7d51b2a,b3362d9604322a0c,a65eb91a39ef4179,30,30,0,0,1.0,43,24.366666666666667,24.5,0,39,731,38444,51498,0.216196239918645,0,0,,0.2958577259996673,43,ALL_RESOLVED
final_v2,bfs,map2,110,e807fcfc735986e9,e02d0416b7d51b2a,b3362d9604322a0c,a65eb91a39ef4179,30,4,5,21,0.13333333333333333,13,11.5,11.5,2,10,468,85009,92227,0.27401477399325813,0,0,,0.31128350400103955,18,ALL_RESOLVED
final_v2,ga,map2,99,e807fcfc735986e9,e02d0416b7d51b2a,b3362d9604322a0c,a65eb91a39ef4179,30,29,1,0,0.9666666666666667,66,31.06896551724138,27,37,11,965,0,208420,16.86573927799691,8829,208420,0.25,17.043589483000687,66,ALL_RESOLVED
final_v2,greedy,map2,110,e807fcfc735986e9,e02d0416b7d51b2a,b3362d9604322a0c,a65eb91a39ef4179,30,5,5,20,0.16666666666666666,18,12.8,12,2,6,470,9889,21132,0.05938098295155214,0,0,,0.09417899199979729,18,ALL_RESOLVED
final_v2,ucs,map2,110,e807fcfc735986e9,e02d0416b7d51b2a,b3362d9604322a0c,a65eb91a39ef4179,30,4,4,22,0.13333333333333333,13,11.5,11.5,2,14,468,106836,112270,0.543022988964367,0,0,,0.5831319089993485,18,ALL_RESOLVED
final_v2,astar,map2,110,e807fcfc735986e9,e02d0416b7d51b2a,b3362d9604322a0c,a65eb91a39ef4179,30,5,4,21,0.16666666666666666,18,12.8,12,2,11,470,30534,39992,0.16991904800306656,0,0,,0.20586664200163796,18,ALL_RESOLVED
final_v2,bfs,map2,111,e807fcfc735986e9,e02d0416b7d51b2a,b3362d9604322a0c,a65eb91a39ef4179,30,8,2,20,0.26666666666666666,18,13.625,13.5,0,12,497,96383,104730,0.30985350199989625,0,0,,0.3488730380013294,18,ALL_RESOLVED
final_v2,ucs,map2,111,e807fcfc735986e9,e02d0416b7d51b2a,b3362d9604322a0c,a65eb91a39ef4179,30,7,1,22,0.23333333333333334,17,13.0,13,0,9,497,118343,124867,0.6009521439955279,0,0,,0.6427376000028744,18,ALL_RESOLVED
final_v2,greedy,map2,111,e807fcfc735986e9,e02d0416b7d51b2a,b3362d9604322a0c,a65eb91a39ef4179,30,8,2,20,0.26666666666666666,18,13.75,14.0,0,6,506,9308,21499,0.05748717702590511,0,0,,0.09308762100044987,18,ALL_RESOLVED
final_v2,ga,map2,102,e807fcfc735986e9,e02d0416b7d51b2a,b3362d9604322a0c,a65eb91a39ef4179,30,26,0,4,0.8666666666666667,90,27.346153846153847,24.5,33,12,763,0,167270,12.792184220001218,7088,167270,0.25,12.953337253002246,90,ALL_RESOLVED
final_v2,astar,map2,111,e807fcfc735986e9,e02d0416b7d51b2a,b3362d9604322a0c,a65eb91a39ef4179,30,8,1,21,0.26666666666666666,18,13.625,13.5,0,9,497,39278,50090,0.2167619229767297,0,0,,0.25442212800044217,18,ALL_RESOLVED
final_v2,bfs,map2,112,e807fcfc735986e9,e02d0416b7d51b2a,b3362d9604322a0c,a65eb91a39ef4179,30,30,0,0,1.0,40,25.433333333333334,25.5,0,106,763,81753,90403,0.2643891299776442,0,0,,0.33893719800107647,40,ALL_RESOLVED
final_v2,ucs,map2,112,e807fcfc735986e9,e02d0416b7d51b2a,b3362d9604322a0c,a65eb91a39ef4179,30,30,0,0,1.0,40,25.433333333333334,25.5,0,76,763,116491,125262,0.5905856260396831,0,0,,0.6679768809990492,40,ALL_RESOLVED
final_v2,greedy,map2,112,e807fcfc735986e9,e02d0416b7d51b2a,b3362d9604322a0c,a65eb91a39ef4179,30,30,0,0,1.0,41,26.433333333333334,26.5,0,108,793,10255,24547,0.0638992699496157,0,0,,0.14029225199919892,41,ALL_RESOLVED
final_v2,astar,map2,112,e807fcfc735986e9,e02d0416b7d51b2a,b3362d9604322a0c,a65eb91a39ef4179,30,30,0,0,1.0,40,25.433333333333334,25.5,0,86,763,40080,52594,0.2225337009804207,0,0,,0.2960938949981937,40,ALL_RESOLVED
final_v2,ga,map2,107,e807fcfc735986e9,e02d0416b7d51b2a,b3362d9604322a0c,a65eb91a39ef4179,30,11,1,18,0.36666666666666664,25,16.272727272727273,15,25,5,623,0,143086,8.961383644982561,6150,143086,0.25,9.037644179999916,25,ALL_RESOLVED
final_v2,bfs,map2,113,e807fcfc735986e9,e02d0416b7d51b2a,b3362d9604322a0c,a65eb91a39ef4179,30,30,0,0,1.0,41,25.866666666666667,26.5,0,106,776,102367,113364,0.21902987297289656,0,0,,0.27195365900115576,41,ALL_RESOLVED
final_v2,ucs,map2,113,e807fcfc735986e9,e02d0416b7d51b2a,b3362d9604322a0c,a65eb91a39ef4179,30,30,0,0,1.0,42,25.9,26.5,0,47,777,143769,153866,0.4531184420484351,0,0,,0.5034014660013781,42,ALL_RESOLVED
final_v2,greedy,map2,113,e807fcfc735986e9,e02d0416b7d51b2a,b3362d9604322a0c,a65eb91a39ef4179,30,29,1,0,0.9666666666666667,43,25.724137931034484,26,0,36,752,11495,26905,0.04311224300545291,0,0,,0.08764215799965314,43,ALL_RESOLVED
final_v2,astar,map2,113,e807fcfc735986e9,e02d0416b7d51b2a,b3362d9604322a0c,a65eb91a39ef4179,30,30,0,0,1.0,41,25.866666666666667,26.5,0,54,776,42688,56473,0.15665477896254743,0,0,,0.20684210800027358,41,ALL_RESOLVED
final_v2,ga,map2,105,e807fcfc735986e9,e02d0416b7d51b2a,b3362d9604322a0c,a65eb91a39ef4179,30,15,1,14,0.5,28,17.666666666666668,17,25,8,643,0,139725,13.61759029800669,5919,139725,0.25,13.735930126000312,30,ALL_RESOLVED
final_v2,bfs,map2,114,e807fcfc735986e9,e02d0416b7d51b2a,b3362d9604322a0c,a65eb91a39ef4179,30,29,1,0,0.9666666666666667,37,22.862068965517242,23,0,146,669,56521,64613,0.18461579006179818,0,0,,0.25578868400043575,37,ALL_RESOLVED
final_v2,ucs,map2,114,e807fcfc735986e9,e02d0416b7d51b2a,b3362d9604322a0c,a65eb91a39ef4179,30,29,1,0,0.9666666666666667,37,22.862068965517242,23,0,126,669,91144,98861,0.46713758000259986,0,0,,0.5402071069984231,37,ALL_RESOLVED
final_v2,greedy,map2,114,e807fcfc735986e9,e02d0416b7d51b2a,b3362d9604322a0c,a65eb91a39ef4179,30,29,0,1,0.9666666666666667,37,22.862068965517242,23,0,112,669,7772,18649,0.0485168009508925,0,0,,0.11780693300170242,37,ALL_RESOLVED
final_v2,astar,map2,114,e807fcfc735986e9,e02d0416b7d51b2a,b3362d9604322a0c,a65eb91a39ef4179,30,29,1,0,0.9666666666666667,37,22.862068965517242,23,0,124,669,26636,36260,0.14919439403092838,0,0,,0.21863042699988,37,ALL_RESOLVED
final_v2,ga,map2,111,e807fcfc735986e9,e02d0416b7d51b2a,b3362d9604322a0c,a65eb91a39ef4179,30,5,2,23,0.16666666666666666,14,11.6,12,24,2,504,0,111153,7.3334392569740885,4765,111153,0.25,7.395919667000271,18,ALL_RESOLVED
final_v2,ga,map2,104,e807fcfc735986e9,e02d0416b7d51b2a,b3362d9604322a0c,a65eb91a39ef4179,30,29,0,1,0.9666666666666667,61,28.517241379310345,27,31,32,847,0,174235,16.617165080944687,7314,174235,0.25,16.796835067998472,61,ALL_RESOLVED
final_v2,ga,map2,103,e807fcfc735986e9,e02d0416b7d51b2a,b3362d9604322a0c,a65eb91a39ef4179,30,29,0,1,0.9666666666666667,54,30.96551724137931,33,34,21,908,0,192697,18.64530389803258,8128,192697,0.25,18.81985156399969,54,ALL_RESOLVED
final_v2,bfs,map2,115,e807fcfc735986e9,e02d0416b7d51b2a,b3362d9604322a0c,a65eb91a39ef4179,30,12,7,11,0.4,25,15.916666666666666,16.5,0,12,541,89132,97215,0.1972411239912617,0,0,,0.2321098840002378,26,ALL_RESOLVED
final_v2,greedy,map2,115,e807fcfc735986e9,e02d0416b7d51b2a,b3362d9604322a0c,a65eb91a39ef4179,30,13,6,11,0.43333333333333335,25,17.153846153846153,18,0,19,567,9918,23104,0.061543493957287865,0,0,,0.1094831249974959,26,ALL_RESOLVED
final_v2,astar,map2,115,e807fcfc735986e9,e02d0416b7d51b2a,b3362d9604322a0c,a65eb91a39ef4179,30,12,6,12,0.4,25,16.25,17.0,0,5,545,31751,42890,0.15659599496939336,0,0,,0.20126181299929158,26,ALL_RESOLVED
final_v2,ucs,map2,115,e807fcfc735986e9,e02d0416b7d51b2a,b3362d9604322a0c,a65eb91a39ef4179,30,12,6,12,0.4,25,15.916666666666666,16.5,0,5,541,109639,116318,0.39666465898699244,0,0,,0.4339999580006406,26,ALL_RESOLVED
final_v2,bfs,map2,116,e807fcfc735986e9,e02d0416b7d51b2a,b3362d9604322a0c,a65eb91a39ef4179,30,30,0,0,1.0,40,25.266666666666666,25.5,0,142,758,79919,89610,0.2584659660496982,0,0,,0.33710360400073114,40,ALL_RESOLVED
final_v2,ga,map2,110,e807fcfc735986e9,e02d0416b7d51b2a,b3362d9604322a0c,a65eb91a39ef4179,30,3,6,21,0.1,12,11.0,11,20,3,475,0,105715,9.671486778966937,4533,105715,0.25,9.74687099899893,18,ALL_RESOLVED
final_v2,greedy,map2,116,e807fcfc735986e9,e02d0416b7d51b2a,b3362d9604322a0c,a65eb91a39ef4179,30,30,0,0,1.0,41,26.233333333333334,26.5,0,123,787,9757,23419,0.06196703200839693,0,0,,0.144046076999075,41,ALL_RESOLVED
final_v2,ucs,map2,116,e807fcfc735986e9,e02d0416b7d51b2a,b3362d9604322a0c,a65eb91a39ef4179,30,30,0,0,1.0,40,25.266666666666666,25.5,0,108,758,116205,125621,0.3918471350843902,0,0,,0.4462439329981862,40,ALL_RESOLVED
final_v2,astar,map2,116,e807fcfc735986e9,e02d0416b7d51b2a,b3362d9604322a0c,a65eb91a39ef4179,30,30,0,0,1.0,40,25.266666666666666,25.5,0,108,758,31144,43197,0.18066444298165152,0,0,,0.2556911039973784,40,ALL_RESOLVED
final_v2,bfs,map2,117,e807fcfc735986e9,e02d0416b7d51b2a,b3362d9604322a0c,a65eb91a39ef4179,30,28,1,1,0.9333333333333333,38,24.428571428571427,24.5,0,123,700,72676,81223,0.15781160498590907,0,0,,0.20180661099948338,38,ALL_RESOLVED
final_v2,greedy,map2,117,e807fcfc735986e9,e02d0416b7d51b2a,b3362d9604322a0c,a65eb91a39ef4179,30,28,1,1,0.9333333333333333,39,25.392857142857142,25.5,0,122,727,8876,21214,0.03288010597680113,0,0,,0.07925457700184779,39,ALL_RESOLVED
final_v2,astar,map2,117,e807fcfc735986e9,e02d0416b7d51b2a,b3362d9604322a0c,a65eb91a39ef4179,30,27,2,1,0.9,42,24.11111111111111,24,0,64,685,32331,43262,0.12163838398555527,0,0,,0.16905218499960029,42,ALL_RESOLVED
final_v2,ucs,map2,117,e807fcfc735986e9,e02d0416b7d51b2a,b3362d9604322a0c,a65eb91a39ef4179,30,28,1,1,0.9333333333333333,38,24.428571428571427,24.5,0,53,700,114384,122795,0.580374841014418,0,0,,0.6525637459999416,38,ALL_RESOLVED
final_v2,bfs,map2,118,e807fcfc735986e9,e02d0416b7d51b2a,b3362d9604322a0c,a65eb91a39ef4179,30,30,0,0,1.0,40,25.266666666666666,25.5,0,85,758,101636,111940,0.3296153030023561,0,0,,0.40870783400168875,40,ALL_RESOLVED
final_v2,ucs,map2,118,e807fcfc735986e9,e02d0416b7d51b2a,b3362d9604322a0c,a65eb91a39ef4179,30,30,0,0,1.0,43,25.466666666666665,25.5,0,57,764,143427,153239,0.7308614589601348,0,0,,0.820514170001843,43,ALL_RESOLVED
final_v2,greedy,map2,118,e807fcfc735986e9,e02d0416b7d51b2a,b3362d9604322a0c,a65eb91a39ef4179,30,30,0,0,1.0,40,25.266666666666666,25.5,0,33,758,11373,27400,0.07152421602586401,0,0,,0.14572686300016358,40,ALL_RESOLVED
final_v2,astar,map2,118,e807fcfc735986e9,e02d0416b7d51b2a,b3362d9604322a0c,a65eb91a39ef4179,30,30,0,0,1.0,42,25.333333333333332,25.5,0,55,760,42654,57181,0.23945018111771788,0,0,,0.31946791100199334,42,ALL_RESOLVED
final_v2,ga,map2,108,e807fcfc735986e9,e02d0416b7d51b2a,b3362d9604322a0c,a65eb91a39ef4179,30,30,0,0,1.0,56,29.4,29.0,25,14,882,0,184650,17.0838614350032,7776,184650,0.25,17.24778819399944,56,ALL_RESOLVED
final_v2,bfs,map2,119,e807fcfc735986e9,e02d0416b7d51b2a,b3362d9604322a0c,a65eb91a39ef4179,30,6,5,19,0.2,16,13.5,13.5,0,18,449,83205,89462,0.17675062695343513,0,0,,0.19960016299955896,16,ALL_RESOLVED
final_v2,ucs,map2,119,e807fcfc735986e9,e02d0416b7d51b2a,b3362d9604322a0c,a65eb91a39ef4179,30,6,3,21,0.2,16,13.5,13.5,0,15,453,102929,107538,0.34195186001306865,0,0,,0.36800498999946285,16,ALL_RESOLVED
final_v2,greedy,map2,119,e807fcfc735986e9,e02d0416b7d51b2a,b3362d9604322a0c,a65eb91a39ef4179,30,5,2,23,0.16666666666666666,16,14.0,14,0,10,450,12272,23474,0.04507903804551461,0,0,,0.06617708200064953,16,ALL_RESOLVED
final_v2,ga,map2,112,e807fcfc735986e9,e02d0416b7d51b2a,b3362d9604322a0c,a65eb91a39ef4179,30,23,2,5,0.7666666666666667,37,23.73913043478261,25,23,17,722,0,152694,12.317346417974477,6448,152694,0.25,12.428836842002056,40,ALL_RESOLVED
final_v2,astar,map2,119,e807fcfc735986e9,e02d0416b7d51b2a,b3362d9604322a0c,a65eb91a39ef4179,30,6,3,21,0.2,16,13.5,13.5,0,15,453,35129,43421,0.12580804398749024,0,0,,0.14902387100300984,16,ALL_RESOLVED
final_v2,ga,map2,106,e807fcfc735986e9,e02d0416b7d51b2a,b3362d9604322a0c,a65eb91a39ef4179,30,25,2,3,0.8333333333333334,46,30.24,32,48,22,986,0,208549,20.323528822922526,8814,208549,0.25,20.50298137700156,46,ALL_RESOLVED
final_v2,bfs,map2,120,e807fcfc735986e9,e02d0416b7d51b2a,b3362d9604322a0c,a65eb91a39ef4179,30,30,0,0,1.0,37,22.5,22.5,0,71,675,79959,88923,0.16640842195192818,0,0,,0.21526885499770287,37,ALL_RESOLVED
final_v2,greedy,map2,120,e807fcfc735986e9,e02d0416b7d51b2a,b3362d9604322a0c,a65eb91a39ef4179,30,29,1,0,0.9666666666666667,38,23.620689655172413,24,0,64,719,9573,22791,0.038013837052858435,0,0,,0.08381654400000116,38,ALL_RESOLVED
final_v2,astar,map2,120,e807fcfc735986e9,e02d0416b7d51b2a,b3362d9604322a0c,a65eb91a39ef4179,30,29,1,0,0.9666666666666667,37,22.586206896551722,23,0,52,685,33442,44663,0.11876991496683331,0,0,,0.16371180599890067,37,ALL_RESOLVED
final_v2,ucs,map2,120,e807fcfc735986e9,e02d0416b7d51b2a,b3362d9604322a0c,a65eb91a39ef4179,30,30,0,0,1.0,38,23.1,23.5,0,59,693,117944,126565,0.603889417991013,0,0,,0.6794505500001833,38,ALL_RESOLVED
final_v2,bfs,map2,121,e807fcfc735986e9,e02d0416b7d51b2a,b3362d9604322a0c,a65eb91a39ef4179,30,20,1,9,0.6666666666666666,37,21.45,21.5,0,26,729,130015,138992,0.4199203750540619,0,0,,0.48867212099867174,37,ALL_RESOLVED
final_v2,ga,map2,109,e807fcfc735986e9,e02d0416b7d51b2a,b3362d9604322a0c,a65eb91a39ef4179,30,30,0,0,1.0,60,30.2,28.5,24,12,906,0,193489,18.503362387946254,8166,193489,0.25,18.695570088999375,60,ALL_RESOLVED
final_v2,greedy,map2,121,e807fcfc735986e9,e02d0416b7d51b2a,b3362d9604322a0c,a65eb91a39ef4179,30,22,5,3,0.7333333333333333,39,23.454545454545453,23.5,0,20,716,12026,28248,0.0754333079312346,0,0,,0.14004266700067092,39,ALL_RESOLVED
final_v2,ucs,map2,121,e807fcfc735986e9,e02d0416b7d51b2a,b3362d9604322a0c,a65eb91a39ef4179,30,20,1,9,0.6666666666666666,37,21.45,21.5,0,22,729,151798,159918,0.7730961659763125,0,0,,0.8446361710011843,37,ALL_RESOLVED
final_v2,astar,map2,121,e807fcfc735986e9,e02d0416b7d51b2a,b3362d9604322a0c,a65eb91a39ef4179,30,20,2,8,0.6666666666666666,37,21.45,21.5,0,20,729,50791,66281,0.28329561404461856,0,0,,0.3495907230026205,37,ALL_RESOLVED
final_v2,bfs,map2,122,e807fcfc735986e9,e02d0416b7d51b2a,b3362d9604322a0c,a65eb91a39ef4179,30,25,1,4,0.8333333333333334,35,22.6,23,0,36,657,97457,106397,0.31632783801615005,0,0,,0.3799491429999762,35,ALL_RESOLVED
final_v2,ucs,map2,122,e807fcfc735986e9,e02d0416b7d51b2a,b3362d9604322a0c,a65eb91a39ef4179,30,25,2,3,0.8333333333333334,40,22.88,23,0,17,668,120039,127790,0.6140824950671231,0,0,,0.6857831070010434,40,ALL_RESOLVED
final_v2,greedy,map2,122,e807fcfc735986e9,e02d0416b7d51b2a,b3362d9604322a0c,a65eb91a39ef4179,30,22,3,5,0.7333333333333333,42,24.0,23.5,0,24,694,15157,32607,0.09208045204286464,0,0,,0.16068649699809612,42,ALL_RESOLVED
final_v2,astar,map2,122,e807fcfc735986e9,e02d0416b7d51b2a,b3362d9604322a0c,a65eb91a39ef4179,30,26,1,3,0.8666666666666667,43,23.615384615384617,23.5,0,18,680,39793,52429,0.2229103199315432,0,0,,0.29318272700038506,43,ALL_RESOLVED
final_v2,ga,map2,119,e807fcfc735986e9,e02d0416b7d51b2a,b3362d9604322a0c,a65eb91a39ef4179,30,6,2,22,0.2,16,13.5,13.5,23,5,459,0,98205,6.062135952000972,4181,98205,0.25,6.113494503999391,16,ALL_RESOLVED
final_v2,bfs,map2,123,e807fcfc735986e9,e02d0416b7d51b2a,b3362d9604322a0c,a65eb91a39ef4179,30,13,5,12,0.43333333333333335,28,19.153846153846153,19,0,40,649,122302,133140,0.2596484519963269,0,0,,0.2972029000011389,28,ALL_RESOLVED
final_v2,ga,map2,115,e807fcfc735986e9,e02d0416b7d51b2a,b3362d9604322a0c,a65eb91a39ef4179,30,10,7,13,0.3333333333333333,22,15.5,16.5,14,9,573,0,127713,12.92338075601947,5459,127713,0.25,13.029996155997651,26,ALL_RESOLVED
final_v2,greedy,map2,123,e807fcfc735986e9,e02d0416b7d51b2a,b3362d9604322a0c,a65eb91a39ef4179,30,8,5,17,0.26666666666666666,28,19.125,20.5,0,37,685,20789,41428,0.12111688698496437,0,0,,0.17740629100080696,28,ALL_RESOLVED
final_v2,ucs,map2,123,e807fcfc735986e9,e02d0416b7d51b2a,b3362d9604322a0c,a65eb91a39ef4179,30,12,3,15,0.4,28,19.666666666666668,21.0,0,50,682,158432,165737,0.5215323491065647,0,0,,0.5619775160012068,28,ALL_RESOLVED
final_v2,astar,map2,123,e807fcfc735986e9,e02d0416b7d51b2a,b3362d9604322a0c,a65eb91a39ef4179,30,12,3,15,0.4,28,19.666666666666668,21.0,0,45,682,61351,75940,0.3353292439933284,0,0,,0.3930183320007927,28,ALL_RESOLVED
final_v2,bfs,map2,124,e807fcfc735986e9,e02d0416b7d51b2a,b3362d9604322a0c,a65eb91a39ef4179,30,28,1,1,0.9333333333333333,38,24.464285714285715,24.5,0,78,697,88648,97826,0.28757037598552415,0,0,,0.3604585640023288,38,ALL_RESOLVED
final_v2,ga,map2,113,e807fcfc735986e9,e02d0416b7d51b2a,b3362d9604322a0c,a65eb91a39ef4179,30,27,2,1,0.9,64,31.555555555555557,31,31,21,934,0,206646,16.77928454800349,8768,206646,0.25,16.953529455000535,64,ALL_RESOLVED
final_v2,ga,map2,117,e807fcfc735986e9,e02d0416b7d51b2a,b3362d9604322a0c,a65eb91a39ef4179,30,27,0,3,0.9,42,26.59259259259259,28,28,22,776,0,158729,13.182027728995308,6648,158729,0.25,13.313236390000384,42,ALL_RESOLVED
final_v2,greedy,map2,124,e807fcfc735986e9,e02d0416b7d51b2a,b3362d9604322a0c,a65eb91a39ef4179,30,28,0,2,0.9333333333333333,39,25.035714285714285,25.5,0,38,713,10598,25169,0.06565822201810079,0,0,,0.13671769500069786,39,ALL_RESOLVED
final_v2,ucs,map2,124,e807fcfc735986e9,e02d0416b7d51b2a,b3362d9604322a0c,a65eb91a39ef4179,30,28,1,1,0.9333333333333333,40,24.964285714285715,24.5,0,48,711,128840,138119,0.6577543339626573,0,0,,0.7367200609987776,40,ALL_RESOLVED
final_v2,astar,map2,124,e807fcfc735986e9,e02d0416b7d51b2a,b3362d9604322a0c,a65eb91a39ef4179,30,28,1,1,0.9333333333333333,39,24.928571428571427,24.5,0,43,710,36902,49510,0.20685275300274952,0,0,,0.27905182399990736,39,ALL_RESOLVED
final_v2,bfs,map2,125,e807fcfc735986e9,e02d0416b7d51b2a,b3362d9604322a0c,a65eb91a39ef4179,30,30,0,0,1.0,39,24.433333333333334,24.5,0,111,733,84343,93717,0.2742565929693228,0,0,,0.3512262309996004,39,ALL_RESOLVED
final_v2,greedy,map2,125,e807fcfc735986e9,e02d0416b7d51b2a,b3362d9604322a0c,a65eb91a39ef4179,30,30,0,0,1.0,39,24.433333333333334,24.5,0,49,733,10310,24774,0.06444737598940264,0,0,,0.1374214329989627,39,ALL_RESOLVED
final_v2,astar,map2,125,e807fcfc735986e9,e02d0416b7d51b2a,b3362d9604322a0c,a65eb91a39ef4179,30,30,0,0,1.0,39,24.433333333333334,24.5,0,75,733,37968,50298,0.21170579297540826,0,0,,0.286883864999254,39,ALL_RESOLVED
final_v2,ucs,map2,125,e807fcfc735986e9,e02d0416b7d51b2a,b3362d9604322a0c,a65eb91a39ef4179,30,30,0,0,1.0,41,24.633333333333333,24.5,0,69,739,128276,137411,0.6633614820821094,0,0,,0.7474897499996587,41,ALL_RESOLVED
final_v2,bfs,map2,126,e807fcfc735986e9,e02d0416b7d51b2a,b3362d9604322a0c,a65eb91a39ef4179,30,5,4,21,0.16666666666666666,16,13.4,14,0,10,403,79953,86283,0.260235656020086,0,0,,0.2928101420002349,16,ALL_RESOLVED
final_v2,ucs,map2,126,e807fcfc735986e9,e02d0416b7d51b2a,b3362d9604322a0c,a65eb91a39ef4179,30,5,3,22,0.16666666666666666,16,13.4,14,0,14,403,92495,96745,0.4723861000202305,0,0,,0.5069883079995634,16,ALL_RESOLVED
final_v2,greedy,map2,126,e807fcfc735986e9,e02d0416b7d51b2a,b3362d9604322a0c,a65eb91a39ef4179,30,5,2,23,0.16666666666666666,16,13.4,14,0,5,403,11619,23482,0.06857525098894257,0,0,,0.09858060700207716,16,ALL_RESOLVED
final_v2,astar,map2,126,e807fcfc735986e9,e02d0416b7d51b2a,b3362d9604322a0c,a65eb91a39ef4179,30,5,4,21,0.16666666666666666,16,13.4,14,0,12,403,34408,43260,0.1908834280402516,0,0,,0.22273326100184931,16,ALL_RESOLVED
final_v2,ga,map2,114,e807fcfc735986e9,e02d0416b7d51b2a,b3362d9604322a0c,a65eb91a39ef4179,30,28,1,1,0.9333333333333333,56,26.25,23.5,31,22,853,0,187022,17.986593097004516,7899,187022,0.25,18.232823722999456,112,ALL_RESOLVED
final_v2,ga,map2,120,e807fcfc735986e9,e02d0416b7d51b2a,b3362d9604322a0c,a65eb91a39ef4179,30,24,2,4,0.8,37,23.75,25.5,30,29,812,0,169529,10.938057178958843,7159,169529,0.25,11.050267057002202,42,ALL_RESOLVED
final_v2,bfs,map2,127,e807fcfc735986e9,e02d0416b7d51b2a,b3362d9604322a0c,a65eb91a39ef4179,30,28,0,2,0.9333333333333333,38,23.642857142857142,24.5,0,48,712,98969,108291,0.31961670401506126,0,0,,0.4011378219984181,46,ALL_RESOLVED
final_v2,greedy,map2,127,e807fcfc735986e9,e02d0416b7d51b2a,b3362d9604322a0c,a65eb91a39ef4179,30,29,0,1,0.9666666666666667,40,25.448275862068964,26,0,42,742,10827,25887,0.0678981459714123,0,0,,0.1400231689985958,40,ALL_RESOLVED
final_v2,ucs,map2,127,e807fcfc735986e9,e02d0416b7d51b2a,b3362d9604322a0c,a65eb91a39ef4179,30,26,2,2,0.8666666666666667,44,23.5,24.5,0,21,735,136479,145884,0.44470749296669965,0,0,,0.5004629149989341,46,ALL_RESOLVED
final_v2,ga,map2,116,e807fcfc735986e9,e02d0416b7d51b2a,b3362d9604322a0c,a65eb91a39ef4179,30,29,0,1,0.9666666666666667,85,29.655172413793103,28,37,44,874,0,186209,17.761222351960896,7865,186209,0.25,17.97986842699902,85,ALL_RESOLVED
final_v2,astar,map2,127,e807fcfc735986e9,e02d0416b7d51b2a,b3362d9604322a0c,a65eb91a39ef4179,30,28,0,2,0.9333333333333333,39,24.392857142857142,25.5,0,29,733,37474,50989,0.2120719620397722,0,0,,0.2934108400004334,46,ALL_RESOLVED
final_v2,bfs,map2,128,e807fcfc735986e9,e02d0416b7d51b2a,b3362d9604322a0c,a65eb91a39ef4179,30,30,0,0,1.0,40,25.4,25.5,0,147,762,79900,89837,0.25933608302875655,0,0,,0.33742706399789313,40,ALL_RESOLVED
final_v2,greedy,map2,128,e807fcfc735986e9,e02d0416b7d51b2a,b3362d9604322a0c,a65eb91a39ef4179,30,30,0,0,1.0,42,27.333333333333332,27.5,0,139,820,10521,25222,0.0652420319711382,0,0,,0.14859722099936334,42,ALL_RESOLVED
final_v2,astar,map2,128,e807fcfc735986e9,e02d0416b7d51b2a,b3362d9604322a0c,a65eb91a39ef4179,30,30,0,0,1.0,41,25.433333333333334,25.5,0,106,763,37207,50016,0.20835356602765387,0,0,,0.28588430200034054,41,ALL_RESOLVED
final_v2,ucs,map2,128,e807fcfc735986e9,e02d0416b7d51b2a,b3362d9604322a0c,a65eb91a39ef4179,30,30,0,0,1.0,40,25.4,25.5,0,111,762,119987,129114,0.6113756880185974,0,0,,0.6929689819990017,40,ALL_RESOLVED
final_v2,bfs,map2,129,e807fcfc735986e9,e02d0416b7d51b2a,b3362d9604322a0c,a65eb91a39ef4179,30,30,0,0,1.0,39,24.5,24.5,0,124,735,78857,88297,0.2557310099728056,0,0,,0.3316032949987857,39,ALL_RESOLVED
final_v2,ucs,map2,129,e807fcfc735986e9,e02d0416b7d51b2a,b3362d9604322a0c,a65eb91a39ef4179,30,30,0,0,1.0,39,24.5,24.5,0,82,735,120215,129476,0.6156530259722786,0,0,,0.6946261529992626,39,ALL_RESOLVED
final_v2,greedy,map2,129,e807fcfc735986e9,e02d0416b7d51b2a,b3362d9604322a0c,a65eb91a39ef4179,30,30,0,0,1.0,39,24.5,24.5,0,80,735,9487,22795,0.05939414906242746,0,0,,0.13312463100010063,39,ALL_RESOLVED
final_v2,astar,map2,129,e807fcfc735986e9,e02d0416b7d51b2a,b3362d9604322a0c,a65eb91a39ef4179,30,30,0,0,1.0,39,24.5,24.5,0,88,735,36466,48332,0.20421443200757494,0,0,,0.2785862189994077,39,ALL_RESOLVED
final_v2,ga,map2,118,e807fcfc735986e9,e02d0416b7d51b2a,b3362d9604322a0c,a65eb91a39ef4179,30,29,1,0,0.9666666666666667,73,33.310344827586206,31,34,13,1020,0,220092,21.549639911925624,9341,220092,0.25,21.77000640999904,73,ALL_RESOLVED
final_v2,bfs,map2,130,e807fcfc735986e9,e02d0416b7d51b2a,b3362d9604322a0c,a65eb91a39ef4179,30,30,0,0,1.0,39,24.333333333333332,24.5,0,101,730,84795,94482,0.23929871903601452,0,0,,0.2935689170008118,39,ALL_RESOLVED
final_v2,ucs,map2,130,e807fcfc735986e9,e02d0416b7d51b2a,b3362d9604322a0c,a65eb91a39ef4179,30,30,0,0,1.0,39,24.333333333333332,24.5,0,57,730,123524,132880,0.4105558190094598,0,0,,0.4608617019985104,39,ALL_RESOLVED
final_v2,greedy,map2,130,e807fcfc735986e9,e02d0416b7d51b2a,b3362d9604322a0c,a65eb91a39ef4179,30,30,0,0,1.0,41,26.133333333333333,26.5,0,105,784,10127,24225,0.03835894092480885,0,0,,0.08573709600022994,41,ALL_RESOLVED
final_v2,astar,map2,130,e807fcfc735986e9,e02d0416b7d51b2a,b3362d9604322a0c,a65eb91a39ef4179,30,30,0,0,1.0,39,24.333333333333332,24.5,0,61,730,35287,47777,0.12717168606104678,0,0,,0.17400185500082443,39,ALL_RESOLVED
final_v2,ga,map2,121,e807fcfc735986e9,e02d0416b7d51b2a,b3362d9604322a0c,a65eb91a39ef4179,30,9,6,15,0.3,28,18.444444444444443,21,35,7,728,0,170913,17.508454320970486,7409,170913,0.25,17.64525441099977,30,ALL_RESOLVED
final_v2,bfs,map2,131,e807fcfc735986e9,e02d0416b7d51b2a,b3362d9604322a0c,a65eb91a39ef4179,30,29,1,0,0.9666666666666667,38,23.448275862068964,23,0,46,688,83352,90615,0.26987233895852114,0,0,,0.33702323800025624,38,ALL_RESOLVED
final_v2,ga,map2,123,e807fcfc735986e9,e02d0416b7d51b2a,b3362d9604322a0c,a65eb91a39ef4179,30,5,3,22,0.16666666666666666,23,14.6,13,38,9,651,0,160241,13.348604910977883,6960,160241,0.25,13.45046773300055,26,ALL_RESOLVED
final_v2,ga,map2,122,e807fcfc735986e9,e02d0416b7d51b2a,b3362d9604322a0c,a65eb91a39ef4179,30,17,7,6,0.5666666666666667,51,27.058823529411764,29,32,7,710,0,161203,16.193940032986575,6896,161203,0.25,16.345033052999497,51,ALL_RESOLVED
final_v2,greedy,map2,131,e807fcfc735986e9,e02d0416b7d51b2a,b3362d9604322a0c,a65eb91a39ef4179,30,29,1,0,0.9666666666666667,41,24.79310344827586,23,0,65,727,10361,24266,0.06413501499264385,0,0,,0.13336828499814146,41,ALL_RESOLVED
final_v2,ga,map2,126,e807fcfc735986e9,e02d0416b7d51b2a,b3362d9604322a0c,a65eb91a39ef4179,30,4,0,26,0.13333333333333333,16,13.75,14.5,21,1,411,0,97646,9.993876957032626,4185,97646,0.25,10.065713333999156,16,ALL_RESOLVED
final_v2,astar,map2,131,e807fcfc735986e9,e02d0416b7d51b2a,b3362d9604322a0c,a65eb91a39ef4179,30,29,1,0,0.9666666666666667,39,23.82758620689655,23,0,39,699,37581,49685,0.21122092798759695,0,0,,0.27912237999771605,39,ALL_RESOLVED
final_v2,ucs,map2,131,e807fcfc735986e9,e02d0416b7d51b2a,b3362d9604322a0c,a65eb91a39ef4179,30,29,1,0,0.9666666666666667,40,24.03448275862069,23,0,39,705,113407,121593,0.579239023005357,0,0,,0.6522412189988245,40,ALL_RESOLVED
final_v2,bfs,map2,132,e807fcfc735986e9,e02d0416b7d51b2a,b3362d9604322a0c,a65eb91a39ef4179,30,28,2,0,0.9333333333333333,37,23.25,23.5,0,39,671,93221,102232,0.3031413240460097,0,0,,0.3717746759975853,37,ALL_RESOLVED
final_v2,ga,map2,124,e807fcfc735986e9,e02d0416b7d51b2a,b3362d9604322a0c,a65eb91a39ef4179,30,28,1,1,0.9333333333333333,70,32.5,32.5,25,23,922,0,197351,12.718621233030717,8365,197351,0.25,12.874289789000613,70,ALL_RESOLVED
final_v2,greedy,map2,132,e807fcfc735986e9,e02d0416b7d51b2a,b3362d9604322a0c,a65eb91a39ef4179,30,24,6,0,0.8,58,25.583333333333332,23.5,0,29,672,15091,31457,0.09023852198879467,0,0,,0.17838006300007692,58,ALL_RESOLVED
final_v2,astar,map2,132,e807fcfc735986e9,e02d0416b7d51b2a,b3362d9604322a0c,a65eb91a39ef4179,30,28,2,0,0.9333333333333333,41,24.214285714285715,23.5,0,29,696,39217,52088,0.21992672089618281,0,0,,0.2925457489982364,41,ALL_RESOLVED
final_v2,ucs,map2,132,e807fcfc735986e9,e02d0416b7d51b2a,b3362d9604322a0c,a65eb91a39ef4179,30,26,4,0,0.8666666666666667,38,23.0,22.5,0,23,656,110899,117853,0.568198626046069,0,0,,0.6399965429991425,38,ALL_RESOLVED
final_v2,greedy,map2,133,e807fcfc735986e9,e02d0416b7d51b2a,b3362d9604322a0c,a65eb91a39ef4179,30,12,8,10,0.4,27,20.333333333333332,21.5,0,12,700,11769,27371,0.07273930199517054,0,0,,0.12330175099850749,27,ALL_RESOLVED
final_v2,bfs,map2,133,e807fcfc735986e9,e02d0416b7d51b2a,b3362d9604322a0c,a65eb91a39ef4179,30,10,8,12,0.3333333333333333,26,19.0,18.5,0,46,702,111914,124000,0.3642216619773535,0,0,,0.4208920429991849,26,ALL_RESOLVED
final_v2,astar,map2,133,e807fcfc735986e9,e02d0416b7d51b2a,b3362d9604322a0c,a65eb91a39ef4179,30,8,6,16,0.26666666666666666,24,17.375,17.5,0,38,703,39983,54075,0.22545272300340002,0,0,,0.27949542599890265,26,ALL_RESOLVED
final_v2,ucs,map2,133,e807fcfc735986e9,e02d0416b7d51b2a,b3362d9604322a0c,a65eb91a39ef4179,30,8,6,16,0.26666666666666666,24,17.375,17.5,0,33,703,146378,155669,0.7459643949696328,0,0,,0.8052192850009305,26,ALL_RESOLVED
final_v2,bfs,map2,134,e807fcfc735986e9,e02d0416b7d51b2a,b3362d9604322a0c,a65eb91a39ef4179,30,21,6,3,0.7,36,22.80952380952381,22,0,34,755,128562,139620,0.4172276060526201,0,0,,0.48686763400110067,36,ALL_RESOLVED
final_v2,greedy,map2,134,e807fcfc735986e9,e02d0416b7d51b2a,b3362d9604322a0c,a65eb91a39ef4179,30,12,8,10,0.4,35,20.916666666666668,18.5,0,22,803,23748,47279,0.13920045098348055,0,0,,0.2058407519980392,36,ALL_RESOLVED
final_v2,ucs,map2,134,e807fcfc735986e9,e02d0416b7d51b2a,b3362d9604322a0c,a65eb91a39ef4179,30,20,6,4,0.6666666666666666,36,22.75,22.5,0,31,769,163987,171185,0.8315205869948841,0,0,,0.9059953280011541,36,ALL_RESOLVED
final_v2,astar,map2,134,e807fcfc735986e9,e02d0416b7d51b2a,b3362d9604322a0c,a65eb91a39ef4179,30,20,4,6,0.6666666666666666,36,22.95,23.0,0,37,789,67905,84325,0.3730480590274965,0,0,,0.443425166002271,36,ALL_RESOLVED
final_v2,bfs,map2,135,e807fcfc735986e9,e02d0416b7d51b2a,b3362d9604322a0c,a65eb91a39ef4179,30,30,0,0,1.0,40,25.433333333333334,25.5,0,134,763,83606,93277,0.27203625404217746,0,0,,0.34939344900340075,40,ALL_RESOLVED
final_v2,ucs,map2,135,e807fcfc735986e9,e02d0416b7d51b2a,b3362d9604322a0c,a65eb91a39ef4179,30,30,0,0,1.0,47,26.0,25.5,0,95,780,124346,132685,0.6360440769603883,0,0,,0.7254973700000846,47,ALL_RESOLVED
final_v2,greedy,map2,135,e807fcfc735986e9,e02d0416b7d51b2a,b3362d9604322a0c,a65eb91a39ef4179,30,28,2,0,0.9333333333333333,57,28.0,25.5,0,105,842,13480,30878,0.08323476700024912,0,0,,0.18020482000065385,57,ALL_RESOLVED
final_v2,astar,map2,135,e807fcfc735986e9,e02d0416b7d51b2a,b3362d9604322a0c,a65eb91a39ef4179,30,30,0,0,1.0,42,25.733333333333334,25.5,0,99,772,42636,55555,0.23810126799799036,0,0,,0.3172205529990606,42,ALL_RESOLVED
final_v2,ga,map2,127,e807fcfc735986e9,e02d0416b7d51b2a,b3362d9604322a0c,a65eb91a39ef4179,30,23,2,5,0.7666666666666667,43,26.391304347826086,31,31,7,867,0,185602,14.342738891922636,7861,185602,0.25,14.481485688000248,46,ALL_RESOLVED
final_v2,ga,map2,128,e807fcfc735986e9,e02d0416b7d51b2a,b3362d9604322a0c,a65eb91a39ef4179,30,29,0,1,0.9666666666666667,64,30.75862068965517,28,33,21,906,0,189553,13.344518001988035,7995,189553,0.25,13.485201497001981,64,ALL_RESOLVED
final_v2,bfs,map2,136,e807fcfc735986e9,e02d0416b7d51b2a,b3362d9604322a0c,a65eb91a39ef4179,30,29,1,0,0.9666666666666667,40,24.586206896551722,24,0,42,729,96259,104710,0.31951490800565807,0,0,,0.3950020679985755,40,ALL_RESOLVED
final_v2,ucs,map2,136,e807fcfc735986e9,e02d0416b7d51b2a,b3362d9604322a0c,a65eb91a39ef4179,30,29,1,0,0.9666666666666667,41,24.79310344827586,24,0,36,735,129064,137964,0.44642429304440157,0,0,,0.5015020659993752,41,ALL_RESOLVED
final_v2,greedy,map2,136,e807fcfc735986e9,e02d0416b7d51b2a,b3362d9604322a0c,a65eb91a39ef4179,30,29,1,0,0.9666666666666667,40,24.448275862068964,24,0,22,725,11181,26515,0.07133790893931291,0,0,,0.14210389200161444,40,ALL_RESOLVED
final_v2,astar,map2,136,e807fcfc735986e9,e02d0416b7d51b2a,b3362d9604322a0c,a65eb91a39ef4179,30,29,1,0,0.9666666666666667,40,24.586206896551722,24,0,34,729,44446,58030,0.1632068209692079,0,0,,0.20946017599999323,40,ALL_RESOLVED
final_v2,bfs,map2,137,e807fcfc735986e9,e02d0416b7d51b2a,b3362d9604322a0c,a65eb91a39ef4179,30,14,2,14,0.4666666666666667,21,14.5,14.5,0,23,533,84027,92006,0.17478310695150867,0,0,,0.2030988430014986,22,ALL_RESOLVED
final_v2,ucs,map2,137,e807fcfc735986e9,e02d0416b7d51b2a,b3362d9604322a0c,a65eb91a39ef4179,30,14,2,14,0.4666666666666667,21,14.5,14.5,0,20,541,110337,116374,0.3619870870243176,0,0,,0.3963612389998161,22,ALL_RESOLVED
final_v2,greedy,map2,137,e807fcfc735986e9,e02d0416b7d51b2a,b3362d9604322a0c,a65eb91a39ef4179,30,15,2,13,0.5,22,15.0,15,0,14,543,8761,20742,0.03365640199990594,0,0,,0.061932341999636265,22,ALL_RESOLVED
final_v2,astar,map2,137,e807fcfc735986e9,e02d0416b7d51b2a,b3362d9604322a0c,a65eb91a39ef4179,30,15,1,14,0.5,22,15.0,15,0,21,543,36824,47084,0.1259492029385001,0,0,,0.15416238699981477,22,ALL_RESOLVED
final_v2,ga,map2,125,e807fcfc735986e9,e02d0416b7d51b2a,b3362d9604322a0c,a65eb91a39ef4179,30,28,0,2,0.9333333333333333,64,30.214285714285715,27.5,35,9,958,0,206010,20.18515278995983,8734,206010,0.25,20.41826193900124,84,ALL_RESOLVED
final_v2,bfs,map2,138,e807fcfc735986e9,e02d0416b7d51b2a,b3362d9604322a0c,a65eb91a39ef4179,30,17,10,3,0.5666666666666667,28,19.764705882352942,20,1,47,625,81995,90920,0.2660730199822865,0,0,,0.3229442170013499,28,ALL_RESOLVED
final_v2,ucs,map2,138,e807fcfc735986e9,e02d0416b7d51b2a,b3362d9604322a0c,a65eb91a39ef4179,30,15,10,5,0.5,28,18.866666666666667,19,1,34,638,121963,129667,0.6232419129883056,0,0,,0.6834512440000253,28,ALL_RESOLVED
final_v2,greedy,map2,138,e807fcfc735986e9,e02d0416b7d51b2a,b3362d9604322a0c,a65eb91a39ef4179,30,15,10,5,0.5,28,18.866666666666667,19,1,24,630,10060,23409,0.06249735804885859,0,0,,0.11454726699957973,28,ALL_RESOLVED
final_v2,astar,map2,138,e807fcfc735986e9,e02d0416b7d51b2a,b3362d9604322a0c,a65eb91a39ef4179,30,15,10,5,0.5,28,18.866666666666667,19,1,31,640,32763,43811,0.1842770110051788,0,0,,0.2395301059987105,28,ALL_RESOLVED
final_v2,ga,map2,129,e807fcfc735986e9,e02d0416b7d51b2a,b3362d9604322a0c,a65eb91a39ef4179,30,29,1,0,0.9666666666666667,63,28.586206896551722,25,22,17,841,0,173632,16.80029561900301,7293,173632,0.25,16.987955341002817,63,ALL_RESOLVED
final_v2,bfs,map2,139,e807fcfc735986e9,e02d0416b7d51b2a,b3362d9604322a0c,a65eb91a39ef4179,30,30,0,0,1.0,37,22.5,22.5,0,59,675,82691,91609,0.26949682602571556,0,0,,0.34161191699968185,37,ALL_RESOLVED
final_v2,ucs,map2,139,e807fcfc735986e9,e02d0416b7d51b2a,b3362d9604322a0c,a65eb91a39ef4179,30,30,0,0,1.0,38,22.6,22.5,0,30,678,117929,126806,0.606774926000071,0,0,,0.6839761449991784,38,ALL_RESOLVED
final_v2,greedy,map2,139,e807fcfc735986e9,e02d0416b7d51b2a,b3362d9604322a0c,a65eb91a39ef4179,30,30,0,0,1.0,39,23.366666666666667,23.5,0,43,701,9682,23173,0.06099973290110938,0,0,,0.13427540799966664,39,ALL_RESOLVED
final_v2,astar,map2,139,e807fcfc735986e9,e02d0416b7d51b2a,b3362d9604322a0c,a65eb91a39ef4179,30,30,0,0,1.0,38,22.666666666666668,22.5,0,34,680,34833,46870,0.19668709001416573,0,0,,0.2688875599997118,38,ALL_RESOLVED
final_v2,ga,map2,130,e807fcfc735986e9,e02d0416b7d51b2a,b3362d9604322a0c,a65eb91a39ef4179,30,30,0,0,1.0,59,29.933333333333334,27.5,34,25,898,0,184968,14.565022284019506,7760,184968,0.25,14.726895818999765,59,ALL_RESOLVED
final_v2,ga,map2,131,e807fcfc735986e9,e02d0416b7d51b2a,b3362d9604322a0c,a65eb91a39ef4179,30,25,3,2,0.8333333333333334,47,27.0,28,33,11,767,0,157613,14.009316990013758,6640,157613,0.25,14.144153627999913,47,ALL_RESOLVED
final_v2,bfs,map2,140,e807fcfc735986e9,e02d0416b7d51b2a,b3362d9604322a0c,a65eb91a39ef4179,30,29,0,1,0.9666666666666667,36,22.0,22,0,96,642,66996,74859,0.21845898799801944,0,0,,0.2887702410007478,36,ALL_RESOLVED
final_v2,greedy,map2,140,e807fcfc735986e9,e02d0416b7d51b2a,b3362d9604322a0c,a65eb91a39ef4179,30,29,0,1,0.9666666666666667,36,22.0,22,0,62,642,8142,19527,0.05099992799659958,0,0,,0.11722761599958176,36,ALL_RESOLVED
final_v2,ucs,map2,140,e807fcfc735986e9,e02d0416b7d51b2a,b3362d9604322a0c,a65eb91a39ef4179,30,29,0,1,0.9666666666666667,40,22.20689655172414,22,0,62,648,106656,114038,0.37102696803049184,0,0,,0.4248415490001207,40,ALL_RESOLVED
final_v2,astar,map2,140,e807fcfc735986e9,e02d0416b7d51b2a,b3362d9604322a0c,a65eb91a39ef4179,30,29,0,1,0.9666666666666667,38,22.06896551724138,22,0,70,644,33321,43626,0.18606547099989257,0,0,,0.258076098998572,38,ALL_RESOLVED
final_v2,ga,map2,132,e807fcfc735986e9,e02d0416b7d51b2a,b3362d9604322a0c,a65eb91a39ef4179,30,16,8,6,0.5333333333333333,55,20.75,18.5,26,7,716,0,171447,14.174811987995781,7399,171447,0.25,14.32941781000045,55,ALL_RESOLVED
final_v2,bfs,map2,141,e807fcfc735986e9,e02d0416b7d51b2a,b3362d9604322a0c,a65eb91a39ef4179,30,30,0,0,1.0,44,23.8,23.5,0,86,714,79848,88971,0.25951419303237344,0,0,,0.33809933999873465,44,ALL_RESOLVED
final_v2,greedy,map2,141,e807fcfc735986e9,e02d0416b7d51b2a,b3362d9604322a0c,a65eb91a39ef4179,30,30,0,0,1.0,56,25.9,24.5,0,61,777,14421,31477,0.0877230099940789,0,0,,0.17715694599974086,56,ALL_RESOLVED
final_v2,astar,map2,141,e807fcfc735986e9,e02d0416b7d51b2a,b3362d9604322a0c,a65eb91a39ef4179,30,29,1,0,0.9666666666666667,46,23.79310344827586,23,0,53,698,38478,49915,0.21507808801106876,0,0,,0.2938333909987705,46,ALL_RESOLVED
final_v2,ucs,map2,141,e807fcfc735986e9,e02d0416b7d51b2a,b3362d9604322a0c,a65eb91a39ef4179,30,29,1,0,0.9666666666666667,46,23.79310344827586,23,0,53,698,109675,117731,0.5614539309353859,0,0,,0.6446792930000811,46,ALL_RESOLVED
final_v2,bfs,map2,142,e807fcfc735986e9,e02d0416b7d51b2a,b3362d9604322a0c,a65eb91a39ef4179,30,30,0,0,1.0,40,25.5,25.5,0,173,765,71433,80646,0.25446003196339007,0,0,,0.3377681060010218,40,ALL_RESOLVED
final_v2,ucs,map2,142,e807fcfc735986e9,e02d0416b7d51b2a,b3362d9604322a0c,a65eb91a39ef4179,30,30,0,0,1.0,40,25.5,25.5,0,105,765,119228,128554,0.6463012989661365,0,0,,0.7386213750032766,40,ALL_RESOLVED
final_v2,greedy,map2,142,e807fcfc735986e9,e02d0416b7d51b2a,b3362d9604322a0c,a65eb91a39ef4179,30,30,0,0,1.0,40,25.5,25.5,0,131,765,9079,21568,0.0578854950144887,0,0,,0.13783501599755255,40,ALL_RESOLVED
final_v2,ga,map2,137,e807fcfc735986e9,e02d0416b7d51b2a,b3362d9604322a0c,a65eb91a39ef4179,30,10,2,18,0.3333333333333333,20,13.2,12.5,20,9,538,0,117186,9.28370578200338,4994,117186,0.25,9.366539443002694,22,ALL_RESOLVED
final_v2,astar,map2,142,e807fcfc735986e9,e02d0416b7d51b2a,b3362d9604322a0c,a65eb91a39ef4179,30,30,0,0,1.0,40,25.5,25.5,0,113,765,31215,42442,0.1811311569690588,0,0,,0.2600502460009011,40,ALL_RESOLVED
final_v2,ga,map2,133,e807fcfc735986e9,e02d0416b7d51b2a,b3362d9604322a0c,a65eb91a39ef4179,30,6,3,21,0.2,21,16.5,16.5,32,7,681,0,160209,16.323006711019843,6938,160209,0.25,16.454039150001336,26,ALL_RESOLVED
final_v2,bfs,map2,143,e807fcfc735986e9,e02d0416b7d51b2a,b3362d9604322a0c,a65eb91a39ef4179,30,29,0,1,0.9666666666666667,38,23.96551724137931,24,0,70,701,87962,97405,0.2888937089701358,0,0,,0.3613268919980328,38,ALL_RESOLVED
final_v2,greedy,map2,143,e807fcfc735986e9,e02d0416b7d51b2a,b3362d9604322a0c,a65eb91a39ef4179,30,25,4,1,0.8333333333333334,44,23.68,23,0,53,674,10742,25087,0.06683523606625386,0,0,,0.14093845699972007,44,ALL_RESOLVED
final_v2,astar,map2,143,e807fcfc735986e9,e02d0416b7d51b2a,b3362d9604322a0c,a65eb91a39ef4179,30,29,0,1,0.9666666666666667,42,24.75862068965517,24,0,45,724,39471,52401,0.22027368698036298,0,0,,0.2941328529996099,42,ALL_RESOLVED
final_v2,ucs,map2,143,e807fcfc735986e9,e02d0416b7d51b2a,b3362d9604322a0c,a65eb91a39ef4179,30,29,0,1,0.9666666666666667,41,24.689655172413794,24,0,49,722,122290,130883,0.6267444289987907,0,0,,0.705239728999004,41,ALL_RESOLVED
final_v2,bfs,map2,144,e807fcfc735986e9,e02d0416b7d51b2a,b3362d9604322a0c,a65eb91a39ef4179,30,30,0,0,1.0,40,25.5,25.5,0,126,765,89233,99208,0.29165047701098956,0,0,,0.3721606660001271,40,ALL_RESOLVED
final_v2,ucs,map2,144,e807fcfc735986e9,e02d0416b7d51b2a,b3362d9604322a0c,a65eb91a39ef4179,30,30,0,0,1.0,40,25.5,25.5,0,82,765,136094,145821,0.7000034659904486,0,0,,0.784750875998725,40,ALL_RESOLVED
final_v2,greedy,map2,144,e807fcfc735986e9,e02d0416b7d51b2a,b3362d9604322a0c,a65eb91a39ef4179,30,30,0,0,1.0,40,25.5,25.5,0,78,765,10353,24574,0.06445787495249533,0,0,,0.14029736099837464,40,ALL_RESOLVED
final_v2,astar,map2,144,e807fcfc735986e9,e02d0416b7d51b2a,b3362d9604322a0c,a65eb91a39ef4179,30,30,0,0,1.0,40,25.5,25.5,0,88,765,38847,51634,0.21266138394275913,0,0,,0.28007270799935213,40,ALL_RESOLVED
final_v2,ga,map2,135,e807fcfc735986e9,e02d0416b7d51b2a,b3362d9604322a0c,a65eb91a39ef4179,30,24,2,4,0.8,54,26.125,24.5,27,35,871,0,193153,17.953904530000727,8224,193153,0.25,18.137507670999184,54,ALL_RESOLVED
final_v2,bfs,map2,145,e807fcfc735986e9,e02d0416b7d51b2a,b3362d9604322a0c,a65eb91a39ef4179,30,30,0,0,1.0,40,25.433333333333334,25.5,0,162,763,74028,83270,0.24091308997230954,0,0,,0.32054440299907583,40,ALL_RESOLVED
final_v2,ucs,map2,145,e807fcfc735986e9,e02d0416b7d51b2a,b3362d9604322a0c,a65eb91a39ef4179,30,30,0,0,1.0,41,25.466666666666665,25.5,0,121,764,116121,124523,0.5992825430184894,0,0,,0.6830494940004428,41,ALL_RESOLVED
final_v2,greedy,map2,145,e807fcfc735986e9,e02d0416b7d51b2a,b3362d9604322a0c,a65eb91a39ef4179,30,30,0,0,1.0,40,25.433333333333334,25.5,0,130,763,9111,22204,0.057369413054402685,0,0,,0.1359862230019644,40,ALL_RESOLVED
final_v2,ga,map2,134,e807fcfc735986e9,e02d0416b7d51b2a,b3362d9604322a0c,a65eb91a39ef4179,30,7,3,20,0.23333333333333334,35,21.0,17,59,3,869,0,212415,20.973227461083297,9165,212415,0.25,21.136979782997514,35,ALL_RESOLVED
final_v2,astar,map2,145,e807fcfc735986e9,e02d0416b7d51b2a,b3362d9604322a0c,a65eb91a39ef4179,30,30,0,0,1.0,41,25.466666666666665,25.5,0,123,764,39314,51862,0.2214434350389638,0,0,,0.3002277579980728,41,ALL_RESOLVED
final_v2,ga,map2,136,e807fcfc735986e9,e02d0416b7d51b2a,b3362d9604322a0c,a65eb91a39ef4179,30,19,8,3,0.6333333333333333,40,23.894736842105264,24,24,4,788,0,174255,17.44012510200264,7441,174255,0.25,17.60517533899838,42,ALL_RESOLVED
final_v2,bfs,map2,146,e807fcfc735986e9,e02d0416b7d51b2a,b3362d9604322a0c,a65eb91a39ef4179,30,28,1,1,0.9333333333333333,37,22.357142857142858,21.5,1,35,633,79776,86685,0.2603620539630356,0,0,,0.32482266800070647,37,ALL_RESOLVED
final_v2,ga,map2,138,e807fcfc735986e9,e02d0416b7d51b2a,b3362d9604322a0c,a65eb91a39ef4179,30,14,3,13,0.4666666666666667,28,20.571428571428573,21.5,36,13,701,0,154563,13.730094353049935,6595,154563,0.25,13.859549592998519,28,ALL_RESOLVED
final_v2,greedy,map2,146,e807fcfc735986e9,e02d0416b7d51b2a,b3362d9604322a0c,a65eb91a39ef4179,30,29,0,1,0.9666666666666667,38,23.06896551724138,23,1,37,670,9172,21808,0.057459574036329286,0,0,,0.12023328699797275,38,ALL_RESOLVED
final_v2,astar,map2,146,e807fcfc735986e9,e02d0416b7d51b2a,b3362d9604322a0c,a65eb91a39ef4179,30,26,3,1,0.8666666666666667,37,21.692307692307693,20.5,1,25,615,33467,44317,0.19197858205370721,0,0,,0.26615043000128935,37,ALL_RESOLVED
final_v2,ucs,map2,146,e807fcfc735986e9,e02d0416b7d51b2a,b3362d9604322a0c,a65eb91a39ef4179,30,26,3,1,0.8666666666666667,37,21.807692307692307,20.5,1,24,618,103166,109896,0.5283133399570943,0,0,,0.5955775660004292,37,ALL_RESOLVED
final_v2,bfs,map2,147,e807fcfc735986e9,e02d0416b7d51b2a,b3362d9604322a0c,a65eb91a39ef4179,30,25,3,2,0.8333333333333334,44,23.56,22,0,36,657,95124,103193,0.3096461679524509,0,0,,0.3862042199980351,44,ALL_RESOLVED
final_v2,ga,map2,140,e807fcfc735986e9,e02d0416b7d51b2a,b3362d9604322a0c,a65eb91a39ef4179,30,29,0,1,0.9666666666666667,66,26.103448275862068,22,17,34,761,0,155739,10.512118769038352,6520,155739,0.25,10.65243965800255,66,ALL_RESOLVED
final_v2,greedy,map2,147,e807fcfc735986e9,e02d0416b7d51b2a,b3362d9604322a0c,a65eb91a39ef4179,30,28,2,0,0.9333333333333333,40,24.607142857142858,25.5,0,24,705,10687,25801,0.06787956704647513,0,0,,0.1373233420017641,40,ALL_RESOLVED
final_v2,astar,map2,147,e807fcfc735986e9,e02d0416b7d51b2a,b3362d9604322a0c,a65eb91a39ef4179,30,24,5,1,0.8,44,23.833333333333332,22.0,0,21,652,43476,56066,0.15733653198185493,0,0,,0.20721582400074112,44,ALL_RESOLVED
final_v2,ucs,map2,147,e807fcfc735986e9,e02d0416b7d51b2a,b3362d9604322a0c,a65eb91a39ef4179,30,24,5,1,0.8,44,23.833333333333332,22.0,0,21,652,124783,132248,0.6384311800138676,0,0,,0.7185511899988342,44,ALL_RESOLVED
final_v2,bfs,map2,148,e807fcfc735986e9,e02d0416b7d51b2a,b3362d9604322a0c,a65eb91a39ef4179,30,28,0,2,0.9333333333333333,39,24.392857142857142,25.5,2,68,685,87877,96407,0.19140457301182323,0,0,,0.23935139899913338,39,ALL_RESOLVED
final_v2,greedy,map2,148,e807fcfc735986e9,e02d0416b7d51b2a,b3362d9604322a0c,a65eb91a39ef4179,30,28,0,2,0.9333333333333333,40,25.071428571428573,26.5,2,47,704,9981,23903,0.038003792946256,0,0,,0.0805675390001852,40,ALL_RESOLVED
final_v2,astar,map2,148,e807fcfc735986e9,e02d0416b7d51b2a,b3362d9604322a0c,a65eb91a39ef4179,30,28,0,2,0.9333333333333333,41,25.535714285714285,27.0,2,56,717,35316,47499,0.1405561949723051,0,0,,0.1938781030003156,41,ALL_RESOLVED
final_v2,ucs,map2,148,e807fcfc735986e9,e02d0416b7d51b2a,b3362d9604322a0c,a65eb91a39ef4179,30,28,0,2,0.9333333333333333,40,25.035714285714285,26.5,2,38,703,123251,131832,0.6319338050670922,0,0,,0.7105490579997422,40,ALL_RESOLVED
final_v2,bfs,map2,149,e807fcfc735986e9,e02d0416b7d51b2a,b3362d9604322a0c,a65eb91a39ef4179,30,3,5,22,0.1,13,12.0,12,0,15,510,110020,118488,0.35702997100452194,0,0,,0.3986591149987362,18,ALL_RESOLVED
final_v2,ucs,map2,149,e807fcfc735986e9,e02d0416b7d51b2a,b3362d9604322a0c,a65eb91a39ef4179,30,3,3,24,0.1,13,12.0,12,0,15,510,120786,127444,0.6185016139752406,0,0,,0.6629590789998474,18,ALL_RESOLVED
final_v2,greedy,map2,149,e807fcfc735986e9,e02d0416b7d51b2a,b3362d9604322a0c,a65eb91a39ef4179,30,3,4,23,0.1,16,13.666666666666666,14,0,13,519,12364,26816,0.07490292497823248,0,0,,0.11309829099991475,18,ALL_RESOLVED
final_v2,astar,map2,149,e807fcfc735986e9,e02d0416b7d51b2a,b3362d9604322a0c,a65eb91a39ef4179,30,3,3,24,0.1,13,12.0,12,0,15,510,35251,46771,0.19741246496414533,0,0,,0.2365593219983566,18,ALL_RESOLVED
final_v2,ga,map2,139,e807fcfc735986e9,e02d0416b7d51b2a,b3362d9604322a0c,a65eb91a39ef4179,30,30,0,0,1.0,64,29.433333333333334,25.0,24,18,883,0,181898,15.880793187985546,7658,181898,0.25,16.060729843000445,64,ALL_RESOLVED
final_v2,bfs,map2,150,e807fcfc735986e9,e02d0416b7d51b2a,b3362d9604322a0c,a65eb91a39ef4179,30,30,0,0,1.0,40,25.333333333333332,25.5,0,132,760,83276,92720,0.19053433498265804,0,0,,0.24557886099864845,40,ALL_RESOLVED
final_v2,ucs,map2,150,e807fcfc735986e9,e02d0416b7d51b2a,b3362d9604322a0c,a65eb91a39ef4179,30,30,0,0,1.0,40,25.333333333333332,25.5,0,86,760,120959,130127,0.43863680386857595,0,0,,0.4962224740011152,40,ALL_RESOLVED
final_v2,greedy,map2,150,e807fcfc735986e9,e02d0416b7d51b2a,b3362d9604322a0c,a65eb91a39ef4179,30,30,0,0,1.0,40,25.333333333333332,25.5,0,84,760,10006,23948,0.03995949510499486,0,0,,0.09505164800066268,40,ALL_RESOLVED
final_v2,astar,map2,150,e807fcfc735986e9,e02d0416b7d51b2a,b3362d9604322a0c,a65eb91a39ef4179,30,30,0,0,1.0,40,25.333333333333332,25.5,0,94,760,35142,47489,0.13883651304786326,0,0,,0.19653327299965895,40,ALL_RESOLVED
final_v2,ga,map2,142,e807fcfc735986e9,e02d0416b7d51b2a,b3362d9604322a0c,a65eb91a39ef4179,30,30,0,0,1.0,59,28.233333333333334,26.5,22,29,847,0,176408,13.968407128046238,7396,176408,0.25,14.141439132003143,59,ALL_RESOLVED
final_v2,bfs,map2,151,e807fcfc735986e9,e02d0416b7d51b2a,b3362d9604322a0c,a65eb91a39ef4179,30,27,1,2,0.9,37,23.22222222222222,23,2,60,635,71974,79167,0.23464320398124983,0,0,,0.3006000729983498,37,ALL_RESOLVED
final_v2,ucs,map2,151,e807fcfc735986e9,e02d0416b7d51b2a,b3362d9604322a0c,a65eb91a39ef4179,30,27,1,2,0.9,37,23.11111111111111,23,2,47,632,98960,106534,0.5067926289448224,0,0,,0.5763221550005255,37,ALL_RESOLVED
final_v2,ga,map2,141,e807fcfc735986e9,e02d0416b7d51b2a,b3362d9604322a0c,a65eb91a39ef4179,30,24,3,3,0.8,41,22.833333333333332,22.5,26,18,742,0,169065,16.50937503998648,7181,169065,0.25,16.672492413999862,48,ALL_RESOLVED
final_v2,greedy,map2,151,e807fcfc735986e9,e02d0416b7d51b2a,b3362d9604322a0c,a65eb91a39ef4179,30,28,0,2,0.9333333333333333,38,24.5,24.5,2,76,688,8784,20996,0.05471707799733849,0,0,,0.12160625600154162,38,ALL_RESOLVED
final_v2,astar,map2,151,e807fcfc735986e9,e02d0416b7d51b2a,b3362d9604322a0c,a65eb91a39ef4179,30,27,1,2,0.9,36,23.0,23,2,46,629,30152,40556,0.16946672901394777,0,0,,0.2337794800005213,36,ALL_RESOLVED
final_v2,bfs,map2,152,e807fcfc735986e9,e02d0416b7d51b2a,b3362d9604322a0c,a65eb91a39ef4179,30,28,1,1,0.9333333333333333,38,24.321428571428573,24.5,0,77,721,86693,94561,0.2801539399806643,0,0,,0.3504076300014276,38,ALL_RESOLVED
final_v2,ucs,map2,152,e807fcfc735986e9,e02d0416b7d51b2a,b3362d9604322a0c,a65eb91a39ef4179,30,26,2,2,0.8666666666666667,36,23.307692307692307,23.5,0,50,710,115849,123008,0.5888544930203352,0,0,,0.6603535260001081,38,ALL_RESOLVED
final_v2,greedy,map2,152,e807fcfc735986e9,e02d0416b7d51b2a,b3362d9604322a0c,a65eb91a39ef4179,30,28,1,1,0.9333333333333333,38,24.321428571428573,24.5,0,67,721,9652,23051,0.06045445703784935,0,0,,0.12753373599844053,38,ALL_RESOLVED
final_v2,astar,map2,152,e807fcfc735986e9,e02d0416b7d51b2a,b3362d9604322a0c,a65eb91a39ef4179,30,27,2,1,0.9,37,23.814814814814813,24,0,42,705,42923,55023,0.22719539098397945,0,0,,0.29247037199820625,37,ALL_RESOLVED
final_v2,ga,map2,143,e807fcfc735986e9,e02d0416b7d51b2a,b3362d9604322a0c,a65eb91a39ef4179,30,22,5,3,0.7333333333333333,55,25.818181818181817,23.5,28,5,752,0,170690,16.577767461974872,7301,170690,0.25,16.75316585800101,55,ALL_RESOLVED
final_v2,bfs,map2,153,e807fcfc735986e9,e02d0416b7d51b2a,b3362d9604322a0c,a65eb91a39ef4179,30,14,0,16,0.4666666666666667,21,14.5,14.5,0,27,555,94017,102182,0.3058587170417013,0,0,,0.3540210030005255,22,ALL_RESOLVED
final_v2,ucs,map2,153,e807fcfc735986e9,e02d0416b7d51b2a,b3362d9604322a0c,a65eb91a39ef4179,30,15,0,15,0.5,22,15.0,15,0,19,555,124008,130206,0.6361663930001669,0,0,,0.687448543998471,22,ALL_RESOLVED
final_v2,greedy,map2,153,e807fcfc735986e9,e02d0416b7d51b2a,b3362d9604322a0c,a65eb91a39ef4179,30,15,0,15,0.5,22,15.0,15,0,17,555,9623,22639,0.06057777802197961,0,0,,0.104389435997291,22,ALL_RESOLVED
final_v2,astar,map2,153,e807fcfc735986e9,e02d0416b7d51b2a,b3362d9604322a0c,a65eb91a39ef4179,30,15,0,15,0.5,22,15.0,15,0,20,555,43373,55293,0.24135134695097804,0,0,,0.2879312099976232,22,ALL_RESOLVED
final_v2,ga,map2,144,e807fcfc735986e9,e02d0416b7d51b2a,b3362d9604322a0c,a65eb91a39ef4179,30,30,0,0,1.0,64,28.766666666666666,27.5,11,15,863,0,178874,17.172185102972435,7496,178874,0.25,17.377077752000332,64,ALL_RESOLVED
final_v2,ga,map2,146,e807fcfc735986e9,e02d0416b7d51b2a,b3362d9604322a0c,a65eb91a39ef4179,30,20,4,6,0.6666666666666666,37,21.4,21.5,26,17,691,0,147201,12.679859016996488,6243,147201,0.25,12.801404669000476,37,ALL_RESOLVED
final_v2,bfs,map2,154,e807fcfc735986e9,e02d0416b7d51b2a,b3362d9604322a0c,a65eb91a39ef4179,30,14,3,13,0.4666666666666667,26,17.785714285714285,17.5,0,19,653,101636,111158,0.33038845600094646,0,0,,0.3842090809994261,26,ALL_RESOLVED
final_v2,greedy,map2,154,e807fcfc735986e9,e02d0416b7d51b2a,b3362d9604322a0c,a65eb91a39ef4179,30,14,3,13,0.4666666666666667,26,19.357142857142858,19.5,0,42,687,11018,25997,0.06917145897023147,0,0,,0.12247855100213201,26,ALL_RESOLVED
final_v2,ucs,map2,154,e807fcfc735986e9,e02d0416b7d51b2a,b3362d9604322a0c,a65eb91a39ef4179,30,14,1,15,0.4666666666666667,26,17.785714285714285,17.5,0,14,653,134473,142354,0.6917364020118839,0,0,,0.7495194950024597,26,ALL_RESOLVED
final_v2,astar,map2,154,e807fcfc735986e9,e02d0416b7d51b2a,b3362d9604322a0c,a65eb91a39ef4179,30,14,3,13,0.4666666666666667,26,17.785714285714285,17.5,0,19,653,39420,52192,0.2210809239622904,0,0,,0.2734459790008259,26,ALL_RESOLVED
final_v2,bfs,map2,155,e807fcfc735986e9,e02d0416b7d51b2a,b3362d9604322a0c,a65eb91a39ef4179,30,29,0,1,0.9666666666666667,39,24.93103448275862,25,0,97,733,87164,97134,0.2851218749638065,0,0,,0.35887555699810036,39,ALL_RESOLVED
final_v2,ga,map2,147,e807fcfc735986e9,e02d0416b7d51b2a,b3362d9604322a0c,a65eb91a39ef4179,30,23,2,5,0.7666666666666667,48,27.608695652173914,24,29,15,841,0,184944,13.801466178003466,7870,184944,0.25,13.945915953001531,48,ALL_RESOLVED
final_v2,ucs,map2,155,e807fcfc735986e9,e02d0416b7d51b2a,b3362d9604322a0c,a65eb91a39ef4179,30,28,1,1,0.9333333333333333,38,24.428571428571427,24.5,0,60,700,116661,125618,0.5970506170560839,0,0,,0.671630692002509,38,ALL_RESOLVED
final_v2,greedy,map2,155,e807fcfc735986e9,e02d0416b7d51b2a,b3362d9604322a0c,a65eb91a39ef4179,30,28,1,1,0.9333333333333333,39,25.357142857142858,25.5,0,80,726,9740,23300,0.037931161026790505,0,0,,0.08314252399941324,39,ALL_RESOLVED
final_v2,astar,map2,155,e807fcfc735986e9,e02d0416b7d51b2a,b3362d9604322a0c,a65eb91a39ef4179,30,28,1,1,0.9333333333333333,38,24.428571428571427,24.5,0,62,700,32486,44521,0.18408391402408597,0,0,,0.2536950540015823,38,ALL_RESOLVED
final_v2,ga,map2,145,e807fcfc735986e9,e02d0416b7d51b2a,b3362d9604322a0c,a65eb91a39ef4179,30,27,2,1,0.9,45,24.77777777777778,24,20,37,789,0,166056,15.992978804039012,7000,166056,0.25,16.18123123100304,62,ALL_RESOLVED
final_v2,bfs,map2,156,e807fcfc735986e9,e02d0416b7d51b2a,b3362d9604322a0c,a65eb91a39ef4179,30,30,0,0,1.0,39,24.5,24.5,0,150,735,70800,79979,0.23170760701032123,0,0,,0.3075269040018611,39,ALL_RESOLVED
final_v2,ga,map2,149,e807fcfc735986e9,e02d0416b7d51b2a,b3362d9604322a0c,a65eb91a39ef4179,30,2,6,22,0.06666666666666667,12,11.5,11.5,34,2,501,0,115189,12.131039324984158,4964,115189,0.25,12.230952984002215,18,ALL_RESOLVED
final_v2,greedy,map2,156,e807fcfc735986e9,e02d0416b7d51b2a,b3362d9604322a0c,a65eb91a39ef4179,30,30,0,0,1.0,40,25.4,25.5,0,147,762,8727,21024,0.054143652003403986,0,0,,0.13251498699901276,40,ALL_RESOLVED
final_v2,astar,map2,156,e807fcfc735986e9,e02d0416b7d51b2a,b3362d9604322a0c,a65eb91a39ef4179,30,29,1,0,0.9666666666666667,38,24.0,24,0,105,710,31277,41950,0.17592561195488088,0,0,,0.24825384900032077,38,ALL_RESOLVED
final_v2,ucs,map2,156,e807fcfc735986e9,e02d0416b7d51b2a,b3362d9604322a0c,a65eb91a39ef4179,30,30,0,0,1.0,42,24.7,24.5,0,86,741,120814,129607,0.6205265290300304,0,0,,0.7036015659978148,42,ALL_RESOLVED
final_v2,ga,map2,148,e807fcfc735986e9,e02d0416b7d51b2a,b3362d9604322a0c,a65eb91a39ef4179,30,24,1,5,0.8,47,26.291666666666668,27.5,25,11,801,0,170452,14.599239452989423,7207,170452,0.25,14.754989408000256,50,ALL_RESOLVED
final_v2,bfs,map2,157,e807fcfc735986e9,e02d0416b7d51b2a,b3362d9604322a0c,a65eb91a39ef4179,30,30,0,0,1.0,38,23.3,23.5,0,89,699,82936,92011,0.2692707990609051,0,0,,0.3445839519990841,38,ALL_RESOLVED
final_v2,greedy,map2,157,e807fcfc735986e9,e02d0416b7d51b2a,b3362d9604322a0c,a65eb91a39ef4179,30,30,0,0,1.0,40,23.366666666666667,23.5,0,53,701,9375,22509,0.0397998789921985,0,0,,0.08887791999950423,40,ALL_RESOLVED
final_v2,astar,map2,157,e807fcfc735986e9,e02d0416b7d51b2a,b3362d9604322a0c,a65eb91a39ef4179,30,30,0,0,1.0,38,23.3,23.5,0,55,699,36190,48056,0.20321024304212187,0,0,,0.27615835100004915,38,ALL_RESOLVED
final_v2,ucs,map2,157,e807fcfc735986e9,e02d0416b7d51b2a,b3362d9604322a0c,a65eb91a39ef4179,30,30,0,0,1.0,41,23.5,23.5,0,51,705,125416,134454,0.6471753549449204,0,0,,0.7295974270018633,41,ALL_RESOLVED
final_v2,bfs,map2,158,e807fcfc735986e9,e02d0416b7d51b2a,b3362d9604322a0c,a65eb91a39ef4179,30,29,1,0,0.9666666666666667,44,23.689655172413794,23,0,54,703,96333,105260,0.3124657059997844,0,0,,0.39472110199858434,44,ALL_RESOLVED
final_v2,greedy,map2,158,e807fcfc735986e9,e02d0416b7d51b2a,b3362d9604322a0c,a65eb91a39ef4179,30,30,0,0,1.0,41,24.033333333333335,23.5,0,39,721,10422,25073,0.06598562899671379,0,0,,0.14063814399924013,41,ALL_RESOLVED
final_v2,astar,map2,158,e807fcfc735986e9,e02d0416b7d51b2a,b3362d9604322a0c,a65eb91a39ef4179,30,28,2,0,0.9333333333333333,45,23.464285714285715,22.5,0,35,689,42079,54586,0.23460453897132538,0,0,,0.3149182990018744,45,ALL_RESOLVED
final_v2,ucs,map2,158,e807fcfc735986e9,e02d0416b7d51b2a,b3362d9604322a0c,a65eb91a39ef4179,30,28,2,0,0.9333333333333333,45,23.464285714285715,22.5,0,31,689,128695,136885,0.6606068829569267,0,0,,0.7457043300018995,45,ALL_RESOLVED
final_v2,bfs,map2,159,e807fcfc735986e9,e02d0416b7d51b2a,b3362d9604322a0c,a65eb91a39ef4179,30,30,0,0,1.0,40,25.5,25.5,0,174,765,70288,79312,0.22985146104474552,0,0,,0.30679572299777647,40,ALL_RESOLVED
final_v2,ucs,map2,159,e807fcfc735986e9,e02d0416b7d51b2a,b3362d9604322a0c,a65eb91a39ef4179,30,30,0,0,1.0,40,25.5,25.5,0,120,765,113736,122332,0.5821330160324578,0,0,,0.6609617679969233,40,ALL_RESOLVED
final_v2,greedy,map2,159,e807fcfc735986e9,e02d0416b7d51b2a,b3362d9604322a0c,a65eb91a39ef4179,30,30,0,0,1.0,40,25.5,25.5,0,136,765,9004,21480,0.05583482296060538,0,0,,0.13028038300035405,40,ALL_RESOLVED
final_v2,astar,map2,159,e807fcfc735986e9,e02d0416b7d51b2a,b3362d9604322a0c,a65eb91a39ef4179,30,30,0,0,1.0,40,25.5,25.5,0,138,765,33533,45329,0.1889112628705334,0,0,,0.2626400789995387,40,ALL_RESOLVED
final_v2,ga,map2,151,e807fcfc735986e9,e02d0416b7d51b2a,b3362d9604322a0c,a65eb91a39ef4179,30,24,1,5,0.8,48,25.708333333333332,26.0,28,23,757,0,161968,13.902464126957057,6852,161968,0.25,14.049701575000654,48,ALL_RESOLVED
final_v2,bfs,map2,160,e807fcfc735986e9,e02d0416b7d51b2a,b3362d9604322a0c,a65eb91a39ef4179,30,30,0,0,1.0,39,24.433333333333334,24.5,0,86,733,88778,98388,0.2881597678824619,0,0,,0.364898922998691,39,ALL_RESOLVED
final_v2,ucs,map2,160,e807fcfc735986e9,e02d0416b7d51b2a,b3362d9604322a0c,a65eb91a39ef4179,30,30,0,0,1.0,40,25.266666666666666,25.5,0,69,758,134471,144288,0.572751082952891,0,0,,0.6392789579986129,40,ALL_RESOLVED
final_v2,greedy,map2,160,e807fcfc735986e9,e02d0416b7d51b2a,b3362d9604322a0c,a65eb91a39ef4179,30,30,0,0,1.0,40,25.266666666666666,25.5,0,69,758,10388,24811,0.042824094962270465,0,0,,0.09422024300147314,40,ALL_RESOLVED
final_v2,ga,map2,153,e807fcfc735986e9,e02d0416b7d51b2a,b3362d9604322a0c,a65eb91a39ef4179,30,10,3,17,0.3333333333333333,20,14.2,14.5,25,6,546,0,122903,11.165472137032339,5287,122903,0.25,11.26887878799971,22,ALL_RESOLVED
final_v2,ga,map2,150,e807fcfc735986e9,e02d0416b7d51b2a,b3362d9604322a0c,a65eb91a39ef4179,30,27,3,0,0.9,71,31.333333333333332,28,33,13,932,0,202746,17.76096798103754,8607,202746,0.25,17.975795160997222,72,ALL_RESOLVED
final_v2,astar,map2,160,e807fcfc735986e9,e02d0416b7d51b2a,b3362d9604322a0c,a65eb91a39ef4179,30,30,0,0,1.0,41,25.333333333333332,25.5,0,63,760,40265,53880,0.15796190399487386,0,0,,0.2188076420025027,41,ALL_RESOLVED
final_v2,ga,map2,152,e807fcfc735986e9,e02d0416b7d51b2a,b3362d9604322a0c,a65eb91a39ef4179,30,20,6,4,0.6666666666666666,37,21.6,21.5,20,19,680,0,142992,13.8493912880258,6040,142992,0.25,13.98482712400073,38,ALL_RESOLVED
final_v2,bfs,map2,161,e807fcfc735986e9,e02d0416b7d51b2a,b3362d9604322a0c,a65eb91a39ef4179,30,4,1,25,0.13333333333333333,15,12.75,12.5,0,15,363,88267,93658,0.28792319298372604,0,0,,0.3190653889978421,15,ALL_RESOLVED
final_v2,ucs,map2,161,e807fcfc735986e9,e02d0416b7d51b2a,b3362d9604322a0c,a65eb91a39ef4179,30,4,1,25,0.13333333333333333,15,12.75,12.5,0,11,363,96520,99771,0.3716524060437223,0,0,,0.39788264600065304,15,ALL_RESOLVED
final_v2,greedy,map2,161,e807fcfc735986e9,e02d0416b7d51b2a,b3362d9604322a0c,a65eb91a39ef4179,30,3,1,26,0.1,15,12.666666666666666,12,0,1,358,15006,28133,0.08669782303331885,0,0,,0.11405712399937329,15,ALL_RESOLVED
final_v2,astar,map2,161,e807fcfc735986e9,e02d0416b7d51b2a,b3362d9604322a0c,a65eb91a39ef4179,30,4,1,25,0.13333333333333333,15,12.75,12.5,0,11,363,41739,51118,0.23086272897126037,0,0,,0.2618936280014168,15,ALL_RESOLVED
final_v2,bfs,map2,162,e807fcfc735986e9,e02d0416b7d51b2a,b3362d9604322a0c,a65eb91a39ef4179,30,25,2,3,0.8333333333333334,34,21.76,22,0,45,572,69258,76651,0.22607794498981093,0,0,,0.2868157320008322,34,ALL_RESOLVED
final_v2,greedy,map2,162,e807fcfc735986e9,e02d0416b7d51b2a,b3362d9604322a0c,a65eb91a39ef4179,30,25,2,3,0.8333333333333334,38,22.68,23,0,36,597,8665,20307,0.05399655795554281,0,0,,0.1178255189988704,38,ALL_RESOLVED
final_v2,astar,map2,162,e807fcfc735986e9,e02d0416b7d51b2a,b3362d9604322a0c,a65eb91a39ef4179,30,25,1,4,0.8333333333333334,34,21.76,22,0,31,574,28406,38281,0.16010408690635813,0,0,,0.21965176300000167,34,ALL_RESOLVED
final_v2,ucs,map2,162,e807fcfc735986e9,e02d0416b7d51b2a,b3362d9604322a0c,a65eb91a39ef4179,30,25,1,4,0.8333333333333334,36,21.84,22,0,23,576,96257,103515,0.5058729850461532,0,0,,0.5736116360021697,36,ALL_RESOLVED
final_v2,bfs,map2,163,e807fcfc735986e9,e02d0416b7d51b2a,b3362d9604322a0c,a65eb91a39ef4179,30,27,3,0,0.9,38,24.925925925925927,25,0,37,697,92465,100713,0.31472306203068,0,0,,0.38801814500038745,38,ALL_RESOLVED
final_v2,ucs,map2,163,e807fcfc735986e9,e02d0416b7d51b2a,b3362d9604322a0c,a65eb91a39ef4179,30,27,3,0,0.9,39,25.814814814814813,26,0,41,721,122723,130838,0.6449338540733152,0,0,,0.7224033370002871,39,ALL_RESOLVED
final_v2,greedy,map2,163,e807fcfc735986e9,e02d0416b7d51b2a,b3362d9604322a0c,a65eb91a39ef4179,30,28,2,0,0.9333333333333333,40,26.035714285714285,26.5,0,59,745,10609,24923,0.06809661004808731,0,0,,0.14012658999854466,40,ALL_RESOLVED
final_v2,astar,map2,163,e807fcfc735986e9,e02d0416b7d51b2a,b3362d9604322a0c,a65eb91a39ef4179,30,27,3,0,0.9,41,26.22222222222222,26,0,40,732,38968,51532,0.22399118103567162,0,0,,0.2985143279984186,41,ALL_RESOLVED
final_v2,ga,map2,154,e807fcfc735986e9,e02d0416b7d51b2a,b3362d9604322a0c,a65eb91a39ef4179,30,12,2,16,0.4,25,18.0,17.5,15,4,662,0,143184,13.946210742971743,6120,143184,0.25,14.068554835001123,26,ALL_RESOLVED
final_v2,bfs,map2,164,e807fcfc735986e9,e02d0416b7d51b2a,b3362d9604322a0c,a65eb91a39ef4179,30,27,3,0,0.9,37,23.77777777777778,24,0,46,708,95283,104264,0.3095905370064429,0,0,,0.38454592600101023,42,ALL_RESOLVED
final_v2,ucs,map2,164,e807fcfc735986e9,e02d0416b7d51b2a,b3362d9604322a0c,a65eb91a39ef4179,30,27,3,0,0.9,50,24.814814814814813,24,0,15,734,128725,137772,0.6593445430626161,0,0,,0.7436377340018225,50,ALL_RESOLVED
final_v2,greedy,map2,164,e807fcfc735986e9,e02d0416b7d51b2a,b3362d9604322a0c,a65eb91a39ef4179,30,30,0,0,1.0,40,25.3,25.5,0,47,759,10807,25887,0.06776009796521976,0,0,,0.13878793799813138,40,ALL_RESOLVED
final_v2,astar,map2,164,e807fcfc735986e9,e02d0416b7d51b2a,b3362d9604322a0c,a65eb91a39ef4179,30,27,3,0,0.9,50,24.74074074074074,24,0,21,732,40232,54177,0.2276689300306316,0,0,,0.30814680899857194,50,ALL_RESOLVED
final_v2,ga,map2,155,e807fcfc735986e9,e02d0416b7d51b2a,b3362d9604322a0c,a65eb91a39ef4179,30,26,0,4,0.8666666666666667,45,28.653846153846153,29.0,20,12,825,0,177525,14.923241399956169,7474,177525,0.25,15.079394582997338,45,ALL_RESOLVED
final_v2,ga,map2,157,e807fcfc735986e9,e02d0416b7d51b2a,b3362d9604322a0c,a65eb91a39ef4179,30,30,0,0,1.0,63,30.1,28.5,23,16,903,0,186958,13.572715213023912,7855,186958,0.25,13.747225535997131,63,ALL_RESOLVED
final_v2,bfs,map2,165,e807fcfc735986e9,e02d0416b7d51b2a,b3362d9604322a0c,a65eb91a39ef4179,30,30,0,0,1.0,38,23.5,23.5,0,64,705,98620,108468,0.3215082010210608,0,0,,0.3976075110003876,38,ALL_RESOLVED
final_v2,greedy,map2,165,e807fcfc735986e9,e02d0416b7d51b2a,b3362d9604322a0c,a65eb91a39ef4179,30,30,0,0,1.0,42,25.933333333333334,25.5,0,59,778,11738,27849,0.07362619198465836,0,0,,0.1511930870001379,42,ALL_RESOLVED
final_v2,ga,map2,161,e807fcfc735986e9,e02d0416b7d51b2a,b3362d9604322a0c,a65eb91a39ef4179,30,1,2,27,0.03333333333333333,15,15.0,15,17,1,359,0,82735,6.976888041990605,3549,82735,0.25,7.034644766001293,15,ALL_RESOLVED
final_v2,astar,map2,165,e807fcfc735986e9,e02d0416b7d51b2a,b3362d9604322a0c,a65eb91a39ef4179,30,30,0,0,1.0,42,24.766666666666666,25.5,0,44,743,43729,57506,0.24493421608349308,0,0,,0.3244377590017393,42,ALL_RESOLVED
final_v2,ucs,map2,165,e807fcfc735986e9,e02d0416b7d51b2a,b3362d9604322a0c,a65eb91a39ef4179,30,30,0,0,1.0,44,24.9,25.5,0,52,747,140088,148736,0.7165188300314185,0,0,,0.8048821400007,44,ALL_RESOLVED
final_v2,bfs,map2,166,e807fcfc735986e9,e02d0416b7d51b2a,b3362d9604322a0c,a65eb91a39ef4179,30,18,5,7,0.6,26,17.5,17.5,0,46,515,67289,73475,0.2195233529964753,0,0,,0.2671397829981288,26,ALL_RESOLVED
final_v2,greedy,map2,166,e807fcfc735986e9,e02d0416b7d51b2a,b3362d9604322a0c,a65eb91a39ef4179,30,16,5,9,0.5333333333333333,24,16.5,16.5,0,26,506,8021,18269,0.04906229499101755,0,0,,0.09201205100180232,24,ALL_RESOLVED
final_v2,ucs,map2,166,e807fcfc735986e9,e02d0416b7d51b2a,b3362d9604322a0c,a65eb91a39ef4179,30,18,5,7,0.6,26,17.5,17.5,0,39,515,83859,89272,0.4282435589848319,0,0,,0.47778324899991276,26,ALL_RESOLVED
final_v2,astar,map2,166,e807fcfc735986e9,e02d0416b7d51b2a,b3362d9604322a0c,a65eb91a39ef4179,30,18,5,7,0.6,26,17.5,17.5,0,40,515,29295,37906,0.160760748978646,0,0,,0.20450058700225782,26,ALL_RESOLVED
final_v2,bfs,map2,167,e807fcfc735986e9,e02d0416b7d51b2a,b3362d9604322a0c,a65eb91a39ef4179,30,28,2,0,0.9333333333333333,40,22.928571428571427,22.5,0,108,672,67542,74624,0.15559252398088574,0,0,,0.201147650997882,40,ALL_RESOLVED
final_v2,ucs,map2,167,e807fcfc735986e9,e02d0416b7d51b2a,b3362d9604322a0c,a65eb91a39ef4179,30,28,2,0,0.9333333333333333,41,23.035714285714285,22.5,0,97,675,94146,100841,0.29337541699715075,0,0,,0.34028405600111,41,ALL_RESOLVED
final_v2,greedy,map2,167,e807fcfc735986e9,e02d0416b7d51b2a,b3362d9604322a0c,a65eb91a39ef4179,30,26,4,0,0.8666666666666667,38,21.653846153846153,21.5,0,87,655,8372,19688,0.033505194922327064,0,0,,0.07825562600191915,38,ALL_RESOLVED
final_v2,astar,map2,167,e807fcfc735986e9,e02d0416b7d51b2a,b3362d9604322a0c,a65eb91a39ef4179,30,27,3,0,0.9,41,22.666666666666668,22,0,99,666,31835,41833,0.1135733139635704,0,0,,0.15663404099905165,41,ALL_RESOLVED
final_v2,ga,map2,156,e807fcfc735986e9,e02d0416b7d51b2a,b3362d9604322a0c,a65eb91a39ef4179,30,29,0,1,0.9666666666666667,67,28.275862068965516,26,25,11,836,0,177024,16.758307583000715,7461,177024,0.25,16.951872886002093,67,ALL_RESOLVED
final_v2,bfs,map2,168,e807fcfc735986e9,e02d0416b7d51b2a,b3362d9604322a0c,a65eb91a39ef4179,30,30,0,0,1.0,39,24.5,24.5,0,122,735,84104,93246,0.27445399298449047,0,0,,0.35387857500245445,39,ALL_RESOLVED
final_v2,ucs,map2,168,e807fcfc735986e9,e02d0416b7d51b2a,b3362d9604322a0c,a65eb91a39ef4179,30,30,0,0,1.0,39,24.5,24.5,0,86,735,126770,135470,0.6495973519558902,0,0,,0.730360120000114,39,ALL_RESOLVED
final_v2,greedy,map2,168,e807fcfc735986e9,e02d0416b7d51b2a,b3362d9604322a0c,a65eb91a39ef4179,30,30,0,0,1.0,39,24.5,24.5,0,80,735,9583,22826,0.060082321982918074,0,0,,0.13563692399839056,39,ALL_RESOLVED
final_v2,astar,map2,168,e807fcfc735986e9,e02d0416b7d51b2a,b3362d9604322a0c,a65eb91a39ef4179,30,30,0,0,1.0,39,24.5,24.5,0,90,735,36830,48989,0.20610741298514768,0,0,,0.2822667820000788,39,ALL_RESOLVED
final_v2,ga,map2,162,e807fcfc735986e9,e02d0416b7d51b2a,b3362d9604322a0c,a65eb91a39ef4179,30,23,1,6,0.7666666666666667,47,24.956521739130434,24,23,14,640,0,135413,9.715769951020775,5706,135413,0.25,9.822874859000876,47,ALL_RESOLVED
final_v2,bfs,map2,169,e807fcfc735986e9,e02d0416b7d51b2a,b3362d9604322a0c,a65eb91a39ef4179,30,30,0,0,1.0,39,24.333333333333332,24.5,0,87,730,84088,94004,0.17565657288650982,0,0,,0.21903509399999166,39,ALL_RESOLVED
final_v2,ucs,map2,169,e807fcfc735986e9,e02d0416b7d51b2a,b3362d9604322a0c,a65eb91a39ef4179,30,30,0,0,1.0,46,24.566666666666666,24.5,0,36,737,118568,128161,0.3789313269589911,0,0,,0.4291762540015043,46,ALL_RESOLVED
final_v2,greedy,map2,169,e807fcfc735986e9,e02d0416b7d51b2a,b3362d9604322a0c,a65eb91a39ef4179,30,29,1,0,0.9666666666666667,39,24.79310344827586,25,0,62,737,10201,24351,0.03975359999094508,0,0,,0.08423001700066379,39,ALL_RESOLVED
final_v2,astar,map2,169,e807fcfc735986e9,e02d0416b7d51b2a,b3362d9604322a0c,a65eb91a39ef4179,30,30,0,0,1.0,39,24.333333333333332,24.5,0,43,730,31910,44169,0.11554716302634915,0,0,,0.15759831499963184,39,ALL_RESOLVED
final_v2,ga,map2,158,e807fcfc735986e9,e02d0416b7d51b2a,b3362d9604322a0c,a65eb91a39ef4179,30,27,1,2,0.9,50,27.22222222222222,26,23,9,847,0,182159,17.727611682039424,7720,182159,0.25,17.91122603199983,52,ALL_RESOLVED
final_v2,bfs,map2,170,e807fcfc735986e9,e02d0416b7d51b2a,b3362d9604322a0c,a65eb91a39ef4179,30,27,3,0,0.9,41,25.074074074074073,23,0,38,705,103139,111057,0.33221074405810214,0,0,,0.40443770500132814,41,ALL_RESOLVED
final_v2,ga,map2,159,e807fcfc735986e9,e02d0416b7d51b2a,b3362d9604322a0c,a65eb91a39ef4179,30,30,0,0,1.0,61,29.433333333333334,27.0,27,49,883,0,184087,16.72925883804419,7730,184087,0.25,16.908799916000135,61,ALL_RESOLVED
final_v2,greedy,map2,170,e807fcfc735986e9,e02d0416b7d51b2a,b3362d9604322a0c,a65eb91a39ef4179,30,28,2,0,0.9333333333333333,41,25.5,25.5,0,35,730,11304,27447,0.07117164496594341,0,0,,0.14033134700002847,41,ALL_RESOLVED
final_v2,astar,map2,170,e807fcfc735986e9,e02d0416b7d51b2a,b3362d9604322a0c,a65eb91a39ef4179,30,24,2,4,0.8,39,23.75,21.5,0,35,698,48439,63384,0.26991835705848644,0,0,,0.3390003210006398,39,ALL_RESOLVED
final_v2,ucs,map2,170,e807fcfc735986e9,e02d0416b7d51b2a,b3362d9604322a0c,a65eb91a39ef4179,30,24,3,3,0.8,38,23.333333333333332,21.5,0,34,688,138084,145864,0.7046006069285795,0,0,,0.7777100619969133,38,ALL_RESOLVED
final_v2,bfs,map2,171,e807fcfc735986e9,e02d0416b7d51b2a,b3362d9604322a0c,a65eb91a39ef4179,30,30,0,0,1.0,38,23.2,23.5,0,69,696,87950,97039,0.2883892650352209,0,0,,0.36503791400173213,38,ALL_RESOLVED
final_v2,ucs,map2,171,e807fcfc735986e9,e02d0416b7d51b2a,b3362d9604322a0c,a65eb91a39ef4179,30,30,0,0,1.0,42,23.4,23.5,0,47,702,129298,137992,0.6741162960206566,0,0,,0.7588563909994264,42,ALL_RESOLVED
final_v2,greedy,map2,171,e807fcfc735986e9,e02d0416b7d51b2a,b3362d9604322a0c,a65eb91a39ef4179,30,30,0,0,1.0,39,23.866666666666667,24.5,0,31,716,10519,25155,0.06581731693222537,0,0,,0.13714442399941618,39,ALL_RESOLVED
final_v2,astar,map2,171,e807fcfc735986e9,e02d0416b7d51b2a,b3362d9604322a0c,a65eb91a39ef4179,30,30,0,0,1.0,42,23.366666666666667,23.5,0,46,701,42195,54870,0.23639506292965962,0,0,,0.3148974790019565,42,ALL_RESOLVED
final_v2,ga,map2,163,e807fcfc735986e9,e02d0416b7d51b2a,b3362d9604322a0c,a65eb91a39ef4179,30,18,5,7,0.6,40,25.055555555555557,25.5,23,5,781,0,167853,15.976131568048004,7130,167853,0.25,16.120835985002486,42,ALL_RESOLVED
final_v2,ga,map2,166,e807fcfc735986e9,e02d0416b7d51b2a,b3362d9604322a0c,a65eb91a39ef4179,30,14,5,11,0.4666666666666667,30,16.5,16.0,24,7,505,0,109081,10.911401001976628,4634,109081,0.25,11.011345034999977,30,ALL_RESOLVED
final_v2,bfs,map2,172,e807fcfc735986e9,e02d0416b7d51b2a,b3362d9604322a0c,a65eb91a39ef4179,30,26,4,0,0.8666666666666667,36,23.384615384615383,23.5,0,106,732,84996,95077,0.26643647698438144,0,0,,0.3343298039981164,36,ALL_RESOLVED
final_v2,greedy,map2,172,e807fcfc735986e9,e02d0416b7d51b2a,b3362d9604322a0c,a65eb91a39ef4179,30,24,6,0,0.8,36,23.875,24.5,0,83,753,10284,24560,0.06425098497129511,0,0,,0.1337974989983195,36,ALL_RESOLVED
final_v2,astar,map2,172,e807fcfc735986e9,e02d0416b7d51b2a,b3362d9604322a0c,a65eb91a39ef4179,30,26,3,1,0.8666666666666667,36,23.384615384615383,23.5,0,58,744,34193,46345,0.19410308995793457,0,0,,0.2612854459985101,36,ALL_RESOLVED
final_v2,ucs,map2,172,e807fcfc735986e9,e02d0416b7d51b2a,b3362d9604322a0c,a65eb91a39ef4179,30,26,3,1,0.8666666666666667,36,23.384615384615383,23.5,0,70,750,123362,132608,0.6335117280104896,0,0,,0.7055938679986866,36,ALL_RESOLVED
final_v2,ga,map2,160,e807fcfc735986e9,e02d0416b7d51b2a,b3362d9604322a0c,a65eb91a39ef4179,30,30,0,0,1.0,75,32.03333333333333,27.5,23,9,961,0,206092,19.968043736975233,8719,206092,0.25,20.19902025099873,75,ALL_RESOLVED
final_v2,bfs,map2,173,e807fcfc735986e9,e02d0416b7d51b2a,b3362d9604322a0c,a65eb91a39ef4179,30,30,0,0,1.0,39,24.366666666666667,24.5,0,81,731,91945,101975,0.299817279978015,0,0,,0.376104151000618,39,ALL_RESOLVED
final_v2,greedy,map2,173,e807fcfc735986e9,e02d0416b7d51b2a,b3362d9604322a0c,a65eb91a39ef4179,30,30,0,0,1.0,40,25.266666666666666,25.5,0,44,758,11025,26039,0.06948367492441321,0,0,,0.14316854199933005,40,ALL_RESOLVED
final_v2,astar,map2,173,e807fcfc735986e9,e02d0416b7d51b2a,b3362d9604322a0c,a65eb91a39ef4179,30,30,0,0,1.0,40,25.066666666666666,25.5,0,70,752,34767,47449,0.19748472197170486,0,0,,0.27403470300123445,40,ALL_RESOLVED
final_v2,ucs,map2,173,e807fcfc735986e9,e02d0416b7d51b2a,b3362d9604322a0c,a65eb91a39ef4179,30,30,0,0,1.0,40,25.066666666666666,25.5,0,54,752,126364,135997,0.651989911988494,0,0,,0.7313807940008701,40,ALL_RESOLVED
final_v2,ga,map2,167,e807fcfc735986e9,e02d0416b7d51b2a,b3362d9604322a0c,a65eb91a39ef4179,30,21,1,8,0.7,29,19.0,19,27,22,643,0,136073,11.59113380800045,5740,136073,0.25,11.696271496002737,29,ALL_RESOLVED
final_v2,bfs,map2,174,e807fcfc735986e9,e02d0416b7d51b2a,b3362d9604322a0c,a65eb91a39ef4179,30,18,8,4,0.6,32,21.72222222222222,23.5,0,36,741,132647,143663,0.4285474710086419,0,0,,0.49497797599906335,32,ALL_RESOLVED
final_v2,ucs,map2,174,e807fcfc735986e9,e02d0416b7d51b2a,b3362d9604322a0c,a65eb91a39ef4179,30,15,4,11,0.5,30,20.266666666666666,22,0,19,736,168116,177410,0.5456104599943501,0,0,,0.588071188001777,30,ALL_RESOLVED
final_v2,greedy,map2,174,e807fcfc735986e9,e02d0416b7d51b2a,b3362d9604322a0c,a65eb91a39ef4179,30,13,8,9,0.43333333333333335,32,19.692307692307693,21,0,6,744,13698,32045,0.08589157904134481,0,0,,0.1443981709999207,32,ALL_RESOLVED
final_v2,ga,map2,164,e807fcfc735986e9,e02d0416b7d51b2a,b3362d9604322a0c,a65eb91a39ef4179,30,24,2,4,0.8,43,25.333333333333332,25.5,19,44,846,0,179235,15.296000377951714,7574,179235,0.25,15.439452069000254,43,ALL_RESOLVED
final_v2,astar,map2,174,e807fcfc735986e9,e02d0416b7d51b2a,b3362d9604322a0c,a65eb91a39ef4179,30,15,6,9,0.5,30,20.266666666666666,22,0,21,736,48790,65540,0.16977467301330762,0,0,,0.2076578830019571,30,ALL_RESOLVED
final_v2,bfs,map2,175,e807fcfc735986e9,e02d0416b7d51b2a,b3362d9604322a0c,a65eb91a39ef4179,30,30,0,0,1.0,37,22.5,22.5,0,79,675,80162,89100,0.2608477360117831,0,0,,0.33311154700277257,37,ALL_RESOLVED
final_v2,greedy,map2,175,e807fcfc735986e9,e02d0416b7d51b2a,b3362d9604322a0c,a65eb91a39ef4179,30,30,0,0,1.0,37,22.5,22.5,0,31,675,9130,22027,0.05738253003437421,0,0,,0.12439615800030879,37,ALL_RESOLVED
final_v2,ucs,map2,175,e807fcfc735986e9,e02d0416b7d51b2a,b3362d9604322a0c,a65eb91a39ef4179,30,30,0,0,1.0,38,22.533333333333335,22.5,0,44,676,122628,131031,0.4100419919923297,0,0,,0.4605301680021512,38,ALL_RESOLVED
final_v2,astar,map2,175,e807fcfc735986e9,e02d0416b7d51b2a,b3362d9604322a0c,a65eb91a39ef4179,30,30,0,0,1.0,42,22.666666666666668,22.5,0,44,680,37666,49563,0.21255132698570378,0,0,,0.29038660299920593,42,ALL_RESOLVED
final_v2,bfs,map2,176,e807fcfc735986e9,e02d0416b7d51b2a,b3362d9604322a0c,a65eb91a39ef4179,30,30,0,0,1.0,38,23.366666666666667,23.5,0,47,701,95675,105411,0.31076359404687537,0,0,,0.38393346600059886,38,ALL_RESOLVED
final_v2,ga,map2,165,e807fcfc735986e9,e02d0416b7d51b2a,b3362d9604322a0c,a65eb91a39ef4179,30,28,0,2,0.9333333333333333,78,31.035714285714285,31.5,44,19,1021,0,224121,15.787681440917368,9522,224121,0.25,15.990279876001296,86,ALL_RESOLVED
final_v2,greedy,map2,176,e807fcfc735986e9,e02d0416b7d51b2a,b3362d9604322a0c,a65eb91a39ef4179,30,30,0,0,1.0,40,24.633333333333333,25.5,0,45,739,10754,25756,0.06756180107186083,0,0,,0.14164201399762533,40,ALL_RESOLVED
final_v2,ucs,map2,176,e807fcfc735986e9,e02d0416b7d51b2a,b3362d9604322a0c,a65eb91a39ef4179,30,30,0,0,1.0,43,23.933333333333334,23.5,0,22,718,134422,144036,0.6935314780348563,0,0,,0.7773058060010953,43,ALL_RESOLVED
final_v2,astar,map2,176,e807fcfc735986e9,e02d0416b7d51b2a,b3362d9604322a0c,a65eb91a39ef4179,30,30,0,0,1.0,41,24.533333333333335,23.5,0,40,736,41917,54748,0.2351687839764054,0,0,,0.311894171001768,41,ALL_RESOLVED
final_v2,ga,map2,169,e807fcfc735986e9,e02d0416b7d51b2a,b3362d9604322a0c,a65eb91a39ef4179,30,23,2,5,0.7666666666666667,46,25.73913043478261,25,29,20,746,0,161922,12.04953285904412,6853,161922,0.25,12.174896851000085,46,ALL_RESOLVED
final_v2,bfs,map2,177,e807fcfc735986e9,e02d0416b7d51b2a,b3362d9604322a0c,a65eb91a39ef4179,30,27,0,3,0.9,38,21.51851851851852,21,0,57,653,86396,93790,0.2812110589693475,0,0,,0.3505260599995381,38,ALL_RESOLVED
final_v2,greedy,map2,177,e807fcfc735986e9,e02d0416b7d51b2a,b3362d9604322a0c,a65eb91a39ef4179,30,27,0,3,0.9,39,21.814814814814813,21,0,47,661,10298,24194,0.06449813801009441,0,0,,0.13185298000098555,39,ALL_RESOLVED
final_v2,astar,map2,177,e807fcfc735986e9,e02d0416b7d51b2a,b3362d9604322a0c,a65eb91a39ef4179,30,25,1,4,0.8333333333333334,35,20.24,20,0,54,626,46123,57638,0.19165099396923324,0,0,,0.24011879899990163,35,ALL_RESOLVED
final_v2,ucs,map2,177,e807fcfc735986e9,e02d0416b7d51b2a,b3362d9604322a0c,a65eb91a39ef4179,30,26,0,4,0.8666666666666667,44,21.153846153846153,20.5,0,50,646,120977,128151,0.6017765569740732,0,0,,0.6768635820008058,44,ALL_RESOLVED
final_v2,bfs,map2,178,e807fcfc735986e9,e02d0416b7d51b2a,b3362d9604322a0c,a65eb91a39ef4179,30,28,1,1,0.9333333333333333,39,25.285714285714285,25.5,0,93,716,88503,97984,0.2735009600110061,0,0,,0.34671344099842827,39,ALL_RESOLVED
final_v2,ucs,map2,178,e807fcfc735986e9,e02d0416b7d51b2a,b3362d9604322a0c,a65eb91a39ef4179,30,28,1,1,0.9333333333333333,41,25.357142857142858,25.5,0,65,718,120715,129515,0.6201127160748001,0,0,,0.6979075510025723,41,ALL_RESOLVED
final_v2,greedy,map2,178,e807fcfc735986e9,e02d0416b7d51b2a,b3362d9604322a0c,a65eb91a39ef4179,30,26,3,1,0.8666666666666667,47,25.03846153846154,24.5,0,47,685,10327,24424,0.05581877100848942,0,0,,0.11327518500183942,47,ALL_RESOLVED
final_v2,astar,map2,178,e807fcfc735986e9,e02d0416b7d51b2a,b3362d9604322a0c,a65eb91a39ef4179,30,28,1,1,0.9333333333333333,45,25.607142857142858,25.5,0,66,725,36753,49904,0.13074635507291532,0,0,,0.1797282930019719,45,ALL_RESOLVED
final_v2,ga,map2,168,e807fcfc735986e9,e02d0416b7d51b2a,b3362d9604322a0c,a65eb91a39ef4179,30,30,0,0,1.0,69,27.733333333333334,25.5,21,32,832,0,175738,16.067330224974285,7388,175738,0.25,16.262022855997202,69,ALL_RESOLVED
final_v2,bfs,map2,179,e807fcfc735986e9,e02d0416b7d51b2a,b3362d9604322a0c,a65eb91a39ef4179,30,30,0,0,1.0,41,26.4,26.5,0,127,792,95646,105927,0.31256985003346927,0,0,,0.3955416669996339,41,ALL_RESOLVED
final_v2,ucs,map2,179,e807fcfc735986e9,e02d0416b7d51b2a,b3362d9604322a0c,a65eb91a39ef4179,30,30,0,0,1.0,47,26.666666666666668,26.5,0,71,800,143233,153277,0.736532127011742,0,0,,0.8304549899985432,47,ALL_RESOLVED
final_v2,ga,map2,170,e807fcfc735986e9,e02d0416b7d51b2a,b3362d9604322a0c,a65eb91a39ef4179,30,20,5,5,0.6666666666666666,41,23.55,20.5,19,27,703,0,151012,14.993603093957063,6415,151012,0.25,15.134519627998088,41,ALL_RESOLVED
final_v2,greedy,map2,179,e807fcfc735986e9,e02d0416b7d51b2a,b3362d9604322a0c,a65eb91a39ef4179,30,30,0,0,1.0,41,26.4,26.5,0,73,792,11230,26858,0.07090994799727923,0,0,,0.14865384199947584,41,ALL_RESOLVED
final_v2,astar,map2,179,e807fcfc735986e9,e02d0416b7d51b2a,b3362d9604322a0c,a65eb91a39ef4179,30,30,0,0,1.0,41,26.4,26.5,0,69,792,42057,56048,0.23682098393692286,0,0,,0.3166211679999833,41,ALL_RESOLVED
final_v2,bfs,map2,180,e807fcfc735986e9,e02d0416b7d51b2a,b3362d9604322a0c,a65eb91a39ef4179,30,30,0,0,1.0,38,23.5,23.5,0,110,705,78174,87335,0.2544464640013757,0,0,,0.33002610100083984,38,ALL_RESOLVED
final_v2,ucs,map2,180,e807fcfc735986e9,e02d0416b7d51b2a,b3362d9604322a0c,a65eb91a39ef4179,30,30,0,0,1.0,38,23.5,23.5,0,78,705,119050,127601,0.657943537011306,0,0,,0.7400936160011042,38,ALL_RESOLVED
final_v2,greedy,map2,180,e807fcfc735986e9,e02d0416b7d51b2a,b3362d9604322a0c,a65eb91a39ef4179,30,30,0,0,1.0,39,23.566666666666666,23.5,0,64,707,9172,22189,0.057705166949745035,0,0,,0.12962843700006488,39,ALL_RESOLVED
final_v2,astar,map2,180,e807fcfc735986e9,e02d0416b7d51b2a,b3362d9604322a0c,a65eb91a39ef4179,30,30,0,0,1.0,40,23.566666666666666,23.5,0,78,707,37832,49649,0.19291993892693426,0,0,,0.25423652599783964,40,ALL_RESOLVED
final_v2,ga,map2,171,e807fcfc735986e9,e02d0416b7d51b2a,b3362d9604322a0c,a65eb91a39ef4179,30,29,0,1,0.9666666666666667,96,30.724137931034484,29,32,9,905,0,196800,18.507456316099706,8340,196800,0.25,18.746803849997377,96,ALL_RESOLVED
final_v2,bfs,map2,181,e807fcfc735986e9,e02d0416b7d51b2a,b3362d9604322a0c,a65eb91a39ef4179,30,4,1,25,0.13333333333333333,15,11.5,11.5,0,12,412,101793,107962,0.32841804999043234,0,0,,0.36238344500088715,16,ALL_RESOLVED
final_v2,ucs,map2,181,e807fcfc735986e9,e02d0416b7d51b2a,b3362d9604322a0c,a65eb91a39ef4179,30,4,1,25,0.13333333333333333,15,11.5,11.5,0,16,412,109363,113276,0.5561905230060802,0,0,,0.5928573599994706,16,ALL_RESOLVED
final_v2,greedy,map2,181,e807fcfc735986e9,e02d0416b7d51b2a,b3362d9604322a0c,a65eb91a39ef4179,30,3,1,26,0.1,14,10.333333333333334,9,0,2,411,14880,29251,0.08711423593922518,0,0,,0.11698100699868519,16,ALL_RESOLVED
final_v2,astar,map2,181,e807fcfc735986e9,e02d0416b7d51b2a,b3362d9604322a0c,a65eb91a39ef4179,30,4,1,25,0.13333333333333333,15,11.5,11.5,0,12,412,44179,54994,0.24313227500533685,0,0,,0.27588584100158187,16,ALL_RESOLVED
final_v2,ga,map2,172,e807fcfc735986e9,e02d0416b7d51b2a,b3362d9604322a0c,a65eb91a39ef4179,30,19,4,7,0.6333333333333333,36,25.473684210526315,27,36,28,862,0,184551,16.02626995206083,7804,184551,0.25,16.16929092600185,36,ALL_RESOLVED
final_v2,ga,map2,177,e807fcfc735986e9,e02d0416b7d51b2a,b3362d9604322a0c,a65eb91a39ef4179,30,21,0,9,0.7,37,21.333333333333332,19,20,20,664,0,144824,11.210971233027522,6150,144824,0.25,11.319504348000919,37,ALL_RESOLVED
final_v2,bfs,map2,182,e807fcfc735986e9,e02d0416b7d51b2a,b3362d9604322a0c,a65eb91a39ef4179,30,30,0,0,1.0,40,25.466666666666665,25.5,0,95,764,97225,107008,0.3145208649621054,0,0,,0.3933477419996052,40,ALL_RESOLVED
final_v2,greedy,map2,182,e807fcfc735986e9,e02d0416b7d51b2a,b3362d9604322a0c,a65eb91a39ef4179,30,29,0,1,0.9666666666666667,40,26.0,26,0,44,760,11133,26758,0.06985247998818522,0,0,,0.14362979799989262,40,ALL_RESOLVED
final_v2,ucs,map2,182,e807fcfc735986e9,e02d0416b7d51b2a,b3362d9604322a0c,a65eb91a39ef4179,30,30,0,0,1.0,43,25.633333333333333,25.5,0,44,769,138673,148322,0.5108318180027709,0,0,,0.5792435930015927,43,ALL_RESOLVED
final_v2,astar,map2,182,e807fcfc735986e9,e02d0416b7d51b2a,b3362d9604322a0c,a65eb91a39ef4179,30,30,0,0,1.0,42,25.733333333333334,25.5,0,51,772,42537,56483,0.23882963604773977,0,0,,0.3186300029992708,42,ALL_RESOLVED
final_v2,bfs,map2,183,e807fcfc735986e9,e02d0416b7d51b2a,b3362d9604322a0c,a65eb91a39ef4179,30,19,6,5,0.6333333333333333,36,22.31578947368421,24,0,23,740,136956,147149,0.445324442058336,0,0,,0.5158189290013979,36,ALL_RESOLVED
final_v2,ucs,map2,183,e807fcfc735986e9,e02d0416b7d51b2a,b3362d9604322a0c,a65eb91a39ef4179,30,19,2,9,0.6333333333333333,36,22.736842105263158,24,0,13,792,169760,177089,0.856355838059244,0,0,,0.9301601619990834,36,ALL_RESOLVED
final_v2,greedy,map2,183,e807fcfc735986e9,e02d0416b7d51b2a,b3362d9604322a0c,a65eb91a39ef4179,30,11,6,13,0.36666666666666664,36,19.90909090909091,16,0,33,787,28636,55893,0.16591456898459,0,0,,0.2342482200001541,36,ALL_RESOLVED
final_v2,ga,map2,175,e807fcfc735986e9,e02d0416b7d51b2a,b3362d9604322a0c,a65eb91a39ef4179,30,28,1,1,0.9333333333333333,50,26.75,23.5,28,19,881,0,185024,16.546204994010623,7834,185024,0.25,16.742881961999956,68,ALL_RESOLVED
final_v2,astar,map2,183,e807fcfc735986e9,e02d0416b7d51b2a,b3362d9604322a0c,a65eb91a39ef4179,30,19,3,8,0.6333333333333333,36,22.894736842105264,25,0,15,795,71439,87881,0.38843369899404934,0,0,,0.45781433999945875,36,ALL_RESOLVED
final_v2,ga,map2,176,e807fcfc735986e9,e02d0416b7d51b2a,b3362d9604322a0c,a65eb91a39ef4179,30,29,1,0,0.9666666666666667,51,28.75862068965517,27,16,19,888,0,191240,15.6700805300934,8116,191240,0.25,15.824730839998665,54,ALL_RESOLVED
final_v2,bfs,map2,184,e807fcfc735986e9,e02d0416b7d51b2a,b3362d9604322a0c,a65eb91a39ef4179,30,29,1,0,0.9666666666666667,37,23.0,23,0,62,671,85636,94519,0.25515187105338555,0,0,,0.31201275200146483,37,ALL_RESOLVED
final_v2,greedy,map2,184,e807fcfc735986e9,e02d0416b7d51b2a,b3362d9604322a0c,a65eb91a39ef4179,30,26,4,0,0.8666666666666667,53,23.115384615384617,21.5,0,26,667,10553,24964,0.041857080919726286,0,0,,0.0995821229989815,53,ALL_RESOLVED
final_v2,ga,map2,174,e807fcfc735986e9,e02d0416b7d51b2a,b3362d9604322a0c,a65eb91a39ef4179,30,8,1,21,0.26666666666666666,32,16.75,14.5,36,5,792,0,177139,18.14805658399564,7626,177139,0.25,18.294013603001076,32,ALL_RESOLVED
final_v2,astar,map2,184,e807fcfc735986e9,e02d0416b7d51b2a,b3362d9604322a0c,a65eb91a39ef4179,30,29,1,0,0.9666666666666667,42,24.344827586206897,24,0,41,710,39533,51822,0.15355704702596995,0,0,,0.20702106500175432,42,ALL_RESOLVED
final_v2,ucs,map2,184,e807fcfc735986e9,e02d0416b7d51b2a,b3362d9604322a0c,a65eb91a39ef4179,30,29,1,0,0.9666666666666667,40,23.689655172413794,24,0,40,691,123052,131510,0.6467058809575974,0,0,,0.7275492179978755,40,ALL_RESOLVED
final_v2,bfs,map2,185,e807fcfc735986e9,e02d0416b7d51b2a,b3362d9604322a0c,a65eb91a39ef4179,30,30,0,0,1.0,42,27.466666666666665,27.5,0,191,824,83182,93730,0.18830865998825175,0,0,,0.2438417240009585,42,ALL_RESOLVED
final_v2,greedy,map2,185,e807fcfc735986e9,e02d0416b7d51b2a,b3362d9604322a0c,a65eb91a39ef4179,30,30,0,0,1.0,43,28.5,28.5,0,174,855,10418,25067,0.046191458983230405,0,0,,0.10772604100202443,43,ALL_RESOLVED
final_v2,ga,map2,178,e807fcfc735986e9,e02d0416b7d51b2a,b3362d9604322a0c,a65eb91a39ef4179,30,22,4,4,0.7333333333333333,39,24.863636363636363,25.5,23,34,729,0,157916,14.025894291946315,6688,157916,0.25,14.162852588000533,46,ALL_RESOLVED
final_v2,astar,map2,185,e807fcfc735986e9,e02d0416b7d51b2a,b3362d9604322a0c,a65eb91a39ef4179,30,30,0,0,1.0,42,27.466666666666665,27.5,0,149,824,33353,46201,0.12309688799723517,0,0,,0.17439904699858744,42,ALL_RESOLVED
final_v2,ga,map2,173,e807fcfc735986e9,e02d0416b7d51b2a,b3362d9604322a0c,a65eb91a39ef4179,30,30,0,0,1.0,63,32.7,33.5,27,42,981,0,207628,19.712209857971175,8750,207628,0.25,19.91598803299712,63,ALL_RESOLVED
final_v2,bfs,map2,186,e807fcfc735986e9,e02d0416b7d51b2a,b3362d9604322a0c,a65eb91a39ef4179,30,30,0,0,1.0,39,24.5,24.5,0,104,735,88217,97471,0.19697841901142965,0,0,,0.2496761639995384,39,ALL_RESOLVED
final_v2,greedy,map2,186,e807fcfc735986e9,e02d0416b7d51b2a,b3362d9604322a0c,a65eb91a39ef4179,30,30,0,0,1.0,39,24.5,24.5,0,50,735,10427,24691,0.04248839103820501,0,0,,0.091275279999536,39,ALL_RESOLVED
final_v2,ucs,map2,185,e807fcfc735986e9,e02d0416b7d51b2a,b3362d9604322a0c,a65eb91a39ef4179,30,30,0,0,1.0,42,27.466666666666665,27.5,0,131,824,122042,132064,0.6317793420530506,0,0,,0.7177442620013608,42,ALL_RESOLVED
final_v2,astar,map2,186,e807fcfc735986e9,e02d0416b7d51b2a,b3362d9604322a0c,a65eb91a39ef4179,30,30,0,0,1.0,39,24.5,24.5,0,76,735,40842,53880,0.14276373704342404,0,0,,0.19417337699997006,39,ALL_RESOLVED
final_v2,bfs,map2,187,e807fcfc735986e9,e02d0416b7d51b2a,b3362d9604322a0c,a65eb91a39ef4179,30,30,0,0,1.0,39,24.333333333333332,24.5,0,107,730,83792,93222,0.17704776399841649,0,0,,0.22798258299735608,39,ALL_RESOLVED
final_v2,ucs,map2,186,e807fcfc735986e9,e02d0416b7d51b2a,b3362d9604322a0c,a65eb91a39ef4179,30,30,0,0,1.0,39,24.5,24.5,0,68,735,135118,143853,0.692948465984955,0,0,,0.7745038610009942,39,ALL_RESOLVED
final_v2,greedy,map2,187,e807fcfc735986e9,e02d0416b7d51b2a,b3362d9604322a0c,a65eb91a39ef4179,30,30,0,0,1.0,40,24.366666666666667,24.5,0,70,731,9726,23478,0.06030973394808825,0,0,,0.13555767000070773,40,ALL_RESOLVED
final_v2,ucs,map2,187,e807fcfc735986e9,e02d0416b7d51b2a,b3362d9604322a0c,a65eb91a39ef4179,30,30,0,0,1.0,42,24.433333333333334,24.5,0,68,733,123908,133025,0.40255691901256796,0,0,,0.45897415400031605,42,ALL_RESOLVED
final_v2,astar,map2,187,e807fcfc735986e9,e02d0416b7d51b2a,b3362d9604322a0c,a65eb91a39ef4179,30,30,0,0,1.0,39,24.333333333333332,24.5,0,77,730,35547,47978,0.1996406799662509,0,0,,0.2735310850002861,39,ALL_RESOLVED
final_v2,bfs,map2,188,e807fcfc735986e9,e02d0416b7d51b2a,b3362d9604322a0c,a65eb91a39ef4179,30,30,0,0,1.0,40,25.266666666666666,25.5,0,69,758,105415,115778,0.34326976296506473,0,0,,0.421142189999955,40,ALL_RESOLVED
final_v2,ucs,map2,188,e807fcfc735986e9,e02d0416b7d51b2a,b3362d9604322a0c,a65eb91a39ef4179,30,30,0,0,1.0,45,25.433333333333334,25.5,0,24,763,144896,154435,0.7415158399635402,0,0,,0.8293021390018112,45,ALL_RESOLVED
final_v2,greedy,map2,188,e807fcfc735986e9,e02d0416b7d51b2a,b3362d9604322a0c,a65eb91a39ef4179,30,30,0,0,1.0,42,26.8,27.5,0,53,804,11955,28919,0.07561527303550974,0,0,,0.15474790599910193,42,ALL_RESOLVED
final_v2,astar,map2,188,e807fcfc735986e9,e02d0416b7d51b2a,b3362d9604322a0c,a65eb91a39ef4179,30,30,0,0,1.0,41,25.3,25.5,0,38,759,45666,60530,0.2980148329625081,0,0,,0.39570841000022483,41,ALL_RESOLVED
final_v2,ga,map2,181,e807fcfc735986e9,e02d0416b7d51b2a,b3362d9604322a0c,a65eb91a39ef4179,30,3,0,27,0.1,15,10.666666666666666,9,26,4,410,0,97858,10.424163512965606,4244,97858,0.25,10.501538989999972,15,ALL_RESOLVED
final_v2,bfs,map2,189,e807fcfc735986e9,e02d0416b7d51b2a,b3362d9604322a0c,a65eb91a39ef4179,30,30,0,0,1.0,38,23.466666666666665,23.5,0,55,704,95813,105418,0.31026734404076706,0,0,,0.3842462339998747,38,ALL_RESOLVED
final_v2,ucs,map2,189,e807fcfc735986e9,e02d0416b7d51b2a,b3362d9604322a0c,a65eb91a39ef4179,30,30,0,0,1.0,43,24.166666666666668,24.5,0,40,725,136354,145109,0.6949219788657501,0,0,,0.7798108860006323,43,ALL_RESOLVED
final_v2,greedy,map2,189,e807fcfc735986e9,e02d0416b7d51b2a,b3362d9604322a0c,a65eb91a39ef4179,30,30,0,0,1.0,41,25.433333333333334,26.0,0,50,763,11232,26911,0.07031768903834745,0,0,,0.14590802599923336,41,ALL_RESOLVED
final_v2,astar,map2,189,e807fcfc735986e9,e02d0416b7d51b2a,b3362d9604322a0c,a65eb91a39ef4179,30,30,0,0,1.0,43,24.233333333333334,24.5,0,34,727,43247,57226,0.24433426004543435,0,0,,0.3243443680003111,43,ALL_RESOLVED
final_v2,ga,map2,180,e807fcfc735986e9,e02d0416b7d51b2a,b3362d9604322a0c,a65eb91a39ef4179,30,30,0,0,1.0,90,30.966666666666665,29.5,38,28,929,0,197599,18.620241447955777,8341,197599,0.25,18.848811085001216,90,ALL_RESOLVED
final_v2,bfs,map2,190,e807fcfc735986e9,e02d0416b7d51b2a,b3362d9604322a0c,a65eb91a39ef4179,30,30,0,0,1.0,39,24.5,24.5,0,103,735,88290,97936,0.28612112401242484,0,0,,0.3625529240016476,39,ALL_RESOLVED
final_v2,ga,map2,179,e807fcfc735986e9,e02d0416b7d51b2a,b3362d9604322a0c,a65eb91a39ef4179,30,28,0,2,0.9333333333333333,54,32.642857142857146,32.5,32,27,992,0,216557,21.062498709041392,9196,216557,0.25,21.286601625000912,68,ALL_RESOLVED
final_v2,greedy,map2,190,e807fcfc735986e9,e02d0416b7d51b2a,b3362d9604322a0c,a65eb91a39ef4179,30,30,0,0,1.0,39,24.5,24.5,0,55,735,10040,23778,0.06211835604335647,0,0,,0.13441188400247484,39,ALL_RESOLVED
final_v2,astar,map2,190,e807fcfc735986e9,e02d0416b7d51b2a,b3362d9604322a0c,a65eb91a39ef4179,30,30,0,0,1.0,39,24.5,24.5,0,77,735,36863,49552,0.20577625497753615,0,0,,0.28051901499929954,39,ALL_RESOLVED
final_v2,ucs,map2,190,e807fcfc735986e9,e02d0416b7d51b2a,b3362d9604322a0c,a65eb91a39ef4179,30,30,0,0,1.0,41,24.566666666666666,24.5,0,53,737,135778,145102,0.6953127340311767,0,0,,0.7779759190016193,41,ALL_RESOLVED
final_v2,bfs,map2,191,e807fcfc735986e9,e02d0416b7d51b2a,b3362d9604322a0c,a65eb91a39ef4179,30,30,0,0,1.0,40,25.366666666666667,25.5,0,108,761,91445,101620,0.29644717308838153,0,0,,0.3746875069991802,40,ALL_RESOLVED
final_v2,ucs,map2,191,e807fcfc735986e9,e02d0416b7d51b2a,b3362d9604322a0c,a65eb91a39ef4179,30,30,0,0,1.0,40,25.366666666666667,25.5,0,64,761,131789,141444,0.6758659650477057,0,0,,0.7570892670009925,40,ALL_RESOLVED
final_v2,greedy,map2,191,e807fcfc735986e9,e02d0416b7d51b2a,b3362d9604322a0c,a65eb91a39ef4179,30,30,0,0,1.0,41,26.266666666666666,26.5,0,83,788,10726,25642,0.06747440599065158,0,0,,0.14554614199732896,41,ALL_RESOLVED
final_v2,astar,map2,191,e807fcfc735986e9,e02d0416b7d51b2a,b3362d9604322a0c,a65eb91a39ef4179,30,30,0,0,1.0,40,25.366666666666667,25.5,0,64,761,37626,50904,0.21279323598355404,0,0,,0.2888253380006063,40,ALL_RESOLVED
final_v2,ga,map2,186,e807fcfc735986e9,e02d0416b7d51b2a,b3362d9604322a0c,a65eb91a39ef4179,30,29,1,0,0.9666666666666667,97,32.10344827586207,24,30,16,981,0,220855,14.70293633793699,9422,220855,0.25,14.877801898001053,97,ALL_RESOLVED
final_v2,bfs,map2,192,e807fcfc735986e9,e02d0416b7d51b2a,b3362d9604322a0c,a65eb91a39ef4179,30,30,0,0,1.0,40,25.2,25.5,0,116,756,88392,98118,0.1846099360154767,0,0,,0.23070011399977375,40,ALL_RESOLVED
final_v2,ga,map2,182,e807fcfc735986e9,e02d0416b7d51b2a,b3362d9604322a0c,a65eb91a39ef4179,30,25,3,2,0.8333333333333334,63,30.8,30,38,16,1008,0,228117,19.368164149935183,9716,228117,0.25,19.567930779998278,63,ALL_RESOLVED
final_v2,greedy,map2,192,e807fcfc735986e9,e02d0416b7d51b2a,b3362d9604322a0c,a65eb91a39ef4179,30,30,0,0,1.0,40,25.4,25.5,0,82,762,10136,24153,0.06342929892707616,0,0,,0.13893318000191357,40,ALL_RESOLVED
final_v2,ga,map2,188,e807fcfc735986e9,e02d0416b7d51b2a,b3362d9604322a0c,a65eb91a39ef4179,30,30,0,0,1.0,59,32.666666666666664,32.5,37,20,980,0,208332,12.488415494917717,8799,208332,0.25,12.622802836001938,59,ALL_RESOLVED
final_v2,ucs,map2,192,e807fcfc735986e9,e02d0416b7d51b2a,b3362d9604322a0c,a65eb91a39ef4179,30,30,0,0,1.0,40,25.2,25.5,0,62,756,130210,139909,0.4338803489517886,0,0,,0.48899850499947206,40,ALL_RESOLVED
final_v2,astar,map2,192,e807fcfc735986e9,e02d0416b7d51b2a,b3362d9604322a0c,a65eb91a39ef4179,30,30,0,0,1.0,40,25.2,25.5,0,70,756,36081,49078,0.20472446602070704,0,0,,0.2806876930008002,40,ALL_RESOLVED
final_v2,bfs,map2,193,e807fcfc735986e9,e02d0416b7d51b2a,b3362d9604322a0c,a65eb91a39ef4179,30,30,0,0,1.0,38,23.366666666666667,23.5,0,79,701,82665,91938,0.1692481040226994,0,0,,0.21745911200196133,38,ALL_RESOLVED
final_v2,greedy,map2,193,e807fcfc735986e9,e02d0416b7d51b2a,b3362d9604322a0c,a65eb91a39ef4179,30,30,0,0,1.0,40,23.433333333333334,23.5,0,35,703,9885,23429,0.03659501902802731,0,0,,0.08257368900012807,40,ALL_RESOLVED
final_v2,astar,map2,193,e807fcfc735986e9,e02d0416b7d51b2a,b3362d9604322a0c,a65eb91a39ef4179,30,30,0,0,1.0,38,23.366666666666667,23.5,0,47,701,34843,46375,0.12422614598108339,0,0,,0.16999312400002964,38,ALL_RESOLVED
final_v2,ucs,map2,193,e807fcfc735986e9,e02d0416b7d51b2a,b3362d9604322a0c,a65eb91a39ef4179,30,30,0,0,1.0,38,23.366666666666667,23.5,0,43,701,123763,133132,0.6399868940388842,0,0,,0.7176587560024927,38,ALL_RESOLVED
final_v2,bfs,map2,194,e807fcfc735986e9,e02d0416b7d51b2a,b3362d9604322a0c,a65eb91a39ef4179,30,30,0,0,1.0,39,24.466666666666665,24.5,0,114,734,82242,91600,0.26744676702219294,0,0,,0.3430615939978452,39,ALL_RESOLVED
final_v2,ucs,map2,194,e807fcfc735986e9,e02d0416b7d51b2a,b3362d9604322a0c,a65eb91a39ef4179,30,30,0,0,1.0,41,24.533333333333335,24.5,0,72,736,124251,133370,0.6362096559605561,0,0,,0.7174641369965684,41,ALL_RESOLVED
final_v2,greedy,map2,194,e807fcfc735986e9,e02d0416b7d51b2a,b3362d9604322a0c,a65eb91a39ef4179,30,30,0,0,1.0,39,24.466666666666665,24.5,0,64,734,9907,23550,0.061426862946973415,0,0,,0.13308128700009547,39,ALL_RESOLVED
final_v2,astar,map2,194,e807fcfc735986e9,e02d0416b7d51b2a,b3362d9604322a0c,a65eb91a39ef4179,30,30,0,0,1.0,39,24.466666666666665,24.5,0,82,734,37624,49684,0.21000862996152136,0,0,,0.28346540100028506,39,ALL_RESOLVED
final_v2,ga,map2,184,e807fcfc735986e9,e02d0416b7d51b2a,b3362d9604322a0c,a65eb91a39ef4179,30,22,5,3,0.7333333333333333,76,26.0,22.5,40,8,838,0,193707,19.132009483066213,8301,193707,0.25,19.33691398999872,76,ALL_RESOLVED
final_v2,bfs,map2,195,e807fcfc735986e9,e02d0416b7d51b2a,b3362d9604322a0c,a65eb91a39ef4179,30,30,0,0,1.0,42,27.5,27.5,0,170,825,91896,102582,0.29777614296472166,0,0,,0.3833660839991353,42,ALL_RESOLVED
final_v2,ga,map2,185,e807fcfc735986e9,e02d0416b7d51b2a,b3362d9604322a0c,a65eb91a39ef4179,30,30,0,0,1.0,74,32.6,28.5,25,38,978,0,209461,18.921803073932097,8867,209461,0.25,19.128784219999943,74,ALL_RESOLVED
final_v2,greedy,map2,195,e807fcfc735986e9,e02d0416b7d51b2a,b3362d9604322a0c,a65eb91a39ef4179,30,30,0,0,1.0,42,27.5,27.5,0,118,825,11014,26375,0.06860195000263047,0,0,,0.1524434860002657,42,ALL_RESOLVED
final_v2,ga,map2,183,e807fcfc735986e9,e02d0416b7d51b2a,b3362d9604322a0c,a65eb91a39ef4179,30,10,9,11,0.3333333333333333,36,20.3,17.5,39,4,825,0,198736,20.751992986031837,8569,198736,0.25,20.91526411799714,36,ALL_RESOLVED
final_v2,ga,map2,187,e807fcfc735986e9,e02d0416b7d51b2a,b3362d9604322a0c,a65eb91a39ef4179,30,30,0,0,1.0,67,30.666666666666668,29.5,22,11,920,0,196330,18.032588146990747,8295,196330,0.25,18.232090867997613,67,ALL_RESOLVED
final_v2,astar,map2,195,e807fcfc735986e9,e02d0416b7d51b2a,b3362d9604322a0c,a65eb91a39ef4179,30,30,0,0,1.0,42,27.5,27.5,0,114,825,40024,53557,0.22341145702375798,0,0,,0.30460429399681743,42,ALL_RESOLVED
final_v2,ucs,map2,195,e807fcfc735986e9,e02d0416b7d51b2a,b3362d9604322a0c,a65eb91a39ef4179,30,30,0,0,1.0,42,27.5,27.5,0,126,825,139937,149393,0.712225090010179,0,0,,0.7991258729998663,42,ALL_RESOLVED
final_v2,bfs,map2,196,e807fcfc735986e9,e02d0416b7d51b2a,b3362d9604322a0c,a65eb91a39ef4179,30,19,4,7,0.6333333333333333,30,20.842105263157894,21,0,28,634,97227,104714,0.31711415899917483,0,0,,0.37532146999728866,30,ALL_RESOLVED
final_v2,greedy,map2,196,e807fcfc735986e9,e02d0416b7d51b2a,b3362d9604322a0c,a65eb91a39ef4179,30,21,2,7,0.7,34,22.61904761904762,22,0,32,699,11785,27426,0.07290201399155194,0,0,,0.1315650700016704,34,ALL_RESOLVED
final_v2,ucs,map2,196,e807fcfc735986e9,e02d0416b7d51b2a,b3362d9604322a0c,a65eb91a39ef4179,30,18,7,5,0.6,30,20.38888888888889,20.5,0,22,627,113489,120160,0.5716703539837908,0,0,,0.6310782299988205,30,ALL_RESOLVED
final_v2,astar,map2,196,e807fcfc735986e9,e02d0416b7d51b2a,b3362d9604322a0c,a65eb91a39ef4179,30,19,4,7,0.6333333333333333,31,20.94736842105263,21,0,21,636,35892,48160,0.20105997899008798,0,0,,0.2580392869967909,31,ALL_RESOLVED
final_v2,bfs,map2,197,e807fcfc735986e9,e02d0416b7d51b2a,b3362d9604322a0c,a65eb91a39ef4179,30,30,0,0,1.0,39,24.4,24.5,0,84,732,88829,97990,0.29036900798382703,0,0,,0.3666805060020124,39,ALL_RESOLVED
final_v2,greedy,map2,197,e807fcfc735986e9,e02d0416b7d51b2a,b3362d9604322a0c,a65eb91a39ef4179,30,30,0,0,1.0,40,25.233333333333334,25.5,0,55,757,10764,25468,0.06764523197853123,0,0,,0.14358600199921057,40,ALL_RESOLVED
final_v2,ucs,map2,197,e807fcfc735986e9,e02d0416b7d51b2a,b3362d9604322a0c,a65eb91a39ef4179,30,30,0,0,1.0,39,24.4,24.5,0,54,732,128420,137452,0.6550451869843528,0,0,,0.7340749290015083,39,ALL_RESOLVED
final_v2,astar,map2,197,e807fcfc735986e9,e02d0416b7d51b2a,b3362d9604322a0c,a65eb91a39ef4179,30,30,0,0,1.0,41,24.466666666666665,24.5,0,50,734,38091,50376,0.2127746499645582,0,0,,0.2890840109976125,41,ALL_RESOLVED
final_v2,bfs,map2,198,e807fcfc735986e9,e02d0416b7d51b2a,b3362d9604322a0c,a65eb91a39ef4179,30,25,2,3,0.8333333333333334,42,23.32,21,0,31,611,79585,86432,0.262585563956236,0,0,,0.3326397689997975,42,ALL_RESOLVED
final_v2,ucs,map2,198,e807fcfc735986e9,e02d0416b7d51b2a,b3362d9604322a0c,a65eb91a39ef4179,30,27,1,2,0.9,43,24.25925925925926,25,0,20,667,104825,111819,0.529236560989375,0,0,,0.604149906001112,43,ALL_RESOLVED
final_v2,greedy,map2,198,e807fcfc735986e9,e02d0416b7d51b2a,b3362d9604322a0c,a65eb91a39ef4179,30,26,1,3,0.8666666666666667,40,24.46153846153846,24.5,0,18,652,10332,24229,0.06417760992189869,0,0,,0.1301713010034291,40,ALL_RESOLVED
final_v2,astar,map2,198,e807fcfc735986e9,e02d0416b7d51b2a,b3362d9604322a0c,a65eb91a39ef4179,30,27,1,2,0.9,44,24.74074074074074,25,0,19,680,34505,46510,0.1938743050195626,0,0,,0.2669915149999724,44,ALL_RESOLVED
final_v2,ga,map2,193,e807fcfc735986e9,e02d0416b7d51b2a,b3362d9604322a0c,a65eb91a39ef4179,30,29,0,1,0.9666666666666667,59,29.517241379310345,29,27,14,886,0,191265,11.33292729598179,8074,191265,0.25,11.460832531000051,59,ALL_RESOLVED
final_v2,bfs,map2,199,e807fcfc735986e9,e02d0416b7d51b2a,b3362d9604322a0c,a65eb91a39ef4179,30,10,3,17,0.3333333333333333,23,15.2,15.5,0,27,534,105193,114293,0.22665568800948677,0,0,,0.2556813539995346,23,ALL_RESOLVED
final_v2,ga,map2,189,e807fcfc735986e9,e02d0416b7d51b2a,b3362d9604322a0c,a65eb91a39ef4179,30,29,1,0,0.9666666666666667,61,33.48275862068966,33,45,8,1013,0,216244,21.209455975960736,9160,216244,0.25,21.41692397999941,61,ALL_RESOLVED
final_v2,greedy,map2,199,e807fcfc735986e9,e02d0416b7d51b2a,b3362d9604322a0c,a65eb91a39ef4179,30,7,5,18,0.23333333333333334,23,14.428571428571429,14,0,13,541,18330,35423,0.10526968696285621,0,0,,0.14860518699788372,23,ALL_RESOLVED
final_v2,ucs,map2,199,e807fcfc735986e9,e02d0416b7d51b2a,b3362d9604322a0c,a65eb91a39ef4179,30,10,5,15,0.3333333333333333,23,15.2,15.5,0,24,534,128625,134022,0.41940882099515875,0,0,,0.450724883001385,23,ALL_RESOLVED
final_v2,astar,map2,199,e807fcfc735986e9,e02d0416b7d51b2a,b3362d9604322a0c,a65eb91a39ef4179,30,10,5,15,0.3333333333333333,23,15.2,15.5,0,21,534,55974,67798,0.3033566189624253,0,0,,0.34942584300006274,23,ALL_RESOLVED
final_v2,ga,map2,190,e807fcfc735986e9,e02d0416b7d51b2a,b3362d9604322a0c,a65eb91a39ef4179,30,30,0,0,1.0,87,31.3,29.5,30,24,939,0,199690,19.123598039950593,8399,199690,0.25,19.354359283999656,87,ALL_RESOLVED
final_v2,bfs,map3,0,e807fcfc735986e9,e02d0416b7d51b2a,b3362d9604322a0c,a65eb91a39ef4179,30,30,0,0,1.0,38,23.5,23.5,0,135,705,86841,97666,0.26463878500726423,0,0,,0.3402409720001742,38,ALL_RESOLVED
final_v2,greedy,map3,0,e807fcfc735986e9,e02d0416b7d51b2a,b3362d9604322a0c,a65eb91a39ef4179,30,30,0,0,1.0,38,23.5,23.5,0,135,705,7380,18254,0.04609452898876043,0,0,,0.11847937900165562,38,ALL_RESOLVED
final_v2,astar,map3,0,e807fcfc735986e9,e02d0416b7d51b2a,b3362d9604322a0c,a65eb91a39ef4179,30,30,0,0,1.0,38,23.5,23.5,0,107,705,29426,43967,0.17105486394575564,0,0,,0.24434928100163233,38,ALL_RESOLVED
final_v2,ucs,map3,0,e807fcfc735986e9,e02d0416b7d51b2a,b3362d9604322a0c,a65eb91a39ef4179,30,30,0,0,1.0,38,23.5,23.5,0,99,705,128481,140223,0.6639339290122734,0,0,,0.7431405479983368,38,ALL_RESOLVED
final_v2,bfs,map3,1,e807fcfc735986e9,e02d0416b7d51b2a,b3362d9604322a0c,a65eb91a39ef4179,30,30,0,0,1.0,40,25.266666666666666,25.5,0,188,758,83953,95670,0.2591174650042376,0,0,,0.33851879500070936,40,ALL_RESOLVED
final_v2,ga,map2,191,e807fcfc735986e9,e02d0416b7d51b2a,b3362d9604322a0c,a65eb91a39ef4179,30,29,1,0,0.9666666666666667,56,30.448275862068964,30,27,15,931,0,196125,19.139778528973693,8254,196125,0.25,19.327256691998628,56,ALL_RESOLVED
final_v2,greedy,map3,1,e807fcfc735986e9,e02d0416b7d51b2a,b3362d9604322a0c,a65eb91a39ef4179,30,30,0,0,1.0,40,25.266666666666666,25.5,0,188,758,7722,19106,0.04794829099046183,0,0,,0.12400355600038893,40,ALL_RESOLVED
final_v2,ucs,map3,1,e807fcfc735986e9,e02d0416b7d51b2a,b3362d9604322a0c,a65eb91a39ef4179,30,30,0,0,1.0,40,25.266666666666666,25.5,0,128,758,133283,146364,0.6908735489814717,0,0,,0.7727670759995817,40,ALL_RESOLVED
final_v2,astar,map3,1,e807fcfc735986e9,e02d0416b7d51b2a,b3362d9604322a0c,a65eb91a39ef4179,30,30,0,0,1.0,40,25.266666666666666,25.5,0,138,758,29731,44768,0.1737986830121372,0,0,,0.2489704020008503,40,ALL_RESOLVED
final_v2,bfs,map3,2,e807fcfc735986e9,e02d0416b7d51b2a,b3362d9604322a0c,a65eb91a39ef4179,30,28,2,0,0.9333333333333333,37,23.5,23.5,0,112,676,87038,96764,0.2649679619098606,0,0,,0.3381883529982588,37,ALL_RESOLVED
final_v2,ucs,map3,2,e807fcfc735986e9,e02d0416b7d51b2a,b3362d9604322a0c,a65eb91a39ef4179,30,28,2,0,0.9333333333333333,37,23.5,23.5,0,86,676,129603,140788,0.6729915660107508,0,0,,0.7499633779989381,37,ALL_RESOLVED
final_v2,greedy,map3,2,e807fcfc735986e9,e02d0416b7d51b2a,b3362d9604322a0c,a65eb91a39ef4179,30,28,2,0,0.9333333333333333,37,23.5,23.5,0,112,676,7608,18057,0.04679016103182221,0,0,,0.11638861500250641,37,ALL_RESOLVED
final_v2,astar,map3,2,e807fcfc735986e9,e02d0416b7d51b2a,b3362d9604322a0c,a65eb91a39ef4179,30,28,2,0,0.9333333333333333,37,23.5,23.5,0,90,676,30406,44744,0.17681648995130672,0,0,,0.24831098099821247,37,ALL_RESOLVED
final_v2,ga,map2,198,e807fcfc735986e9,e02d0416b7d51b2a,b3362d9604322a0c,a65eb91a39ef4179,30,20,3,7,0.6666666666666666,48,24.5,21.0,23,7,772,0,167287,10.263595005988464,7099,167287,0.25,10.368529250998108,50,ALL_RESOLVED
final_v2,bfs,map3,3,e807fcfc735986e9,e02d0416b7d51b2a,b3362d9604322a0c,a65eb91a39ef4179,30,30,0,0,1.0,37,22.5,22.5,0,117,675,84965,95475,0.16161450996878557,0,0,,0.20701584500056924,37,ALL_RESOLVED
final_v2,ga,map2,194,e807fcfc735986e9,e02d0416b7d51b2a,b3362d9604322a0c,a65eb91a39ef4179,30,29,1,0,0.9666666666666667,65,28.103448275862068,26,22,11,833,0,172284,14.8421743049621,7222,172284,0.25,15.011346715997206,65,ALL_RESOLVED
final_v2,greedy,map3,3,e807fcfc735986e9,e02d0416b7d51b2a,b3362d9604322a0c,a65eb91a39ef4179,30,30,0,0,1.0,37,22.5,22.5,0,117,675,7219,17747,0.045233941102196695,0,0,,0.11597848900055396,37,ALL_RESOLVED
final_v2,ucs,map3,3,e807fcfc735986e9,e02d0416b7d51b2a,b3362d9604322a0c,a65eb91a39ef4179,30,30,0,0,1.0,37,22.5,22.5,0,91,675,126315,137783,0.40812848298082827,0,0,,0.46522841899786727,37,ALL_RESOLVED
final_v2,astar,map3,3,e807fcfc735986e9,e02d0416b7d51b2a,b3362d9604322a0c,a65eb91a39ef4179,30,30,0,0,1.0,37,22.5,22.5,0,91,675,28272,42327,0.16565846692901687,0,0,,0.23750392799775,37,ALL_RESOLVED
final_v2,bfs,map3,4,e807fcfc735986e9,e02d0416b7d51b2a,b3362d9604322a0c,a65eb91a39ef4179,30,30,0,0,1.0,39,24.133333333333333,24.5,0,106,724,100541,111768,0.30630661201212206,0,0,,0.3819766240012541,39,ALL_RESOLVED
final_v2,ucs,map3,4,e807fcfc735986e9,e02d0416b7d51b2a,b3362d9604322a0c,a65eb91a39ef4179,30,30,0,0,1.0,39,24.133333333333333,24.5,0,76,724,140008,152523,0.7300164250773378,0,0,,0.8095484590012347,39,ALL_RESOLVED
final_v2,greedy,map3,4,e807fcfc735986e9,e02d0416b7d51b2a,b3362d9604322a0c,a65eb91a39ef4179,30,30,0,0,1.0,39,24.133333333333333,24.5,0,106,724,8320,20508,0.052028697020432446,0,0,,0.12315587699777097,39,ALL_RESOLVED
final_v2,ga,map2,196,e807fcfc735986e9,e02d0416b7d51b2a,b3362d9604322a0c,a65eb91a39ef4179,30,15,1,14,0.5,36,22.4,22,34,6,688,0,153071,15.35389910198137,6564,153071,0.25,15.484696398001688,36,ALL_RESOLVED
final_v2,astar,map3,4,e807fcfc735986e9,e02d0416b7d51b2a,b3362d9604322a0c,a65eb91a39ef4179,30,30,0,0,1.0,39,24.133333333333333,24.5,0,76,724,30020,45734,0.1775632620046963,0,0,,0.2515103289988474,39,ALL_RESOLVED
final_v2,ga,map2,192,e807fcfc735986e9,e02d0416b7d51b2a,b3362d9604322a0c,a65eb91a39ef4179,30,30,0,0,1.0,81,34.36666666666667,32.5,32,25,1031,0,220837,19.562641688979056,9336,220837,0.25,19.780462004000583,81,ALL_RESOLVED
final_v2,bfs,map3,5,e807fcfc735986e9,e02d0416b7d51b2a,b3362d9604322a0c,a65eb91a39ef4179,30,30,0,0,1.0,38,23.466666666666665,23.5,0,141,704,81646,92313,0.2515872930198384,0,0,,0.3249929490011709,38,ALL_RESOLVED
final_v2,greedy,map3,5,e807fcfc735986e9,e02d0416b7d51b2a,b3362d9604322a0c,a65eb91a39ef4179,30,30,0,0,1.0,38,23.466666666666665,23.5,0,141,704,7219,17770,0.044768712046789005,0,0,,0.11483267199946567,38,ALL_RESOLVED
final_v2,ucs,map3,5,e807fcfc735986e9,e02d0416b7d51b2a,b3362d9604322a0c,a65eb91a39ef4179,30,29,1,0,0.9666666666666667,37,22.96551724137931,23,0,92,676,118394,129668,0.47474808697006665,0,0,,0.5255785770023067,37,ALL_RESOLVED
final_v2,astar,map3,5,e807fcfc735986e9,e02d0416b7d51b2a,b3362d9604322a0c,a65eb91a39ef4179,30,29,1,0,0.9666666666666667,37,22.96551724137931,23,0,104,676,26963,40750,0.15830138095407165,0,0,,0.2282934769973508,37,ALL_RESOLVED
final_v2,bfs,map3,6,e807fcfc735986e9,e02d0416b7d51b2a,b3362d9604322a0c,a65eb91a39ef4179,30,24,5,1,0.8,34,22.375,22.5,0,72,675,104490,116434,0.3186732559443044,0,0,,0.38738968299730914,34,ALL_RESOLVED
final_v2,ga,map2,199,e807fcfc735986e9,e02d0416b7d51b2a,b3362d9604322a0c,a65eb91a39ef4179,30,4,3,23,0.13333333333333333,18,12.75,12.5,31,1,543,0,128593,8.846420344983926,5556,128593,0.25,8.915627777001646,20,ALL_RESOLVED
final_v2,ucs,map3,6,e807fcfc735986e9,e02d0416b7d51b2a,b3362d9604322a0c,a65eb91a39ef4179,30,24,5,1,0.8,34,22.375,22.5,0,48,659,139000,150430,0.7187639940166264,0,0,,0.7899176370010537,34,ALL_RESOLVED
final_v2,greedy,map3,6,e807fcfc735986e9,e02d0416b7d51b2a,b3362d9604322a0c,a65eb91a39ef4179,30,24,6,0,0.8,34,22.375,22.5,0,88,661,8324,20230,0.05257280501245987,0,0,,0.11746423600197886,34,ALL_RESOLVED
final_v2,astar,map3,6,e807fcfc735986e9,e02d0416b7d51b2a,b3362d9604322a0c,a65eb91a39ef4179,30,24,6,0,0.8,34,22.375,22.5,0,46,629,27825,42023,0.1642596510173462,0,0,,0.2287317689988413,34,ALL_RESOLVED
final_v2,ga,map2,197,e807fcfc735986e9,e02d0416b7d51b2a,b3362d9604322a0c,a65eb91a39ef4179,30,26,2,2,0.8666666666666667,50,27.846153846153847,25.5,33,9,902,0,192969,17.15375159694304,8181,192969,0.25,17.325371905000793,54,ALL_RESOLVED
final_v2,bfs,map3,7,e807fcfc735986e9,e02d0416b7d51b2a,b3362d9604322a0c,a65eb91a39ef4179,30,30,0,0,1.0,37,22.5,22.5,0,161,675,64264,73013,0.1959625829695142,0,0,,0.27000248699914664,37,ALL_RESOLVED
final_v2,ga,map3,0,e807fcfc735986e9,e02d0416b7d51b2a,b3362d9604322a0c,a65eb91a39ef4179,30,30,0,0,1.0,38,23.5,23.5,3,128,705,0,132218,8.454864133920637,5399,132218,0.25,8.55480326199904,38,ALL_RESOLVED
final_v2,greedy,map3,7,e807fcfc735986e9,e02d0416b7d51b2a,b3362d9604322a0c,a65eb91a39ef4179,30,30,0,0,1.0,37,22.5,22.5,0,161,675,6305,14694,0.038413184043747606,0,0,,0.1122992679993331,37,ALL_RESOLVED
final_v2,astar,map3,7,e807fcfc735986e9,e02d0416b7d51b2a,b3362d9604322a0c,a65eb91a39ef4179,30,30,0,0,1.0,37,22.5,22.5,0,131,675,23860,35909,0.0904855039807444,0,0,,0.1371432219966664,37,ALL_RESOLVED
final_v2,bfs,map3,8,e807fcfc735986e9,e02d0416b7d51b2a,b3362d9604322a0c,a65eb91a39ef4179,30,2,2,26,0.06666666666666667,12,10.0,10.0,0,2,354,90630,97216,0.18015364198072348,0,0,,0.19802724699911778,12,ALL_RESOLVED
final_v2,ucs,map3,7,e807fcfc735986e9,e02d0416b7d51b2a,b3362d9604322a0c,a65eb91a39ef4179,30,30,0,0,1.0,37,22.5,22.5,0,115,675,102522,114247,0.5369760789544671,0,0,,0.6132119880021492,37,ALL_RESOLVED
final_v2,greedy,map3,8,e807fcfc735986e9,e02d0416b7d51b2a,b3362d9604322a0c,a65eb91a39ef4179,30,2,2,26,0.06666666666666667,12,10.0,10.0,0,2,354,6713,15984,0.02705269099533325,0,0,,0.04309478299910552,12,ALL_RESOLVED
final_v2,ga,map2,195,e807fcfc735986e9,e02d0416b7d51b2a,b3362d9604322a0c,a65eb91a39ef4179,30,28,2,0,0.9333333333333333,64,30.535714285714285,26.5,28,31,941,0,202121,19.67164966494238,8534,202121,0.25,19.876225076000992,64,ALL_RESOLVED
final_v2,astar,map3,8,e807fcfc735986e9,e02d0416b7d51b2a,b3362d9604322a0c,a65eb91a39ef4179,30,2,2,26,0.06666666666666667,12,10.0,10.0,0,4,354,18055,28015,0.06700279597498593,0,0,,0.08295653300228878,12,ALL_RESOLVED
final_v2,ucs,map3,8,e807fcfc735986e9,e02d0416b7d51b2a,b3362d9604322a0c,a65eb91a39ef4179,30,2,2,26,0.06666666666666667,12,10.0,10.0,0,3,354,100557,106709,0.3251342279872915,0,0,,0.34467514000061783,12,ALL_RESOLVED
final_v2,bfs,map3,9,e807fcfc735986e9,e02d0416b7d51b2a,b3362d9604322a0c,a65eb91a39ef4179,30,25,5,0,0.8333333333333334,33,20.96,21,0,71,596,86114,96463,0.15554863100260263,0,0,,0.19321388099706382,33,ALL_RESOLVED
final_v2,greedy,map3,9,e807fcfc735986e9,e02d0416b7d51b2a,b3362d9604322a0c,a65eb91a39ef4179,30,25,5,0,0.8333333333333334,33,20.96,21,0,71,596,6920,17051,0.02504328397117206,0,0,,0.06085892700139084,33,ALL_RESOLVED
final_v2,astar,map3,9,e807fcfc735986e9,e02d0416b7d51b2a,b3362d9604322a0c,a65eb91a39ef4179,30,24,6,0,0.8,32,20.458333333333332,20.5,0,50,589,25374,38658,0.09073287203136715,0,0,,0.1298108310002135,32,ALL_RESOLVED
final_v2,ucs,map3,9,e807fcfc735986e9,e02d0416b7d51b2a,b3362d9604322a0c,a65eb91a39ef4179,30,24,6,0,0.8,32,20.458333333333332,20.5,0,44,589,119656,129777,0.3965681339795992,0,0,,0.43801024300046265,32,ALL_RESOLVED
final_v2,bfs,map3,10,e807fcfc735986e9,e02d0416b7d51b2a,b3362d9604322a0c,a65eb91a39ef4179,30,30,0,0,1.0,38,23.4,23.5,0,107,702,90084,101102,0.17438508503255434,0,0,,0.2217655909989844,38,ALL_RESOLVED
final_v2,ucs,map3,10,e807fcfc735986e9,e02d0416b7d51b2a,b3362d9604322a0c,a65eb91a39ef4179,30,30,0,0,1.0,38,23.4,23.5,0,85,702,130656,142812,0.41359523295614053,0,0,,0.46395120700253756,38,ALL_RESOLVED
final_v2,greedy,map3,10,e807fcfc735986e9,e02d0416b7d51b2a,b3362d9604322a0c,a65eb91a39ef4179,30,30,0,0,1.0,38,23.4,23.5,0,107,702,7882,19288,0.03035906493823859,0,0,,0.07587823599897092,38,ALL_RESOLVED
final_v2,astar,map3,10,e807fcfc735986e9,e02d0416b7d51b2a,b3362d9604322a0c,a65eb91a39ef4179,30,30,0,0,1.0,38,23.4,23.5,0,85,702,29615,44238,0.10424656798204524,0,0,,0.14797670600091806,38,ALL_RESOLVED
final_v2,ga,map3,1,e807fcfc735986e9,e02d0416b7d51b2a,b3362d9604322a0c,a65eb91a39ef4179,30,30,0,0,1.0,40,25.266666666666666,25.5,6,166,758,0,141419,12.227095855996595,5748,141419,0.25,12.366124072003004,40,ALL_RESOLVED
final_v2,bfs,map3,11,e807fcfc735986e9,e02d0416b7d51b2a,b3362d9604322a0c,a65eb91a39ef4179,30,30,0,0,1.0,38,23.466666666666665,23.5,0,167,704,71226,80992,0.21985043700988172,0,0,,0.29411915699893143,38,ALL_RESOLVED
final_v2,ucs,map3,11,e807fcfc735986e9,e02d0416b7d51b2a,b3362d9604322a0c,a65eb91a39ef4179,30,29,1,0,0.9666666666666667,37,22.96551724137931,23,0,117,676,109397,120677,0.5693926099411328,0,0,,0.6445740590024798,37,ALL_RESOLVED
final_v2,greedy,map3,11,e807fcfc735986e9,e02d0416b7d51b2a,b3362d9604322a0c,a65eb91a39ef4179,30,30,0,0,1.0,38,23.466666666666665,23.5,0,167,704,6670,16457,0.041542933024175,0,0,,0.11317863699878217,38,ALL_RESOLVED
final_v2,astar,map3,11,e807fcfc735986e9,e02d0416b7d51b2a,b3362d9604322a0c,a65eb91a39ef4179,30,29,1,0,0.9666666666666667,37,22.96551724137931,23,0,117,676,23048,35953,0.13613523804451688,0,0,,0.2061897499988845,37,ALL_RESOLVED
final_v2,ga,map3,3,e807fcfc735986e9,e02d0416b7d51b2a,b3362d9604322a0c,a65eb91a39ef4179,30,30,0,0,1.0,37,22.5,22.5,5,98,675,0,126433,11.074974458955694,5179,126433,0.25,11.200723661997472,37,ALL_RESOLVED
final_v2,bfs,map3,12,e807fcfc735986e9,e02d0416b7d51b2a,b3362d9604322a0c,a65eb91a39ef4179,30,28,2,0,0.9333333333333333,36,22.5,22.5,0,107,654,91493,102688,0.2781758110431838,0,0,,0.35085236500162864,36,ALL_RESOLVED
final_v2,ga,map3,2,e807fcfc735986e9,e02d0416b7d51b2a,b3362d9604322a0c,a65eb91a39ef4179,30,30,0,0,1.0,39,24.5,24.5,7,108,735,0,139214,12.36724330702782,5689,139214,0.25,12.502511425002012,39,ALL_RESOLVED
final_v2,greedy,map3,12,e807fcfc735986e9,e02d0416b7d51b2a,b3362d9604322a0c,a65eb91a39ef4179,30,28,2,0,0.9333333333333333,36,22.5,22.5,0,107,654,7272,18210,0.046107533995382255,0,0,,0.11529824599710992,36,ALL_RESOLVED
final_v2,ga,map3,5,e807fcfc735986e9,e02d0416b7d51b2a,b3362d9604322a0c,a65eb91a39ef4179,30,30,0,0,1.0,38,23.466666666666665,23.5,10,123,704,0,130862,9.414303003050009,5318,130862,0.25,9.525568668999767,38,ALL_RESOLVED
final_v2,astar,map3,12,e807fcfc735986e9,e02d0416b7d51b2a,b3362d9604322a0c,a65eb91a39ef4179,30,28,2,0,0.9333333333333333,36,22.5,22.5,0,77,654,27147,41695,0.1604370469758578,0,0,,0.22977723099756986,36,ALL_RESOLVED
final_v2,ga,map3,8,e807fcfc735986e9,e02d0416b7d51b2a,b3362d9604322a0c,a65eb91a39ef4179,30,1,4,25,0.03333333333333333,8,8.0,8,5,2,352,0,70449,6.858577532999334,2952,70449,0.25,6.91333584899985,12,ALL_RESOLVED
final_v2,ucs,map3,12,e807fcfc735986e9,e02d0416b7d51b2a,b3362d9604322a0c,a65eb91a39ef4179,30,28,2,0,0.9333333333333333,36,22.5,22.5,0,75,654,127678,138684,0.6596783739987586,0,0,,0.7340864819998387,36,ALL_RESOLVED
final_v2,greedy,map3,13,e807fcfc735986e9,e02d0416b7d51b2a,b3362d9604322a0c,a65eb91a39ef4179,30,28,2,0,0.9333333333333333,38,24.178571428571427,24.5,0,45,697,9836,23013,0.06103225698461756,0,0,,0.13063306800177088,38,ALL_RESOLVED
final_v2,bfs,map3,13,e807fcfc735986e9,e02d0416b7d51b2a,b3362d9604322a0c,a65eb91a39ef4179,30,29,1,0,0.9666666666666667,39,24.689655172413794,25,0,58,722,116121,126541,0.3577092359519156,0,0,,0.4328989389978233,39,ALL_RESOLVED
final_v2,ga,map3,9,e807fcfc735986e9,e02d0416b7d51b2a,b3362d9604322a0c,a65eb91a39ef4179,30,28,2,0,0.9333333333333333,36,22.464285714285715,22.5,5,90,679,0,126027,6.673780522010929,5143,126027,0.25,6.7562097720001475,36,ALL_RESOLVED
final_v2,astar,map3,13,e807fcfc735986e9,e02d0416b7d51b2a,b3362d9604322a0c,a65eb91a39ef4179,30,28,2,0,0.9333333333333333,38,24.178571428571427,24.5,0,35,691,35035,50577,0.2013070179746137,0,0,,0.27288895699894056,38,ALL_RESOLVED
final_v2,bfs,map3,14,e807fcfc735986e9,e02d0416b7d51b2a,b3362d9604322a0c,a65eb91a39ef4179,30,14,10,6,0.4666666666666667,24,16.428571428571427,16.5,0,28,534,95659,104633,0.18534220001311041,0,0,,0.21602776900181198,24,ALL_RESOLVED
final_v2,greedy,map3,14,e807fcfc735986e9,e02d0416b7d51b2a,b3362d9604322a0c,a65eb91a39ef4179,30,14,11,5,0.4666666666666667,24,16.428571428571427,16.5,0,28,522,7731,18092,0.040788340051221894,0,0,,0.08090133800214971,24,ALL_RESOLVED
final_v2,ucs,map3,13,e807fcfc735986e9,e02d0416b7d51b2a,b3362d9604322a0c,a65eb91a39ef4179,30,29,1,0,0.9666666666666667,40,25.06896551724138,25,0,49,733,154939,166515,0.8045140300382627,0,0,,0.8865053509980498,40,ALL_RESOLVED
final_v2,astar,map3,14,e807fcfc735986e9,e02d0416b7d51b2a,b3362d9604322a0c,a65eb91a39ef4179,30,13,10,7,0.43333333333333335,24,16.0,16,0,23,532,28353,41244,0.16380840404963237,0,0,,0.21194306100005633,24,ALL_RESOLVED
final_v2,ucs,map3,14,e807fcfc735986e9,e02d0416b7d51b2a,b3362d9604322a0c,a65eb91a39ef4179,30,13,10,7,0.43333333333333335,24,16.0,16,0,18,544,127855,136026,0.6604590159440704,0,0,,0.7129770669998834,24,ALL_RESOLVED
final_v2,bfs,map3,15,e807fcfc735986e9,e02d0416b7d51b2a,b3362d9604322a0c,a65eb91a39ef4179,30,25,5,0,0.8333333333333334,34,21.4,22,0,39,571,83929,92139,0.2550590340033523,0,0,,0.3202184389992908,34,ALL_RESOLVED
final_v2,greedy,map3,15,e807fcfc735986e9,e02d0416b7d51b2a,b3362d9604322a0c,a65eb91a39ef4179,30,25,5,0,0.8333333333333334,34,21.4,22,0,39,571,7221,16852,0.04540339502636925,0,0,,0.10930144200028735,34,ALL_RESOLVED
final_v2,astar,map3,15,e807fcfc735986e9,e02d0416b7d51b2a,b3362d9604322a0c,a65eb91a39ef4179,30,28,2,0,0.9333333333333333,37,22.964285714285715,23.5,0,43,655,27600,40880,0.16104257096594665,0,0,,0.22900178400232107,37,ALL_RESOLVED
final_v2,ga,map3,4,e807fcfc735986e9,e02d0416b7d51b2a,b3362d9604322a0c,a65eb91a39ef4179,30,30,0,0,1.0,40,24.866666666666667,25.5,6,112,746,0,139975,12.43967295501352,5727,139975,0.25,12.578933097000117,40,ALL_RESOLVED
final_v2,ucs,map3,15,e807fcfc735986e9,e02d0416b7d51b2a,b3362d9604322a0c,a65eb91a39ef4179,30,28,2,0,0.9333333333333333,37,22.964285714285715,23.5,0,43,655,125925,136672,0.6531677890816354,0,0,,0.7271489999984624,37,ALL_RESOLVED
final_v2,ga,map3,10,e807fcfc735986e9,e02d0416b7d51b2a,b3362d9604322a0c,a65eb91a39ef4179,30,30,0,0,1.0,39,23.433333333333334,23.5,10,82,703,0,132488,7.555392195026798,5414,132488,0.25,7.65526927099927,39,ALL_RESOLVED
final_v2,bfs,map3,16,e807fcfc735986e9,e02d0416b7d51b2a,b3362d9604322a0c,a65eb91a39ef4179,30,28,2,0,0.9333333333333333,36,22.214285714285715,22.5,0,87,640,85733,95633,0.2634915369635564,0,0,,0.33398642700194614,36,ALL_RESOLVED
final_v2,greedy,map3,16,e807fcfc735986e9,e02d0416b7d51b2a,b3362d9604322a0c,a65eb91a39ef4179,30,28,2,0,0.9333333333333333,36,22.214285714285715,22.5,0,87,640,7347,18201,0.046178595104720443,0,0,,0.1122255549998954,36,ALL_RESOLVED
final_v2,astar,map3,16,e807fcfc735986e9,e02d0416b7d51b2a,b3362d9604322a0c,a65eb91a39ef4179,30,28,2,0,0.9333333333333333,36,22.214285714285715,22.5,0,71,640,26537,40061,0.15642427100829082,0,0,,0.2247455219985568,36,ALL_RESOLVED
final_v2,ucs,map3,16,e807fcfc735986e9,e02d0416b7d51b2a,b3362d9604322a0c,a65eb91a39ef4179,30,28,2,0,0.9333333333333333,36,22.214285714285715,22.5,0,71,640,120048,130635,0.623366475047078,0,0,,0.6966210000027786,36,ALL_RESOLVED
final_v2,ga,map3,6,e807fcfc735986e9,e02d0416b7d51b2a,b3362d9604322a0c,a65eb91a39ef4179,30,24,6,0,0.8,34,22.375,22.5,6,93,709,0,135992,10.909240475997649,5582,135992,0.25,11.02164977999928,34,ALL_RESOLVED
final_v2,bfs,map3,17,e807fcfc735986e9,e02d0416b7d51b2a,b3362d9604322a0c,a65eb91a39ef4179,30,30,0,0,1.0,39,24.133333333333333,24.5,0,116,724,93679,104478,0.185696772976371,0,0,,0.24011930099732126,39,ALL_RESOLVED
final_v2,ga,map3,7,e807fcfc735986e9,e02d0416b7d51b2a,b3362d9604322a0c,a65eb91a39ef4179,30,30,0,0,1.0,37,22.5,22.5,6,141,675,0,125267,10.386083191009675,5088,125267,0.25,10.506121034999524,37,ALL_RESOLVED
final_v2,greedy,map3,17,e807fcfc735986e9,e02d0416b7d51b2a,b3362d9604322a0c,a65eb91a39ef4179,30,30,0,0,1.0,39,24.133333333333333,24.5,0,116,724,8134,19812,0.0511485419337987,0,0,,0.12461156700010179,39,ALL_RESOLVED
final_v2,astar,map3,17,e807fcfc735986e9,e02d0416b7d51b2a,b3362d9604322a0c,a65eb91a39ef4179,30,30,0,0,1.0,39,24.133333333333333,24.5,0,96,724,29646,44666,0.13929864795136382,0,0,,0.20640502800233662,39,ALL_RESOLVED
final_v2,bfs,map3,18,e807fcfc735986e9,e02d0416b7d51b2a,b3362d9604322a0c,a65eb91a39ef4179,30,28,2,0,0.9333333333333333,36,22.214285714285715,22.5,0,107,646,81089,91257,0.2559926590001851,0,0,,0.32649872500041965,36,ALL_RESOLVED
final_v2,ucs,map3,17,e807fcfc735986e9,e02d0416b7d51b2a,b3362d9604322a0c,a65eb91a39ef4179,30,30,0,0,1.0,39,24.133333333333333,24.5,0,96,724,133075,145593,0.5373605199711164,0,0,,0.5936734360002447,39,ALL_RESOLVED
final_v2,greedy,map3,18,e807fcfc735986e9,e02d0416b7d51b2a,b3362d9604322a0c,a65eb91a39ef4179,30,27,3,0,0.9,35,21.703703703703702,22,0,105,624,6745,16509,0.04236283404316055,0,0,,0.10693185700074537,35,ALL_RESOLVED
final_v2,astar,map3,18,e807fcfc735986e9,e02d0416b7d51b2a,b3362d9604322a0c,a65eb91a39ef4179,30,28,2,0,0.9333333333333333,36,22.214285714285715,22.5,0,85,646,26036,39516,0.08942040798865492,0,0,,0.1296553779975511,36,ALL_RESOLVED
final_v2,ucs,map3,18,e807fcfc735986e9,e02d0416b7d51b2a,b3362d9604322a0c,a65eb91a39ef4179,30,28,2,0,0.9333333333333333,36,22.214285714285715,22.5,0,83,646,120606,131136,0.5213697459330433,0,0,,0.5879822649985726,36,ALL_RESOLVED
final_v2,bfs,map3,19,e807fcfc735986e9,e02d0416b7d51b2a,b3362d9604322a0c,a65eb91a39ef4179,30,27,3,0,0.9,34,21.0,21,0,89,609,77072,86284,0.14460716604298796,0,0,,0.18746345699764788,34,ALL_RESOLVED
final_v2,greedy,map3,19,e807fcfc735986e9,e02d0416b7d51b2a,b3362d9604322a0c,a65eb91a39ef4179,30,27,3,0,0.9,34,21.0,21,0,89,609,6642,16009,0.025765627004147973,0,0,,0.06909004299814114,34,ALL_RESOLVED
final_v2,astar,map3,19,e807fcfc735986e9,e02d0416b7d51b2a,b3362d9604322a0c,a65eb91a39ef4179,30,29,1,0,0.9666666666666667,36,22.0,22,0,95,664,28269,41793,0.1005093820640468,0,0,,0.14324802499686484,36,ALL_RESOLVED
final_v2,ucs,map3,19,e807fcfc735986e9,e02d0416b7d51b2a,b3362d9604322a0c,a65eb91a39ef4179,30,29,1,0,0.9666666666666667,36,22.0,22,0,93,664,123823,135024,0.4046503870449669,0,0,,0.4523756599992339,36,ALL_RESOLVED
final_v2,bfs,map3,20,e807fcfc735986e9,e02d0416b7d51b2a,b3362d9604322a0c,a65eb91a39ef4179,30,27,3,0,0.9,34,21.0,21,0,74,591,78035,86545,0.1533670970457024,0,0,,0.19313197300289175,34,ALL_RESOLVED
final_v2,ucs,map3,20,e807fcfc735986e9,e02d0416b7d51b2a,b3362d9604322a0c,a65eb91a39ef4179,30,28,2,0,0.9333333333333333,36,21.535714285714285,21.5,0,66,617,117894,127785,0.38221693702507764,0,0,,0.42899439000029815,36,ALL_RESOLVED
final_v2,greedy,map3,20,e807fcfc735986e9,e02d0416b7d51b2a,b3362d9604322a0c,a65eb91a39ef4179,30,27,3,0,0.9,34,21.0,21,0,74,591,6774,16318,0.027609229036897887,0,0,,0.06654496700139134,34,ALL_RESOLVED
final_v2,astar,map3,20,e807fcfc735986e9,e02d0416b7d51b2a,b3362d9604322a0c,a65eb91a39ef4179,30,28,2,0,0.9333333333333333,36,21.535714285714285,21.5,0,68,617,28193,41530,0.10197802097172826,0,0,,0.1450727219998953,36,ALL_RESOLVED
final_v2,ga,map3,11,e807fcfc735986e9,e02d0416b7d51b2a,b3362d9604322a0c,a65eb91a39ef4179,30,29,1,0,0.9666666666666667,37,22.96551724137931,23,2,150,680,0,126153,10.356151816999045,5122,126153,0.25,10.476837453999906,37,ALL_RESOLVED
final_v2,bfs,map3,21,e807fcfc735986e9,e02d0416b7d51b2a,b3362d9604322a0c,a65eb91a39ef4179,30,27,3,0,0.9,35,22.0,22,0,143,614,61970,69978,0.14642131901564426,0,0,,0.20903980900038732,35,ALL_RESOLVED
final_v2,ucs,map3,21,e807fcfc735986e9,e02d0416b7d51b2a,b3362d9604322a0c,a65eb91a39ef4179,30,27,3,0,0.9,35,22.0,22,0,123,614,98121,107995,0.5131440769655455,0,0,,0.5843278430002101,35,ALL_RESOLVED
final_v2,greedy,map3,21,e807fcfc735986e9,e02d0416b7d51b2a,b3362d9604322a0c,a65eb91a39ef4179,30,27,3,0,0.9,35,22.0,22,0,143,614,5854,14287,0.03636715300308424,0,0,,0.10161396200055606,35,ALL_RESOLVED
final_v2,astar,map3,21,e807fcfc735986e9,e02d0416b7d51b2a,b3362d9604322a0c,a65eb91a39ef4179,30,27,3,0,0.9,35,22.0,22,0,121,614,21955,33674,0.1300623700117285,0,0,,0.19659700700140093,35,ALL_RESOLVED
final_v2,ga,map3,14,e807fcfc735986e9,e02d0416b7d51b2a,b3362d9604322a0c,a65eb91a39ef4179,30,10,11,9,0.3333333333333333,19,14.3,14.5,11,22,515,0,102503,9.80033631697006,4269,102503,0.25,9.89156327100136,22,ALL_RESOLVED
final_v2,bfs,map3,22,e807fcfc735986e9,e02d0416b7d51b2a,b3362d9604322a0c,a65eb91a39ef4179,30,30,0,0,1.0,37,22.5,22.5,0,124,675,77353,87648,0.23885433904069941,0,0,,0.3129813740015379,37,ALL_RESOLVED
final_v2,ga,map3,15,e807fcfc735986e9,e02d0416b7d51b2a,b3362d9604322a0c,a65eb91a39ef4179,30,22,7,1,0.7333333333333333,32,19.863636363636363,20.5,7,18,541,0,114092,9.651825557008124,4750,114092,0.25,9.761451284997747,36,ALL_RESOLVED
final_v2,ga,map3,12,e807fcfc735986e9,e02d0416b7d51b2a,b3362d9604322a0c,a65eb91a39ef4179,30,30,0,0,1.0,38,23.5,23.5,6,104,705,0,133300,11.735000121057965,5458,133300,0.25,11.870081335997384,38,ALL_RESOLVED
final_v2,greedy,map3,22,e807fcfc735986e9,e02d0416b7d51b2a,b3362d9604322a0c,a65eb91a39ef4179,30,30,0,0,1.0,37,22.5,22.5,0,124,675,7070,16799,0.04350781601169729,0,0,,0.11451687799853971,37,ALL_RESOLVED
final_v2,ga,map3,13,e807fcfc735986e9,e02d0416b7d51b2a,b3362d9604322a0c,a65eb91a39ef4179,30,23,7,0,0.7666666666666667,43,23.434782608695652,22,10,15,629,0,135764,11.425998377013457,5700,135764,0.25,11.551855980997061,43,ALL_RESOLVED
final_v2,astar,map3,22,e807fcfc735986e9,e02d0416b7d51b2a,b3362d9604322a0c,a65eb91a39ef4179,30,30,0,0,1.0,37,22.5,22.5,0,92,675,29216,42585,0.17017285699694185,0,0,,0.24213394599792082,37,ALL_RESOLVED
final_v2,ucs,map3,22,e807fcfc735986e9,e02d0416b7d51b2a,b3362d9604322a0c,a65eb91a39ef4179,30,30,0,0,1.0,37,22.5,22.5,0,88,675,121584,133067,0.6409527399700892,0,0,,0.7213799979981559,37,ALL_RESOLVED
final_v2,greedy,map3,23,e807fcfc735986e9,e02d0416b7d51b2a,b3362d9604322a0c,a65eb91a39ef4179,30,30,0,0,1.0,38,23.5,23.5,0,127,705,7527,18734,0.04749534003349254,0,0,,0.12047981599971536,38,ALL_RESOLVED
final_v2,bfs,map3,23,e807fcfc735986e9,e02d0416b7d51b2a,b3362d9604322a0c,a65eb91a39ef4179,30,30,0,0,1.0,38,23.5,23.5,0,127,705,89389,100747,0.1807280980210635,0,0,,0.23388373100169702,38,ALL_RESOLVED
final_v2,astar,map3,23,e807fcfc735986e9,e02d0416b7d51b2a,b3362d9604322a0c,a65eb91a39ef4179,30,30,0,0,1.0,38,23.5,23.5,0,101,705,29250,44082,0.17489633206059807,0,0,,0.2508977879988379,38,ALL_RESOLVED
final_v2,ga,map3,19,e807fcfc735986e9,e02d0416b7d51b2a,b3362d9604322a0c,a65eb91a39ef4179,30,30,0,0,1.0,37,22.5,22.5,3,111,675,0,124303,8.394673604983836,5064,124303,0.25,8.504840280998906,37,ALL_RESOLVED
final_v2,ucs,map3,23,e807fcfc735986e9,e02d0416b7d51b2a,b3362d9604322a0c,a65eb91a39ef4179,30,30,0,0,1.0,38,23.5,23.5,0,89,705,129285,141078,0.6824323590371932,0,0,,0.7629927799971483,38,ALL_RESOLVED
final_v2,bfs,map3,24,e807fcfc735986e9,e02d0416b7d51b2a,b3362d9604322a0c,a65eb91a39ef4179,30,27,3,0,0.9,37,23.814814814814813,24,0,97,667,88198,98290,0.2761090120366134,0,0,,0.3473931620028452,37,ALL_RESOLVED
final_v2,greedy,map3,24,e807fcfc735986e9,e02d0416b7d51b2a,b3362d9604322a0c,a65eb91a39ef4179,30,27,3,0,0.9,37,23.814814814814813,24,0,97,667,7797,18995,0.04906029703488457,0,0,,0.11636130300030345,37,ALL_RESOLVED
final_v2,astar,map3,24,e807fcfc735986e9,e02d0416b7d51b2a,b3362d9604322a0c,a65eb91a39ef4179,30,28,2,0,0.9333333333333333,40,24.392857142857142,24.5,0,81,699,27670,42501,0.16551103403253364,0,0,,0.2390803220005182,40,ALL_RESOLVED
final_v2,ucs,map3,24,e807fcfc735986e9,e02d0416b7d51b2a,b3362d9604322a0c,a65eb91a39ef4179,30,28,2,0,0.9333333333333333,40,24.392857142857142,24.5,0,75,699,129535,141246,0.6781632290185371,0,0,,0.7585222820016497,40,ALL_RESOLVED
final_v2,bfs,map3,25,e807fcfc735986e9,e02d0416b7d51b2a,b3362d9604322a0c,a65eb91a39ef4179,30,30,0,0,1.0,38,23.466666666666665,23.5,0,103,704,90286,100304,0.2858859229781956,0,0,,0.3620070030010538,38,ALL_RESOLVED
final_v2,greedy,map3,25,e807fcfc735986e9,e02d0416b7d51b2a,b3362d9604322a0c,a65eb91a39ef4179,30,30,0,0,1.0,38,23.466666666666665,23.5,0,103,704,8029,19032,0.05046507295628544,0,0,,0.12176724799792282,38,ALL_RESOLVED
final_v2,astar,map3,25,e807fcfc735986e9,e02d0416b7d51b2a,b3362d9604322a0c,a65eb91a39ef4179,30,30,0,0,1.0,38,23.466666666666665,23.5,0,91,704,30787,45095,0.1849231469386723,0,0,,0.26239458100099,38,ALL_RESOLVED
final_v2,ucs,map3,25,e807fcfc735986e9,e02d0416b7d51b2a,b3362d9604322a0c,a65eb91a39ef4179,30,30,0,0,1.0,38,23.466666666666665,23.5,0,67,704,126295,138205,0.6933854269882431,0,0,,0.7795177150001109,38,ALL_RESOLVED
final_v2,ga,map3,16,e807fcfc735986e9,e02d0416b7d51b2a,b3362d9604322a0c,a65eb91a39ef4179,30,30,0,0,1.0,38,23.233333333333334,23.5,3,90,697,0,130418,11.641247293980996,5329,130418,0.25,11.777201449000131,38,ALL_RESOLVED
final_v2,ga,map3,18,e807fcfc735986e9,e02d0416b7d51b2a,b3362d9604322a0c,a65eb91a39ef4179,30,29,1,0,0.9666666666666667,37,22.724137931034484,23,4,108,671,0,125075,10.829210348008928,5102,125075,0.25,10.951688674998877,37,ALL_RESOLVED
final_v2,greedy,map3,26,e807fcfc735986e9,e02d0416b7d51b2a,b3362d9604322a0c,a65eb91a39ef4179,30,27,2,1,0.9,36,22.37037037037037,22,0,43,700,10873,24896,0.06720788704478764,0,0,,0.1320731079977122,36,ALL_RESOLVED
final_v2,bfs,map3,26,e807fcfc735986e9,e02d0416b7d51b2a,b3362d9604322a0c,a65eb91a39ef4179,30,27,2,1,0.9,36,22.37037037037037,22,0,43,700,110323,120125,0.3645733089688292,0,0,,0.4511532049982634,36,ALL_RESOLVED
final_v2,ga,map3,17,e807fcfc735986e9,e02d0416b7d51b2a,b3362d9604322a0c,a65eb91a39ef4179,30,30,0,0,1.0,39,24.133333333333333,24.5,9,95,724,0,137003,11.711030272992502,5616,137003,0.25,11.843574242000614,39,ALL_RESOLVED
final_v2,astar,map3,26,e807fcfc735986e9,e02d0416b7d51b2a,b3362d9604322a0c,a65eb91a39ef4179,30,24,2,4,0.8,34,20.708333333333332,20.5,0,26,679,30288,43846,0.17905818100189208,0,0,,0.24283715199999278,34,ALL_RESOLVED
final_v2,ga,map3,20,e807fcfc735986e9,e02d0416b7d51b2a,b3362d9604322a0c,a65eb91a39ef4179,30,28,2,0,0.9333333333333333,36,21.535714285714285,21.5,5,69,621,0,116154,9.643768864993035,4746,116154,0.25,9.760776624003483,36,ALL_RESOLVED
final_v2,ucs,map3,26,e807fcfc735986e9,e02d0416b7d51b2a,b3362d9604322a0c,a65eb91a39ef4179,30,24,2,4,0.8,34,20.708333333333332,20.5,0,24,679,137461,147159,0.7148317219980527,0,0,,0.7852308689980418,34,ALL_RESOLVED
final_v2,greedy,map3,27,e807fcfc735986e9,e02d0416b7d51b2a,b3362d9604322a0c,a65eb91a39ef4179,30,30,0,0,1.0,37,22.5,22.5,0,88,675,7578,18147,0.04695519303641049,0,0,,0.11598120399867184,37,ALL_RESOLVED
final_v2,bfs,map3,27,e807fcfc735986e9,e02d0416b7d51b2a,b3362d9604322a0c,a65eb91a39ef4179,30,30,0,0,1.0,37,22.5,22.5,0,88,675,86785,96263,0.2653570339498401,0,0,,0.33827937000023667,37,ALL_RESOLVED
final_v2,astar,map3,27,e807fcfc735986e9,e02d0416b7d51b2a,b3362d9604322a0c,a65eb91a39ef4179,30,30,0,0,1.0,37,22.5,22.5,0,74,675,26713,40539,0.1566679360839771,0,0,,0.22834234300171374,37,ALL_RESOLVED
final_v2,bfs,map3,28,e807fcfc735986e9,e02d0416b7d51b2a,b3362d9604322a0c,a65eb91a39ef4179,30,24,6,0,0.8,32,19.708333333333332,19.5,0,36,527,79447,86960,0.24287625700162607,0,0,,0.3073285989994474,32,ALL_RESOLVED
final_v2,greedy,map3,28,e807fcfc735986e9,e02d0416b7d51b2a,b3362d9604322a0c,a65eb91a39ef4179,30,24,6,0,0.8,32,19.708333333333332,19.5,0,36,527,6780,16170,0.04289123994749389,0,0,,0.10232563500176184,32,ALL_RESOLVED
final_v2,ucs,map3,27,e807fcfc735986e9,e02d0416b7d51b2a,b3362d9604322a0c,a65eb91a39ef4179,30,30,0,0,1.0,37,22.5,22.5,0,74,675,121979,133556,0.6458668000159378,0,0,,0.7165977730001032,37,ALL_RESOLVED
final_v2,astar,map3,28,e807fcfc735986e9,e02d0416b7d51b2a,b3362d9604322a0c,a65eb91a39ef4179,30,26,4,0,0.8666666666666667,34,20.76923076923077,20.5,0,36,570,29318,41736,0.17465803699815297,0,0,,0.23888543299835874,34,ALL_RESOLVED
final_v2,ucs,map3,28,e807fcfc735986e9,e02d0416b7d51b2a,b3362d9604322a0c,a65eb91a39ef4179,30,26,4,0,0.8666666666666667,34,20.76923076923077,20.5,0,36,570,115969,124840,0.605475492990081,0,0,,0.6753972919977969,34,ALL_RESOLVED
final_v2,bfs,map3,29,e807fcfc735986e9,e02d0416b7d51b2a,b3362d9604322a0c,a65eb91a39ef4179,30,29,1,0,0.9666666666666667,38,23.724137931034484,24,0,87,692,95185,106042,0.2897999810120382,0,0,,0.36277260100177955,38,ALL_RESOLVED
final_v2,greedy,map3,29,e807fcfc735986e9,e02d0416b7d51b2a,b3362d9604322a0c,a65eb91a39ef4179,30,28,2,0,0.9333333333333333,37,23.214285714285715,23.5,0,80,666,7956,19501,0.049873545020091115,0,0,,0.11770959299974493,37,ALL_RESOLVED
final_v2,astar,map3,29,e807fcfc735986e9,e02d0416b7d51b2a,b3362d9604322a0c,a65eb91a39ef4179,30,29,1,0,0.9666666666666667,38,23.724137931034484,24,0,71,692,30941,46853,0.18379719302538433,0,0,,0.2555310229981842,38,ALL_RESOLVED
final_v2,ucs,map3,29,e807fcfc735986e9,e02d0416b7d51b2a,b3362d9604322a0c,a65eb91a39ef4179,30,29,1,0,0.9666666666666667,38,23.724137931034484,24,0,71,692,137601,148493,0.7091291639517294,0,0,,0.7866200889984611,38,ALL_RESOLVED
final_v2,bfs,map3,30,e807fcfc735986e9,e02d0416b7d51b2a,b3362d9604322a0c,a65eb91a39ef4179,30,10,9,11,0.3333333333333333,17,12.5,12.5,0,22,445,87904,95243,0.2683761519874679,0,0,,0.30851149699810776,18,ALL_RESOLVED
final_v2,ucs,map3,30,e807fcfc735986e9,e02d0416b7d51b2a,b3362d9604322a0c,a65eb91a39ef4179,30,10,8,12,0.3333333333333333,17,12.5,12.5,0,17,439,103912,109909,0.5345981430255051,0,0,,0.5763727530029428,18,ALL_RESOLVED
final_v2,greedy,map3,30,e807fcfc735986e9,e02d0416b7d51b2a,b3362d9604322a0c,a65eb91a39ef4179,30,10,9,11,0.3333333333333333,17,12.5,12.5,0,22,445,9790,20614,0.05817517002651584,0,0,,0.09521859200322069,18,ALL_RESOLVED
final_v2,astar,map3,30,e807fcfc735986e9,e02d0416b7d51b2a,b3362d9604322a0c,a65eb91a39ef4179,30,10,7,13,0.3333333333333333,17,12.5,12.5,0,19,445,28464,38137,0.16054364498268114,0,0,,0.19836804900114657,18,ALL_RESOLVED
final_v2,ga,map3,25,e807fcfc735986e9,e02d0416b7d51b2a,b3362d9604322a0c,a65eb91a39ef4179,30,29,1,0,0.9666666666666667,37,22.96551724137931,23,6,86,678,0,128966,7.144128952986648,5275,128966,0.25,7.232769302001543,37,ALL_RESOLVED
final_v2,bfs,map3,31,e807fcfc735986e9,e02d0416b7d51b2a,b3362d9604322a0c,a65eb91a39ef4179,30,28,2,0,0.9333333333333333,35,21.5,21.5,0,82,614,72040,79801,0.14294839304420748,0,0,,0.185212592001335,35,ALL_RESOLVED
final_v2,ga,map3,21,e807fcfc735986e9,e02d0416b7d51b2a,b3362d9604322a0c,a65eb91a39ef4179,30,30,0,0,1.0,38,23.5,23.5,2,167,705,0,129009,10.959377358984057,5236,129009,0.25,11.092172157997993,38,ALL_RESOLVED
final_v2,greedy,map3,31,e807fcfc735986e9,e02d0416b7d51b2a,b3362d9604322a0c,a65eb91a39ef4179,30,28,2,0,0.9333333333333333,35,21.5,21.5,0,82,614,6695,15682,0.041461388987954706,0,0,,0.10570167600235436,35,ALL_RESOLVED
final_v2,ucs,map3,31,e807fcfc735986e9,e02d0416b7d51b2a,b3362d9604322a0c,a65eb91a39ef4179,30,28,2,0,0.9333333333333333,35,21.5,21.5,0,78,614,104298,113897,0.3527636069993605,0,0,,0.39946975000202656,35,ALL_RESOLVED
final_v2,astar,map3,31,e807fcfc735986e9,e02d0416b7d51b2a,b3362d9604322a0c,a65eb91a39ef4179,30,28,2,0,0.9333333333333333,35,21.5,21.5,0,78,614,25859,37827,0.15071498700490338,0,0,,0.21643592300097225,35,ALL_RESOLVED
final_v2,ga,map3,22,e807fcfc735986e9,e02d0416b7d51b2a,b3362d9604322a0c,a65eb91a39ef4179,30,29,1,0,0.9666666666666667,37,22.03448275862069,22,4,96,643,0,119944,10.539515663029306,4889,119944,0.25,10.66497663300106,37,ALL_RESOLVED
final_v2,ga,map3,28,e807fcfc735986e9,e02d0416b7d51b2a,b3362d9604322a0c,a65eb91a39ef4179,30,29,1,0,0.9666666666666667,36,22.0,22,8,40,646,0,122881,6.668339165025827,5049,122881,0.25,6.750266771003226,36,ALL_RESOLVED
final_v2,bfs,map3,32,e807fcfc735986e9,e02d0416b7d51b2a,b3362d9604322a0c,a65eb91a39ef4179,30,30,0,0,1.0,40,24.966666666666665,25.5,0,113,749,93862,104136,0.28924892305076355,0,0,,0.3649115990010614,40,ALL_RESOLVED
final_v2,greedy,map3,32,e807fcfc735986e9,e02d0416b7d51b2a,b3362d9604322a0c,a65eb91a39ef4179,30,30,0,0,1.0,40,24.966666666666665,25.5,0,113,749,8788,20207,0.03566036597112543,0,0,,0.0812260390011943,40,ALL_RESOLVED
final_v2,astar,map3,32,e807fcfc735986e9,e02d0416b7d51b2a,b3362d9604322a0c,a65eb91a39ef4179,30,30,0,0,1.0,40,24.966666666666665,25.5,0,107,749,35023,50192,0.20225053899048362,0,0,,0.2768541629993706,40,ALL_RESOLVED
final_v2,ucs,map3,32,e807fcfc735986e9,e02d0416b7d51b2a,b3362d9604322a0c,a65eb91a39ef4179,30,30,0,0,1.0,40,24.966666666666665,25.5,0,107,749,135974,147935,0.7033746309207345,0,0,,0.7827586849998625,40,ALL_RESOLVED
final_v2,bfs,map3,33,e807fcfc735986e9,e02d0416b7d51b2a,b3362d9604322a0c,a65eb91a39ef4179,30,30,0,0,1.0,38,23.433333333333334,23.5,0,131,703,80550,90722,0.2468106240594352,0,0,,0.3210536719998345,38,ALL_RESOLVED
final_v2,greedy,map3,33,e807fcfc735986e9,e02d0416b7d51b2a,b3362d9604322a0c,a65eb91a39ef4179,30,30,0,0,1.0,38,23.433333333333334,23.5,0,131,703,7221,17319,0.04452961202332517,0,0,,0.11550784400242264,38,ALL_RESOLVED
final_v2,astar,map3,33,e807fcfc735986e9,e02d0416b7d51b2a,b3362d9604322a0c,a65eb91a39ef4179,30,30,0,0,1.0,38,23.433333333333334,23.5,0,81,703,26235,40140,0.15507621494907653,0,0,,0.22795925799800898,38,ALL_RESOLVED
final_v2,ga,map3,23,e807fcfc735986e9,e02d0416b7d51b2a,b3362d9604322a0c,a65eb91a39ef4179,30,30,0,0,1.0,38,23.5,23.5,4,111,705,0,132183,11.464342051021958,5396,132183,0.25,11.599901415000204,38,ALL_RESOLVED
final_v2,ucs,map3,33,e807fcfc735986e9,e02d0416b7d51b2a,b3362d9604322a0c,a65eb91a39ef4179,30,30,0,0,1.0,38,23.433333333333334,23.5,0,75,703,127002,139024,0.6590650420912425,0,0,,0.7374920210022538,38,ALL_RESOLVED
final_v2,bfs,map3,34,e807fcfc735986e9,e02d0416b7d51b2a,b3362d9604322a0c,a65eb91a39ef4179,30,9,7,14,0.3,17,12.222222222222221,12,0,7,470,92506,100905,0.28236014797585085,0,0,,0.32171044899951085,18,ALL_RESOLVED
final_v2,greedy,map3,34,e807fcfc735986e9,e02d0416b7d51b2a,b3362d9604322a0c,a65eb91a39ef4179,30,9,7,14,0.3,17,12.222222222222221,12,0,7,470,8647,19437,0.052477341021585744,0,0,,0.08850621799865621,18,ALL_RESOLVED
final_v2,astar,map3,34,e807fcfc735986e9,e02d0416b7d51b2a,b3362d9604322a0c,a65eb91a39ef4179,30,8,6,16,0.26666666666666666,16,11.625,11.5,0,7,469,22978,34108,0.1343581230394193,0,0,,0.1713388889984344,18,ALL_RESOLVED
final_v2,ucs,map3,34,e807fcfc735986e9,e02d0416b7d51b2a,b3362d9604322a0c,a65eb91a39ef4179,30,8,6,16,0.26666666666666666,18,11.875,11.5,0,7,471,113026,120893,0.5839525799710827,0,0,,0.6257940110008349,18,ALL_RESOLVED
final_v2,bfs,map3,35,e807fcfc735986e9,e02d0416b7d51b2a,b3362d9604322a0c,a65eb91a39ef4179,30,26,4,0,0.8666666666666667,33,20.5,20.5,0,37,595,86765,95169,0.26486565800587414,0,0,,0.3294451410001784,33,ALL_RESOLVED
final_v2,ga,map3,24,e807fcfc735986e9,e02d0416b7d51b2a,b3362d9604322a0c,a65eb91a39ef4179,30,29,1,0,0.9666666666666667,40,25.724137931034484,26,8,126,754,0,142897,12.697693429036008,5844,142897,0.25,12.836548379000305,40,ALL_RESOLVED
final_v2,ucs,map3,35,e807fcfc735986e9,e02d0416b7d51b2a,b3362d9604322a0c,a65eb91a39ef4179,30,28,2,0,0.9333333333333333,36,21.535714285714285,21.5,0,48,633,117901,127314,0.6084882629111235,0,0,,0.6815388579998398,36,ALL_RESOLVED
final_v2,greedy,map3,35,e807fcfc735986e9,e02d0416b7d51b2a,b3362d9604322a0c,a65eb91a39ef4179,30,24,5,1,0.8,32,19.791666666666668,19.5,0,30,609,8903,20360,0.054376570053136675,0,0,,0.11985210700004245,36,ALL_RESOLVED
final_v2,astar,map3,35,e807fcfc735986e9,e02d0416b7d51b2a,b3362d9604322a0c,a65eb91a39ef4179,30,28,2,0,0.9333333333333333,36,21.535714285714285,21.5,0,48,633,29951,42433,0.17179276502429275,0,0,,0.24006153699883725,36,ALL_RESOLVED
final_v2,bfs,map3,36,e807fcfc735986e9,e02d0416b7d51b2a,b3362d9604322a0c,a65eb91a39ef4179,30,28,2,0,0.9333333333333333,37,23.5,23.5,0,138,676,80916,90430,0.24628340803974424,0,0,,0.31862385000204085,37,ALL_RESOLVED
final_v2,ga,map3,27,e807fcfc735986e9,e02d0416b7d51b2a,b3362d9604322a0c,a65eb91a39ef4179,30,30,0,0,1.0,38,23.466666666666665,23.5,6,97,704,0,133581,11.77960209102821,5464,133581,0.25,11.912707208000938,38,ALL_RESOLVED
final_v2,ga,map3,30,e807fcfc735986e9,e02d0416b7d51b2a,b3362d9604322a0c,a65eb91a39ef4179,30,10,9,11,0.3333333333333333,17,12.5,12.5,16,24,439,0,92781,8.769410927037825,3884,92781,0.25,8.846803229997022,18,ALL_RESOLVED
final_v2,ucs,map3,36,e807fcfc735986e9,e02d0416b7d51b2a,b3362d9604322a0c,a65eb91a39ef4179,30,29,1,0,0.9666666666666667,38,24.0,24,0,111,702,120086,131747,0.6213699319559964,0,0,,0.6985313219993259,38,ALL_RESOLVED
final_v2,greedy,map3,36,e807fcfc735986e9,e02d0416b7d51b2a,b3362d9604322a0c,a65eb91a39ef4179,30,28,2,0,0.9333333333333333,37,23.5,23.5,0,138,676,7047,17179,0.043791563035483705,0,0,,0.11256011499790475,37,ALL_RESOLVED
final_v2,ga,map3,26,e807fcfc735986e9,e02d0416b7d51b2a,b3362d9604322a0c,a65eb91a39ef4179,30,19,10,1,0.6333333333333333,30,19.210526315789473,19,21,25,575,0,134017,12.514351571007865,5642,134017,0.25,12.633044198999414,32,ALL_RESOLVED
final_v2,astar,map3,36,e807fcfc735986e9,e02d0416b7d51b2a,b3362d9604322a0c,a65eb91a39ef4179,30,29,1,0,0.9666666666666667,38,24.0,24,0,105,702,26621,40171,0.1568708710365172,0,0,,0.228776175998064,38,ALL_RESOLVED
final_v2,greedy,map3,37,e807fcfc735986e9,e02d0416b7d51b2a,b3362d9604322a0c,a65eb91a39ef4179,30,30,0,0,1.0,38,23.5,23.5,0,122,705,7659,19206,0.0483383440405305,0,0,,0.12239679200138198,38,ALL_RESOLVED
final_v2,bfs,map3,37,e807fcfc735986e9,e02d0416b7d51b2a,b3362d9604322a0c,a65eb91a39ef4179,30,30,0,0,1.0,38,23.5,23.5,0,122,705,95448,107079,0.29297445797055843,0,0,,0.3706479659995239,38,ALL_RESOLVED
final_v2,astar,map3,37,e807fcfc735986e9,e02d0416b7d51b2a,b3362d9604322a0c,a65eb91a39ef4179,30,30,0,0,1.0,38,23.5,23.5,0,90,705,29040,44277,0.1715918060472177,0,0,,0.24665372000163188,38,ALL_RESOLVED
final_v2,ucs,map3,37,e807fcfc735986e9,e02d0416b7d51b2a,b3362d9604322a0c,a65eb91a39ef4179,30,30,0,0,1.0,38,23.5,23.5,0,86,705,138990,151159,0.7248517659863865,0,0,,0.804760103001172,38,ALL_RESOLVED
final_v2,bfs,map3,38,e807fcfc735986e9,e02d0416b7d51b2a,b3362d9604322a0c,a65eb91a39ef4179,30,29,1,0,0.9666666666666667,38,23.96551724137931,24,0,135,699,80723,90984,0.2472347500442993,0,0,,0.3195215850028035,38,ALL_RESOLVED
final_v2,ga,map3,31,e807fcfc735986e9,e02d0416b7d51b2a,b3362d9604322a0c,a65eb91a39ef4179,30,26,4,0,0.8666666666666667,41,20.807692307692307,20.5,8,41,589,0,113791,6.347866642034205,4688,113791,0.25,6.437271819999296,41,ALL_RESOLVED
final_v2,greedy,map3,38,e807fcfc735986e9,e02d0416b7d51b2a,b3362d9604322a0c,a65eb91a39ef4179,30,29,1,0,0.9666666666666667,38,23.96551724137931,24,0,135,699,7268,17784,0.04504389303838252,0,0,,0.11433781999949133,38,ALL_RESOLVED
final_v2,ga,map3,29,e807fcfc735986e9,e02d0416b7d51b2a,b3362d9604322a0c,a65eb91a39ef4179,30,29,1,0,0.9666666666666667,38,23.724137931034484,24,1,85,694,0,130144,11.612702793001517,5321,130144,0.25,11.738982753999153,38,ALL_RESOLVED
final_v2,astar,map3,38,e807fcfc735986e9,e02d0416b7d51b2a,b3362d9604322a0c,a65eb91a39ef4179,30,29,1,0,0.9666666666666667,38,23.96551724137931,24,0,123,699,26378,40336,0.1559811549668666,0,0,,0.2270066669989319,38,ALL_RESOLVED
final_v2,ucs,map3,38,e807fcfc735986e9,e02d0416b7d51b2a,b3362d9604322a0c,a65eb91a39ef4179,30,29,1,0,0.9666666666666667,38,23.96551724137931,24,0,123,699,119618,131681,0.6208755589686916,0,0,,0.696998995001195,38,ALL_RESOLVED
final_v2,bfs,map3,39,e807fcfc735986e9,e02d0416b7d51b2a,b3362d9604322a0c,a65eb91a39ef4179,30,30,0,0,1.0,37,22.5,22.5,0,114,675,77949,87396,0.24411154105473543,0,0,,0.31673926700023003,37,ALL_RESOLVED
final_v2,greedy,map3,39,e807fcfc735986e9,e02d0416b7d51b2a,b3362d9604322a0c,a65eb91a39ef4179,30,30,0,0,1.0,37,22.5,22.5,0,114,675,7227,16988,0.04450440991058713,0,0,,0.11473704599848134,37,ALL_RESOLVED
final_v2,astar,map3,39,e807fcfc735986e9,e02d0416b7d51b2a,b3362d9604322a0c,a65eb91a39ef4179,30,30,0,0,1.0,37,22.5,22.5,0,92,675,30764,44168,0.17811721602629405,0,0,,0.24820763999741757,37,ALL_RESOLVED
final_v2,ucs,map3,39,e807fcfc735986e9,e02d0416b7d51b2a,b3362d9604322a0c,a65eb91a39ef4179,30,30,0,0,1.0,37,22.5,22.5,0,98,675,120617,131846,0.6271786019678984,0,0,,0.7025993879979069,37,ALL_RESOLVED
final_v2,bfs,map3,40,e807fcfc735986e9,e02d0416b7d51b2a,b3362d9604322a0c,a65eb91a39ef4179,30,30,0,0,1.0,37,22.5,22.5,0,135,675,71046,80827,0.21985747900544084,0,0,,0.29088900900023873,37,ALL_RESOLVED
final_v2,ga,map3,32,e807fcfc735986e9,e02d0416b7d51b2a,b3362d9604322a0c,a65eb91a39ef4179,30,28,2,0,0.9333333333333333,38,23.928571428571427,24.5,7,78,688,0,129826,7.047113842058025,5315,129826,0.25,7.131953031002922,38,ALL_RESOLVED
final_v2,greedy,map3,40,e807fcfc735986e9,e02d0416b7d51b2a,b3362d9604322a0c,a65eb91a39ef4179,30,30,0,0,1.0,37,22.5,22.5,0,135,675,6625,16121,0.041203679036698304,0,0,,0.10913892600001418,37,ALL_RESOLVED
final_v2,astar,map3,40,e807fcfc735986e9,e02d0416b7d51b2a,b3362d9604322a0c,a65eb91a39ef4179,30,30,0,0,1.0,37,22.5,22.5,0,95,675,26157,39485,0.10005988796183374,0,0,,0.14854005000233883,37,ALL_RESOLVED
final_v2,ucs,map3,40,e807fcfc735986e9,e02d0416b7d51b2a,b3362d9604322a0c,a65eb91a39ef4179,30,30,0,0,1.0,37,22.5,22.5,0,95,675,116144,127028,0.602898917022685,0,0,,0.6782145780016435,37,ALL_RESOLVED
final_v2,bfs,map3,41,e807fcfc735986e9,e02d0416b7d51b2a,b3362d9604322a0c,a65eb91a39ef4179,30,29,1,0,0.9666666666666667,37,23.0,23,0,96,673,96328,107631,0.1943631549438578,0,0,,0.2407721390009101,37,ALL_RESOLVED
final_v2,greedy,map3,41,e807fcfc735986e9,e02d0416b7d51b2a,b3362d9604322a0c,a65eb91a39ef4179,30,29,1,0,0.9666666666666667,37,23.0,23,0,96,673,7754,19680,0.02971369795341161,0,0,,0.07128415799888899,37,ALL_RESOLVED
final_v2,astar,map3,41,e807fcfc735986e9,e02d0416b7d51b2a,b3362d9604322a0c,a65eb91a39ef4179,30,29,1,0,0.9666666666666667,37,23.0,23,0,76,673,31595,47913,0.11921185503160814,0,0,,0.16765929699977278,37,ALL_RESOLVED
final_v2,ucs,map3,41,e807fcfc735986e9,e02d0416b7d51b2a,b3362d9604322a0c,a65eb91a39ef4179,30,29,1,0,0.9666666666666667,37,23.0,23,0,78,673,138166,148868,0.5752822689864843,0,0,,0.6305155269983516,37,ALL_RESOLVED
final_v2,bfs,map3,42,e807fcfc735986e9,e02d0416b7d51b2a,b3362d9604322a0c,a65eb91a39ef4179,30,30,0,0,1.0,37,22.5,22.5,0,126,675,82431,92784,0.15397551199203008,0,0,,0.1974387830014166,37,ALL_RESOLVED
final_v2,ga,map3,34,e807fcfc735986e9,e02d0416b7d51b2a,b3362d9604322a0c,a65eb91a39ef4179,30,10,7,13,0.3333333333333333,18,12.7,12.5,4,13,463,0,91724,6.781124867033213,3809,91724,0.25,6.844618459002959,18,ALL_RESOLVED
final_v2,ucs,map3,42,e807fcfc735986e9,e02d0416b7d51b2a,b3362d9604322a0c,a65eb91a39ef4179,30,30,0,0,1.0,37,22.5,22.5,0,96,675,128159,139240,0.41325877189228777,0,0,,0.46121601100094267,37,ALL_RESOLVED
final_v2,greedy,map3,42,e807fcfc735986e9,e02d0416b7d51b2a,b3362d9604322a0c,a65eb91a39ef4179,30,30,0,0,1.0,37,22.5,22.5,0,126,675,7199,17696,0.044857333989057224,0,0,,0.11491233600099804,37,ALL_RESOLVED
final_v2,astar,map3,42,e807fcfc735986e9,e02d0416b7d51b2a,b3362d9604322a0c,a65eb91a39ef4179,30,30,0,0,1.0,37,22.5,22.5,0,96,675,31897,46186,0.11605760000747978,0,0,,0.16096008900058223,37,ALL_RESOLVED
final_v2,bfs,map3,43,e807fcfc735986e9,e02d0416b7d51b2a,b3362d9604322a0c,a65eb91a39ef4179,30,5,11,14,0.16666666666666666,17,13.8,14,0,28,553,127923,139497,0.24939951600754284,0,0,,0.2801687849969312,22,ALL_RESOLVED
final_v2,ucs,map3,43,e807fcfc735986e9,e02d0416b7d51b2a,b3362d9604322a0c,a65eb91a39ef4179,30,6,9,15,0.2,18,14.5,14.5,0,17,571,154371,164251,0.4905174540144799,0,0,,0.5231827610004984,22,ALL_RESOLVED
final_v2,greedy,map3,43,e807fcfc735986e9,e02d0416b7d51b2a,b3362d9604322a0c,a65eb91a39ef4179,30,5,11,14,0.16666666666666666,17,13.8,14,0,27,559,10228,24020,0.03940237002825597,0,0,,0.06798600699767121,22,ALL_RESOLVED
final_v2,astar,map3,43,e807fcfc735986e9,e02d0416b7d51b2a,b3362d9604322a0c,a65eb91a39ef4179,30,6,8,16,0.2,18,14.5,14.5,0,18,577,29520,45145,0.11159228095493745,0,0,,0.1426706730017031,22,ALL_RESOLVED
final_v2,ga,map3,33,e807fcfc735986e9,e02d0416b7d51b2a,b3362d9604322a0c,a65eb91a39ef4179,30,30,0,0,1.0,38,23.433333333333334,23.5,5,116,703,0,130827,11.533057784981793,5332,130827,0.25,11.666298125001049,38,ALL_RESOLVED
final_v2,bfs,map3,44,e807fcfc735986e9,e02d0416b7d51b2a,b3362d9604322a0c,a65eb91a39ef4179,30,28,2,0,0.9333333333333333,35,21.5,21.5,0,86,632,84316,94930,0.26518015104011283,0,0,,0.3344410509998852,35,ALL_RESOLVED
final_v2,ucs,map3,44,e807fcfc735986e9,e02d0416b7d51b2a,b3362d9604322a0c,a65eb91a39ef4179,30,26,4,0,0.8666666666666667,33,20.5,20.5,0,41,579,111835,120885,0.58273038799598,0,0,,0.649559967998357,33,ALL_RESOLVED
final_v2,greedy,map3,44,e807fcfc735986e9,e02d0416b7d51b2a,b3362d9604322a0c,a65eb91a39ef4179,30,29,1,0,0.9666666666666667,36,22.0,22,0,87,648,7277,18444,0.046194653023121646,0,0,,0.11310549499830813,36,ALL_RESOLVED
final_v2,astar,map3,44,e807fcfc735986e9,e02d0416b7d51b2a,b3362d9604322a0c,a65eb91a39ef4179,30,26,4,0,0.8666666666666667,33,20.5,20.5,0,41,579,24660,37338,0.14557156202135957,0,0,,0.2076112020004075,33,ALL_RESOLVED
final_v2,ga,map3,36,e807fcfc735986e9,e02d0416b7d51b2a,b3362d9604322a0c,a65eb91a39ef4179,30,22,8,0,0.7333333333333333,38,20.863636363636363,20.5,9,73,563,0,108684,9.945425161964522,4469,108684,0.25,10.063201520999428,38,ALL_RESOLVED
final_v2,bfs,map3,45,e807fcfc735986e9,e02d0416b7d51b2a,b3362d9604322a0c,a65eb91a39ef4179,30,30,0,0,1.0,37,22.5,22.5,0,120,675,79245,89278,0.24240216095859068,0,0,,0.3141023429998313,37,ALL_RESOLVED
final_v2,ga,map3,35,e807fcfc735986e9,e02d0416b7d51b2a,b3362d9604322a0c,a65eb91a39ef4179,30,21,8,1,0.7,33,19.047619047619047,18,21,19,588,0,123892,11.63793408498168,5161,123892,0.25,11.764571845000319,38,ALL_RESOLVED
final_v2,greedy,map3,45,e807fcfc735986e9,e02d0416b7d51b2a,b3362d9604322a0c,a65eb91a39ef4179,30,30,0,0,1.0,37,22.5,22.5,0,120,675,7186,17543,0.04498307299945736,0,0,,0.1146312000018952,37,ALL_RESOLVED
final_v2,astar,map3,45,e807fcfc735986e9,e02d0416b7d51b2a,b3362d9604322a0c,a65eb91a39ef4179,30,29,1,0,0.9666666666666667,36,22.0,22,0,95,650,29810,43760,0.17494655201153364,0,0,,0.244457100998261,36,ALL_RESOLVED
final_v2,ga,map3,41,e807fcfc735986e9,e02d0416b7d51b2a,b3362d9604322a0c,a65eb91a39ef4179,30,30,0,0,1.0,38,23.5,23.5,3,96,705,0,135325,7.621973266956047,5559,135325,0.25,7.713095543000236,38,ALL_RESOLVED
final_v2,ucs,map3,45,e807fcfc735986e9,e02d0416b7d51b2a,b3362d9604322a0c,a65eb91a39ef4179,30,29,1,0,0.9666666666666667,36,22.0,22,0,95,650,121668,132314,0.6307472919725114,0,0,,0.704971929997555,36,ALL_RESOLVED
final_v2,bfs,map3,46,e807fcfc735986e9,e02d0416b7d51b2a,b3362d9604322a0c,a65eb91a39ef4179,30,11,6,13,0.36666666666666664,22,16.272727272727273,17,0,53,567,106605,118732,0.2123172459905618,0,0,,0.24379883200163022,22,ALL_RESOLVED
final_v2,ga,map3,38,e807fcfc735986e9,e02d0416b7d51b2a,b3362d9604322a0c,a65eb91a39ef4179,30,30,0,0,1.0,39,24.466666666666665,24.5,2,133,734,0,136258,9.990588086999196,5559,136258,0.25,10.102001998999185,39,ALL_RESOLVED
final_v2,greedy,map3,46,e807fcfc735986e9,e02d0416b7d51b2a,b3362d9604322a0c,a65eb91a39ef4179,30,11,7,12,0.36666666666666664,22,16.272727272727273,17,0,44,553,7895,19809,0.02980357099659159,0,0,,0.05682151000291924,22,ALL_RESOLVED
final_v2,astar,map3,46,e807fcfc735986e9,e02d0416b7d51b2a,b3362d9604322a0c,a65eb91a39ef4179,30,12,5,13,0.4,22,16.083333333333332,16.5,0,21,577,26439,41188,0.1021008839525166,0,0,,0.13297993100059102,22,ALL_RESOLVED
final_v2,bfs,map3,47,e807fcfc735986e9,e02d0416b7d51b2a,b3362d9604322a0c,a65eb91a39ef4179,30,29,1,0,0.9666666666666667,36,22.0,22,0,152,660,65575,74368,0.12033479899037047,0,0,,0.16380873500020243,36,ALL_RESOLVED
final_v2,ucs,map3,46,e807fcfc735986e9,e02d0416b7d51b2a,b3362d9604322a0c,a65eb91a39ef4179,30,12,5,13,0.4,22,16.083333333333332,16.5,0,21,577,141989,152126,0.7318774229934206,0,0,,0.7845422809987213,22,ALL_RESOLVED
final_v2,ucs,map3,47,e807fcfc735986e9,e02d0416b7d51b2a,b3362d9604322a0c,a65eb91a39ef4179,30,28,2,0,0.9333333333333333,35,21.5,21.5,0,121,646,103842,114743,0.34330825303914025,0,0,,0.38883657500264235,35,ALL_RESOLVED
final_v2,greedy,map3,47,e807fcfc735986e9,e02d0416b7d51b2a,b3362d9604322a0c,a65eb91a39ef4179,30,29,1,0,0.9666666666666667,36,22.0,22,0,152,660,6259,15115,0.03841992301749997,0,0,,0.10835607400076697,36,ALL_RESOLVED
final_v2,astar,map3,47,e807fcfc735986e9,e02d0416b7d51b2a,b3362d9604322a0c,a65eb91a39ef4179,30,28,2,0,0.9333333333333333,35,21.5,21.5,0,129,646,23178,35142,0.08302715100580826,0,0,,0.124027832000138,35,ALL_RESOLVED
final_v2,bfs,map3,48,e807fcfc735986e9,e02d0416b7d51b2a,b3362d9604322a0c,a65eb91a39ef4179,30,30,0,0,1.0,37,22.5,22.5,0,174,675,64683,74561,0.12477570096962154,0,0,,0.17038584699912462,37,ALL_RESOLVED
final_v2,ga,map3,37,e807fcfc735986e9,e02d0416b7d51b2a,b3362d9604322a0c,a65eb91a39ef4179,30,30,0,0,1.0,38,23.5,23.5,3,103,705,0,134460,11.969841115023883,5518,134460,0.25,12.109471710002254,38,ALL_RESOLVED
final_v2,greedy,map3,48,e807fcfc735986e9,e02d0416b7d51b2a,b3362d9604322a0c,a65eb91a39ef4179,30,30,0,0,1.0,37,22.5,22.5,0,174,675,6087,15234,0.03874256198469084,0,0,,0.11057635999895865,37,ALL_RESOLVED
final_v2,ga,map3,39,e807fcfc735986e9,e02d0416b7d51b2a,b3362d9604322a0c,a65eb91a39ef4179,30,29,1,0,0.9666666666666667,40,22.137931034482758,22,7,92,652,0,121248,10.8420010849768,4936,121248,0.25,10.967058024001744,40,ALL_RESOLVED
final_v2,ucs,map3,48,e807fcfc735986e9,e02d0416b7d51b2a,b3362d9604322a0c,a65eb91a39ef4179,30,30,0,0,1.0,37,22.5,22.5,0,130,675,113559,125109,0.421512091972545,0,0,,0.4852143009993597,37,ALL_RESOLVED
final_v2,astar,map3,48,e807fcfc735986e9,e02d0416b7d51b2a,b3362d9604322a0c,a65eb91a39ef4179,30,30,0,0,1.0,37,22.5,22.5,0,136,675,26416,39401,0.10354360504061333,0,0,,0.1493351650024124,37,ALL_RESOLVED
final_v2,bfs,map3,49,e807fcfc735986e9,e02d0416b7d51b2a,b3362d9604322a0c,a65eb91a39ef4179,30,25,5,0,0.8333333333333334,35,22.92,23,0,99,649,93166,104531,0.2848645999911241,0,0,,0.35680769899772713,35,ALL_RESOLVED
final_v2,ucs,map3,49,e807fcfc735986e9,e02d0416b7d51b2a,b3362d9604322a0c,a65eb91a39ef4179,30,25,5,0,0.8333333333333334,35,22.92,23,0,68,655,134386,145693,0.45355672802907065,0,0,,0.5011616439987847,35,ALL_RESOLVED
final_v2,greedy,map3,49,e807fcfc735986e9,e02d0416b7d51b2a,b3362d9604322a0c,a65eb91a39ef4179,30,25,5,0,0.8333333333333334,35,22.92,23,0,99,649,7285,18303,0.046087360016827006,0,0,,0.11392945699844859,35,ALL_RESOLVED
final_v2,astar,map3,49,e807fcfc735986e9,e02d0416b7d51b2a,b3362d9604322a0c,a65eb91a39ef4179,30,25,5,0,0.8333333333333334,35,22.92,23,0,68,655,26077,40645,0.0963768569927197,0,0,,0.13943032599854632,35,ALL_RESOLVED
final_v2,ga,map3,40,e807fcfc735986e9,e02d0416b7d51b2a,b3362d9604322a0c,a65eb91a39ef4179,30,30,0,0,1.0,37,22.5,22.5,3,116,675,0,126065,10.995735876003891,5133,126065,0.25,11.120724256998074,37,ALL_RESOLVED
final_v2,bfs,map3,50,e807fcfc735986e9,e02d0416b7d51b2a,b3362d9604322a0c,a65eb91a39ef4179,30,27,3,0,0.9,36,23.0,23,0,109,639,80328,88771,0.1546849080514221,0,0,,0.1971899400014081,36,ALL_RESOLVED
final_v2,greedy,map3,50,e807fcfc735986e9,e02d0416b7d51b2a,b3362d9604322a0c,a65eb91a39ef4179,30,27,3,0,0.9,36,23.0,23,0,109,639,7109,17231,0.02786358599405503,0,0,,0.0709062330024608,36,ALL_RESOLVED
final_v2,astar,map3,50,e807fcfc735986e9,e02d0416b7d51b2a,b3362d9604322a0c,a65eb91a39ef4179,30,28,2,0,0.9333333333333333,37,23.5,23.5,0,96,670,29319,43430,0.10813886300093145,0,0,,0.15254927200294333,37,ALL_RESOLVED
final_v2,ucs,map3,50,e807fcfc735986e9,e02d0416b7d51b2a,b3362d9604322a0c,a65eb91a39ef4179,30,28,2,0,0.9333333333333333,37,23.5,23.5,0,92,670,120680,131568,0.6263347250387596,0,0,,0.7010772200010251,37,ALL_RESOLVED
final_v2,bfs,map3,51,e807fcfc735986e9,e02d0416b7d51b2a,b3362d9604322a0c,a65eb91a39ef4179,30,18,8,4,0.6,28,19.11111111111111,19.5,0,60,576,75418,84889,0.2313228160237486,0,0,,0.2875494179970701,28,ALL_RESOLVED
final_v2,ucs,map3,51,e807fcfc735986e9,e02d0416b7d51b2a,b3362d9604322a0c,a65eb91a39ef4179,30,18,9,3,0.6,28,19.11111111111111,19.5,0,31,538,99234,108573,0.5156826209167775,0,0,,0.5741193430003477,28,ALL_RESOLVED
final_v2,greedy,map3,51,e807fcfc735986e9,e02d0416b7d51b2a,b3362d9604322a0c,a65eb91a39ef4179,30,18,11,1,0.6,28,19.11111111111111,19.5,0,60,540,6731,15310,0.0410495659634762,0,0,,0.09327644900258747,28,ALL_RESOLVED
final_v2,ga,map3,42,e807fcfc735986e9,e02d0416b7d51b2a,b3362d9604322a0c,a65eb91a39ef4179,30,30,0,0,1.0,37,22.5,22.5,5,111,675,0,126944,11.111138669020875,5182,126944,0.25,11.242050307999307,37,ALL_RESOLVED
final_v2,astar,map3,51,e807fcfc735986e9,e02d0416b7d51b2a,b3362d9604322a0c,a65eb91a39ef4179,30,18,11,1,0.6,28,19.11111111111111,19.5,0,31,522,19097,28750,0.11292690799746197,0,0,,0.16605058099958114,28,ALL_RESOLVED
final_v2,ga,map3,43,e807fcfc735986e9,e02d0416b7d51b2a,b3362d9604322a0c,a65eb91a39ef4179,30,5,11,14,0.16666666666666666,17,13.8,14,13,60,575,0,117687,10.039727143990604,4941,117687,0.25,10.132238821999636,22,ALL_RESOLVED
final_v2,bfs,map3,52,e807fcfc735986e9,e02d0416b7d51b2a,b3362d9604322a0c,a65eb91a39ef4179,30,29,1,0,0.9666666666666667,37,23.0,23,0,117,673,82924,92923,0.2550790719978977,0,0,,0.32794198999908986,37,ALL_RESOLVED
final_v2,greedy,map3,52,e807fcfc735986e9,e02d0416b7d51b2a,b3362d9604322a0c,a65eb91a39ef4179,30,29,1,0,0.9666666666666667,37,23.0,23,0,117,673,7265,17768,0.04567140199287678,0,0,,0.11488819999794941,37,ALL_RESOLVED
final_v2,ucs,map3,52,e807fcfc735986e9,e02d0416b7d51b2a,b3362d9604322a0c,a65eb91a39ef4179,30,29,1,0,0.9666666666666667,37,23.0,23,0,95,673,124147,135434,0.6443460639784462,0,0,,0.7211535470014496,37,ALL_RESOLVED
final_v2,astar,map3,52,e807fcfc735986e9,e02d0416b7d51b2a,b3362d9604322a0c,a65eb91a39ef4179,30,29,1,0,0.9666666666666667,37,23.0,23,0,95,673,29183,43168,0.1719790159877448,0,0,,0.24484115699669928,37,ALL_RESOLVED
final_v2,bfs,map3,53,e807fcfc735986e9,e02d0416b7d51b2a,b3362d9604322a0c,a65eb91a39ef4179,30,29,1,0,0.9666666666666667,39,25.0,25,0,141,743,98097,109637,0.3075307219987735,0,0,,0.3883856979991833,39,ALL_RESOLVED
final_v2,ucs,map3,53,e807fcfc735986e9,e02d0416b7d51b2a,b3362d9604322a0c,a65eb91a39ef4179,30,28,2,0,0.9333333333333333,38,24.5,24.5,0,102,722,144466,156652,0.5274911650194554,0,0,,0.5817081630011671,38,ALL_RESOLVED
final_v2,greedy,map3,53,e807fcfc735986e9,e02d0416b7d51b2a,b3362d9604322a0c,a65eb91a39ef4179,30,29,1,0,0.9666666666666667,39,25.0,25,0,141,743,8224,19950,0.03209982602857053,0,0,,0.08080699399943114,39,ALL_RESOLVED
final_v2,astar,map3,53,e807fcfc735986e9,e02d0416b7d51b2a,b3362d9604322a0c,a65eb91a39ef4179,30,28,2,0,0.9333333333333333,38,24.5,24.5,0,102,722,32444,48367,0.11469910291998531,0,0,,0.1599150969996117,38,ALL_RESOLVED
final_v2,ga,map3,46,e807fcfc735986e9,e02d0416b7d51b2a,b3362d9604322a0c,a65eb91a39ef4179,30,11,4,15,0.36666666666666664,22,16.272727272727273,17,3,69,583,0,115314,7.166262765000283,4765,115314,0.25,7.239799716000562,22,ALL_RESOLVED
final_v2,bfs,map3,54,e807fcfc735986e9,e02d0416b7d51b2a,b3362d9604322a0c,a65eb91a39ef4179,30,30,0,0,1.0,37,22.5,22.5,0,118,675,82806,93383,0.25278595701092854,0,0,,0.326662342002237,37,ALL_RESOLVED
final_v2,ucs,map3,54,e807fcfc735986e9,e02d0416b7d51b2a,b3362d9604322a0c,a65eb91a39ef4179,30,30,0,0,1.0,37,22.5,22.5,0,80,675,128432,139906,0.6694981559849111,0,0,,0.7473180159977346,37,ALL_RESOLVED
final_v2,greedy,map3,54,e807fcfc735986e9,e02d0416b7d51b2a,b3362d9604322a0c,a65eb91a39ef4179,30,30,0,0,1.0,37,22.5,22.5,0,118,675,7120,17670,0.04496862399173551,0,0,,0.11572706999868387,37,ALL_RESOLVED
final_v2,ga,map3,44,e807fcfc735986e9,e02d0416b7d51b2a,b3362d9604322a0c,a65eb91a39ef4179,30,26,4,0,0.8666666666666667,33,20.5,20.5,4,54,591,0,113549,10.125046890952945,4672,113549,0.25,10.23887294099768,33,ALL_RESOLVED
final_v2,astar,map3,54,e807fcfc735986e9,e02d0416b7d51b2a,b3362d9604322a0c,a65eb91a39ef4179,30,30,0,0,1.0,37,22.5,22.5,0,80,675,27428,41297,0.16170319295997615,0,0,,0.23448995999933686,37,ALL_RESOLVED
final_v2,bfs,map3,55,e807fcfc735986e9,e02d0416b7d51b2a,b3362d9604322a0c,a65eb91a39ef4179,30,30,0,0,1.0,38,23.5,23.5,0,190,705,61521,70422,0.18851127500238363,0,0,,0.26334917699932703,38,ALL_RESOLVED
final_v2,ucs,map3,55,e807fcfc735986e9,e02d0416b7d51b2a,b3362d9604322a0c,a65eb91a39ef4179,30,30,0,0,1.0,38,23.5,23.5,0,164,705,109730,121427,0.5740556919918163,0,0,,0.6519163680022757,38,ALL_RESOLVED
final_v2,ga,map3,49,e807fcfc735986e9,e02d0416b7d51b2a,b3362d9604322a0c,a65eb91a39ef4179,30,28,2,0,0.9333333333333333,38,24.428571428571427,24.5,8,150,748,0,141570,7.65097105204768,5790,141570,0.25,7.745058251002774,38,ALL_RESOLVED
final_v2,greedy,map3,55,e807fcfc735986e9,e02d0416b7d51b2a,b3362d9604322a0c,a65eb91a39ef4179,30,30,0,0,1.0,38,23.5,23.5,0,190,705,6419,15346,0.03933303696248913,0,0,,0.11170481299996027,38,ALL_RESOLVED
final_v2,astar,map3,55,e807fcfc735986e9,e02d0416b7d51b2a,b3362d9604322a0c,a65eb91a39ef4179,30,30,0,0,1.0,38,23.5,23.5,0,164,705,26819,39370,0.10005157599880476,0,0,,0.14615180900000269,38,ALL_RESOLVED
final_v2,bfs,map3,56,e807fcfc735986e9,e02d0416b7d51b2a,b3362d9604322a0c,a65eb91a39ef4179,30,11,8,11,0.36666666666666664,20,14.909090909090908,15,0,17,516,89759,98517,0.17219450306947692,0,0,,0.1983320889994502,20,ALL_RESOLVED
final_v2,ucs,map3,56,e807fcfc735986e9,e02d0416b7d51b2a,b3362d9604322a0c,a65eb91a39ef4179,30,11,7,12,0.36666666666666664,20,14.909090909090908,15,0,13,522,118085,125885,0.3807952720380854,0,0,,0.40903296599935857,20,ALL_RESOLVED
final_v2,ga,map3,45,e807fcfc735986e9,e02d0416b7d51b2a,b3362d9604322a0c,a65eb91a39ef4179,30,30,0,0,1.0,37,22.5,22.5,2,106,675,0,125620,11.031140438932198,5127,125620,0.25,11.15541915599897,37,ALL_RESOLVED
final_v2,greedy,map3,56,e807fcfc735986e9,e02d0416b7d51b2a,b3362d9604322a0c,a65eb91a39ef4179,30,11,8,11,0.36666666666666664,20,14.909090909090908,15,0,17,516,8726,18991,0.031065617011336144,0,0,,0.05530469099903712,20,ALL_RESOLVED
final_v2,astar,map3,56,e807fcfc735986e9,e02d0416b7d51b2a,b3362d9604322a0c,a65eb91a39ef4179,30,11,7,12,0.36666666666666664,20,14.909090909090908,15,0,13,522,30794,42285,0.17618795001180843,0,0,,0.2180810809986724,20,ALL_RESOLVED
final_v2,bfs,map3,57,e807fcfc735986e9,e02d0416b7d51b2a,b3362d9604322a0c,a65eb91a39ef4179,30,24,6,0,0.8,32,20.041666666666668,20.5,0,55,607,96644,107535,0.29473415296160965,0,0,,0.35847267400095006,32,ALL_RESOLVED
final_v2,ga,map3,47,e807fcfc735986e9,e02d0416b7d51b2a,b3362d9604322a0c,a65eb91a39ef4179,30,30,0,0,1.0,37,22.5,22.5,5,145,675,0,123447,10.651737481020973,4997,123447,0.25,10.779590410002129,37,ALL_RESOLVED
final_v2,greedy,map3,57,e807fcfc735986e9,e02d0416b7d51b2a,b3362d9604322a0c,a65eb91a39ef4179,30,24,6,0,0.8,32,20.041666666666668,20.5,0,55,607,7487,18830,0.047224116991856135,0,0,,0.10677698500148836,32,ALL_RESOLVED
final_v2,astar,map3,57,e807fcfc735986e9,e02d0416b7d51b2a,b3362d9604322a0c,a65eb91a39ef4179,30,24,6,0,0.8,32,20.041666666666668,20.5,0,25,573,24417,37808,0.1450332619351684,0,0,,0.20457416000135709,32,ALL_RESOLVED
final_v2,ga,map3,48,e807fcfc735986e9,e02d0416b7d51b2a,b3362d9604322a0c,a65eb91a39ef4179,30,30,0,0,1.0,37,22.5,22.5,2,150,675,0,125136,10.319186379998428,5081,125136,0.25,10.442712504001975,37,ALL_RESOLVED
final_v2,ucs,map3,57,e807fcfc735986e9,e02d0416b7d51b2a,b3362d9604322a0c,a65eb91a39ef4179,30,24,6,0,0.8,32,20.041666666666668,20.5,0,25,573,123338,133011,0.6429641880567942,0,0,,0.708409720002237,32,ALL_RESOLVED
final_v2,bfs,map3,58,e807fcfc735986e9,e02d0416b7d51b2a,b3362d9604322a0c,a65eb91a39ef4179,30,30,0,0,1.0,38,23.466666666666665,23.5,0,142,704,80053,90350,0.24387541201213025,0,0,,0.3173864759992284,38,ALL_RESOLVED
final_v2,greedy,map3,58,e807fcfc735986e9,e02d0416b7d51b2a,b3362d9604322a0c,a65eb91a39ef4179,30,30,0,0,1.0,38,23.466666666666665,23.5,0,142,704,7108,17553,0.04434339899671613,0,0,,0.11466187000041828,38,ALL_RESOLVED
final_v2,astar,map3,58,e807fcfc735986e9,e02d0416b7d51b2a,b3362d9604322a0c,a65eb91a39ef4179,30,30,0,0,1.0,38,23.466666666666665,23.5,0,114,704,27584,41783,0.16166078998867306,0,0,,0.23372545399979572,38,ALL_RESOLVED
final_v2,ucs,map3,58,e807fcfc735986e9,e02d0416b7d51b2a,b3362d9604322a0c,a65eb91a39ef4179,30,30,0,0,1.0,38,23.466666666666665,23.5,0,114,704,125117,136882,0.6514517949872243,0,0,,0.729376098002831,38,ALL_RESOLVED
final_v2,bfs,map3,59,e807fcfc735986e9,e02d0416b7d51b2a,b3362d9604322a0c,a65eb91a39ef4179,30,30,0,0,1.0,39,24.5,24.5,0,129,735,97759,109467,0.29762175700307125,0,0,,0.37689394500193885,39,ALL_RESOLVED
final_v2,ga,map3,51,e807fcfc735986e9,e02d0416b7d51b2a,b3362d9604322a0c,a65eb91a39ef4179,30,18,10,2,0.6,28,19.11111111111111,19.5,7,54,544,0,101922,9.097519323073357,4178,101922,0.25,9.196672645000945,28,ALL_RESOLVED
final_v2,greedy,map3,59,e807fcfc735986e9,e02d0416b7d51b2a,b3362d9604322a0c,a65eb91a39ef4179,30,30,0,0,1.0,39,24.5,24.5,0,129,735,8253,20423,0.051510644996596966,0,0,,0.1271384770006989,39,ALL_RESOLVED
final_v2,astar,map3,59,e807fcfc735986e9,e02d0416b7d51b2a,b3362d9604322a0c,a65eb91a39ef4179,30,30,0,0,1.0,39,24.5,24.5,0,97,735,33019,49240,0.19197165705190855,0,0,,0.26854331100184936,39,ALL_RESOLVED
final_v2,ucs,map3,59,e807fcfc735986e9,e02d0416b7d51b2a,b3362d9604322a0c,a65eb91a39ef4179,30,30,0,0,1.0,39,24.5,24.5,0,91,735,145107,157285,0.754159408967098,0,0,,0.837106938000943,39,ALL_RESOLVED
final_v2,ga,map3,53,e807fcfc735986e9,e02d0416b7d51b2a,b3362d9604322a0c,a65eb91a39ef4179,30,30,0,0,1.0,40,25.5,25.5,3,130,765,0,144630,7.70448480698542,5896,144630,0.25,7.7994474040024215,40,ALL_RESOLVED
final_v2,ga,map3,50,e807fcfc735986e9,e02d0416b7d51b2a,b3362d9604322a0c,a65eb91a39ef4179,30,29,1,0,0.9666666666666667,38,24.0,24,7,115,702,0,132650,11.55153961594624,5417,132650,0.25,11.681144858001062,38,ALL_RESOLVED
final_v2,greedy,map3,60,e807fcfc735986e9,e02d0416b7d51b2a,b3362d9604322a0c,a65eb91a39ef4179,30,18,5,7,0.6,26,17.166666666666668,17.5,0,41,579,8227,19525,0.05068227204537834,0,0,,0.1012987489993975,26,ALL_RESOLVED
final_v2,bfs,map3,60,e807fcfc735986e9,e02d0416b7d51b2a,b3362d9604322a0c,a65eb91a39ef4179,30,18,5,7,0.6,26,17.166666666666668,17.5,0,41,579,92915,101781,0.2833434720414516,0,0,,0.33730485499836504,26,ALL_RESOLVED
final_v2,ucs,map3,60,e807fcfc735986e9,e02d0416b7d51b2a,b3362d9604322a0c,a65eb91a39ef4179,30,18,8,4,0.6,26,17.166666666666668,17.5,0,30,569,116444,124910,0.38216983605525456,0,0,,0.41915245299969683,26,ALL_RESOLVED
final_v2,astar,map3,60,e807fcfc735986e9,e02d0416b7d51b2a,b3362d9604322a0c,a65eb91a39ef4179,30,18,8,4,0.6,26,17.166666666666668,17.5,0,34,569,26747,38790,0.1554841279576067,0,0,,0.20764693200180773,26,ALL_RESOLVED
final_v2,bfs,map3,61,e807fcfc735986e9,e02d0416b7d51b2a,b3362d9604322a0c,a65eb91a39ef4179,30,3,5,22,0.1,14,12.333333333333334,12,0,0,399,100475,107904,0.19746793399463058,0,0,,0.21712726699843188,14,ALL_RESOLVED
final_v2,greedy,map3,61,e807fcfc735986e9,e02d0416b7d51b2a,b3362d9604322a0c,a65eb91a39ef4179,30,3,7,20,0.1,14,12.333333333333334,12,0,1,395,8780,19726,0.031220585984556237,0,0,,0.04778936599905137,14,ALL_RESOLVED
final_v2,astar,map3,61,e807fcfc735986e9,e02d0416b7d51b2a,b3362d9604322a0c,a65eb91a39ef4179,30,3,7,20,0.1,14,12.333333333333334,12,0,0,393,22561,32343,0.07831081201948109,0,0,,0.09611266999854706,14,ALL_RESOLVED
final_v2,ucs,map3,61,e807fcfc735986e9,e02d0416b7d51b2a,b3362d9604322a0c,a65eb91a39ef4179,30,3,5,22,0.1,14,12.333333333333334,12,0,0,397,107962,114700,0.5569847880542511,0,0,,0.5906820320014958,14,ALL_RESOLVED
final_v2,bfs,map3,62,e807fcfc735986e9,e02d0416b7d51b2a,b3362d9604322a0c,a65eb91a39ef4179,30,30,0,0,1.0,37,22.5,22.5,0,140,675,70848,80322,0.21761026902095182,0,0,,0.28950102100134245,37,ALL_RESOLVED
final_v2,ga,map3,56,e807fcfc735986e9,e02d0416b7d51b2a,b3362d9604322a0c,a65eb91a39ef4179,30,9,14,7,0.3,20,14.777777777777779,15,3,11,497,0,96429,5.331591175006906,4028,96429,0.25,5.385670413001208,20,ALL_RESOLVED
final_v2,greedy,map3,62,e807fcfc735986e9,e02d0416b7d51b2a,b3362d9604322a0c,a65eb91a39ef4179,30,30,0,0,1.0,37,22.5,22.5,0,140,675,6662,16236,0.026495207006519195,0,0,,0.07048047499847598,37,ALL_RESOLVED
final_v2,astar,map3,62,e807fcfc735986e9,e02d0416b7d51b2a,b3362d9604322a0c,a65eb91a39ef4179,30,30,0,0,1.0,37,22.5,22.5,0,118,675,27399,40113,0.09888992101332406,0,0,,0.14333569600057672,37,ALL_RESOLVED
final_v2,ucs,map3,62,e807fcfc735986e9,e02d0416b7d51b2a,b3362d9604322a0c,a65eb91a39ef4179,30,30,0,0,1.0,37,22.5,22.5,0,98,675,112738,124199,0.5882415000378387,0,0,,0.6640082490011991,37,ALL_RESOLVED
final_v2,bfs,map3,63,e807fcfc735986e9,e02d0416b7d51b2a,b3362d9604322a0c,a65eb91a39ef4179,30,30,0,0,1.0,37,22.5,22.5,0,138,675,74890,84416,0.22878164699068293,0,0,,0.30091006500151707,37,ALL_RESOLVED
final_v2,ga,map3,52,e807fcfc735986e9,e02d0416b7d51b2a,b3362d9604322a0c,a65eb91a39ef4179,30,30,0,0,1.0,41,24.533333333333335,24.5,7,134,736,0,138317,12.219578257929243,5635,138317,0.25,12.35683047099883,41,ALL_RESOLVED
final_v2,ucs,map3,63,e807fcfc735986e9,e02d0416b7d51b2a,b3362d9604322a0c,a65eb91a39ef4179,30,30,0,0,1.0,37,22.5,22.5,0,112,675,115199,126334,0.6023754980451486,0,0,,0.6789836329990067,37,ALL_RESOLVED
final_v2,greedy,map3,63,e807fcfc735986e9,e02d0416b7d51b2a,b3362d9604322a0c,a65eb91a39ef4179,30,30,0,0,1.0,37,22.5,22.5,0,138,675,6668,16411,0.04155148500649375,0,0,,0.1106870549992891,37,ALL_RESOLVED
final_v2,astar,map3,63,e807fcfc735986e9,e02d0416b7d51b2a,b3362d9604322a0c,a65eb91a39ef4179,30,30,0,0,1.0,37,22.5,22.5,0,112,675,26075,39256,0.1539046558755217,0,0,,0.22517727100057527,37,ALL_RESOLVED
final_v2,bfs,map3,64,e807fcfc735986e9,e02d0416b7d51b2a,b3362d9604322a0c,a65eb91a39ef4179,30,30,0,0,1.0,37,22.5,22.5,0,113,675,85037,94528,0.2587858060032886,0,0,,0.33041313299690955,37,ALL_RESOLVED
final_v2,ucs,map3,64,e807fcfc735986e9,e02d0416b7d51b2a,b3362d9604322a0c,a65eb91a39ef4179,30,30,0,0,1.0,37,22.5,22.5,0,77,675,125326,136422,0.6504078460638993,0,0,,0.7261545969995495,37,ALL_RESOLVED
final_v2,greedy,map3,64,e807fcfc735986e9,e02d0416b7d51b2a,b3362d9604322a0c,a65eb91a39ef4179,30,30,0,0,1.0,37,22.5,22.5,0,113,675,7206,17559,0.04491911104923929,0,0,,0.11337798499880591,37,ALL_RESOLVED
final_v2,astar,map3,64,e807fcfc735986e9,e02d0416b7d51b2a,b3362d9604322a0c,a65eb91a39ef4179,30,30,0,0,1.0,37,22.5,22.5,0,95,675,27994,41868,0.16524913198736613,0,0,,0.23608581100052106,37,ALL_RESOLVED
final_v2,ga,map3,54,e807fcfc735986e9,e02d0416b7d51b2a,b3362d9604322a0c,a65eb91a39ef4179,30,30,0,0,1.0,37,22.5,22.5,3,109,675,0,126130,11.000902315008716,5134,126130,0.25,11.12956383600249,37,ALL_RESOLVED
final_v2,bfs,map3,65,e807fcfc735986e9,e02d0416b7d51b2a,b3362d9604322a0c,a65eb91a39ef4179,30,30,0,0,1.0,38,23.5,23.5,0,90,705,95593,106171,0.29166197498489055,0,0,,0.3652297870030452,38,ALL_RESOLVED
final_v2,ga,map3,61,e807fcfc735986e9,e02d0416b7d51b2a,b3362d9604322a0c,a65eb91a39ef4179,30,1,5,24,0.03333333333333333,11,11.0,11,12,7,395,0,90257,5.335917600994435,3849,90257,0.25,5.3812412949991995,14,ALL_RESOLVED
final_v2,greedy,map3,65,e807fcfc735986e9,e02d0416b7d51b2a,b3362d9604322a0c,a65eb91a39ef4179,30,30,0,0,1.0,38,23.5,23.5,0,90,705,8130,19440,0.030766461044549942,0,0,,0.07601730699752807,38,ALL_RESOLVED
final_v2,ucs,map3,65,e807fcfc735986e9,e02d0416b7d51b2a,b3362d9604322a0c,a65eb91a39ef4179,30,30,0,0,1.0,38,23.5,23.5,0,66,705,133525,145535,0.6935065500874771,0,0,,0.7711423679975269,38,ALL_RESOLVED
final_v2,astar,map3,65,e807fcfc735986e9,e02d0416b7d51b2a,b3362d9604322a0c,a65eb91a39ef4179,30,30,0,0,1.0,38,23.5,23.5,0,68,705,30189,45293,0.11724535804387415,0,0,,0.16469998699903954,38,ALL_RESOLVED
final_v2,bfs,map3,66,e807fcfc735986e9,e02d0416b7d51b2a,b3362d9604322a0c,a65eb91a39ef4179,30,30,0,0,1.0,38,23.433333333333334,23.5,0,113,703,84986,94655,0.17054839895718032,0,0,,0.2191728020006849,38,ALL_RESOLVED
final_v2,ga,map3,55,e807fcfc735986e9,e02d0416b7d51b2a,b3362d9604322a0c,a65eb91a39ef4179,30,30,0,0,1.0,38,23.5,23.5,6,178,705,0,129673,11.074743303019204,5255,129673,0.25,11.202288702999795,38,ALL_RESOLVED
final_v2,greedy,map3,66,e807fcfc735986e9,e02d0416b7d51b2a,b3362d9604322a0c,a65eb91a39ef4179,30,30,0,0,1.0,38,23.433333333333334,23.5,0,113,703,7712,18602,0.04824687501968583,0,0,,0.11878345999866724,38,ALL_RESOLVED
final_v2,astar,map3,66,e807fcfc735986e9,e02d0416b7d51b2a,b3362d9604322a0c,a65eb91a39ef4179,30,30,0,0,1.0,38,23.433333333333334,23.5,0,97,703,30082,44371,0.1784125450067222,0,0,,0.2504549369987217,38,ALL_RESOLVED
final_v2,ucs,map3,66,e807fcfc735986e9,e02d0416b7d51b2a,b3362d9604322a0c,a65eb91a39ef4179,30,30,0,0,1.0,39,23.466666666666665,23.5,0,72,704,127297,139072,0.5669787919759983,0,0,,0.6419899969987455,39,ALL_RESOLVED
final_v2,bfs,map3,67,e807fcfc735986e9,e02d0416b7d51b2a,b3362d9604322a0c,a65eb91a39ef4179,30,9,8,13,0.3,16,12.0,12,0,8,408,79308,86718,0.20903973798340303,0,0,,0.2380577930016443,16,ALL_RESOLVED
final_v2,ucs,map3,67,e807fcfc735986e9,e02d0416b7d51b2a,b3362d9604322a0c,a65eb91a39ef4179,30,9,8,13,0.3,16,12.0,12,0,6,414,97833,105262,0.30962183499650564,0,0,,0.33160535899878596,16,ALL_RESOLVED
final_v2,greedy,map3,67,e807fcfc735986e9,e02d0416b7d51b2a,b3362d9604322a0c,a65eb91a39ef4179,30,9,7,14,0.3,16,12.0,12,0,9,400,6888,15758,0.024668350029969588,0,0,,0.04306734999772743,16,ALL_RESOLVED
final_v2,astar,map3,67,e807fcfc735986e9,e02d0416b7d51b2a,b3362d9604322a0c,a65eb91a39ef4179,30,9,8,13,0.3,16,12.0,12,0,4,414,20818,30892,0.07266131999858771,0,0,,0.09290270199926454,16,ALL_RESOLVED
final_v2,ga,map3,57,e807fcfc735986e9,e02d0416b7d51b2a,b3362d9604322a0c,a65eb91a39ef4179,30,24,5,1,0.8,32,20.041666666666668,20.5,4,68,669,0,129365,11.619665367034031,5326,129365,0.25,11.741216544000054,32,ALL_RESOLVED
final_v2,ga,map3,62,e807fcfc735986e9,e02d0416b7d51b2a,b3362d9604322a0c,a65eb91a39ef4179,30,30,0,0,1.0,37,22.5,22.5,4,120,675,0,123894,7.41721001199403,5042,123894,0.25,7.513800962999085,37,ALL_RESOLVED
final_v2,bfs,map3,68,e807fcfc735986e9,e02d0416b7d51b2a,b3362d9604322a0c,a65eb91a39ef4179,30,30,0,0,1.0,39,24.033333333333335,24.5,0,109,721,97558,108551,0.30079869298424455,0,0,,0.37767794899991713,39,ALL_RESOLVED
final_v2,ga,map3,59,e807fcfc735986e9,e02d0416b7d51b2a,b3362d9604322a0c,a65eb91a39ef4179,30,30,0,0,1.0,39,24.5,24.5,7,116,735,0,137538,10.22518813104034,5622,137538,0.25,10.338317818001087,39,ALL_RESOLVED
final_v2,ga,map3,58,e807fcfc735986e9,e02d0416b7d51b2a,b3362d9604322a0c,a65eb91a39ef4179,30,30,0,0,1.0,38,23.466666666666665,23.5,3,131,704,0,130914,11.313927531005902,5328,130914,0.25,11.44154517700008,38,ALL_RESOLVED
final_v2,greedy,map3,68,e807fcfc735986e9,e02d0416b7d51b2a,b3362d9604322a0c,a65eb91a39ef4179,30,30,0,0,1.0,39,24.033333333333335,24.5,0,109,721,8283,20150,0.052012150998052675,0,0,,0.1256070509989513,39,ALL_RESOLVED
final_v2,astar,map3,68,e807fcfc735986e9,e02d0416b7d51b2a,b3362d9604322a0c,a65eb91a39ef4179,30,30,0,0,1.0,39,24.033333333333335,24.5,0,81,721,28349,43254,0.09908041796370526,0,0,,0.14350536600250052,39,ALL_RESOLVED
final_v2,bfs,map3,69,e807fcfc735986e9,e02d0416b7d51b2a,b3362d9604322a0c,a65eb91a39ef4179,30,28,2,0,0.9333333333333333,37,23.428571428571427,23.5,0,153,670,74890,84980,0.23479592304647667,0,0,,0.30997097399813356,37,ALL_RESOLVED
final_v2,ucs,map3,68,e807fcfc735986e9,e02d0416b7d51b2a,b3362d9604322a0c,a65eb91a39ef4179,30,30,0,0,1.0,39,24.033333333333335,24.5,0,81,721,136039,148195,0.7077360189796309,0,0,,0.7874553720030235,39,ALL_RESOLVED
final_v2,ucs,map3,69,e807fcfc735986e9,e02d0416b7d51b2a,b3362d9604322a0c,a65eb91a39ef4179,30,28,2,0,0.9333333333333333,37,23.428571428571427,23.5,0,101,670,113358,124913,0.3677124520363577,0,0,,0.41705372399883345,37,ALL_RESOLVED
final_v2,greedy,map3,69,e807fcfc735986e9,e02d0416b7d51b2a,b3362d9604322a0c,a65eb91a39ef4179,30,28,2,0,0.9333333333333333,37,23.428571428571427,23.5,0,153,670,6688,16477,0.04233429197483929,0,0,,0.11432039600185817,37,ALL_RESOLVED
final_v2,astar,map3,69,e807fcfc735986e9,e02d0416b7d51b2a,b3362d9604322a0c,a65eb91a39ef4179,30,28,2,0,0.9333333333333333,37,23.428571428571427,23.5,0,119,670,23966,36972,0.13927705699461512,0,0,,0.21107438299804926,37,ALL_RESOLVED
final_v2,bfs,map3,70,e807fcfc735986e9,e02d0416b7d51b2a,b3362d9604322a0c,a65eb91a39ef4179,30,6,12,12,0.2,16,12.0,11.5,0,18,466,98505,108585,0.3057706439976755,0,0,,0.34762181599944597,18,ALL_RESOLVED
final_v2,greedy,map3,70,e807fcfc735986e9,e02d0416b7d51b2a,b3362d9604322a0c,a65eb91a39ef4179,30,6,13,11,0.2,16,12.0,11.5,0,18,464,8267,18981,0.051137697981175734,0,0,,0.08955018599954201,18,ALL_RESOLVED
final_v2,astar,map3,70,e807fcfc735986e9,e02d0416b7d51b2a,b3362d9604322a0c,a65eb91a39ef4179,30,6,12,12,0.2,16,12.0,11.5,0,11,466,21218,32345,0.12587675699251122,0,0,,0.16488962499715853,18,ALL_RESOLVED
final_v2,ucs,map3,70,e807fcfc735986e9,e02d0416b7d51b2a,b3362d9604322a0c,a65eb91a39ef4179,30,6,10,14,0.2,16,12.0,11.5,0,11,468,118132,126806,0.6122354359868041,0,0,,0.656396655998833,18,ALL_RESOLVED
final_v2,ga,map3,60,e807fcfc735986e9,e02d0416b7d51b2a,b3362d9604322a0c,a65eb91a39ef4179,30,16,8,6,0.5333333333333333,25,16.3125,16.5,12,28,551,0,119101,11.175330004993157,4981,119101,0.25,11.279680722000194,26,ALL_RESOLVED
final_v2,bfs,map3,71,e807fcfc735986e9,e02d0416b7d51b2a,b3362d9604322a0c,a65eb91a39ef4179,30,30,0,0,1.0,38,23.333333333333332,23.5,0,122,700,82481,92572,0.2520793989642698,0,0,,0.32697298700077226,38,ALL_RESOLVED
final_v2,greedy,map3,71,e807fcfc735986e9,e02d0416b7d51b2a,b3362d9604322a0c,a65eb91a39ef4179,30,30,0,0,1.0,38,23.333333333333332,23.5,0,122,700,7383,17907,0.04602812401208212,0,0,,0.11689624300197465,38,ALL_RESOLVED
final_v2,astar,map3,71,e807fcfc735986e9,e02d0416b7d51b2a,b3362d9604322a0c,a65eb91a39ef4179,30,30,0,0,1.0,38,23.333333333333332,23.5,0,92,700,26641,40610,0.1563059769468964,0,0,,0.22936991000096896,38,ALL_RESOLVED
final_v2,ucs,map3,71,e807fcfc735986e9,e02d0416b7d51b2a,b3362d9604322a0c,a65eb91a39ef4179,30,30,0,0,1.0,38,23.333333333333332,23.5,0,88,700,124093,136127,0.6482806790263567,0,0,,0.727262468997651,38,ALL_RESOLVED
final_v2,bfs,map3,72,e807fcfc735986e9,e02d0416b7d51b2a,b3362d9604322a0c,a65eb91a39ef4179,30,30,0,0,1.0,37,22.5,22.5,0,122,675,82811,92719,0.2535996479091409,0,0,,0.3267862430002424,37,ALL_RESOLVED
final_v2,ga,map3,67,e807fcfc735986e9,e02d0416b7d51b2a,b3362d9604322a0c,a65eb91a39ef4179,30,9,7,14,0.3,16,12.0,12,3,19,420,0,83562,4.620050671986974,3472,83562,0.25,4.666675841999677,16,ALL_RESOLVED
final_v2,greedy,map3,72,e807fcfc735986e9,e02d0416b7d51b2a,b3362d9604322a0c,a65eb91a39ef4179,30,30,0,0,1.0,37,22.5,22.5,0,122,675,7208,17742,0.029259761049615918,0,0,,0.0780520600019372,37,ALL_RESOLVED
final_v2,astar,map3,72,e807fcfc735986e9,e02d0416b7d51b2a,b3362d9604322a0c,a65eb91a39ef4179,30,30,0,0,1.0,37,22.5,22.5,0,100,675,31612,45899,0.1177212690563465,0,0,,0.16292170999804512,37,ALL_RESOLVED
final_v2,ucs,map3,72,e807fcfc735986e9,e02d0416b7d51b2a,b3362d9604322a0c,a65eb91a39ef4179,30,30,0,0,1.0,37,22.5,22.5,0,92,675,128820,139420,0.6708488709373341,0,0,,0.748241492001398,37,ALL_RESOLVED
final_v2,bfs,map3,73,e807fcfc735986e9,e02d0416b7d51b2a,b3362d9604322a0c,a65eb91a39ef4179,30,30,0,0,1.0,37,22.5,22.5,0,124,675,80050,89619,0.244148215984751,0,0,,0.3167312320001656,37,ALL_RESOLVED
final_v2,ga,map3,63,e807fcfc735986e9,e02d0416b7d51b2a,b3362d9604322a0c,a65eb91a39ef4179,30,30,0,0,1.0,37,22.5,22.5,6,118,675,0,127415,11.035732925043703,5190,127415,0.25,11.162639848000254,37,ALL_RESOLVED
final_v2,ucs,map3,73,e807fcfc735986e9,e02d0416b7d51b2a,b3362d9604322a0c,a65eb91a39ef4179,30,30,0,0,1.0,37,22.5,22.5,0,98,675,123849,135065,0.6447845970178605,0,0,,0.7217772289986897,37,ALL_RESOLVED
final_v2,greedy,map3,73,e807fcfc735986e9,e02d0416b7d51b2a,b3362d9604322a0c,a65eb91a39ef4179,30,30,0,0,1.0,37,22.5,22.5,0,124,675,6978,16888,0.04365599302036571,0,0,,0.11363412299760967,37,ALL_RESOLVED
final_v2,astar,map3,73,e807fcfc735986e9,e02d0416b7d51b2a,b3362d9604322a0c,a65eb91a39ef4179,30,30,0,0,1.0,37,22.5,22.5,0,92,675,27037,40859,0.1578989769841428,0,0,,0.22860295899954508,37,ALL_RESOLVED
final_v2,bfs,map3,74,e807fcfc735986e9,e02d0416b7d51b2a,b3362d9604322a0c,a65eb91a39ef4179,30,30,0,0,1.0,37,22.5,22.5,0,132,675,72702,81660,0.22275288999662735,0,0,,0.2955441650010471,37,ALL_RESOLVED
final_v2,ucs,map3,74,e807fcfc735986e9,e02d0416b7d51b2a,b3362d9604322a0c,a65eb91a39ef4179,30,30,0,0,1.0,37,22.5,22.5,0,98,675,110195,121979,0.5737999270058936,0,0,,0.649560982001276,37,ALL_RESOLVED
final_v2,greedy,map3,74,e807fcfc735986e9,e02d0416b7d51b2a,b3362d9604322a0c,a65eb91a39ef4179,30,30,0,0,1.0,37,22.5,22.5,0,132,675,6651,15607,0.04062360904936213,0,0,,0.11049076399649493,37,ALL_RESOLVED
final_v2,ga,map3,64,e807fcfc735986e9,e02d0416b7d51b2a,b3362d9604322a0c,a65eb91a39ef4179,30,30,0,0,1.0,37,22.5,22.5,5,92,675,0,128831,10.956629172953399,5262,128831,0.25,11.083373508001387,37,ALL_RESOLVED
final_v2,astar,map3,74,e807fcfc735986e9,e02d0416b7d51b2a,b3362d9604322a0c,a65eb91a39ef4179,30,30,0,0,1.0,37,22.5,22.5,0,116,675,24043,36457,0.14097473801666638,0,0,,0.21151947799808113,37,ALL_RESOLVED
final_v2,bfs,map3,75,e807fcfc735986e9,e02d0416b7d51b2a,b3362d9604322a0c,a65eb91a39ef4179,30,30,0,0,1.0,39,24.166666666666668,24.5,0,103,725,99644,110763,0.30349396699966746,0,0,,0.37841699599812273,39,ALL_RESOLVED
final_v2,ucs,map3,75,e807fcfc735986e9,e02d0416b7d51b2a,b3362d9604322a0c,a65eb91a39ef4179,30,30,0,0,1.0,39,24.166666666666668,24.5,0,73,725,138092,150159,0.7148262880691618,0,0,,0.7938510320018395,39,ALL_RESOLVED
final_v2,ga,map3,69,e807fcfc735986e9,e02d0416b7d51b2a,b3362d9604322a0c,a65eb91a39ef4179,30,30,0,0,1.0,39,24.433333333333334,24.5,4,163,733,0,137286,7.11308844807354,5589,137286,0.25,7.2055332609998,39,ALL_RESOLVED
final_v2,greedy,map3,75,e807fcfc735986e9,e02d0416b7d51b2a,b3362d9604322a0c,a65eb91a39ef4179,30,30,0,0,1.0,39,24.166666666666668,24.5,0,103,725,8422,20370,0.0522274550057773,0,0,,0.12336933199912892,39,ALL_RESOLVED
final_v2,astar,map3,75,e807fcfc735986e9,e02d0416b7d51b2a,b3362d9604322a0c,a65eb91a39ef4179,30,30,0,0,1.0,39,24.166666666666668,24.5,0,75,725,29077,44212,0.10973562698927708,0,0,,0.1572373430026346,39,ALL_RESOLVED
final_v2,bfs,map3,76,e807fcfc735986e9,e02d0416b7d51b2a,b3362d9604322a0c,a65eb91a39ef4179,30,21,3,6,0.7,28,18.0,18,0,76,614,83379,91918,0.16496954003014253,0,0,,0.2026050540007418,28,ALL_RESOLVED
final_v2,ga,map3,65,e807fcfc735986e9,e02d0416b7d51b2a,b3362d9604322a0c,a65eb91a39ef4179,30,30,0,0,1.0,38,23.5,23.5,5,81,705,0,133217,11.805213487979927,5456,133217,0.25,11.93701050099844,38,ALL_RESOLVED
final_v2,ucs,map3,76,e807fcfc735986e9,e02d0416b7d51b2a,b3362d9604322a0c,a65eb91a39ef4179,30,21,4,5,0.7,28,18.0,18,0,72,604,119729,128671,0.3920256889796292,0,0,,0.4324948329995095,28,ALL_RESOLVED
final_v2,greedy,map3,76,e807fcfc735986e9,e02d0416b7d51b2a,b3362d9604322a0c,a65eb91a39ef4179,30,21,3,6,0.7,28,18.0,18,0,76,614,8454,19033,0.051484104929841124,0,0,,0.10752945800049929,28,ALL_RESOLVED
final_v2,astar,map3,76,e807fcfc735986e9,e02d0416b7d51b2a,b3362d9604322a0c,a65eb91a39ef4179,30,21,4,5,0.7,28,18.0,18,0,72,604,32312,44649,0.11507017501935479,0,0,,0.15061015400351607,28,ALL_RESOLVED
final_v2,bfs,map3,77,e807fcfc735986e9,e02d0416b7d51b2a,b3362d9604322a0c,a65eb91a39ef4179,30,20,7,3,0.6666666666666666,30,19.85,19.5,0,21,619,106003,116190,0.20848303297316306,0,0,,0.2462895019998541,30,ALL_RESOLVED
final_v2,ga,map3,66,e807fcfc735986e9,e02d0416b7d51b2a,b3362d9604322a0c,a65eb91a39ef4179,30,30,0,0,1.0,38,23.433333333333334,23.5,4,87,703,0,132470,11.705530462964816,5419,132470,0.25,11.835429463000764,38,ALL_RESOLVED
final_v2,greedy,map3,77,e807fcfc735986e9,e02d0416b7d51b2a,b3362d9604322a0c,a65eb91a39ef4179,30,20,8,2,0.6666666666666666,30,19.85,19.5,0,21,611,8747,20619,0.05427011596475495,0,0,,0.10729274899858865,30,ALL_RESOLVED
final_v2,ucs,map3,77,e807fcfc735986e9,e02d0416b7d51b2a,b3362d9604322a0c,a65eb91a39ef4179,30,17,7,6,0.5666666666666667,27,18.235294117647058,18,0,10,616,135377,145421,0.42879682291459176,0,0,,0.46678625699860277,27,ALL_RESOLVED
final_v2,astar,map3,77,e807fcfc735986e9,e02d0416b7d51b2a,b3362d9604322a0c,a65eb91a39ef4179,30,17,7,6,0.5666666666666667,27,18.235294117647058,18,0,10,616,28249,41479,0.16516898895133636,0,0,,0.21747540299838874,27,ALL_RESOLVED
final_v2,bfs,map3,78,e807fcfc735986e9,e02d0416b7d51b2a,b3362d9604322a0c,a65eb91a39ef4179,30,30,0,0,1.0,39,24.233333333333334,24.5,0,88,727,106573,117309,0.32468638198042754,0,0,,0.3999035630004073,39,ALL_RESOLVED
final_v2,ga,map3,72,e807fcfc735986e9,e02d0416b7d51b2a,b3362d9604322a0c,a65eb91a39ef4179,30,29,1,0,0.9666666666666667,36,22.0,22,5,91,658,0,123434,6.712494418057759,5043,123434,0.25,6.796652289998747,36,ALL_RESOLVED
final_v2,greedy,map3,78,e807fcfc735986e9,e02d0416b7d51b2a,b3362d9604322a0c,a65eb91a39ef4179,30,30,0,0,1.0,39,24.233333333333334,24.5,0,88,727,8849,21595,0.03364540898473933,0,0,,0.07835981799871661,39,ALL_RESOLVED
final_v2,ga,map3,70,e807fcfc735986e9,e02d0416b7d51b2a,b3362d9604322a0c,a65eb91a39ef4179,30,6,14,10,0.2,16,12.0,11.5,12,24,464,0,94365,8.915197746977356,3933,94365,0.25,8.997133980999934,18,ALL_RESOLVED
final_v2,astar,map3,78,e807fcfc735986e9,e02d0416b7d51b2a,b3362d9604322a0c,a65eb91a39ef4179,30,30,0,0,1.0,39,24.233333333333334,24.5,0,70,727,33192,49476,0.1251393699858454,0,0,,0.17225993900137837,39,ALL_RESOLVED
final_v2,bfs,map3,79,e807fcfc735986e9,e02d0416b7d51b2a,b3362d9604322a0c,a65eb91a39ef4179,30,29,1,0,0.9666666666666667,39,24.655172413793103,25,0,115,721,89628,98827,0.18383788294522674,0,0,,0.23270572200272,39,ALL_RESOLVED
final_v2,ucs,map3,78,e807fcfc735986e9,e02d0416b7d51b2a,b3362d9604322a0c,a65eb91a39ef4179,30,30,0,0,1.0,39,24.233333333333334,24.5,0,66,727,144546,156724,0.7537661340284103,0,0,,0.8334343990027264,39,ALL_RESOLVED
final_v2,greedy,map3,79,e807fcfc735986e9,e02d0416b7d51b2a,b3362d9604322a0c,a65eb91a39ef4179,30,28,2,0,0.9333333333333333,38,24.142857142857142,24.5,0,111,694,7994,18377,0.04871198599721538,0,0,,0.11887994700009585,38,ALL_RESOLVED
final_v2,ucs,map3,79,e807fcfc735986e9,e02d0416b7d51b2a,b3362d9604322a0c,a65eb91a39ef4179,30,28,2,0,0.9333333333333333,38,24.142857142857142,24.5,0,75,688,119578,130820,0.39682810501471977,0,0,,0.4448095160005323,38,ALL_RESOLVED
final_v2,astar,map3,79,e807fcfc735986e9,e02d0416b7d51b2a,b3362d9604322a0c,a65eb91a39ef4179,30,28,2,0,0.9333333333333333,38,24.142857142857142,24.5,0,87,688,28903,42011,0.1683141079302004,0,0,,0.23976381000102265,38,ALL_RESOLVED
final_v2,bfs,map3,80,e807fcfc735986e9,e02d0416b7d51b2a,b3362d9604322a0c,a65eb91a39ef4179,30,16,7,7,0.5333333333333333,24,16.5,16.5,0,30,504,80533,87423,0.24474121099046897,0,0,,0.2939372030014056,24,ALL_RESOLVED
final_v2,ga,map3,68,e807fcfc735986e9,e02d0416b7d51b2a,b3362d9604322a0c,a65eb91a39ef4179,30,30,0,0,1.0,39,24.033333333333335,24.5,6,91,721,0,138265,12.27726956807237,5682,138265,0.25,12.412116906998563,39,ALL_RESOLVED
final_v2,ucs,map3,80,e807fcfc735986e9,e02d0416b7d51b2a,b3362d9604322a0c,a65eb91a39ef4179,30,16,9,5,0.5333333333333333,24,16.5,16.5,0,28,530,107121,114241,0.5533826549581136,0,0,,0.6053884529974312,24,ALL_RESOLVED
final_v2,greedy,map3,80,e807fcfc735986e9,e02d0416b7d51b2a,b3362d9604322a0c,a65eb91a39ef4179,30,15,7,8,0.5,23,16.0,16,0,30,504,7910,17708,0.047950910975487204,0,0,,0.09472985400134348,24,ALL_RESOLVED
final_v2,astar,map3,80,e807fcfc735986e9,e02d0416b7d51b2a,b3362d9604322a0c,a65eb91a39ef4179,30,16,9,5,0.5333333333333333,24,16.5,16.5,0,28,530,28287,38565,0.16125203805495403,0,0,,0.20962792199861724,24,ALL_RESOLVED
final_v2,bfs,map3,81,e807fcfc735986e9,e02d0416b7d51b2a,b3362d9604322a0c,a65eb91a39ef4179,30,30,0,0,1.0,38,23.433333333333334,23.5,0,143,703,75256,84372,0.22936680396742304,0,0,,0.3065115509998577,38,ALL_RESOLVED
final_v2,ucs,map3,81,e807fcfc735986e9,e02d0416b7d51b2a,b3362d9604322a0c,a65eb91a39ef4179,30,30,0,0,1.0,38,23.433333333333334,23.5,0,127,703,115361,127110,0.6005115029729495,0,0,,0.6792856389984081,38,ALL_RESOLVED
final_v2,greedy,map3,81,e807fcfc735986e9,e02d0416b7d51b2a,b3362d9604322a0c,a65eb91a39ef4179,30,30,0,0,1.0,38,23.433333333333334,23.5,0,143,703,7289,16952,0.04421946798902354,0,0,,0.11853735100157792,38,ALL_RESOLVED
final_v2,astar,map3,81,e807fcfc735986e9,e02d0416b7d51b2a,b3362d9604322a0c,a65eb91a39ef4179,30,30,0,0,1.0,38,23.433333333333334,23.5,0,131,703,27879,41033,0.16176815301878378,0,0,,0.23567260900017573,38,ALL_RESOLVED
final_v2,ga,map3,71,e807fcfc735986e9,e02d0416b7d51b2a,b3362d9604322a0c,a65eb91a39ef4179,30,30,0,0,1.0,39,24.233333333333334,24.5,5,130,727,0,135438,11.865309373992204,5523,135438,0.25,12.001341113998933,39,ALL_RESOLVED
final_v2,bfs,map3,82,e807fcfc735986e9,e02d0416b7d51b2a,b3362d9604322a0c,a65eb91a39ef4179,30,20,4,6,0.6666666666666666,28,18.5,18.5,0,70,638,93489,104005,0.286417053979676,0,0,,0.34567622499889694,28,ALL_RESOLVED
final_v2,ucs,map3,82,e807fcfc735986e9,e02d0416b7d51b2a,b3362d9604322a0c,a65eb91a39ef4179,30,19,4,7,0.6333333333333333,28,18.526315789473685,19,0,55,644,139267,148671,0.720543744009774,0,0,,0.782896491997235,28,ALL_RESOLVED
final_v2,ga,map3,73,e807fcfc735986e9,e02d0416b7d51b2a,b3362d9604322a0c,a65eb91a39ef4179,30,29,1,0,0.9666666666666667,37,22.03448275862069,22,3,99,645,0,123003,10.811811774969101,5040,123003,0.25,10.936606854000274,37,ALL_RESOLVED
final_v2,greedy,map3,82,e807fcfc735986e9,e02d0416b7d51b2a,b3362d9604322a0c,a65eb91a39ef4179,30,20,4,6,0.6666666666666666,28,18.5,18.5,0,68,638,7777,19294,0.04882784902656567,0,0,,0.10406499500095379,28,ALL_RESOLVED
final_v2,astar,map3,82,e807fcfc735986e9,e02d0416b7d51b2a,b3362d9604322a0c,a65eb91a39ef4179,30,19,6,5,0.6333333333333333,28,18.526315789473685,19,0,50,604,27695,41543,0.16241842703311704,0,0,,0.21774312299749,28,ALL_RESOLVED
final_v2,bfs,map3,83,e807fcfc735986e9,e02d0416b7d51b2a,b3362d9604322a0c,a65eb91a39ef4179,30,16,6,8,0.5333333333333333,26,18.5,18.5,0,63,622,101275,112639,0.30928542394394754,0,0,,0.3657948740001302,26,ALL_RESOLVED
final_v2,ga,map3,77,e807fcfc735986e9,e02d0416b7d51b2a,b3362d9604322a0c,a65eb91a39ef4179,30,11,12,7,0.36666666666666664,28,15.818181818181818,15,15,36,586,0,120816,6.898752236011205,5070,120816,0.25,6.971028250998643,28,ALL_RESOLVED
final_v2,greedy,map3,83,e807fcfc735986e9,e02d0416b7d51b2a,b3362d9604322a0c,a65eb91a39ef4179,30,16,5,9,0.5333333333333333,26,18.5,18.5,0,64,652,9580,22322,0.03678879097424215,0,0,,0.06949929899928975,26,ALL_RESOLVED
final_v2,astar,map3,83,e807fcfc735986e9,e02d0416b7d51b2a,b3362d9604322a0c,a65eb91a39ef4179,30,16,6,8,0.5333333333333333,26,18.5,18.5,0,27,606,30455,44462,0.10348950399202295,0,0,,0.1346150770004897,26,ALL_RESOLVED
final_v2,ga,map3,74,e807fcfc735986e9,e02d0416b7d51b2a,b3362d9604322a0c,a65eb91a39ef4179,30,30,0,0,1.0,37,22.5,22.5,5,119,675,0,123425,10.710022586983541,4994,123425,0.25,10.836187052998866,37,ALL_RESOLVED
final_v2,ucs,map3,83,e807fcfc735986e9,e02d0416b7d51b2a,b3362d9604322a0c,a65eb91a39ef4179,30,16,6,8,0.5333333333333333,26,18.5,18.5,0,20,606,135261,145947,0.701667030036333,0,0,,0.7601387329996214,26,ALL_RESOLVED
final_v2,bfs,map3,84,e807fcfc735986e9,e02d0416b7d51b2a,b3362d9604322a0c,a65eb91a39ef4179,30,30,0,0,1.0,38,23.5,23.5,0,180,705,76601,86612,0.23644621102357632,0,0,,0.31269345399778103,38,ALL_RESOLVED
final_v2,greedy,map3,84,e807fcfc735986e9,e02d0416b7d51b2a,b3362d9604322a0c,a65eb91a39ef4179,30,30,0,0,1.0,38,23.5,23.5,0,180,705,6765,16917,0.043297345993778436,0,0,,0.11646330099756597,38,ALL_RESOLVED
final_v2,ucs,map3,84,e807fcfc735986e9,e02d0416b7d51b2a,b3362d9604322a0c,a65eb91a39ef4179,30,30,0,0,1.0,38,23.5,23.5,0,136,705,129070,140288,0.670909439031675,0,0,,0.7503117350024695,38,ALL_RESOLVED
final_v2,astar,map3,84,e807fcfc735986e9,e02d0416b7d51b2a,b3362d9604322a0c,a65eb91a39ef4179,30,30,0,0,1.0,38,23.5,23.5,0,138,705,34718,50004,0.20199796101951506,0,0,,0.2769916100005503,38,ALL_RESOLVED
final_v2,bfs,map3,85,e807fcfc735986e9,e02d0416b7d51b2a,b3362d9604322a0c,a65eb91a39ef4179,30,30,0,0,1.0,39,24.4,24.5,0,161,732,87966,99590,0.26953379497354035,0,0,,0.349381877000269,39,ALL_RESOLVED
final_v2,ga,map3,79,e807fcfc735986e9,e02d0416b7d51b2a,b3362d9604322a0c,a65eb91a39ef4179,30,27,3,0,0.9,41,23.962962962962962,24,5,60,675,0,129648,7.218643911011895,5338,129648,0.25,7.31081426899982,41,ALL_RESOLVED
final_v2,greedy,map3,85,e807fcfc735986e9,e02d0416b7d51b2a,b3362d9604322a0c,a65eb91a39ef4179,30,30,0,0,1.0,39,24.4,24.5,0,161,732,7537,18630,0.02913859998807311,0,0,,0.07455018499967991,39,ALL_RESOLVED
final_v2,ga,map3,76,e807fcfc735986e9,e02d0416b7d51b2a,b3362d9604322a0c,a65eb91a39ef4179,30,21,8,1,0.7,28,18.0,18,5,56,572,0,110130,9.882343163004407,4532,110130,0.25,9.988430778001202,28,ALL_RESOLVED
final_v2,astar,map3,85,e807fcfc735986e9,e02d0416b7d51b2a,b3362d9604322a0c,a65eb91a39ef4179,30,30,0,0,1.0,39,24.4,24.5,0,123,732,28414,43525,0.1012796289905964,0,0,,0.14774655899964273,39,ALL_RESOLVED
final_v2,bfs,map3,86,e807fcfc735986e9,e02d0416b7d51b2a,b3362d9604322a0c,a65eb91a39ef4179,30,30,0,0,1.0,40,25.3,25.5,0,137,759,104866,117110,0.21119732390070567,0,0,,0.2646557860025496,40,ALL_RESOLVED
final_v2,ucs,map3,85,e807fcfc735986e9,e02d0416b7d51b2a,b3362d9604322a0c,a65eb91a39ef4179,30,30,0,0,1.0,39,24.4,24.5,0,121,732,135208,147980,0.7023626449954463,0,0,,0.7848634350011707,39,ALL_RESOLVED
final_v2,greedy,map3,86,e807fcfc735986e9,e02d0416b7d51b2a,b3362d9604322a0c,a65eb91a39ef4179,30,30,0,0,1.0,40,25.3,25.5,0,137,759,8755,21215,0.05441883400635561,0,0,,0.13124864600104047,40,ALL_RESOLVED
final_v2,astar,map3,86,e807fcfc735986e9,e02d0416b7d51b2a,b3362d9604322a0c,a65eb91a39ef4179,30,30,0,0,1.0,40,25.3,25.5,0,89,759,30369,46746,0.17839078600445646,0,0,,0.2557461910000711,40,ALL_RESOLVED
final_v2,ucs,map3,86,e807fcfc735986e9,e02d0416b7d51b2a,b3362d9604322a0c,a65eb91a39ef4179,30,30,0,0,1.0,40,25.3,25.5,0,89,759,147816,160996,0.48894508293960826,0,0,,0.5434306309980457,40,ALL_RESOLVED
final_v2,bfs,map3,87,e807fcfc735986e9,e02d0416b7d51b2a,b3362d9604322a0c,a65eb91a39ef4179,30,28,2,0,0.9333333333333333,38,23.964285714285715,24.5,0,74,685,101696,112026,0.19893491498805815,0,0,,0.24799754199921153,38,ALL_RESOLVED
final_v2,ga,map3,75,e807fcfc735986e9,e02d0416b7d51b2a,b3362d9604322a0c,a65eb91a39ef4179,30,30,0,0,1.0,39,24.333333333333332,24.5,5,83,730,0,140105,12.48079738899105,5752,140105,0.25,12.61571122299938,39,ALL_RESOLVED
final_v2,ucs,map3,87,e807fcfc735986e9,e02d0416b7d51b2a,b3362d9604322a0c,a65eb91a39ef4179,30,28,2,0,0.9333333333333333,39,24.642857142857142,25.5,0,63,704,131443,143279,0.43553157098358497,0,0,,0.4863800560015079,39,ALL_RESOLVED
final_v2,greedy,map3,87,e807fcfc735986e9,e02d0416b7d51b2a,b3362d9604322a0c,a65eb91a39ef4179,30,28,2,0,0.9333333333333333,38,23.964285714285715,24.5,0,74,685,8586,20313,0.053027301968540996,0,0,,0.12235004099784419,38,ALL_RESOLVED
final_v2,astar,map3,87,e807fcfc735986e9,e02d0416b7d51b2a,b3362d9604322a0c,a65eb91a39ef4179,30,28,2,0,0.9333333333333333,39,24.642857142857142,25.5,0,63,704,27597,42514,0.09660863897079253,0,0,,0.1416464130015811,39,ALL_RESOLVED
final_v2,bfs,map3,88,e807fcfc735986e9,e02d0416b7d51b2a,b3362d9604322a0c,a65eb91a39ef4179,30,13,8,9,0.43333333333333335,22,14.615384615384615,14,0,25,506,81048,90176,0.15738613998473738,0,0,,0.18604628200046136,22,ALL_RESOLVED
final_v2,ucs,map3,88,e807fcfc735986e9,e02d0416b7d51b2a,b3362d9604322a0c,a65eb91a39ef4179,30,13,8,9,0.43333333333333335,22,14.615384615384615,14,0,21,506,111043,119701,0.36170588299501105,0,0,,0.3946753730015189,22,ALL_RESOLVED
final_v2,greedy,map3,88,e807fcfc735986e9,e02d0416b7d51b2a,b3362d9604322a0c,a65eb91a39ef4179,30,13,10,7,0.43333333333333335,22,14.615384615384615,14,0,25,502,6879,16319,0.025764259007701185,0,0,,0.05220825399737805,22,ALL_RESOLVED
final_v2,astar,map3,88,e807fcfc735986e9,e02d0416b7d51b2a,b3362d9604322a0c,a65eb91a39ef4179,30,13,9,8,0.43333333333333335,22,14.615384615384615,14,0,21,504,22560,33460,0.07897912900807569,0,0,,0.10589290800271556,22,ALL_RESOLVED
final_v2,ga,map3,78,e807fcfc735986e9,e02d0416b7d51b2a,b3362d9604322a0c,a65eb91a39ef4179,30,26,3,1,0.8666666666666667,36,23.03846153846154,23.5,6,72,649,0,125112,11.282586729023024,5146,125112,0.25,11.408002018000843,36,ALL_RESOLVED
final_v2,bfs,map3,89,e807fcfc735986e9,e02d0416b7d51b2a,b3362d9604322a0c,a65eb91a39ef4179,30,30,0,0,1.0,38,23.433333333333334,23.5,0,113,703,85030,94808,0.2603715050063329,0,0,,0.33387443899846403,38,ALL_RESOLVED
final_v2,ucs,map3,89,e807fcfc735986e9,e02d0416b7d51b2a,b3362d9604322a0c,a65eb91a39ef4179,30,30,0,0,1.0,38,23.433333333333334,23.5,0,85,703,118242,130163,0.6158155230223201,0,0,,0.6927718090009876,38,ALL_RESOLVED
final_v2,greedy,map3,89,e807fcfc735986e9,e02d0416b7d51b2a,b3362d9604322a0c,a65eb91a39ef4179,30,30,0,0,1.0,38,23.433333333333334,23.5,0,113,703,7642,18056,0.047086794998904224,0,0,,0.11765006700079539,38,ALL_RESOLVED
final_v2,astar,map3,89,e807fcfc735986e9,e02d0416b7d51b2a,b3362d9604322a0c,a65eb91a39ef4179,30,30,0,0,1.0,38,23.433333333333334,23.5,0,97,703,26937,40282,0.15740198201092426,0,0,,0.22959781200188445,38,ALL_RESOLVED
final_v2,ga,map3,83,e807fcfc735986e9,e02d0416b7d51b2a,b3362d9604322a0c,a65eb91a39ef4179,30,16,5,9,0.5333333333333333,26,18.5,18.5,6,59,634,0,121885,6.620613492963457,5029,121885,0.25,6.693841841999529,26,ALL_RESOLVED
final_v2,bfs,map3,90,e807fcfc735986e9,e02d0416b7d51b2a,b3362d9604322a0c,a65eb91a39ef4179,30,29,1,0,0.9666666666666667,36,22.0,22,0,112,644,71401,79823,0.13473089298713603,0,0,,0.17698529300105292,36,ALL_RESOLVED
final_v2,ucs,map3,90,e807fcfc735986e9,e02d0416b7d51b2a,b3362d9604322a0c,a65eb91a39ef4179,30,29,1,0,0.9666666666666667,36,22.0,22,0,84,644,103281,114059,0.33205583495873725,0,0,,0.37649217400030466,36,ALL_RESOLVED
final_v2,ga,map3,80,e807fcfc735986e9,e02d0416b7d51b2a,b3362d9604322a0c,a65eb91a39ef4179,30,13,7,10,0.43333333333333335,22,15.384615384615385,15,15,14,516,0,119168,11.528453853996325,5041,119168,0.25,11.628971390997322,24,ALL_RESOLVED
final_v2,greedy,map3,90,e807fcfc735986e9,e02d0416b7d51b2a,b3362d9604322a0c,a65eb91a39ef4179,30,29,1,0,0.9666666666666667,36,22.0,22,0,112,644,6599,15687,0.0243168609777058,0,0,,0.06290105500011123,36,ALL_RESOLVED
final_v2,astar,map3,90,e807fcfc735986e9,e02d0416b7d51b2a,b3362d9604322a0c,a65eb91a39ef4179,30,29,1,0,0.9666666666666667,36,22.0,22,0,88,644,23001,34582,0.13451516396162333,0,0,,0.20147702100075549,36,ALL_RESOLVED
final_v2,bfs,map3,91,e807fcfc735986e9,e02d0416b7d51b2a,b3362d9604322a0c,a65eb91a39ef4179,30,29,1,0,0.9666666666666667,36,22.0,22,0,123,644,71178,80285,0.2174643290345557,0,0,,0.2871566850008094,36,ALL_RESOLVED
final_v2,ucs,map3,91,e807fcfc735986e9,e02d0416b7d51b2a,b3362d9604322a0c,a65eb91a39ef4179,30,29,1,0,0.9666666666666667,36,22.0,22,0,87,644,112235,123223,0.5830693150091975,0,0,,0.6564987340025255,36,ALL_RESOLVED
final_v2,greedy,map3,91,e807fcfc735986e9,e02d0416b7d51b2a,b3362d9604322a0c,a65eb91a39ef4179,30,29,1,0,0.9666666666666667,36,22.0,22,0,123,644,6556,16046,0.04095845991469105,0,0,,0.10825607999868225,36,ALL_RESOLVED
final_v2,ga,map3,81,e807fcfc735986e9,e02d0416b7d51b2a,b3362d9604322a0c,a65eb91a39ef4179,30,30,0,0,1.0,38,23.433333333333334,23.5,6,133,703,0,130654,11.357301549011027,5305,130654,0.25,11.486936654000601,38,ALL_RESOLVED
final_v2,astar,map3,91,e807fcfc735986e9,e02d0416b7d51b2a,b3362d9604322a0c,a65eb91a39ef4179,30,29,1,0,0.9666666666666667,36,22.0,22,0,107,644,27063,40037,0.15659755597516778,0,0,,0.22556466400055797,36,ALL_RESOLVED
final_v2,ga,map3,82,e807fcfc735986e9,e02d0416b7d51b2a,b3362d9604322a0c,a65eb91a39ef4179,30,20,7,3,0.6666666666666666,28,18.5,18.5,5,40,594,0,113908,10.27222006705415,4686,113908,0.25,10.378282145997218,28,ALL_RESOLVED
final_v2,bfs,map3,92,e807fcfc735986e9,e02d0416b7d51b2a,b3362d9604322a0c,a65eb91a39ef4179,30,25,2,3,0.8333333333333334,32,20.0,20,0,59,660,94776,103149,0.2880651510313328,0,0,,0.35363531400071224,32,ALL_RESOLVED
final_v2,greedy,map3,92,e807fcfc735986e9,e02d0416b7d51b2a,b3362d9604322a0c,a65eb91a39ef4179,30,25,2,3,0.8333333333333334,32,20.0,20,0,59,660,9006,20303,0.05464661201040144,0,0,,0.11667149600179982,32,ALL_RESOLVED
final_v2,astar,map3,92,e807fcfc735986e9,e02d0416b7d51b2a,b3362d9604322a0c,a65eb91a39ef4179,30,25,3,2,0.8333333333333334,32,20.0,20,0,53,656,35019,48445,0.19944180900711217,0,0,,0.26377905199842644,32,ALL_RESOLVED
final_v2,ga,map3,88,e807fcfc735986e9,e02d0416b7d51b2a,b3362d9604322a0c,a65eb91a39ef4179,30,13,9,8,0.43333333333333335,22,14.615384615384615,14,6,19,500,0,95822,5.216032892039948,3955,95822,0.25,5.27551326899993,22,ALL_RESOLVED
final_v2,ucs,map3,92,e807fcfc735986e9,e02d0416b7d51b2a,b3362d9604322a0c,a65eb91a39ef4179,30,25,3,2,0.8333333333333334,32,20.0,20,0,51,656,127609,136850,0.6594774510049319,0,0,,0.7290754229979939,32,ALL_RESOLVED
final_v2,bfs,map3,93,e807fcfc735986e9,e02d0416b7d51b2a,b3362d9604322a0c,a65eb91a39ef4179,30,29,0,1,0.9666666666666667,36,22.0,22,0,107,668,85163,94865,0.1709174509596778,0,0,,0.21656101500047953,36,ALL_RESOLVED
final_v2,greedy,map3,93,e807fcfc735986e9,e02d0416b7d51b2a,b3362d9604322a0c,a65eb91a39ef4179,30,29,0,1,0.9666666666666667,36,22.0,22,0,103,668,7587,18609,0.02990183693327708,0,0,,0.07646266099982313,36,ALL_RESOLVED
final_v2,astar,map3,93,e807fcfc735986e9,e02d0416b7d51b2a,b3362d9604322a0c,a65eb91a39ef4179,30,28,1,1,0.9333333333333333,35,21.5,21.5,0,76,636,30536,44500,0.11651744698247057,0,0,,0.1606707059982,35,ALL_RESOLVED
final_v2,ucs,map3,93,e807fcfc735986e9,e02d0416b7d51b2a,b3362d9604322a0c,a65eb91a39ef4179,30,26,3,1,0.8666666666666667,33,20.5,20.5,0,69,639,122382,131702,0.6353601610098849,0,0,,0.7098411939987272,36,ALL_RESOLVED
final_v2,bfs,map3,94,e807fcfc735986e9,e02d0416b7d51b2a,b3362d9604322a0c,a65eb91a39ef4179,30,30,0,0,1.0,37,22.5,22.5,0,148,675,74401,84969,0.22905973997694673,0,0,,0.3037148360017454,37,ALL_RESOLVED
final_v2,ucs,map3,94,e807fcfc735986e9,e02d0416b7d51b2a,b3362d9604322a0c,a65eb91a39ef4179,30,30,0,0,1.0,37,22.5,22.5,0,110,675,121168,133046,0.6337936999443627,0,0,,0.7119956809983705,37,ALL_RESOLVED
final_v2,greedy,map3,94,e807fcfc735986e9,e02d0416b7d51b2a,b3362d9604322a0c,a65eb91a39ef4179,30,30,0,0,1.0,37,22.5,22.5,0,148,675,6548,16122,0.04096408597615664,0,0,,0.1125312699987262,37,ALL_RESOLVED
final_v2,astar,map3,94,e807fcfc735986e9,e02d0416b7d51b2a,b3362d9604322a0c,a65eb91a39ef4179,30,30,0,0,1.0,37,22.5,22.5,0,112,675,26718,39755,0.15626829496613936,0,0,,0.22816592999879504,37,ALL_RESOLVED
final_v2,ga,map3,84,e807fcfc735986e9,e02d0416b7d51b2a,b3362d9604322a0c,a65eb91a39ef4179,30,30,0,0,1.0,38,23.5,23.5,1,175,705,0,131259,11.175841002994275,5320,131259,0.25,11.305474200002209,38,ALL_RESOLVED
final_v2,bfs,map3,95,e807fcfc735986e9,e02d0416b7d51b2a,b3362d9604322a0c,a65eb91a39ef4179,30,30,0,0,1.0,39,24.5,24.5,0,150,735,85501,95398,0.26109852602530736,0,0,,0.3393171070019889,39,ALL_RESOLVED
final_v2,ga,map3,85,e807fcfc735986e9,e02d0416b7d51b2a,b3362d9604322a0c,a65eb91a39ef4179,30,30,0,0,1.0,39,24.4,24.5,8,141,732,0,138158,11.036025362049259,5628,138158,0.25,11.16260105299807,39,ALL_RESOLVED
final_v2,greedy,map3,95,e807fcfc735986e9,e02d0416b7d51b2a,b3362d9604322a0c,a65eb91a39ef4179,30,30,0,0,1.0,39,24.5,24.5,0,150,735,7696,18537,0.028474827980971895,0,0,,0.07721644599951105,39,ALL_RESOLVED
final_v2,astar,map3,95,e807fcfc735986e9,e02d0416b7d51b2a,b3362d9604322a0c,a65eb91a39ef4179,30,30,0,0,1.0,39,24.5,24.5,0,142,735,29696,45084,0.11283138700309792,0,0,,0.16140996200192603,39,ALL_RESOLVED
final_v2,ucs,map3,95,e807fcfc735986e9,e02d0416b7d51b2a,b3362d9604322a0c,a65eb91a39ef4179,30,30,0,0,1.0,39,24.5,24.5,0,142,735,135666,147826,0.7042216180125251,0,0,,0.786000715001137,39,ALL_RESOLVED
final_v2,bfs,map3,96,e807fcfc735986e9,e02d0416b7d51b2a,b3362d9604322a0c,a65eb91a39ef4179,30,24,6,0,0.8,32,20.5,20.5,0,45,604,89162,98016,0.2728395110425481,0,0,,0.334706705998542,32,ALL_RESOLVED
final_v2,ga,map3,90,e807fcfc735986e9,e02d0416b7d51b2a,b3362d9604322a0c,a65eb91a39ef4179,30,30,0,0,1.0,37,22.5,22.5,4,106,675,0,124959,6.65215062198331,5074,124959,0.25,6.739646941998217,37,ALL_RESOLVED
final_v2,greedy,map3,96,e807fcfc735986e9,e02d0416b7d51b2a,b3362d9604322a0c,a65eb91a39ef4179,30,24,6,0,0.8,32,20.5,20.5,0,40,600,7718,18842,0.028943107012310065,0,0,,0.06569219900120515,32,ALL_RESOLVED
final_v2,astar,map3,96,e807fcfc735986e9,e02d0416b7d51b2a,b3362d9604322a0c,a65eb91a39ef4179,30,23,6,1,0.7666666666666667,32,20.608695652173914,21,0,32,580,28090,40982,0.09978092200253741,0,0,,0.13723495900194393,32,ALL_RESOLVED
final_v2,ucs,map3,96,e807fcfc735986e9,e02d0416b7d51b2a,b3362d9604322a0c,a65eb91a39ef4179,30,23,6,1,0.7666666666666667,32,20.608695652173914,21,0,32,580,116606,125851,0.6043592590176559,0,0,,0.6693818019994069,32,ALL_RESOLVED
final_v2,bfs,map3,97,e807fcfc735986e9,e02d0416b7d51b2a,b3362d9604322a0c,a65eb91a39ef4179,30,27,3,0,0.9,37,23.88888888888889,24,0,127,669,89022,99480,0.27258083098058705,0,0,,0.34710405000078026,37,ALL_RESOLVED
final_v2,ga,map3,87,e807fcfc735986e9,e02d0416b7d51b2a,b3362d9604322a0c,a65eb91a39ef4179,30,26,4,0,0.8666666666666667,36,22.923076923076923,23.5,6,45,640,0,124810,11.229406230042514,5160,124810,0.25,11.35119324200059,36,ALL_RESOLVED
final_v2,ga,map3,86,e807fcfc735986e9,e02d0416b7d51b2a,b3362d9604322a0c,a65eb91a39ef4179,30,30,0,0,1.0,40,25.3,25.5,10,115,759,0,144869,12.302201768980012,5959,144869,0.25,12.442470719000994,40,ALL_RESOLVED
final_v2,greedy,map3,97,e807fcfc735986e9,e02d0416b7d51b2a,b3362d9604322a0c,a65eb91a39ef4179,30,27,3,0,0.9,37,23.88888888888889,24,0,127,669,7465,18416,0.04715359097463079,0,0,,0.11990671300009126,37,ALL_RESOLVED
final_v2,astar,map3,97,e807fcfc735986e9,e02d0416b7d51b2a,b3362d9604322a0c,a65eb91a39ef4179,30,27,3,0,0.9,37,23.88888888888889,24,0,78,675,30513,45509,0.1796150548980222,0,0,,0.2512978649974684,37,ALL_RESOLVED
final_v2,ucs,map3,97,e807fcfc735986e9,e02d0416b7d51b2a,b3362d9604322a0c,a65eb91a39ef4179,30,27,3,0,0.9,37,23.88888888888889,24,0,76,675,136458,147292,0.7075903179829766,0,0,,0.7849024900024233,37,ALL_RESOLVED
final_v2,bfs,map3,98,e807fcfc735986e9,e02d0416b7d51b2a,b3362d9604322a0c,a65eb91a39ef4179,30,29,1,0,0.9666666666666667,41,26.517241379310345,27,0,143,781,114406,127538,0.34956759507986135,0,0,,0.43294810299994424,41,ALL_RESOLVED
final_v2,greedy,map3,98,e807fcfc735986e9,e02d0416b7d51b2a,b3362d9604322a0c,a65eb91a39ef4179,30,29,1,0,0.9666666666666667,41,26.517241379310345,27,0,139,781,9417,23024,0.05924692100234097,0,0,,0.13769984300233773,41,ALL_RESOLVED
final_v2,astar,map3,98,e807fcfc735986e9,e02d0416b7d51b2a,b3362d9604322a0c,a65eb91a39ef4179,30,27,3,0,0.9,39,25.48148148148148,26,0,87,722,29372,45127,0.17427744893939234,0,0,,0.2492683609998494,39,ALL_RESOLVED
final_v2,ucs,map3,98,e807fcfc735986e9,e02d0416b7d51b2a,b3362d9604322a0c,a65eb91a39ef4179,30,27,3,0,0.9,39,25.48148148148148,26,0,87,722,142637,154845,0.7417495339614106,0,0,,0.8232153499993728,39,ALL_RESOLVED
final_v2,bfs,map3,99,e807fcfc735986e9,e02d0416b7d51b2a,b3362d9604322a0c,a65eb91a39ef4179,30,29,1,0,0.9666666666666667,36,22.0,22,0,64,646,96973,106732,0.2954219069615647,0,0,,0.36603287699836073,36,ALL_RESOLVED
final_v2,ucs,map3,99,e807fcfc735986e9,e02d0416b7d51b2a,b3362d9604322a0c,a65eb91a39ef4179,30,28,2,0,0.9333333333333333,36,22.071428571428573,22.5,0,58,648,134624,144803,0.6979632159745961,0,0,,0.7721758870029589,36,ALL_RESOLVED
final_v2,greedy,map3,99,e807fcfc735986e9,e02d0416b7d51b2a,b3362d9604322a0c,a65eb91a39ef4179,30,29,1,0,0.9666666666666667,36,22.0,22,0,64,646,7743,18860,0.048603250965243205,0,0,,0.11584012000093935,36,ALL_RESOLVED
final_v2,ga,map3,89,e807fcfc735986e9,e02d0416b7d51b2a,b3362d9604322a0c,a65eb91a39ef4179,30,30,0,0,1.0,38,23.433333333333334,23.5,6,97,703,0,131407,11.728756909898948,5366,131407,0.25,11.861231868999312,38,ALL_RESOLVED
final_v2,astar,map3,99,e807fcfc735986e9,e02d0416b7d51b2a,b3362d9604322a0c,a65eb91a39ef4179,30,28,2,0,0.9333333333333333,36,22.071428571428573,22.5,0,58,648,30584,45245,0.17923656995844794,0,0,,0.2499902950003161,36,ALL_RESOLVED
final_v2,bfs,map3,100,e807fcfc735986e9,e02d0416b7d51b2a,b3362d9604322a0c,a65eb91a39ef4179,30,15,6,9,0.5,22,15.0,15,0,30,525,82296,90572,0.25119698994603823,0,0,,0.2980159899998398,22,ALL_RESOLVED
final_v2,ucs,map3,100,e807fcfc735986e9,e02d0416b7d51b2a,b3362d9604322a0c,a65eb91a39ef4179,30,15,6,9,0.5,22,15.0,15,0,19,521,110320,118794,0.5720124350009428,0,0,,0.6215318379981909,22,ALL_RESOLVED
final_v2,greedy,map3,100,e807fcfc735986e9,e02d0416b7d51b2a,b3362d9604322a0c,a65eb91a39ef4179,30,15,6,9,0.5,22,15.0,15,0,30,525,7070,16504,0.043763457015302265,0,0,,0.08742797200102359,22,ALL_RESOLVED
final_v2,astar,map3,100,e807fcfc735986e9,e02d0416b7d51b2a,b3362d9604322a0c,a65eb91a39ef4179,30,15,6,9,0.5,22,15.0,15,0,19,521,25661,36866,0.14845923603206757,0,0,,0.19293611199827865,22,ALL_RESOLVED
final_v2,ga,map3,91,e807fcfc735986e9,e02d0416b7d51b2a,b3362d9604322a0c,a65eb91a39ef4179,30,30,0,0,1.0,37,22.5,22.5,5,120,675,0,124978,10.90695400696859,5096,124978,0.25,11.035587607999332,37,ALL_RESOLVED
final_v2,bfs,map3,101,e807fcfc735986e9,e02d0416b7d51b2a,b3362d9604322a0c,a65eb91a39ef4179,30,10,7,13,0.3333333333333333,24,15.0,13.5,0,15,528,109445,119505,0.3333001369755948,0,0,,0.38254245200005244,24,ALL_RESOLVED
final_v2,ga,map3,96,e807fcfc735986e9,e02d0416b7d51b2a,b3362d9604322a0c,a65eb91a39ef4179,30,19,8,3,0.6333333333333333,28,18.473684210526315,18,8,18,583,0,112663,6.250460447001387,4656,112663,0.25,6.324412803998712,32,ALL_RESOLVED
final_v2,greedy,map3,101,e807fcfc735986e9,e02d0416b7d51b2a,b3362d9604322a0c,a65eb91a39ef4179,30,10,7,13,0.3333333333333333,24,15.0,13.5,0,15,528,9546,21896,0.03686962802748894,0,0,,0.065367929997592,24,ALL_RESOLVED
final_v2,astar,map3,101,e807fcfc735986e9,e02d0416b7d51b2a,b3362d9604322a0c,a65eb91a39ef4179,30,11,8,11,0.36666666666666664,24,15.454545454545455,14,0,9,524,30172,42608,0.10655162100010784,0,0,,0.13544155500130728,24,ALL_RESOLVED
final_v2,ucs,map3,101,e807fcfc735986e9,e02d0416b7d51b2a,b3362d9604322a0c,a65eb91a39ef4179,30,11,8,11,0.36666666666666664,24,15.454545454545455,14,0,9,524,129061,137503,0.6735180239920737,0,0,,0.7253246940017561,24,ALL_RESOLVED
final_v2,bfs,map3,102,e807fcfc735986e9,e02d0416b7d51b2a,b3362d9604322a0c,a65eb91a39ef4179,30,27,3,0,0.9,37,23.962962962962962,24,0,140,677,84581,94528,0.2582107490270573,0,0,,0.33192901800066466,37,ALL_RESOLVED
final_v2,ga,map3,93,e807fcfc735986e9,e02d0416b7d51b2a,b3362d9604322a0c,a65eb91a39ef4179,30,29,1,0,0.9666666666666667,36,22.0,22,4,105,674,0,128141,11.263432066007226,5245,128141,0.25,11.390927053998894,36,ALL_RESOLVED
final_v2,ga,map3,92,e807fcfc735986e9,e02d0416b7d51b2a,b3362d9604322a0c,a65eb91a39ef4179,30,21,1,8,0.7,32,18.523809523809526,18,22,34,671,0,148166,12.013281803010614,6225,148166,0.25,12.12421256900052,32,ALL_RESOLVED
final_v2,greedy,map3,102,e807fcfc735986e9,e02d0416b7d51b2a,b3362d9604322a0c,a65eb91a39ef4179,30,27,3,0,0.9,37,23.962962962962962,24,0,140,677,7230,17846,0.04556689502351219,0,0,,0.11650807800106122,37,ALL_RESOLVED
final_v2,astar,map3,102,e807fcfc735986e9,e02d0416b7d51b2a,b3362d9604322a0c,a65eb91a39ef4179,30,28,2,0,0.9333333333333333,38,24.464285714285715,24.5,0,120,713,28490,43094,0.11265638495387975,0,0,,0.16090651400008937,38,ALL_RESOLVED
final_v2,ucs,map3,102,e807fcfc735986e9,e02d0416b7d51b2a,b3362d9604322a0c,a65eb91a39ef4179,30,28,2,0,0.9333333333333333,38,24.464285714285715,24.5,0,122,713,129280,140540,0.6776312789988879,0,0,,0.7565105909998238,38,ALL_RESOLVED
final_v2,bfs,map3,103,e807fcfc735986e9,e02d0416b7d51b2a,b3362d9604322a0c,a65eb91a39ef4179,30,29,1,0,0.9666666666666667,38,24.0,24,0,121,702,90505,101749,0.18017269497431698,0,0,,0.23108829999910085,38,ALL_RESOLVED
final_v2,ga,map3,95,e807fcfc735986e9,e02d0416b7d51b2a,b3362d9604322a0c,a65eb91a39ef4179,30,30,0,0,1.0,39,24.5,24.5,5,131,735,0,137981,9.010348407002311,5626,137981,0.25,9.127059635000478,39,ALL_RESOLVED
final_v2,greedy,map3,103,e807fcfc735986e9,e02d0416b7d51b2a,b3362d9604322a0c,a65eb91a39ef4179,30,29,1,0,0.9666666666666667,38,24.0,24,0,121,702,7686,19226,0.030690621988469502,0,0,,0.07621392700093566,38,ALL_RESOLVED
final_v2,astar,map3,103,e807fcfc735986e9,e02d0416b7d51b2a,b3362d9604322a0c,a65eb91a39ef4179,30,27,3,0,0.9,36,23.0,23,0,97,647,26676,41207,0.15885271500155795,0,0,,0.2290074749980704,36,ALL_RESOLVED
final_v2,ucs,map3,103,e807fcfc735986e9,e02d0416b7d51b2a,b3362d9604322a0c,a65eb91a39ef4179,30,27,3,0,0.9,36,23.0,23,0,97,647,122666,133067,0.6407203490198299,0,0,,0.7150255679989641,36,ALL_RESOLVED
final_v2,bfs,map3,104,e807fcfc735986e9,e02d0416b7d51b2a,b3362d9604322a0c,a65eb91a39ef4179,30,26,4,0,0.8666666666666667,36,23.26923076923077,23.5,0,85,707,106266,117310,0.3274546399334213,0,0,,0.4001105860006646,36,ALL_RESOLVED
final_v2,ga,map3,94,e807fcfc735986e9,e02d0416b7d51b2a,b3362d9604322a0c,a65eb91a39ef4179,30,30,0,0,1.0,37,22.5,22.5,2,140,675,0,126607,10.927649195986305,5149,126607,0.25,11.057843933002005,37,ALL_RESOLVED
final_v2,greedy,map3,104,e807fcfc735986e9,e02d0416b7d51b2a,b3362d9604322a0c,a65eb91a39ef4179,30,26,4,0,0.8666666666666667,36,23.26923076923077,23.5,0,85,707,8662,21055,0.05481293090633699,0,0,,0.12362778499664273,36,ALL_RESOLVED
final_v2,astar,map3,104,e807fcfc735986e9,e02d0416b7d51b2a,b3362d9604322a0c,a65eb91a39ef4179,30,26,4,0,0.8666666666666667,36,23.26923076923077,23.5,0,67,707,31715,47426,0.18600647202401888,0,0,,0.25548096500278916,36,ALL_RESOLVED
final_v2,ucs,map3,104,e807fcfc735986e9,e02d0416b7d51b2a,b3362d9604322a0c,a65eb91a39ef4179,30,26,4,0,0.8666666666666667,36,23.26923076923077,23.5,0,65,707,144221,156356,0.7528763229602191,0,0,,0.8289285330029088,36,ALL_RESOLVED
final_v2,bfs,map3,105,e807fcfc735986e9,e02d0416b7d51b2a,b3362d9604322a0c,a65eb91a39ef4179,30,27,3,0,0.9,34,21.0,21,0,96,649,78949,87231,0.24280395398454857,0,0,,0.3114247189987509,34,ALL_RESOLVED
final_v2,greedy,map3,105,e807fcfc735986e9,e02d0416b7d51b2a,b3362d9604322a0c,a65eb91a39ef4179,30,27,3,0,0.9,34,21.0,21,0,96,649,7364,17120,0.045477702042262536,0,0,,0.11124317600115319,34,ALL_RESOLVED
final_v2,astar,map3,105,e807fcfc735986e9,e02d0416b7d51b2a,b3362d9604322a0c,a65eb91a39ef4179,30,27,3,0,0.9,34,21.0,21,0,65,627,31311,43909,0.17957918209503987,0,0,,0.24611821800135658,34,ALL_RESOLVED
final_v2,ucs,map3,105,e807fcfc735986e9,e02d0416b7d51b2a,b3362d9604322a0c,a65eb91a39ef4179,30,27,2,1,0.9,34,21.0,21,0,69,649,116908,126319,0.6090351580205606,0,0,,0.6808308719992056,34,ALL_RESOLVED
final_v2,bfs,map3,106,e807fcfc735986e9,e02d0416b7d51b2a,b3362d9604322a0c,a65eb91a39ef4179,30,30,0,0,1.0,40,25.366666666666667,25.5,0,176,761,93140,105156,0.28542035097416374,0,0,,0.3690254540015303,40,ALL_RESOLVED
final_v2,ucs,map3,106,e807fcfc735986e9,e02d0416b7d51b2a,b3362d9604322a0c,a65eb91a39ef4179,30,30,0,0,1.0,41,25.4,25.5,0,103,762,140057,153190,0.7318001419771463,0,0,,0.8168958889982605,41,ALL_RESOLVED
final_v2,greedy,map3,106,e807fcfc735986e9,e02d0416b7d51b2a,b3362d9604322a0c,a65eb91a39ef4179,30,30,0,0,1.0,40,25.366666666666667,25.5,0,176,761,7891,19893,0.04925577999165398,0,0,,0.12629235299755237,40,ALL_RESOLVED
final_v2,astar,map3,106,e807fcfc735986e9,e02d0416b7d51b2a,b3362d9604322a0c,a65eb91a39ef4179,30,30,0,0,1.0,40,25.366666666666667,25.5,0,140,761,29179,44815,0.17296377095772186,0,0,,0.250212997001654,40,ALL_RESOLVED
final_v2,ga,map3,97,e807fcfc735986e9,e02d0416b7d51b2a,b3362d9604322a0c,a65eb91a39ef4179,30,29,1,0,0.9666666666666667,39,24.896551724137932,25,3,128,736,0,138518,12.289816253989557,5656,138518,0.25,12.426139549999789,39,ALL_RESOLVED
final_v2,bfs,map3,107,e807fcfc735986e9,e02d0416b7d51b2a,b3362d9604322a0c,a65eb91a39ef4179,30,29,1,0,0.9666666666666667,36,22.0,22,0,153,642,58938,67535,0.1806182039435953,0,0,,0.25033214799987036,36,ALL_RESOLVED
final_v2,ga,map3,101,e807fcfc735986e9,e02d0416b7d51b2a,b3362d9604322a0c,a65eb91a39ef4179,30,9,8,13,0.3,20,13.444444444444445,13,9,23,537,0,121101,6.965173716977006,5134,121101,0.25,7.030781538000156,22,ALL_RESOLVED
final_v2,greedy,map3,107,e807fcfc735986e9,e02d0416b7d51b2a,b3362d9604322a0c,a65eb91a39ef4179,30,29,1,0,0.9666666666666667,36,22.0,22,0,153,642,5933,14677,0.021437867035274394,0,0,,0.061608944000909105,36,ALL_RESOLVED
final_v2,astar,map3,107,e807fcfc735986e9,e02d0416b7d51b2a,b3362d9604322a0c,a65eb91a39ef4179,30,29,1,0,0.9666666666666667,36,22.0,22,0,123,642,23769,35772,0.08590048401674721,0,0,,0.12773905399808427,36,ALL_RESOLVED
final_v2,ucs,map3,107,e807fcfc735986e9,e02d0416b7d51b2a,b3362d9604322a0c,a65eb91a39ef4179,30,29,1,0,0.9666666666666667,36,22.0,22,0,121,642,97507,107521,0.5061478890311264,0,0,,0.5793848869980138,36,ALL_RESOLVED
final_v2,bfs,map3,108,e807fcfc735986e9,e02d0416b7d51b2a,b3362d9604322a0c,a65eb91a39ef4179,30,16,8,6,0.5333333333333333,24,16.375,16.5,0,52,588,88743,99059,0.27357649797704653,0,0,,0.32785374900049646,24,ALL_RESOLVED
final_v2,ga,map3,100,e807fcfc735986e9,e02d0416b7d51b2a,b3362d9604322a0c,a65eb91a39ef4179,30,15,7,8,0.5,22,15.0,15,6,36,539,0,102790,9.35441104896745,4224,102790,0.25,9.444736093999381,22,ALL_RESOLVED
final_v2,greedy,map3,108,e807fcfc735986e9,e02d0416b7d51b2a,b3362d9604322a0c,a65eb91a39ef4179,30,16,12,2,0.5333333333333333,24,16.375,16.5,0,52,540,7189,16995,0.04572799296147423,0,0,,0.09529438000026857,24,ALL_RESOLVED
final_v2,ga,map3,99,e807fcfc735986e9,e02d0416b7d51b2a,b3362d9604322a0c,a65eb91a39ef4179,30,29,1,0,0.9666666666666667,36,22.0,22,8,39,648,0,123696,11.194666610921558,5092,123696,0.25,11.322029234001093,36,ALL_RESOLVED
final_v2,astar,map3,108,e807fcfc735986e9,e02d0416b7d51b2a,b3362d9604322a0c,a65eb91a39ef4179,30,16,11,3,0.5333333333333333,24,16.375,16.5,0,32,552,23157,34957,0.13239685500593623,0,0,,0.18101407200083486,24,ALL_RESOLVED
final_v2,ucs,map3,108,e807fcfc735986e9,e02d0416b7d51b2a,b3362d9604322a0c,a65eb91a39ef4179,30,16,9,5,0.5333333333333333,24,16.375,16.5,0,32,574,122849,132824,0.6506667959401966,0,0,,0.7103290609993564,24,ALL_RESOLVED
final_v2,ga,map3,98,e807fcfc735986e9,e02d0416b7d51b2a,b3362d9604322a0c,a65eb91a39ef4179,30,29,1,0,0.9666666666666667,41,26.517241379310345,27,4,114,779,0,150873,13.462992641947494,6213,150873,0.25,13.616150509002182,41,ALL_RESOLVED
final_v2,bfs,map3,109,e807fcfc735986e9,e02d0416b7d51b2a,b3362d9604322a0c,a65eb91a39ef4179,30,16,8,6,0.5333333333333333,33,21.3125,20.5,0,11,589,111013,120805,0.34208444408432115,0,0,,0.40555342299921904,34,ALL_RESOLVED
final_v2,greedy,map3,109,e807fcfc735986e9,e02d0416b7d51b2a,b3362d9604322a0c,a65eb91a39ef4179,30,17,8,5,0.5666666666666667,33,21.41176470588235,21,0,14,596,10276,23386,0.06529595898246043,0,0,,0.12596634899819037,33,ALL_RESOLVED
final_v2,astar,map3,109,e807fcfc735986e9,e02d0416b7d51b2a,b3362d9604322a0c,a65eb91a39ef4179,30,17,7,6,0.5666666666666667,33,21.88235294117647,21,0,8,602,29161,42978,0.17190413695789175,0,0,,0.23268067400204018,34,ALL_RESOLVED
final_v2,ucs,map3,109,e807fcfc735986e9,e02d0416b7d51b2a,b3362d9604322a0c,a65eb91a39ef4179,30,17,7,6,0.5666666666666667,33,21.88235294117647,21,0,8,602,133731,142668,0.6956880379912036,0,0,,0.7626519879995612,34,ALL_RESOLVED
final_v2,ga,map3,103,e807fcfc735986e9,e02d0416b7d51b2a,b3362d9604322a0c,a65eb91a39ef4179,30,30,0,0,1.0,39,24.5,24.5,6,133,735,0,139219,8.08097936503691,5685,139219,0.25,8.186030160002701,39,ALL_RESOLVED
final_v2,bfs,map3,110,e807fcfc735986e9,e02d0416b7d51b2a,b3362d9604322a0c,a65eb91a39ef4179,30,22,4,4,0.7333333333333333,30,19.5,19.5,0,33,645,101667,110578,0.3127811889644363,0,0,,0.376522393002233,30,ALL_RESOLVED
final_v2,greedy,map3,110,e807fcfc735986e9,e02d0416b7d51b2a,b3362d9604322a0c,a65eb91a39ef4179,30,22,4,4,0.7333333333333333,30,19.5,19.5,0,33,645,9228,21223,0.05430251198049518,0,0,,0.10990494500219938,30,ALL_RESOLVED
final_v2,astar,map3,110,e807fcfc735986e9,e02d0416b7d51b2a,b3362d9604322a0c,a65eb91a39ef4179,30,21,5,4,0.7,30,19.571428571428573,20,0,37,651,31178,44388,0.1833247959984874,0,0,,0.24837395299982745,30,ALL_RESOLVED
final_v2,ucs,map3,110,e807fcfc735986e9,e02d0416b7d51b2a,b3362d9604322a0c,a65eb91a39ef4179,30,21,5,4,0.7,30,19.571428571428573,20,0,37,651,129191,138648,0.6841603869906976,0,0,,0.7571931689999474,30,ALL_RESOLVED
final_v2,bfs,map3,111,e807fcfc735986e9,e02d0416b7d51b2a,b3362d9604322a0c,a65eb91a39ef4179,30,30,0,0,1.0,38,23.5,23.5,0,163,705,71006,81109,0.1880898909876123,0,0,,0.23742939299700083,38,ALL_RESOLVED
final_v2,greedy,map3,111,e807fcfc735986e9,e02d0416b7d51b2a,b3362d9604322a0c,a65eb91a39ef4179,30,30,0,0,1.0,38,23.5,23.5,0,163,705,6777,16874,0.042946450936142355,0,0,,0.11318516000028467,38,ALL_RESOLVED
final_v2,astar,map3,111,e807fcfc735986e9,e02d0416b7d51b2a,b3362d9604322a0c,a65eb91a39ef4179,30,30,0,0,1.0,38,23.5,23.5,0,131,705,24006,37296,0.1287184949615039,0,0,,0.1880419709996204,38,ALL_RESOLVED
final_v2,ucs,map3,111,e807fcfc735986e9,e02d0416b7d51b2a,b3362d9604322a0c,a65eb91a39ef4179,30,30,0,0,1.0,38,23.5,23.5,0,131,705,112302,124100,0.5883020279434277,0,0,,0.6664057380003214,38,ALL_RESOLVED
final_v2,bfs,map3,112,e807fcfc735986e9,e02d0416b7d51b2a,b3362d9604322a0c,a65eb91a39ef4179,30,21,4,5,0.7,28,18.0,18,0,26,608,98334,108531,0.301767290027783,0,0,,0.3606079450000834,28,ALL_RESOLVED
final_v2,ucs,map3,112,e807fcfc735986e9,e02d0416b7d51b2a,b3362d9604322a0c,a65eb91a39ef4179,30,21,3,6,0.7,28,18.0,18,0,22,616,133152,142442,0.6886508689167385,0,0,,0.7502251769983559,28,ALL_RESOLVED
final_v2,greedy,map3,112,e807fcfc735986e9,e02d0416b7d51b2a,b3362d9604322a0c,a65eb91a39ef4179,30,21,7,2,0.7,28,18.0,18,0,15,564,8557,19889,0.05259051700704731,0,0,,0.1048644999973476,28,ALL_RESOLVED
final_v2,astar,map3,112,e807fcfc735986e9,e02d0416b7d51b2a,b3362d9604322a0c,a65eb91a39ef4179,30,21,5,4,0.7,28,18.0,18,0,22,598,29426,42875,0.17092513101306395,0,0,,0.22610969400193426,28,ALL_RESOLVED
final_v2,ga,map3,105,e807fcfc735986e9,e02d0416b7d51b2a,b3362d9604322a0c,a65eb91a39ef4179,30,22,8,0,0.7333333333333333,32,18.636363636363637,18.5,3,53,560,0,108483,9.760875444982958,4474,108483,0.25,9.873476600998401,32,ALL_RESOLVED
final_v2,ga,map3,102,e807fcfc735986e9,e02d0416b7d51b2a,b3362d9604322a0c,a65eb91a39ef4179,30,29,1,0,0.9666666666666667,39,24.96551724137931,25,3,152,740,0,139651,12.15852830599033,5696,139651,0.25,12.29666501200336,39,ALL_RESOLVED
final_v2,bfs,map3,113,e807fcfc735986e9,e02d0416b7d51b2a,b3362d9604322a0c,a65eb91a39ef4179,30,25,5,0,0.8333333333333334,34,22.0,22,0,102,640,82807,92509,0.252506434051611,0,0,,0.32010950699987006,34,ALL_RESOLVED
final_v2,greedy,map3,113,e807fcfc735986e9,e02d0416b7d51b2a,b3362d9604322a0c,a65eb91a39ef4179,30,25,5,0,0.8333333333333334,34,22.0,22,0,102,630,7058,16983,0.04375710600288585,0,0,,0.10780177699780324,34,ALL_RESOLVED
final_v2,ucs,map3,113,e807fcfc735986e9,e02d0416b7d51b2a,b3362d9604322a0c,a65eb91a39ef4179,30,26,4,0,0.8666666666666667,35,22.5,22.5,0,65,643,122087,132558,0.6339165059835068,0,0,,0.7070184459989832,35,ALL_RESOLVED
final_v2,astar,map3,113,e807fcfc735986e9,e02d0416b7d51b2a,b3362d9604322a0c,a65eb91a39ef4179,30,26,4,0,0.8666666666666667,36,22.53846153846154,22.5,0,58,644,28085,41503,0.1630743539899413,0,0,,0.23111322700060555,36,ALL_RESOLVED
final_v2,bfs,map3,114,e807fcfc735986e9,e02d0416b7d51b2a,b3362d9604322a0c,a65eb91a39ef4179,30,30,0,0,1.0,40,25.2,25.5,0,173,756,84014,95214,0.25676831403688993,0,0,,0.33542124499945203,40,ALL_RESOLVED
final_v2,ga,map3,106,e807fcfc735986e9,e02d0416b7d51b2a,b3362d9604322a0c,a65eb91a39ef4179,30,30,0,0,1.0,40,25.366666666666667,25.5,9,139,761,0,145138,9.785438955943391,5933,145138,0.25,9.896273144997394,40,ALL_RESOLVED
final_v2,ucs,map3,114,e807fcfc735986e9,e02d0416b7d51b2a,b3362d9604322a0c,a65eb91a39ef4179,30,30,0,0,1.0,40,25.2,25.5,0,135,756,126088,139423,0.6526492460398003,0,0,,0.7346950949977327,40,ALL_RESOLVED
final_v2,greedy,map3,114,e807fcfc735986e9,e02d0416b7d51b2a,b3362d9604322a0c,a65eb91a39ef4179,30,30,0,0,1.0,40,25.2,25.5,0,173,756,7712,18636,0.028877984987047967,0,0,,0.07560279999961494,40,ALL_RESOLVED
final_v2,ga,map3,104,e807fcfc735986e9,e02d0416b7d51b2a,b3362d9604322a0c,a65eb91a39ef4179,30,25,4,1,0.8333333333333334,36,23.56,24,5,107,751,0,144756,12.94407099797536,5943,144756,0.25,13.078144750998035,36,ALL_RESOLVED
final_v2,astar,map3,114,e807fcfc735986e9,e02d0416b7d51b2a,b3362d9604322a0c,a65eb91a39ef4179,30,30,0,0,1.0,40,25.2,25.5,0,131,756,25751,39916,0.15125374105627998,0,0,,0.22779358600018895,40,ALL_RESOLVED
final_v2,bfs,map3,115,e807fcfc735986e9,e02d0416b7d51b2a,b3362d9604322a0c,a65eb91a39ef4179,30,26,4,0,0.8666666666666667,34,20.53846153846154,20.5,0,54,622,87416,96448,0.2665793260457576,0,0,,0.3326804779972008,34,ALL_RESOLVED
final_v2,greedy,map3,115,e807fcfc735986e9,e02d0416b7d51b2a,b3362d9604322a0c,a65eb91a39ef4179,30,26,4,0,0.8666666666666667,34,20.53846153846154,20.5,0,54,622,7884,18441,0.048113224998814985,0,0,,0.11083609500201419,34,ALL_RESOLVED
final_v2,astar,map3,115,e807fcfc735986e9,e02d0416b7d51b2a,b3362d9604322a0c,a65eb91a39ef4179,30,27,3,0,0.9,34,21.0,21,0,48,621,26034,37846,0.15055982499325182,0,0,,0.2149038150018896,34,ALL_RESOLVED
final_v2,ucs,map3,115,e807fcfc735986e9,e02d0416b7d51b2a,b3362d9604322a0c,a65eb91a39ef4179,30,27,3,0,0.9,34,21.0,21,0,48,621,116438,125928,0.6008181890210835,0,0,,0.670231453001179,34,ALL_RESOLVED
final_v2,ga,map3,107,e807fcfc735986e9,e02d0416b7d51b2a,b3362d9604322a0c,a65eb91a39ef4179,30,27,3,0,0.9,34,21.0,21,4,111,589,0,108260,9.102303859061067,4404,108260,0.25,9.21321495400116,34,ALL_RESOLVED
final_v2,bfs,map3,116,e807fcfc735986e9,e02d0416b7d51b2a,b3362d9604322a0c,a65eb91a39ef4179,30,30,0,0,1.0,37,22.5,22.5,0,110,675,87491,98161,0.2664251520218386,0,0,,0.3412054470027215,37,ALL_RESOLVED
final_v2,greedy,map3,116,e807fcfc735986e9,e02d0416b7d51b2a,b3362d9604322a0c,a65eb91a39ef4179,30,30,0,0,1.0,37,22.5,22.5,0,110,675,7323,18190,0.045474807993741706,0,0,,0.11631248800040339,37,ALL_RESOLVED
final_v2,astar,map3,116,e807fcfc735986e9,e02d0416b7d51b2a,b3362d9604322a0c,a65eb91a39ef4179,30,30,0,0,1.0,37,22.5,22.5,0,78,675,32161,47127,0.18603211902154726,0,0,,0.25807170999905793,37,ALL_RESOLVED
final_v2,ucs,map3,116,e807fcfc735986e9,e02d0416b7d51b2a,b3362d9604322a0c,a65eb91a39ef4179,30,30,0,0,1.0,37,22.5,22.5,0,78,675,135152,146277,0.7089888780865294,0,0,,0.7873749749996932,37,ALL_RESOLVED
final_v2,bfs,map3,117,e807fcfc735986e9,e02d0416b7d51b2a,b3362d9604322a0c,a65eb91a39ef4179,30,30,0,0,1.0,38,23.466666666666665,23.5,0,178,704,71758,81661,0.22404657206425327,0,0,,0.2987340050021885,38,ALL_RESOLVED
final_v2,ga,map3,108,e807fcfc735986e9,e02d0416b7d51b2a,b3362d9604322a0c,a65eb91a39ef4179,30,16,9,5,0.5333333333333333,24,16.375,16.5,0,45,562,0,107450,9.291979725978308,4423,107450,0.25,9.390318275000027,24,ALL_RESOLVED
final_v2,greedy,map3,117,e807fcfc735986e9,e02d0416b7d51b2a,b3362d9604322a0c,a65eb91a39ef4179,30,30,0,0,1.0,38,23.466666666666665,23.5,0,178,704,6529,16209,0.04046636098792078,0,0,,0.1109071530008805,38,ALL_RESOLVED
final_v2,ga,map3,111,e807fcfc735986e9,e02d0416b7d51b2a,b3362d9604322a0c,a65eb91a39ef4179,30,30,0,0,1.0,38,23.5,23.5,4,143,705,0,129856,7.317887063029048,5261,129856,0.25,7.410467009001877,38,ALL_RESOLVED
final_v2,ucs,map3,117,e807fcfc735986e9,e02d0416b7d51b2a,b3362d9604322a0c,a65eb91a39ef4179,30,30,0,0,1.0,38,23.466666666666665,23.5,0,156,704,117199,129326,0.615375932015013,0,0,,0.6931161489992519,38,ALL_RESOLVED
final_v2,astar,map3,117,e807fcfc735986e9,e02d0416b7d51b2a,b3362d9604322a0c,a65eb91a39ef4179,30,30,0,0,1.0,38,23.466666666666665,23.5,0,160,704,26342,39850,0.15436032502475427,0,0,,0.22667103400090127,38,ALL_RESOLVED
final_v2,bfs,map3,118,e807fcfc735986e9,e02d0416b7d51b2a,b3362d9604322a0c,a65eb91a39ef4179,30,27,3,0,0.9,35,21.962962962962962,22,0,71,623,87954,97541,0.2690213539972319,0,0,,0.3364721770012693,35,ALL_RESOLVED
final_v2,greedy,map3,118,e807fcfc735986e9,e02d0416b7d51b2a,b3362d9604322a0c,a65eb91a39ef4179,30,27,3,0,0.9,35,21.962962962962962,22,0,69,617,7304,18133,0.046104086002742406,0,0,,0.10989099799917312,35,ALL_RESOLVED
final_v2,astar,map3,118,e807fcfc735986e9,e02d0416b7d51b2a,b3362d9604322a0c,a65eb91a39ef4179,30,28,2,0,0.9333333333333333,36,22.464285714285715,22.5,0,59,647,28702,42899,0.17228844197961735,0,0,,0.24001267299900064,36,ALL_RESOLVED
final_v2,ucs,map3,118,e807fcfc735986e9,e02d0416b7d51b2a,b3362d9604322a0c,a65eb91a39ef4179,30,28,2,0,0.9333333333333333,36,22.464285714285715,22.5,0,59,647,127685,138349,0.6634576689648384,0,0,,0.7368594809995557,36,ALL_RESOLVED
final_v2,bfs,map3,119,e807fcfc735986e9,e02d0416b7d51b2a,b3362d9604322a0c,a65eb91a39ef4179,30,29,1,0,0.9666666666666667,37,23.0,23,0,108,673,83737,93652,0.25645240801168256,0,0,,0.3288821669993922,37,ALL_RESOLVED
final_v2,ucs,map3,119,e807fcfc735986e9,e02d0416b7d51b2a,b3362d9604322a0c,a65eb91a39ef4179,30,30,0,0,1.0,38,23.5,23.5,0,81,705,128766,140884,0.6689206700575596,0,0,,0.7463489929978095,38,ALL_RESOLVED
final_v2,greedy,map3,119,e807fcfc735986e9,e02d0416b7d51b2a,b3362d9604322a0c,a65eb91a39ef4179,30,29,1,0,0.9666666666666667,37,23.0,23,0,108,673,7286,17792,0.04550045705764205,0,0,,0.11425352700098301,37,ALL_RESOLVED
final_v2,ga,map3,112,e807fcfc735986e9,e02d0416b7d51b2a,b3362d9604322a0c,a65eb91a39ef4179,30,18,8,4,0.6,27,17.333333333333332,17.5,12,8,592,0,115674,7.883801030962786,4782,115674,0.25,7.962459791000583,28,ALL_RESOLVED
final_v2,astar,map3,119,e807fcfc735986e9,e02d0416b7d51b2a,b3362d9604322a0c,a65eb91a39ef4179,30,30,0,0,1.0,38,23.5,23.5,0,81,705,29451,43927,0.17276620192205883,0,0,,0.24536401300065336,38,ALL_RESOLVED
final_v2,bfs,map3,120,e807fcfc735986e9,e02d0416b7d51b2a,b3362d9604322a0c,a65eb91a39ef4179,30,29,1,0,0.9666666666666667,37,22.96551724137931,23,0,113,672,77844,86848,0.23858581107197097,0,0,,0.3099739489989588,37,ALL_RESOLVED
final_v2,ucs,map3,120,e807fcfc735986e9,e02d0416b7d51b2a,b3362d9604322a0c,a65eb91a39ef4179,30,29,1,0,0.9666666666666667,37,22.96551724137931,23,0,97,672,116337,127373,0.6068028089830477,0,0,,0.6819697960017947,37,ALL_RESOLVED
final_v2,greedy,map3,120,e807fcfc735986e9,e02d0416b7d51b2a,b3362d9604322a0c,a65eb91a39ef4179,30,29,1,0,0.9666666666666667,37,22.96551724137931,23,0,113,672,7312,17310,0.045040661963867024,0,0,,0.11321197200231836,37,ALL_RESOLVED
final_v2,astar,map3,120,e807fcfc735986e9,e02d0416b7d51b2a,b3362d9604322a0c,a65eb91a39ef4179,30,29,1,0,0.9666666666666667,37,22.96551724137931,23,0,101,672,29462,42693,0.17008948699731263,0,0,,0.23985911500130896,37,ALL_RESOLVED
final_v2,ga,map3,109,e807fcfc735986e9,e02d0416b7d51b2a,b3362d9604322a0c,a65eb91a39ef4179,30,10,17,3,0.3333333333333333,25,17.4,17.5,19,22,620,0,139427,13.049227475981752,5892,139427,0.25,13.17507440800182,34,ALL_RESOLVED
final_v2,bfs,map3,121,e807fcfc735986e9,e02d0416b7d51b2a,b3362d9604322a0c,a65eb91a39ef4179,30,30,0,0,1.0,37,22.5,22.5,0,186,675,57726,66251,0.1772066140183597,0,0,,0.2502450889987813,37,ALL_RESOLVED
final_v2,ucs,map3,121,e807fcfc735986e9,e02d0416b7d51b2a,b3362d9604322a0c,a65eb91a39ef4179,30,30,0,0,1.0,37,22.5,22.5,0,126,675,98157,109515,0.5100666128964804,0,0,,0.585050087000127,37,ALL_RESOLVED
final_v2,greedy,map3,121,e807fcfc735986e9,e02d0416b7d51b2a,b3362d9604322a0c,a65eb91a39ef4179,30,30,0,0,1.0,37,22.5,22.5,0,186,675,5929,14187,0.036495796990493545,0,0,,0.10752845599927241,37,ALL_RESOLVED
final_v2,astar,map3,121,e807fcfc735986e9,e02d0416b7d51b2a,b3362d9604322a0c,a65eb91a39ef4179,30,30,0,0,1.0,37,22.5,22.5,0,146,675,22694,34565,0.13345128501896397,0,0,,0.20451800099908723,37,ALL_RESOLVED
final_v2,ga,map3,117,e807fcfc735986e9,e02d0416b7d51b2a,b3362d9604322a0c,a65eb91a39ef4179,30,30,0,0,1.0,38,23.466666666666665,23.5,4,148,704,0,130331,6.883192697998311,5280,130331,0.25,6.972401589999208,38,ALL_RESOLVED
final_v2,ga,map3,113,e807fcfc735986e9,e02d0416b7d51b2a,b3362d9604322a0c,a65eb91a39ef4179,30,25,5,0,0.8333333333333334,34,22.0,22,4,104,660,0,125477,11.082363223005814,5135,125477,0.25,11.205031533998408,34,ALL_RESOLVED
final_v2,bfs,map3,122,e807fcfc735986e9,e02d0416b7d51b2a,b3362d9604322a0c,a65eb91a39ef4179,30,30,0,0,1.0,39,24.433333333333334,24.5,0,106,733,102278,113084,0.25620667994371615,0,0,,0.3278885360014101,39,ALL_RESOLVED
final_v2,greedy,map3,122,e807fcfc735986e9,e02d0416b7d51b2a,b3362d9604322a0c,a65eb91a39ef4179,30,30,0,0,1.0,39,24.433333333333334,24.5,0,106,733,8635,20976,0.06210421197101823,0,0,,0.14541306300088763,39,ALL_RESOLVED
final_v2,ga,map3,110,e807fcfc735986e9,e02d0416b7d51b2a,b3362d9604322a0c,a65eb91a39ef4179,30,17,2,11,0.5666666666666667,29,17.529411764705884,17,26,15,660,0,164020,15.787962630005495,6972,164020,0.25,15.919659298000624,30,ALL_RESOLVED
final_v2,ga,map3,114,e807fcfc735986e9,e02d0416b7d51b2a,b3362d9604322a0c,a65eb91a39ef4179,30,30,0,0,1.0,40,25.2,25.5,8,153,756,0,140319,10.569951146022504,5714,140319,0.25,10.693826292001177,40,ALL_RESOLVED
final_v2,astar,map3,122,e807fcfc735986e9,e02d0416b7d51b2a,b3362d9604322a0c,a65eb91a39ef4179,30,30,0,0,1.0,39,24.433333333333334,24.5,0,82,733,35575,52240,0.2133756510047533,0,0,,0.2904034959974524,39,ALL_RESOLVED
final_v2,ucs,map3,122,e807fcfc735986e9,e02d0416b7d51b2a,b3362d9604322a0c,a65eb91a39ef4179,30,30,0,0,1.0,39,24.433333333333334,24.5,0,82,733,147844,160017,0.780951226981415,0,0,,0.8643919739988633,39,ALL_RESOLVED
final_v2,bfs,map3,123,e807fcfc735986e9,e02d0416b7d51b2a,b3362d9604322a0c,a65eb91a39ef4179,30,30,0,0,1.0,37,22.5,22.5,0,147,675,76928,87231,0.15602221596782329,0,0,,0.20399163800175302,37,ALL_RESOLVED
final_v2,greedy,map3,123,e807fcfc735986e9,e02d0416b7d51b2a,b3362d9604322a0c,a65eb91a39ef4179,30,30,0,0,1.0,37,22.5,22.5,0,147,675,6577,16787,0.041736250026588095,0,0,,0.11207908999858773,37,ALL_RESOLVED
final_v2,astar,map3,123,e807fcfc735986e9,e02d0416b7d51b2a,b3362d9604322a0c,a65eb91a39ef4179,30,30,0,0,1.0,37,22.5,22.5,0,121,675,29112,44087,0.11090998202416813,0,0,,0.16000397999960114,37,ALL_RESOLVED
final_v2,bfs,map3,124,e807fcfc735986e9,e02d0416b7d51b2a,b3362d9604322a0c,a65eb91a39ef4179,30,12,10,8,0.4,20,14.416666666666666,14.5,0,22,513,102923,111537,0.1990756209816027,0,0,,0.22934458999952767,22,ALL_RESOLVED
final_v2,ucs,map3,123,e807fcfc735986e9,e02d0416b7d51b2a,b3362d9604322a0c,a65eb91a39ef4179,30,30,0,0,1.0,37,22.5,22.5,0,109,675,127131,138171,0.6669558979883732,0,0,,0.7456015119969379,37,ALL_RESOLVED
final_v2,greedy,map3,124,e807fcfc735986e9,e02d0416b7d51b2a,b3362d9604322a0c,a65eb91a39ef4179,30,12,13,5,0.4,20,14.416666666666666,14.5,0,24,511,8808,20322,0.055217617002199404,0,0,,0.09938127299756161,22,ALL_RESOLVED
final_v2,ucs,map3,124,e807fcfc735986e9,e02d0416b7d51b2a,b3362d9604322a0c,a65eb91a39ef4179,30,12,11,7,0.4,20,14.416666666666666,14.5,0,23,517,126502,134312,0.43769256500308984,0,0,,0.47552090300087,22,ALL_RESOLVED
final_v2,astar,map3,124,e807fcfc735986e9,e02d0416b7d51b2a,b3362d9604322a0c,a65eb91a39ef4179,30,12,13,5,0.4,20,14.416666666666666,14.5,0,23,515,29322,41325,0.1323782770341495,0,0,,0.16805526800089865,22,ALL_RESOLVED
final_v2,bfs,map3,125,e807fcfc735986e9,e02d0416b7d51b2a,b3362d9604322a0c,a65eb91a39ef4179,30,30,0,0,1.0,39,24.433333333333334,24.5,0,137,733,95848,107084,0.18596466602321016,0,0,,0.2324969270011934,39,ALL_RESOLVED
final_v2,ucs,map3,125,e807fcfc735986e9,e02d0416b7d51b2a,b3362d9604322a0c,a65eb91a39ef4179,30,30,0,0,1.0,39,24.433333333333334,24.5,0,107,733,141013,153557,0.4662082599606947,0,0,,0.5178102290010429,39,ALL_RESOLVED
final_v2,greedy,map3,125,e807fcfc735986e9,e02d0416b7d51b2a,b3362d9604322a0c,a65eb91a39ef4179,30,30,0,0,1.0,39,24.433333333333334,24.5,0,137,733,7843,19615,0.029619879966048757,0,0,,0.07417467599952943,39,ALL_RESOLVED
final_v2,ga,map3,115,e807fcfc735986e9,e02d0416b7d51b2a,b3362d9604322a0c,a65eb91a39ef4179,30,19,10,1,0.6333333333333333,33,17.36842105263158,17,22,32,590,0,138159,11.913852556001075,5814,138159,0.25,12.031394932000694,34,ALL_RESOLVED
final_v2,astar,map3,125,e807fcfc735986e9,e02d0416b7d51b2a,b3362d9604322a0c,a65eb91a39ef4179,30,30,0,0,1.0,39,24.433333333333334,24.5,0,109,733,29310,45522,0.10582741397956852,0,0,,0.15193316400109325,39,ALL_RESOLVED
final_v2,ga,map3,116,e807fcfc735986e9,e02d0416b7d51b2a,b3362d9604322a0c,a65eb91a39ef4179,30,30,0,0,1.0,37,22.5,22.5,5,93,675,0,126865,11.06791930802865,5185,126865,0.25,11.193648602002213,37,ALL_RESOLVED
final_v2,bfs,map3,126,e807fcfc735986e9,e02d0416b7d51b2a,b3362d9604322a0c,a65eb91a39ef4179,30,30,0,0,1.0,39,24.133333333333333,24.5,0,120,724,95213,106016,0.18891588103360846,0,0,,0.23699873499936075,39,ALL_RESOLVED
final_v2,greedy,map3,126,e807fcfc735986e9,e02d0416b7d51b2a,b3362d9604322a0c,a65eb91a39ef4179,30,30,0,0,1.0,39,24.133333333333333,24.5,0,120,724,8001,19493,0.03167739193304442,0,0,,0.07863438200001838,39,ALL_RESOLVED
final_v2,astar,map3,126,e807fcfc735986e9,e02d0416b7d51b2a,b3362d9604322a0c,a65eb91a39ef4179,30,30,0,0,1.0,39,24.133333333333333,24.5,0,108,724,24921,39473,0.09225370001513511,0,0,,0.1391454820004583,39,ALL_RESOLVED
final_v2,ga,map3,118,e807fcfc735986e9,e02d0416b7d51b2a,b3362d9604322a0c,a65eb91a39ef4179,30,23,7,0,0.7666666666666667,38,20.26086956521739,20,9,41,552,0,110543,9.704505146004522,4568,110543,0.25,9.814132970001083,38,ALL_RESOLVED
final_v2,ucs,map3,126,e807fcfc735986e9,e02d0416b7d51b2a,b3362d9604322a0c,a65eb91a39ef4179,30,30,0,0,1.0,39,24.133333333333333,24.5,0,100,724,130856,143525,0.6837667359905026,0,0,,0.7633231319996412,39,ALL_RESOLVED
final_v2,bfs,map3,127,e807fcfc735986e9,e02d0416b7d51b2a,b3362d9604322a0c,a65eb91a39ef4179,30,29,1,0,0.9666666666666667,36,22.0,22,0,129,648,75148,85245,0.22900552000646712,0,0,,0.2991436310003337,36,ALL_RESOLVED
final_v2,ga,map3,119,e807fcfc735986e9,e02d0416b7d51b2a,b3362d9604322a0c,a65eb91a39ef4179,30,30,0,0,1.0,38,23.5,23.5,4,93,705,0,133240,8.690625137929601,5451,133240,0.25,8.799380647000362,38,ALL_RESOLVED
final_v2,greedy,map3,127,e807fcfc735986e9,e02d0416b7d51b2a,b3362d9604322a0c,a65eb91a39ef4179,30,29,1,0,0.9666666666666667,36,22.0,22,0,129,648,6540,16712,0.041690378999192035,0,0,,0.10941547399852425,36,ALL_RESOLVED
final_v2,astar,map3,127,e807fcfc735986e9,e02d0416b7d51b2a,b3362d9604322a0c,a65eb91a39ef4179,30,30,0,0,1.0,37,22.5,22.5,0,95,675,27501,42418,0.16482581699892762,0,0,,0.23964974800037453,37,ALL_RESOLVED
final_v2,ucs,map3,127,e807fcfc735986e9,e02d0416b7d51b2a,b3362d9604322a0c,a65eb91a39ef4179,30,30,0,0,1.0,40,22.6,22.5,0,94,678,124328,134913,0.6526866940039326,0,0,,0.7344300489967281,40,ALL_RESOLVED
final_v2,bfs,map3,128,e807fcfc735986e9,e02d0416b7d51b2a,b3362d9604322a0c,a65eb91a39ef4179,30,1,5,24,0.03333333333333333,10,10.0,10,0,1,290,71624,77203,0.2220702330050699,0,0,,0.245700516999932,10,ALL_RESOLVED
final_v2,greedy,map3,128,e807fcfc735986e9,e02d0416b7d51b2a,b3362d9604322a0c,a65eb91a39ef4179,30,1,5,24,0.03333333333333333,10,10.0,10,0,1,290,5684,13244,0.0357055549902725,0,0,,0.05649668900150573,10,ALL_RESOLVED
final_v2,astar,map3,128,e807fcfc735986e9,e02d0416b7d51b2a,b3362d9604322a0c,a65eb91a39ef4179,30,1,5,24,0.03333333333333333,10,10.0,10,0,1,290,15437,23738,0.09230574101093225,0,0,,0.11453485300080501,10,ALL_RESOLVED
final_v2,ucs,map3,128,e807fcfc735986e9,e02d0416b7d51b2a,b3362d9604322a0c,a65eb91a39ef4179,30,1,5,24,0.03333333333333333,10,10.0,10,0,1,290,80342,85529,0.41827219499100465,0,0,,0.4437767489980615,10,ALL_RESOLVED
final_v2,bfs,map3,129,e807fcfc735986e9,e02d0416b7d51b2a,b3362d9604322a0c,a65eb91a39ef4179,30,29,1,0,0.9666666666666667,37,23.0,23,0,170,677,71353,81582,0.22030108802209725,0,0,,0.2962786630014307,37,ALL_RESOLVED
final_v2,ucs,map3,129,e807fcfc735986e9,e02d0416b7d51b2a,b3362d9604322a0c,a65eb91a39ef4179,30,29,1,0,0.9666666666666667,37,23.0,23,0,132,677,116763,128160,0.6039320149975538,0,0,,0.6795442719994753,37,ALL_RESOLVED
final_v2,greedy,map3,129,e807fcfc735986e9,e02d0416b7d51b2a,b3362d9604322a0c,a65eb91a39ef4179,30,29,1,0,0.9666666666666667,37,23.0,23,0,170,677,6366,16113,0.04333288496127352,0,0,,0.12220651199822896,37,ALL_RESOLVED
final_v2,astar,map3,129,e807fcfc735986e9,e02d0416b7d51b2a,b3362d9604322a0c,a65eb91a39ef4179,30,29,1,0,0.9666666666666667,37,23.0,23,0,134,677,24965,38247,0.1472514249762753,0,0,,0.21990229999937583,37,ALL_RESOLVED
final_v2,ga,map3,121,e807fcfc735986e9,e02d0416b7d51b2a,b3362d9604322a0c,a65eb91a39ef4179,30,30,0,0,1.0,37,22.5,22.5,4,174,675,0,122237,9.53622925601303,4943,122237,0.25,9.65835119500116,37,ALL_RESOLVED
final_v2,bfs,map3,130,e807fcfc735986e9,e02d0416b7d51b2a,b3362d9604322a0c,a65eb91a39ef4179,30,28,2,0,0.9333333333333333,35,21.5,21.5,0,87,616,76375,85560,0.24963756297438522,0,0,,0.32156900400150334,35,ALL_RESOLVED
final_v2,ga,map3,120,e807fcfc735986e9,e02d0416b7d51b2a,b3362d9604322a0c,a65eb91a39ef4179,30,29,1,0,0.9666666666666667,37,22.96551724137931,23,5,109,680,0,128911,11.315197770982195,5268,128911,0.25,11.445945560000837,37,ALL_RESOLVED
final_v2,greedy,map3,130,e807fcfc735986e9,e02d0416b7d51b2a,b3362d9604322a0c,a65eb91a39ef4179,30,28,2,0,0.9333333333333333,35,21.5,21.5,0,87,616,6735,16208,0.04190183093305677,0,0,,0.10747884000011254,35,ALL_RESOLVED
final_v2,astar,map3,130,e807fcfc735986e9,e02d0416b7d51b2a,b3362d9604322a0c,a65eb91a39ef4179,30,27,3,0,0.9,34,21.0,21,0,75,593,25148,37568,0.1494398330578406,0,0,,0.21569653599726735,34,ALL_RESOLVED
final_v2,ucs,map3,130,e807fcfc735986e9,e02d0416b7d51b2a,b3362d9604322a0c,a65eb91a39ef4179,30,27,3,0,0.9,34,21.0,21,0,73,593,108883,118548,0.5813615700135415,0,0,,0.6567653929996595,34,ALL_RESOLVED
final_v2,ga,map3,128,e807fcfc735986e9,e02d0416b7d51b2a,b3362d9604322a0c,a65eb91a39ef4179,30,2,3,25,0.06666666666666667,10,9.5,9.5,4,5,293,0,60303,4.43686380397412,2538,60303,0.25,4.47744880800019,10,ALL_RESOLVED
final_v2,bfs,map3,131,e807fcfc735986e9,e02d0416b7d51b2a,b3362d9604322a0c,a65eb91a39ef4179,30,24,6,0,0.8,32,20.083333333333332,20.5,0,63,618,96405,107016,0.29480329599027755,0,0,,0.35893581499840366,32,ALL_RESOLVED
final_v2,greedy,map3,131,e807fcfc735986e9,e02d0416b7d51b2a,b3362d9604322a0c,a65eb91a39ef4179,30,24,6,0,0.8,32,20.083333333333332,20.5,0,63,618,7579,18822,0.04839977199662826,0,0,,0.10838226600026246,32,ALL_RESOLVED
final_v2,ucs,map3,131,e807fcfc735986e9,e02d0416b7d51b2a,b3362d9604322a0c,a65eb91a39ef4179,30,24,6,0,0.8,32,20.333333333333332,20.5,0,39,630,131418,141498,0.4597583670183667,0,0,,0.5112278470005549,32,ALL_RESOLVED
final_v2,astar,map3,131,e807fcfc735986e9,e02d0416b7d51b2a,b3362d9604322a0c,a65eb91a39ef4179,30,24,5,1,0.8,32,20.083333333333332,20.5,0,50,630,28855,43125,0.17364754803202231,0,0,,0.23603852999804076,32,ALL_RESOLVED
final_v2,bfs,map3,132,e807fcfc735986e9,e02d0416b7d51b2a,b3362d9604322a0c,a65eb91a39ef4179,30,11,7,12,0.36666666666666664,20,15.0,15,0,25,513,108607,116938,0.3340721719614521,0,0,,0.3832319630018901,22,ALL_RESOLVED
final_v2,ucs,map3,132,e807fcfc735986e9,e02d0416b7d51b2a,b3362d9604322a0c,a65eb91a39ef4179,30,11,4,15,0.36666666666666664,20,15.0,15,0,16,539,136316,144550,0.7074272169556934,0,0,,0.759451899000851,22,ALL_RESOLVED
final_v2,greedy,map3,132,e807fcfc735986e9,e02d0416b7d51b2a,b3362d9604322a0c,a65eb91a39ef4179,30,11,7,12,0.36666666666666664,20,15.0,15,0,26,509,10326,22898,0.06314342096811743,0,0,,0.10978586399869528,22,ALL_RESOLVED
final_v2,astar,map3,132,e807fcfc735986e9,e02d0416b7d51b2a,b3362d9604322a0c,a65eb91a39ef4179,30,11,4,15,0.36666666666666664,20,15.0,15,0,16,539,34201,46192,0.19586475501273526,0,0,,0.24199216100168996,22,ALL_RESOLVED
final_v2,ga,map3,124,e807fcfc735986e9,e02d0416b7d51b2a,b3362d9604322a0c,a65eb91a39ef4179,30,12,6,12,0.4,20,14.416666666666666,14.5,14,23,535,0,115711,10.012928008964082,4865,115711,0.25,10.103995753997879,22,ALL_RESOLVED
final_v2,ga,map3,123,e807fcfc735986e9,e02d0416b7d51b2a,b3362d9604322a0c,a65eb91a39ef4179,30,30,0,0,1.0,37,22.5,22.5,3,132,675,0,127596,10.803675184019085,5209,127596,0.25,10.931583970999782,37,ALL_RESOLVED
final_v2,bfs,map3,133,e807fcfc735986e9,e02d0416b7d51b2a,b3362d9604322a0c,a65eb91a39ef4179,30,29,1,0,0.9666666666666667,38,23.75862068965517,24,0,132,697,85668,96470,0.26398210995830595,0,0,,0.3394082039994828,38,ALL_RESOLVED
final_v2,greedy,map3,133,e807fcfc735986e9,e02d0416b7d51b2a,b3362d9604322a0c,a65eb91a39ef4179,30,29,1,0,0.9666666666666667,38,23.75862068965517,24,0,132,697,7378,18298,0.046667558039189316,0,0,,0.11778501000299002,38,ALL_RESOLVED
final_v2,ucs,map3,133,e807fcfc735986e9,e02d0416b7d51b2a,b3362d9604322a0c,a65eb91a39ef4179,30,28,2,0,0.9333333333333333,37,23.25,23.5,0,88,667,123385,134841,0.48358863695830223,0,0,,0.5349466430016037,37,ALL_RESOLVED
final_v2,ga,map3,122,e807fcfc735986e9,e02d0416b7d51b2a,b3362d9604322a0c,a65eb91a39ef4179,30,30,0,0,1.0,39,24.433333333333334,24.5,9,87,733,0,139502,12.098247982004978,5727,139502,0.25,12.234313073997328,39,ALL_RESOLVED
final_v2,astar,map3,133,e807fcfc735986e9,e02d0416b7d51b2a,b3362d9604322a0c,a65eb91a39ef4179,30,28,2,0,0.9333333333333333,37,23.25,23.5,0,82,667,26239,40423,0.15665499801980332,0,0,,0.226194528000633,37,ALL_RESOLVED
final_v2,bfs,map3,134,e807fcfc735986e9,e02d0416b7d51b2a,b3362d9604322a0c,a65eb91a39ef4179,30,30,0,0,1.0,37,22.5,22.5,0,108,675,80428,90140,0.2533168600893987,0,0,,0.3256043959991075,37,ALL_RESOLVED
final_v2,greedy,map3,134,e807fcfc735986e9,e02d0416b7d51b2a,b3362d9604322a0c,a65eb91a39ef4179,30,30,0,0,1.0,37,22.5,22.5,0,108,675,7146,17322,0.04545410998616717,0,0,,0.11468435400092858,37,ALL_RESOLVED
final_v2,ucs,map3,134,e807fcfc735986e9,e02d0416b7d51b2a,b3362d9604322a0c,a65eb91a39ef4179,30,30,0,0,1.0,37,22.5,22.5,0,78,675,118734,130774,0.3812740799075982,0,0,,0.4278033350019541,37,ALL_RESOLVED
final_v2,astar,map3,134,e807fcfc735986e9,e02d0416b7d51b2a,b3362d9604322a0c,a65eb91a39ef4179,30,30,0,0,1.0,37,22.5,22.5,0,82,675,26217,39484,0.15555629303707974,0,0,,0.2264408259979973,37,ALL_RESOLVED
final_v2,bfs,map3,135,e807fcfc735986e9,e02d0416b7d51b2a,b3362d9604322a0c,a65eb91a39ef4179,30,11,12,7,0.36666666666666664,21,15.0,15,0,9,501,97232,106818,0.29767568402166944,0,0,,0.34359857800154714,22,ALL_RESOLVED
final_v2,ga,map3,126,e807fcfc735986e9,e02d0416b7d51b2a,b3362d9604322a0c,a65eb91a39ef4179,30,30,0,0,1.0,39,24.133333333333333,24.5,5,101,724,0,136906,10.526056212955154,5603,136906,0.25,10.654778113999782,39,ALL_RESOLVED
final_v2,greedy,map3,135,e807fcfc735986e9,e02d0416b7d51b2a,b3362d9604322a0c,a65eb91a39ef4179,30,11,11,8,0.36666666666666664,21,15.0,15,0,9,505,8860,19898,0.05413644799773465,0,0,,0.09700885200072662,22,ALL_RESOLVED
final_v2,astar,map3,135,e807fcfc735986e9,e02d0416b7d51b2a,b3362d9604322a0c,a65eb91a39ef4179,30,10,11,9,0.3333333333333333,21,14.7,14.5,0,2,495,22853,34749,0.13571146201138617,0,0,,0.17887315199914156,22,ALL_RESOLVED
final_v2,ucs,map3,135,e807fcfc735986e9,e02d0416b7d51b2a,b3362d9604322a0c,a65eb91a39ef4179,30,10,11,9,0.3333333333333333,21,14.7,14.5,0,2,495,119772,128557,0.6242172509191732,0,0,,0.6732094309991226,22,ALL_RESOLVED
final_v2,ga,map3,125,e807fcfc735986e9,e02d0416b7d51b2a,b3362d9604322a0c,a65eb91a39ef4179,30,30,0,0,1.0,39,24.433333333333334,24.5,6,117,733,0,137334,11.695584817047347,5625,137334,0.25,11.834265129000414,39,ALL_RESOLVED
final_v2,bfs,map3,136,e807fcfc735986e9,e02d0416b7d51b2a,b3362d9604322a0c,a65eb91a39ef4179,30,28,2,0,0.9333333333333333,36,22.392857142857142,22.5,0,94,653,84339,93874,0.2586970740194374,0,0,,0.32851343999936944,36,ALL_RESOLVED
final_v2,ga,map3,129,e807fcfc735986e9,e02d0416b7d51b2a,b3362d9604322a0c,a65eb91a39ef4179,30,29,1,0,0.9666666666666667,37,23.0,23,4,156,681,0,124160,8.315887550990738,5038,124160,0.25,8.422340547000204,37,ALL_RESOLVED
final_v2,greedy,map3,136,e807fcfc735986e9,e02d0416b7d51b2a,b3362d9604322a0c,a65eb91a39ef4179,30,28,2,0,0.9333333333333333,36,22.392857142857142,22.5,0,94,653,7485,18292,0.04736483495798893,0,0,,0.11526563400184386,36,ALL_RESOLVED
final_v2,astar,map3,136,e807fcfc735986e9,e02d0416b7d51b2a,b3362d9604322a0c,a65eb91a39ef4179,30,28,2,0,0.9333333333333333,36,22.392857142857142,22.5,0,78,651,30041,44084,0.174874316995556,0,0,,0.2433740359992953,36,ALL_RESOLVED
final_v2,ga,map3,127,e807fcfc735986e9,e02d0416b7d51b2a,b3362d9604322a0c,a65eb91a39ef4179,30,30,0,0,1.0,37,22.5,22.5,3,120,675,0,127072,11.041874233978888,5176,127072,0.25,11.17010743100036,37,ALL_RESOLVED
final_v2,ucs,map3,136,e807fcfc735986e9,e02d0416b7d51b2a,b3362d9604322a0c,a65eb91a39ef4179,30,28,2,0,0.9333333333333333,36,22.392857142857142,22.5,0,78,651,121422,132100,0.6327604370417248,0,0,,0.7070681030018022,36,ALL_RESOLVED
final_v2,bfs,map3,137,e807fcfc735986e9,e02d0416b7d51b2a,b3362d9604322a0c,a65eb91a39ef4179,30,22,8,0,0.7333333333333333,30,19.454545454545453,19.5,0,69,576,72495,81082,0.22312079894618364,0,0,,0.2825653020008758,30,ALL_RESOLVED
final_v2,greedy,map3,137,e807fcfc735986e9,e02d0416b7d51b2a,b3362d9604322a0c,a65eb91a39ef4179,30,22,8,0,0.7333333333333333,30,19.454545454545453,19.5,0,81,600,6594,16233,0.04119421796713141,0,0,,0.09874021700306912,30,ALL_RESOLVED
final_v2,astar,map3,137,e807fcfc735986e9,e02d0416b7d51b2a,b3362d9604322a0c,a65eb91a39ef4179,30,22,8,0,0.7333333333333333,30,19.454545454545453,19.5,0,62,590,22125,33445,0.1291895350223058,0,0,,0.18733032700038166,30,ALL_RESOLVED
final_v2,ucs,map3,137,e807fcfc735986e9,e02d0416b7d51b2a,b3362d9604322a0c,a65eb91a39ef4179,30,21,9,0,0.7,29,18.952380952380953,19,0,45,556,103610,112891,0.5408583230091608,0,0,,0.6025678709993372,29,ALL_RESOLVED
final_v2,bfs,map3,138,e807fcfc735986e9,e02d0416b7d51b2a,b3362d9604322a0c,a65eb91a39ef4179,30,29,1,0,0.9666666666666667,36,22.0,22,0,94,656,89392,99906,0.2719616690337716,0,0,,0.342455025001982,36,ALL_RESOLVED
final_v2,greedy,map3,138,e807fcfc735986e9,e02d0416b7d51b2a,b3362d9604322a0c,a65eb91a39ef4179,30,29,1,0,0.9666666666666667,36,22.0,22,0,94,650,7249,17738,0.0451100529935502,0,0,,0.1117159140012518,36,ALL_RESOLVED
final_v2,astar,map3,138,e807fcfc735986e9,e02d0416b7d51b2a,b3362d9604322a0c,a65eb91a39ef4179,30,29,1,0,0.9666666666666667,36,22.0,22,0,64,656,30154,44166,0.17557560898785596,0,0,,0.2443110069980321,36,ALL_RESOLVED
final_v2,ucs,map3,138,e807fcfc735986e9,e02d0416b7d51b2a,b3362d9604322a0c,a65eb91a39ef4179,30,29,1,0,0.9666666666666667,36,22.0,22,0,64,656,132492,143202,0.6873425380763365,0,0,,0.7622276629990665,36,ALL_RESOLVED
final_v2,ga,map3,130,e807fcfc735986e9,e02d0416b7d51b2a,b3362d9604322a0c,a65eb91a39ef4179,30,29,1,0,0.9666666666666667,36,22.0,22,3,87,644,0,120387,7.9329099360184046,4921,120387,0.25,8.02495701099906,36,ALL_RESOLVED
final_v2,bfs,map3,139,e807fcfc735986e9,e02d0416b7d51b2a,b3362d9604322a0c,a65eb91a39ef4179,30,30,0,0,1.0,40,25.5,25.5,0,163,765,92322,103679,0.2833950569911394,0,0,,0.3625878120001289,40,ALL_RESOLVED
final_v2,greedy,map3,139,e807fcfc735986e9,e02d0416b7d51b2a,b3362d9604322a0c,a65eb91a39ef4179,30,30,0,0,1.0,40,25.5,25.5,0,163,765,7985,19711,0.049807611932919826,0,0,,0.12509873299859464,40,ALL_RESOLVED
final_v2,ucs,map3,139,e807fcfc735986e9,e02d0416b7d51b2a,b3362d9604322a0c,a65eb91a39ef4179,30,30,0,0,1.0,40,25.5,25.5,0,129,765,139231,152585,0.4465579939969757,0,0,,0.49891733299955376,40,ALL_RESOLVED
final_v2,astar,map3,139,e807fcfc735986e9,e02d0416b7d51b2a,b3362d9604322a0c,a65eb91a39ef4179,30,30,0,0,1.0,40,25.5,25.5,0,133,765,28707,44257,0.16951095597687527,0,0,,0.2461336090018449,40,ALL_RESOLVED
final_v2,bfs,map3,140,e807fcfc735986e9,e02d0416b7d51b2a,b3362d9604322a0c,a65eb91a39ef4179,30,24,6,0,0.8,35,23.083333333333332,23.5,0,73,610,95077,105012,0.29060134101382573,0,0,,0.3573658940003952,35,ALL_RESOLVED
final_v2,ucs,map3,140,e807fcfc735986e9,e02d0416b7d51b2a,b3362d9604322a0c,a65eb91a39ef4179,30,27,3,0,0.9,38,24.62962962962963,25,0,66,687,132372,144268,0.6895408140517247,0,0,,0.7658697109982313,38,ALL_RESOLVED
final_v2,greedy,map3,140,e807fcfc735986e9,e02d0416b7d51b2a,b3362d9604322a0c,a65eb91a39ef4179,30,24,6,0,0.8,35,23.083333333333332,23.5,0,73,610,7396,18183,0.04648159395583207,0,0,,0.10968528800003696,35,ALL_RESOLVED
final_v2,astar,map3,140,e807fcfc735986e9,e02d0416b7d51b2a,b3362d9604322a0c,a65eb91a39ef4179,30,27,3,0,0.9,38,24.62962962962963,25,0,86,687,25544,39837,0.15232286205718992,0,0,,0.22295284800202353,38,ALL_RESOLVED
final_v2,ga,map3,134,e807fcfc735986e9,e02d0416b7d51b2a,b3362d9604322a0c,a65eb91a39ef4179,30,30,0,0,1.0,37,22.5,22.5,5,85,675,0,126753,6.723881548983627,5175,126753,0.25,6.807797219000349,37,ALL_RESOLVED
final_v2,bfs,map3,141,e807fcfc735986e9,e02d0416b7d51b2a,b3362d9604322a0c,a65eb91a39ef4179,30,7,8,15,0.23333333333333334,15,11.142857142857142,11,0,8,416,85174,93286,0.16719862800528063,0,0,,0.188692234998598,16,ALL_RESOLVED
final_v2,ucs,map3,141,e807fcfc735986e9,e02d0416b7d51b2a,b3362d9604322a0c,a65eb91a39ef4179,30,7,8,15,0.23333333333333334,15,11.142857142857142,11,0,6,420,107226,114326,0.35270028000013554,0,0,,0.377067231998808,16,ALL_RESOLVED
final_v2,greedy,map3,141,e807fcfc735986e9,e02d0416b7d51b2a,b3362d9604322a0c,a65eb91a39ef4179,30,7,8,15,0.23333333333333334,15,11.142857142857142,11,0,8,416,7730,17422,0.029078074017888866,0,0,,0.04874087600182975,16,ALL_RESOLVED
final_v2,astar,map3,141,e807fcfc735986e9,e02d0416b7d51b2a,b3362d9604322a0c,a65eb91a39ef4179,30,7,8,15,0.23333333333333334,15,11.142857142857142,11,0,6,420,23375,34188,0.08304003103330615,0,0,,0.10359148499992443,16,ALL_RESOLVED
final_v2,ga,map3,131,e807fcfc735986e9,e02d0416b7d51b2a,b3362d9604322a0c,a65eb91a39ef4179,30,24,3,3,0.8,32,20.125,20.5,4,48,653,0,123923,11.1254720789766,5090,123923,0.25,11.239266499000223,32,ALL_RESOLVED
final_v2,bfs,map3,142,e807fcfc735986e9,e02d0416b7d51b2a,b3362d9604322a0c,a65eb91a39ef4179,30,30,0,0,1.0,37,22.5,22.5,0,89,675,91877,102517,0.27913405697836424,0,0,,0.3528015129995765,37,ALL_RESOLVED
final_v2,ucs,map3,142,e807fcfc735986e9,e02d0416b7d51b2a,b3362d9604322a0c,a65eb91a39ef4179,30,30,0,0,1.0,37,22.5,22.5,0,63,675,135851,147254,0.7020653739600675,0,0,,0.7789340010021988,37,ALL_RESOLVED
final_v2,ga,map3,132,e807fcfc735986e9,e02d0416b7d51b2a,b3362d9604322a0c,a65eb91a39ef4179,30,9,13,8,0.3,19,15.0,15,10,9,477,0,110165,10.698957744007203,4682,110165,0.25,10.79090320600153,22,ALL_RESOLVED
final_v2,greedy,map3,142,e807fcfc735986e9,e02d0416b7d51b2a,b3362d9604322a0c,a65eb91a39ef4179,30,30,0,0,1.0,37,22.5,22.5,0,89,675,7717,18560,0.0479389449901646,0,0,,0.11913933100004215,37,ALL_RESOLVED
final_v2,astar,map3,142,e807fcfc735986e9,e02d0416b7d51b2a,b3362d9604322a0c,a65eb91a39ef4179,30,30,0,0,1.0,37,22.5,22.5,0,69,675,32607,47404,0.18974302095739404,0,0,,0.26182395199793973,37,ALL_RESOLVED
final_v2,bfs,map3,143,e807fcfc735986e9,e02d0416b7d51b2a,b3362d9604322a0c,a65eb91a39ef4179,30,29,1,0,0.9666666666666667,40,24.724137931034484,26,0,78,737,110396,119980,0.3340087559663516,0,0,,0.40919986000153585,40,ALL_RESOLVED
final_v2,ga,map3,135,e807fcfc735986e9,e02d0416b7d51b2a,b3362d9604322a0c,a65eb91a39ef4179,30,10,11,9,0.3333333333333333,21,14.7,14.5,6,7,509,0,98784,9.366147006021492,4105,98784,0.25,9.454025638999155,22,ALL_RESOLVED
final_v2,ucs,map3,143,e807fcfc735986e9,e02d0416b7d51b2a,b3362d9604322a0c,a65eb91a39ef4179,30,29,1,0,0.9666666666666667,40,24.724137931034484,26,0,62,737,133955,144319,0.6912295060101314,0,0,,0.7700643130010576,40,ALL_RESOLVED
final_v2,greedy,map3,143,e807fcfc735986e9,e02d0416b7d51b2a,b3362d9604322a0c,a65eb91a39ef4179,30,29,1,0,0.9666666666666667,40,24.724137931034484,26,0,78,737,10131,23674,0.06271009003467043,0,0,,0.1348631500004558,40,ALL_RESOLVED
final_v2,astar,map3,143,e807fcfc735986e9,e02d0416b7d51b2a,b3362d9604322a0c,a65eb91a39ef4179,30,29,1,0,0.9666666666666667,40,24.724137931034484,26,0,62,737,30892,45488,0.18091626590830856,0,0,,0.2545773490019201,40,ALL_RESOLVED
final_v2,ga,map3,133,e807fcfc735986e9,e02d0416b7d51b2a,b3362d9604322a0c,a65eb91a39ef4179,30,30,0,0,1.0,39,24.266666666666666,24.5,1,128,728,0,137672,11.863605016973452,5622,137672,0.25,11.997325991000253,39,ALL_RESOLVED
final_v2,bfs,map3,144,e807fcfc735986e9,e02d0416b7d51b2a,b3362d9604322a0c,a65eb91a39ef4179,30,20,2,8,0.6666666666666666,28,18.4,18.5,0,60,648,95109,103367,0.28931435696358676,0,0,,0.3492130089980492,28,ALL_RESOLVED
final_v2,greedy,map3,144,e807fcfc735986e9,e02d0416b7d51b2a,b3362d9604322a0c,a65eb91a39ef4179,30,20,2,8,0.6666666666666666,28,18.4,18.5,0,60,648,9809,22205,0.059602289969916455,0,0,,0.11622743199768593,28,ALL_RESOLVED
final_v2,ga,map3,139,e807fcfc735986e9,e02d0416b7d51b2a,b3362d9604322a0c,a65eb91a39ef4179,30,30,0,0,1.0,40,25.5,25.5,8,137,765,0,141839,7.447872366039519,5793,141839,0.25,7.541699122000864,40,ALL_RESOLVED
final_v2,astar,map3,144,e807fcfc735986e9,e02d0416b7d51b2a,b3362d9604322a0c,a65eb91a39ef4179,30,20,3,7,0.6666666666666666,28,18.4,18.5,0,59,634,29843,42219,0.17202367705249344,0,0,,0.22923223199904896,28,ALL_RESOLVED
final_v2,ucs,map3,144,e807fcfc735986e9,e02d0416b7d51b2a,b3362d9604322a0c,a65eb91a39ef4179,30,20,3,7,0.6666666666666666,28,18.4,18.5,0,55,634,119228,127782,0.6173169879875786,0,0,,0.6794784340017941,28,ALL_RESOLVED
final_v2,ga,map3,137,e807fcfc735986e9,e02d0416b7d51b2a,b3362d9604322a0c,a65eb91a39ef4179,30,22,7,1,0.7333333333333333,30,19.454545454545453,19.5,5,47,568,0,107352,9.67054564004502,4407,107352,0.25,9.775008683001943,30,ALL_RESOLVED
final_v2,bfs,map3,145,e807fcfc735986e9,e02d0416b7d51b2a,b3362d9604322a0c,a65eb91a39ef4179,30,15,4,11,0.5,22,15.0,15,0,30,531,82591,89925,0.25202743292902596,0,0,,0.2986307140017743,22,ALL_RESOLVED
final_v2,greedy,map3,145,e807fcfc735986e9,e02d0416b7d51b2a,b3362d9604322a0c,a65eb91a39ef4179,30,15,7,8,0.5,22,15.0,15,0,32,521,7572,17008,0.04627369900481426,0,0,,0.090630938000686,22,ALL_RESOLVED
final_v2,ga,map3,141,e807fcfc735986e9,e02d0416b7d51b2a,b3362d9604322a0c,a65eb91a39ef4179,30,7,9,14,0.23333333333333334,15,11.142857142857142,11,9,7,420,0,81826,4.6751813879818656,3392,81826,0.25,4.720096631997876,16,ALL_RESOLVED
final_v2,astar,map3,145,e807fcfc735986e9,e02d0416b7d51b2a,b3362d9604322a0c,a65eb91a39ef4179,30,15,7,8,0.5,22,15.0,15,0,26,521,24246,34343,0.13964539797598263,0,0,,0.18436369200207992,22,ALL_RESOLVED
final_v2,bfs,map3,146,e807fcfc735986e9,e02d0416b7d51b2a,b3362d9604322a0c,a65eb91a39ef4179,30,30,0,0,1.0,37,22.5,22.5,0,128,675,75728,85625,0.140689210009441,0,0,,0.1848379040020518,37,ALL_RESOLVED
final_v2,ucs,map3,145,e807fcfc735986e9,e02d0416b7d51b2a,b3362d9604322a0c,a65eb91a39ef4179,30,15,7,8,0.5,22,15.0,15,0,26,521,101405,108766,0.5240406320044713,0,0,,0.5731377560005058,22,ALL_RESOLVED
final_v2,greedy,map3,146,e807fcfc735986e9,e02d0416b7d51b2a,b3362d9604322a0c,a65eb91a39ef4179,30,30,0,0,1.0,37,22.5,22.5,0,128,675,6837,16721,0.0312646190795931,0,0,,0.07817498000076739,37,ALL_RESOLVED
final_v2,ga,map3,136,e807fcfc735986e9,e02d0416b7d51b2a,b3362d9604322a0c,a65eb91a39ef4179,30,28,2,0,0.9333333333333333,36,22.392857142857142,22.5,2,91,651,0,122924,10.889020307986357,5027,122924,0.25,11.010926380000456,36,ALL_RESOLVED
final_v2,astar,map3,146,e807fcfc735986e9,e02d0416b7d51b2a,b3362d9604322a0c,a65eb91a39ef4179,30,30,0,0,1.0,37,22.5,22.5,0,110,675,28138,41962,0.16481958604344982,0,0,,0.2362568039970938,37,ALL_RESOLVED
final_v2,ucs,map3,146,e807fcfc735986e9,e02d0416b7d51b2a,b3362d9604322a0c,a65eb91a39ef4179,30,30,0,0,1.0,37,22.5,22.5,0,110,675,118266,128882,0.6131764309902792,0,0,,0.6891505919993506,37,ALL_RESOLVED
final_v2,bfs,map3,147,e807fcfc735986e9,e02d0416b7d51b2a,b3362d9604322a0c,a65eb91a39ef4179,30,30,0,0,1.0,38,23.3,23.5,0,73,699,102179,113097,0.31197999495998374,0,0,,0.38442394000230706,38,ALL_RESOLVED
final_v2,greedy,map3,147,e807fcfc735986e9,e02d0416b7d51b2a,b3362d9604322a0c,a65eb91a39ef4179,30,30,0,0,1.0,38,23.3,23.5,0,73,699,8553,20384,0.053299863950087456,0,0,,0.12214584500179626,38,ALL_RESOLVED
final_v2,astar,map3,147,e807fcfc735986e9,e02d0416b7d51b2a,b3362d9604322a0c,a65eb91a39ef4179,30,30,0,0,1.0,40,24.566666666666666,25.5,0,79,737,30908,46193,0.18132299300123123,0,0,,0.2547856540004432,40,ALL_RESOLVED
final_v2,ucs,map3,147,e807fcfc735986e9,e02d0416b7d51b2a,b3362d9604322a0c,a65eb91a39ef4179,30,30,0,0,1.0,38,23.3,23.5,0,55,699,135544,147279,0.7017571199648955,0,0,,0.7775387900001078,38,ALL_RESOLVED
final_v2,bfs,map3,148,e807fcfc735986e9,e02d0416b7d51b2a,b3362d9604322a0c,a65eb91a39ef4179,30,30,0,0,1.0,37,22.5,22.5,0,125,675,79468,89396,0.24291270398680354,0,0,,0.3156572940024489,37,ALL_RESOLVED
final_v2,greedy,map3,148,e807fcfc735986e9,e02d0416b7d51b2a,b3362d9604322a0c,a65eb91a39ef4179,30,30,0,0,1.0,37,22.5,22.5,0,125,675,7075,17399,0.04410854901288985,0,0,,0.11372829500032822,37,ALL_RESOLVED
final_v2,astar,map3,148,e807fcfc735986e9,e02d0416b7d51b2a,b3362d9604322a0c,a65eb91a39ef4179,30,30,0,0,1.0,37,22.5,22.5,0,87,675,28377,42273,0.16622414794983342,0,0,,0.2365981360017031,37,ALL_RESOLVED
final_v2,ucs,map3,148,e807fcfc735986e9,e02d0416b7d51b2a,b3362d9604322a0c,a65eb91a39ef4179,30,30,0,0,1.0,37,22.5,22.5,0,87,675,122197,133483,0.635385102010332,0,0,,0.7113559959980194,37,ALL_RESOLVED
final_v2,ga,map3,138,e807fcfc735986e9,e02d0416b7d51b2a,b3362d9604322a0c,a65eb91a39ef4179,30,29,1,0,0.9666666666666667,36,22.0,22,4,77,670,0,125750,11.177816104962403,5138,125750,0.25,11.302231548001146,36,ALL_RESOLVED
final_v2,bfs,map3,149,e807fcfc735986e9,e02d0416b7d51b2a,b3362d9604322a0c,a65eb91a39ef4179,30,25,5,0,0.8333333333333334,36,23.36,24,0,37,616,96530,105165,0.2945111510489369,0,0,,0.36100173899831134,36,ALL_RESOLVED
final_v2,greedy,map3,149,e807fcfc735986e9,e02d0416b7d51b2a,b3362d9604322a0c,a65eb91a39ef4179,30,25,5,0,0.8333333333333334,36,23.36,24,0,37,616,8367,19320,0.051250110042019514,0,0,,0.11412296299749869,36,ALL_RESOLVED
final_v2,astar,map3,149,e807fcfc735986e9,e02d0416b7d51b2a,b3362d9604322a0c,a65eb91a39ef4179,30,25,5,0,0.8333333333333334,36,23.36,24,0,36,620,25271,37725,0.14721914304391248,0,0,,0.21109147500101244,36,ALL_RESOLVED
final_v2,ucs,map3,149,e807fcfc735986e9,e02d0416b7d51b2a,b3362d9604322a0c,a65eb91a39ef4179,30,25,5,0,0.8333333333333334,36,23.36,24,0,34,620,116421,126054,0.6014178170225932,0,0,,0.6708798520012351,36,ALL_RESOLVED
final_v2,bfs,map3,150,e807fcfc735986e9,e02d0416b7d51b2a,b3362d9604322a0c,a65eb91a39ef4179,30,30,0,0,1.0,40,25.233333333333334,25.5,0,115,757,106442,118571,0.3253384449890291,0,0,,0.4034951329995238,40,ALL_RESOLVED
final_v2,ucs,map3,150,e807fcfc735986e9,e02d0416b7d51b2a,b3362d9604322a0c,a65eb91a39ef4179,30,29,1,0,0.9666666666666667,39,24.724137931034484,25,0,79,727,143675,155959,0.7425891030288767,0,0,,0.8210232300007192,39,ALL_RESOLVED
final_v2,greedy,map3,150,e807fcfc735986e9,e02d0416b7d51b2a,b3362d9604322a0c,a65eb91a39ef4179,30,30,0,0,1.0,40,25.233333333333334,25.5,0,115,757,8966,22231,0.05627621605890454,0,0,,0.13040002500201808,40,ALL_RESOLVED
final_v2,astar,map3,150,e807fcfc735986e9,e02d0416b7d51b2a,b3362d9604322a0c,a65eb91a39ef4179,30,29,1,0,0.9666666666666667,39,24.724137931034484,25,0,83,727,31353,47710,0.1855400009699224,0,0,,0.2592879340008949,39,ALL_RESOLVED
final_v2,ga,map3,140,e807fcfc735986e9,e02d0416b7d51b2a,b3362d9604322a0c,a65eb91a39ef4179,30,29,1,0,0.9666666666666667,41,26.482758620689655,27,10,128,776,0,146904,12.19300276402646,6011,146904,0.25,12.323663161998411,41,ALL_RESOLVED
final_v2,bfs,map3,151,e807fcfc735986e9,e02d0416b7d51b2a,b3362d9604322a0c,a65eb91a39ef4179,30,30,0,0,1.0,37,22.5,22.5,0,93,675,84901,94522,0.15917798305599717,0,0,,0.20234833400172647,37,ALL_RESOLVED
final_v2,ucs,map3,151,e807fcfc735986e9,e02d0416b7d51b2a,b3362d9604322a0c,a65eb91a39ef4179,30,30,0,0,1.0,37,22.5,22.5,0,71,675,122895,134152,0.3953051300304651,0,0,,0.44161911600167514,37,ALL_RESOLVED
final_v2,greedy,map3,151,e807fcfc735986e9,e02d0416b7d51b2a,b3362d9604322a0c,a65eb91a39ef4179,30,30,0,0,1.0,37,22.5,22.5,0,93,675,7593,18034,0.031217272986395983,0,0,,0.07585774600011064,37,ALL_RESOLVED
final_v2,astar,map3,151,e807fcfc735986e9,e02d0416b7d51b2a,b3362d9604322a0c,a65eb91a39ef4179,30,30,0,0,1.0,37,22.5,22.5,0,77,675,29469,42984,0.10567426300985971,0,0,,0.15034229299999424,37,ALL_RESOLVED
final_v2,ga,map3,144,e807fcfc735986e9,e02d0416b7d51b2a,b3362d9604322a0c,a65eb91a39ef4179,30,17,3,10,0.5666666666666667,25,16.88235294117647,17,29,46,623,0,154681,8.942394871948636,6552,154681,0.25,9.028205998001795,28,ALL_RESOLVED
final_v2,ga,map3,142,e807fcfc735986e9,e02d0416b7d51b2a,b3362d9604322a0c,a65eb91a39ef4179,30,30,0,0,1.0,37,22.5,22.5,4,79,675,0,128553,11.366364654011704,5263,128553,0.25,11.493322303998866,37,ALL_RESOLVED
final_v2,bfs,map3,152,e807fcfc735986e9,e02d0416b7d51b2a,b3362d9604322a0c,a65eb91a39ef4179,30,30,0,0,1.0,39,24.366666666666667,24.5,0,153,731,84958,95736,0.16515011597584817,0,0,,0.21337496299747727,39,ALL_RESOLVED
final_v2,greedy,map3,152,e807fcfc735986e9,e02d0416b7d51b2a,b3362d9604322a0c,a65eb91a39ef4179,30,30,0,0,1.0,39,24.366666666666667,24.5,0,153,731,7576,18619,0.032277889986289665,0,0,,0.08155209300093702,39,ALL_RESOLVED
final_v2,ga,map3,146,e807fcfc735986e9,e02d0416b7d51b2a,b3362d9604322a0c,a65eb91a39ef4179,30,30,0,0,1.0,38,23.333333333333332,23.5,4,135,700,0,130835,8.383523409022018,5329,130835,0.25,8.490539449001517,38,ALL_RESOLVED
final_v2,astar,map3,152,e807fcfc735986e9,e02d0416b7d51b2a,b3362d9604322a0c,a65eb91a39ef4179,30,30,0,0,1.0,39,24.366666666666667,24.5,0,119,731,28834,43127,0.1101764420454856,0,0,,0.15757063099954394,39,ALL_RESOLVED
final_v2,bfs,map3,153,e807fcfc735986e9,e02d0416b7d51b2a,b3362d9604322a0c,a65eb91a39ef4179,30,27,2,1,0.9,35,22.0,22,0,124,632,72565,81338,0.14462130495667225,0,0,,0.18794425099986256,35,ALL_RESOLVED
final_v2,ucs,map3,152,e807fcfc735986e9,e02d0416b7d51b2a,b3362d9604322a0c,a65eb91a39ef4179,30,30,0,0,1.0,39,24.366666666666667,24.5,0,109,731,127587,140266,0.668017141018936,0,0,,0.7478870839986484,39,ALL_RESOLVED
final_v2,greedy,map3,153,e807fcfc735986e9,e02d0416b7d51b2a,b3362d9604322a0c,a65eb91a39ef4179,30,27,2,1,0.9,35,22.0,22,0,124,632,6507,16250,0.0409443850403477,0,0,,0.10528685100143775,35,ALL_RESOLVED
final_v2,ucs,map3,153,e807fcfc735986e9,e02d0416b7d51b2a,b3362d9604322a0c,a65eb91a39ef4179,30,27,2,1,0.9,35,22.0,22,0,110,632,108128,118001,0.3574584020061593,0,0,,0.40376344499964034,35,ALL_RESOLVED
final_v2,astar,map3,153,e807fcfc735986e9,e02d0416b7d51b2a,b3362d9604322a0c,a65eb91a39ef4179,30,27,2,1,0.9,35,22.0,22,0,110,632,25463,38206,0.14986417700129095,0,0,,0.2166851370020595,35,ALL_RESOLVED
final_v2,ga,map3,145,e807fcfc735986e9,e02d0416b7d51b2a,b3362d9604322a0c,a65eb91a39ef4179,30,14,10,6,0.4666666666666667,22,15.214285714285714,15.5,16,16,495,0,102583,9.949293262081483,4308,102583,0.25,10.039186761001474,22,ALL_RESOLVED
final_v2,bfs,map3,154,e807fcfc735986e9,e02d0416b7d51b2a,b3362d9604322a0c,a65eb91a39ef4179,30,29,1,0,0.9666666666666667,36,22.0,22,0,106,646,75196,83880,0.23042054997131345,0,0,,0.3006484059987997,36,ALL_RESOLVED
final_v2,greedy,map3,154,e807fcfc735986e9,e02d0416b7d51b2a,b3362d9604322a0c,a65eb91a39ef4179,30,29,1,0,0.9666666666666667,36,22.0,22,0,106,646,6861,16357,0.04252099598306813,0,0,,0.1093307300034212,36,ALL_RESOLVED
final_v2,astar,map3,154,e807fcfc735986e9,e02d0416b7d51b2a,b3362d9604322a0c,a65eb91a39ef4179,30,29,1,0,0.9666666666666667,36,22.0,22,0,94,646,26312,39009,0.1541163470428728,0,0,,0.22223977199973888,36,ALL_RESOLVED
final_v2,ucs,map3,154,e807fcfc735986e9,e02d0416b7d51b2a,b3362d9604322a0c,a65eb91a39ef4179,30,29,1,0,0.9666666666666667,36,22.0,22,0,96,646,108937,119246,0.5656881900140434,0,0,,0.6388769969998975,36,ALL_RESOLVED
final_v2,bfs,map3,155,e807fcfc735986e9,e02d0416b7d51b2a,b3362d9604322a0c,a65eb91a39ef4179,30,26,4,0,0.8666666666666667,33,20.5,20.5,0,104,565,69318,77455,0.21370669805037323,0,0,,0.2775169409978844,33,ALL_RESOLVED
final_v2,ucs,map3,155,e807fcfc735986e9,e02d0416b7d51b2a,b3362d9604322a0c,a65eb91a39ef4179,30,27,3,0,0.9,34,21.0,21,0,76,589,111076,120111,0.5771026849724876,0,0,,0.6465068450015679,34,ALL_RESOLVED
final_v2,greedy,map3,155,e807fcfc735986e9,e02d0416b7d51b2a,b3362d9604322a0c,a65eb91a39ef4179,30,26,4,0,0.8666666666666667,33,20.5,20.5,0,104,565,5989,14998,0.03788183895449038,0,0,,0.09907289300099364,33,ALL_RESOLVED
final_v2,astar,map3,155,e807fcfc735986e9,e02d0416b7d51b2a,b3362d9604322a0c,a65eb91a39ef4179,30,27,3,0,0.9,34,21.0,21,0,80,589,26352,39366,0.1554079829620605,0,0,,0.22046089499781374,34,ALL_RESOLVED
final_v2,ga,map3,147,e807fcfc735986e9,e02d0416b7d51b2a,b3362d9604322a0c,a65eb91a39ef4179,30,29,1,0,0.9666666666666667,38,23.586206896551722,24,5,76,690,0,129301,11.685106219047157,5304,129301,0.25,11.813859191999654,38,ALL_RESOLVED
final_v2,ga,map3,148,e807fcfc735986e9,e02d0416b7d51b2a,b3362d9604322a0c,a65eb91a39ef4179,30,29,1,0,0.9666666666666667,37,22.03448275862069,22,5,97,645,0,122351,10.793562992970692,5015,122351,0.25,10.915948686000775,37,ALL_RESOLVED
final_v2,bfs,map3,156,e807fcfc735986e9,e02d0416b7d51b2a,b3362d9604322a0c,a65eb91a39ef4179,30,30,0,0,1.0,38,23.5,23.5,0,136,705,86450,97931,0.26563120092760073,0,0,,0.341166460999375,38,ALL_RESOLVED
final_v2,greedy,map3,156,e807fcfc735986e9,e02d0416b7d51b2a,b3362d9604322a0c,a65eb91a39ef4179,30,30,0,0,1.0,38,23.5,23.5,0,136,705,7384,18669,0.046825661935145035,0,0,,0.11836402400149382,38,ALL_RESOLVED
final_v2,ga,map3,143,e807fcfc735986e9,e02d0416b7d51b2a,b3362d9604322a0c,a65eb91a39ef4179,30,18,10,2,0.6,32,19.22222222222222,18.5,21,5,662,0,153796,14.907789118009532,6507,153796,0.25,15.056410004999634,48,ALL_RESOLVED
final_v2,astar,map3,156,e807fcfc735986e9,e02d0416b7d51b2a,b3362d9604322a0c,a65eb91a39ef4179,30,30,0,0,1.0,38,23.5,23.5,0,82,705,27014,41775,0.16025464202903095,0,0,,0.23222299500048393,38,ALL_RESOLVED
final_v2,ucs,map3,156,e807fcfc735986e9,e02d0416b7d51b2a,b3362d9604322a0c,a65eb91a39ef4179,30,30,0,0,1.0,38,23.5,23.5,0,98,705,130490,142546,0.6497166820154234,0,0,,0.7252737550006714,38,ALL_RESOLVED
final_v2,bfs,map3,157,e807fcfc735986e9,e02d0416b7d51b2a,b3362d9604322a0c,a65eb91a39ef4179,30,26,4,0,0.8666666666666667,33,20.5,20.5,0,69,603,84578,94302,0.2593597210361622,0,0,,0.32586011300008977,33,ALL_RESOLVED
final_v2,ga,map3,151,e807fcfc735986e9,e02d0416b7d51b2a,b3362d9604322a0c,a65eb91a39ef4179,30,30,0,0,1.0,38,23.233333333333334,23.5,5,100,697,0,130274,6.985372012939479,5316,130274,0.25,7.072641912000108,38,ALL_RESOLVED
final_v2,greedy,map3,157,e807fcfc735986e9,e02d0416b7d51b2a,b3362d9604322a0c,a65eb91a39ef4179,30,26,4,0,0.8666666666666667,33,20.5,20.5,0,69,603,7107,17163,0.044737530006386805,0,0,,0.10749701500026276,33,ALL_RESOLVED
final_v2,astar,map3,157,e807fcfc735986e9,e02d0416b7d51b2a,b3362d9604322a0c,a65eb91a39ef4179,30,28,2,0,0.9333333333333333,35,21.5,21.5,0,78,652,30266,44193,0.11218778196780477,0,0,,0.15596845800246228,35,ALL_RESOLVED
final_v2,ucs,map3,157,e807fcfc735986e9,e02d0416b7d51b2a,b3362d9604322a0c,a65eb91a39ef4179,30,28,2,0,0.9333333333333333,35,21.5,21.5,0,78,652,128749,139240,0.6694995930010919,0,0,,0.7442335929990804,35,ALL_RESOLVED
final_v2,bfs,map3,158,e807fcfc735986e9,e02d0416b7d51b2a,b3362d9604322a0c,a65eb91a39ef4179,30,8,10,12,0.26666666666666666,22,14.5,13.5,0,13,510,112459,122772,0.22246653999536647,0,0,,0.2521733769972343,22,ALL_RESOLVED
final_v2,greedy,map3,158,e807fcfc735986e9,e02d0416b7d51b2a,b3362d9604322a0c,a65eb91a39ef4179,30,8,10,12,0.26666666666666666,22,14.5,13.5,0,13,510,9248,21523,0.034436598001775565,0,0,,0.060858695997012546,22,ALL_RESOLVED
final_v2,astar,map3,158,e807fcfc735986e9,e02d0416b7d51b2a,b3362d9604322a0c,a65eb91a39ef4179,30,8,10,12,0.26666666666666666,22,14.5,13.5,0,4,518,27028,40135,0.10214887298934627,0,0,,0.13081490299737197,22,ALL_RESOLVED
final_v2,ga,map3,149,e807fcfc735986e9,e02d0416b7d51b2a,b3362d9604322a0c,a65eb91a39ef4179,30,18,12,0,0.6,34,19.77777777777778,19.5,17,8,582,0,128251,12.092281820016069,5381,128251,0.25,12.215164960998663,36,ALL_RESOLVED
final_v2,ucs,map3,158,e807fcfc735986e9,e02d0416b7d51b2a,b3362d9604322a0c,a65eb91a39ef4179,30,8,10,12,0.26666666666666666,22,14.5,13.5,0,4,518,134461,142682,0.6931162159926316,0,0,,0.7427258120005718,22,ALL_RESOLVED
final_v2,bfs,map3,159,e807fcfc735986e9,e02d0416b7d51b2a,b3362d9604322a0c,a65eb91a39ef4179,30,9,7,14,0.3,16,12.0,12,0,8,424,79041,86024,0.24290041002313956,0,0,,0.27816506999806734,16,ALL_RESOLVED
final_v2,greedy,map3,159,e807fcfc735986e9,e02d0416b7d51b2a,b3362d9604322a0c,a65eb91a39ef4179,30,9,9,12,0.3,16,12.0,12,0,8,422,6931,15496,0.04224371103919111,0,0,,0.07439642600002117,16,ALL_RESOLVED
final_v2,astar,map3,159,e807fcfc735986e9,e02d0416b7d51b2a,b3362d9604322a0c,a65eb91a39ef4179,30,9,7,14,0.3,16,12.0,12,0,8,428,23367,32777,0.13454612296482082,0,0,,0.16822583899920573,16,ALL_RESOLVED
final_v2,ucs,map3,159,e807fcfc735986e9,e02d0416b7d51b2a,b3362d9604322a0c,a65eb91a39ef4179,30,9,9,12,0.3,16,12.0,12,0,8,426,97061,103695,0.5010532209998928,0,0,,0.5390561999993224,16,ALL_RESOLVED
final_v2,bfs,map3,160,e807fcfc735986e9,e02d0416b7d51b2a,b3362d9604322a0c,a65eb91a39ef4179,30,30,0,0,1.0,38,23.466666666666665,23.5,0,129,704,82421,92254,0.2526774100260809,0,0,,0.3268115220016625,38,ALL_RESOLVED
final_v2,ga,map3,153,e807fcfc735986e9,e02d0416b7d51b2a,b3362d9604322a0c,a65eb91a39ef4179,30,27,3,0,0.9,35,22.0,22,6,117,664,0,124978,6.593738159001077,5111,124978,0.25,6.677603524000006,36,ALL_RESOLVED
final_v2,greedy,map3,160,e807fcfc735986e9,e02d0416b7d51b2a,b3362d9604322a0c,a65eb91a39ef4179,30,30,0,0,1.0,38,23.466666666666665,23.5,0,129,704,7552,18647,0.031190535952191567,0,0,,0.07590816399897449,38,ALL_RESOLVED
final_v2,astar,map3,160,e807fcfc735986e9,e02d0416b7d51b2a,b3362d9604322a0c,a65eb91a39ef4179,30,30,0,0,1.0,38,23.466666666666665,23.5,0,105,704,31454,45993,0.11471967603210942,0,0,,0.1606475810003758,38,ALL_RESOLVED
final_v2,ucs,map3,160,e807fcfc735986e9,e02d0416b7d51b2a,b3362d9604322a0c,a65eb91a39ef4179,30,30,0,0,1.0,38,23.466666666666665,23.5,0,91,704,127481,139298,0.661684998030978,0,0,,0.7403464679991885,38,ALL_RESOLVED
final_v2,bfs,map3,161,e807fcfc735986e9,e02d0416b7d51b2a,b3362d9604322a0c,a65eb91a39ef4179,30,30,0,0,1.0,39,24.466666666666665,24.5,0,137,734,82424,92461,0.2527614559439826,0,0,,0.32833254800061695,39,ALL_RESOLVED
final_v2,ga,map3,150,e807fcfc735986e9,e02d0416b7d51b2a,b3362d9604322a0c,a65eb91a39ef4179,30,29,1,0,0.9666666666666667,39,24.82758620689655,25,6,90,734,0,140001,12.648121367048589,5751,140001,0.25,12.78517796399683,39,ALL_RESOLVED
final_v2,greedy,map3,161,e807fcfc735986e9,e02d0416b7d51b2a,b3362d9604322a0c,a65eb91a39ef4179,30,30,0,0,1.0,39,24.466666666666665,24.5,0,137,734,7848,18299,0.04936259901660378,0,0,,0.12557204300173908,39,ALL_RESOLVED
final_v2,astar,map3,161,e807fcfc735986e9,e02d0416b7d51b2a,b3362d9604322a0c,a65eb91a39ef4179,30,30,0,0,1.0,39,24.466666666666665,24.5,0,123,734,29364,43104,0.17283630707242992,0,0,,0.25079006899977685,39,ALL_RESOLVED
final_v2,ucs,map3,161,e807fcfc735986e9,e02d0416b7d51b2a,b3362d9604322a0c,a65eb91a39ef4179,30,30,0,0,1.0,39,24.466666666666665,24.5,0,121,734,122088,134561,0.6381705009989673,0,0,,0.718419062999601,39,ALL_RESOLVED
final_v2,bfs,map3,162,e807fcfc735986e9,e02d0416b7d51b2a,b3362d9604322a0c,a65eb91a39ef4179,30,14,14,2,0.4666666666666667,27,18.0,18.5,0,30,572,102879,115119,0.313391734041943,0,0,,0.3711942879999697,28,ALL_RESOLVED
final_v2,ucs,map3,162,e807fcfc735986e9,e02d0416b7d51b2a,b3362d9604322a0c,a65eb91a39ef4179,30,15,12,3,0.5,28,19.733333333333334,21,0,14,592,132501,142992,0.6844707649979682,0,0,,0.7450849870001548,28,ALL_RESOLVED
final_v2,greedy,map3,162,e807fcfc735986e9,e02d0416b7d51b2a,b3362d9604322a0c,a65eb91a39ef4179,30,14,14,2,0.4666666666666667,27,18.0,18.5,0,28,572,8042,19598,0.05022501896019094,0,0,,0.10354254900084925,28,ALL_RESOLVED
final_v2,astar,map3,162,e807fcfc735986e9,e02d0416b7d51b2a,b3362d9604322a0c,a65eb91a39ef4179,30,15,12,3,0.5,28,19.733333333333334,21,0,14,592,26193,39826,0.1537250000255881,0,0,,0.2078742029989371,28,ALL_RESOLVED
final_v2,ga,map3,152,e807fcfc735986e9,e02d0416b7d51b2a,b3362d9604322a0c,a65eb91a39ef4179,30,29,1,0,0.9666666666666667,38,23.862068965517242,24,3,142,710,0,131520,11.502489337974112,5366,131520,0.25,11.632145529998525,38,ALL_RESOLVED
final_v2,bfs,map3,163,e807fcfc735986e9,e02d0416b7d51b2a,b3362d9604322a0c,a65eb91a39ef4179,30,30,0,0,1.0,38,23.3,23.5,0,109,699,90800,101513,0.2770731650052767,0,0,,0.3514257989991165,38,ALL_RESOLVED
final_v2,ga,map3,154,e807fcfc735986e9,e02d0416b7d51b2a,b3362d9604322a0c,a65eb91a39ef4179,30,29,1,0,0.9666666666666667,36,22.0,22,3,98,650,0,122179,10.642390648958099,4991,122179,0.25,10.763500360000762,36,ALL_RESOLVED
final_v2,greedy,map3,163,e807fcfc735986e9,e02d0416b7d51b2a,b3362d9604322a0c,a65eb91a39ef4179,30,30,0,0,1.0,38,23.3,23.5,0,109,699,7681,18889,0.048002495044784155,0,0,,0.11910671900113812,38,ALL_RESOLVED
final_v2,ucs,map3,163,e807fcfc735986e9,e02d0416b7d51b2a,b3362d9604322a0c,a65eb91a39ef4179,30,30,0,0,1.0,38,23.3,23.5,0,79,699,133405,145359,0.6996678879804676,0,0,,0.7790721890014538,38,ALL_RESOLVED
final_v2,ga,map3,158,e807fcfc735986e9,e02d0416b7d51b2a,b3362d9604322a0c,a65eb91a39ef4179,30,7,9,14,0.23333333333333334,22,13.714285714285714,13,19,19,548,0,114048,6.755779606050055,4793,114048,0.25,6.827278509997996,22,ALL_RESOLVED
final_v2,astar,map3,163,e807fcfc735986e9,e02d0416b7d51b2a,b3362d9604322a0c,a65eb91a39ef4179,30,30,0,0,1.0,38,23.3,23.5,0,87,699,29010,43895,0.17058961296788766,0,0,,0.24379255900203134,38,ALL_RESOLVED
final_v2,bfs,map3,164,e807fcfc735986e9,e02d0416b7d51b2a,b3362d9604322a0c,a65eb91a39ef4179,30,30,0,0,1.0,38,23.5,23.5,0,125,705,97324,109505,0.18862064793211175,0,0,,0.23704259200167144,38,ALL_RESOLVED
final_v2,greedy,map3,164,e807fcfc735986e9,e02d0416b7d51b2a,b3362d9604322a0c,a65eb91a39ef4179,30,30,0,0,1.0,38,23.5,23.5,0,125,705,7683,19617,0.028634621878154576,0,0,,0.072114860999136,38,ALL_RESOLVED
final_v2,astar,map3,164,e807fcfc735986e9,e02d0416b7d51b2a,b3362d9604322a0c,a65eb91a39ef4179,30,30,0,0,1.0,38,23.5,23.5,0,95,705,28132,43759,0.10292897302497295,0,0,,0.14944472899878747,38,ALL_RESOLVED
final_v2,ga,map3,155,e807fcfc735986e9,e02d0416b7d51b2a,b3362d9604322a0c,a65eb91a39ef4179,30,28,2,0,0.9333333333333333,35,21.5,21.5,5,105,624,0,116269,10.214551368087996,4739,116269,0.25,10.335551470998325,35,ALL_RESOLVED
final_v2,ucs,map3,164,e807fcfc735986e9,e02d0416b7d51b2a,b3362d9604322a0c,a65eb91a39ef4179,30,30,0,0,1.0,38,23.5,23.5,0,95,705,138481,150638,0.7239993979492283,0,0,,0.8045032439986244,38,ALL_RESOLVED
final_v2,bfs,map3,165,e807fcfc735986e9,e02d0416b7d51b2a,b3362d9604322a0c,a65eb91a39ef4179,30,3,6,21,0.1,12,11.0,11,0,6,329,79564,85900,0.24371315298049012,0,0,,0.2712354930008587,12,ALL_RESOLVED
final_v2,greedy,map3,165,e807fcfc735986e9,e02d0416b7d51b2a,b3362d9604322a0c,a65eb91a39ef4179,30,3,7,20,0.1,12,11.0,11,0,4,329,6631,15361,0.0413547540010768,0,0,,0.065964568999334,12,ALL_RESOLVED
final_v2,astar,map3,165,e807fcfc735986e9,e02d0416b7d51b2a,b3362d9604322a0c,a65eb91a39ef4179,30,3,6,21,0.1,12,11.0,11,0,5,329,20465,29657,0.1193289779657789,0,0,,0.14493623599992134,12,ALL_RESOLVED
final_v2,ucs,map3,165,e807fcfc735986e9,e02d0416b7d51b2a,b3362d9604322a0c,a65eb91a39ef4179,30,3,6,21,0.1,12,11.0,11,0,5,329,94175,100108,0.4882143220056605,0,0,,0.5175880280003184,12,ALL_RESOLVED
final_v2,ga,map3,160,e807fcfc735986e9,e02d0416b7d51b2a,b3362d9604322a0c,a65eb91a39ef4179,30,27,3,0,0.9,35,21.962962962962962,22,2,78,619,0,118417,6.680857113991806,4862,118417,0.25,6.764942934001738,35,ALL_RESOLVED
final_v2,bfs,map3,166,e807fcfc735986e9,e02d0416b7d51b2a,b3362d9604322a0c,a65eb91a39ef4179,30,27,3,0,0.9,35,21.22222222222222,21,0,28,611,105715,116830,0.3225016149044677,0,0,,0.3905812060002063,35,ALL_RESOLVED
final_v2,greedy,map3,166,e807fcfc735986e9,e02d0416b7d51b2a,b3362d9604322a0c,a65eb91a39ef4179,30,27,3,0,0.9,35,21.22222222222222,21,0,28,611,8099,20128,0.051127279992215335,0,0,,0.1149062149997917,35,ALL_RESOLVED
final_v2,ucs,map3,166,e807fcfc735986e9,e02d0416b7d51b2a,b3362d9604322a0c,a65eb91a39ef4179,30,26,4,0,0.8666666666666667,37,22.307692307692307,22.5,0,22,638,148238,158393,0.49655058704229305,0,0,,0.5481568870018236,37,ALL_RESOLVED
final_v2,ga,map3,159,e807fcfc735986e9,e02d0416b7d51b2a,b3362d9604322a0c,a65eb91a39ef4179,30,8,8,14,0.26666666666666666,16,12.25,12.5,12,8,412,0,83775,8.026895484017587,3507,83775,0.25,8.099003035997157,16,ALL_RESOLVED
final_v2,astar,map3,166,e807fcfc735986e9,e02d0416b7d51b2a,b3362d9604322a0c,a65eb91a39ef4179,30,26,4,0,0.8666666666666667,36,22.23076923076923,22.5,0,28,636,34569,50596,0.201607427901763,0,0,,0.27031214900125633,36,ALL_RESOLVED
final_v2,bfs,map3,167,e807fcfc735986e9,e02d0416b7d51b2a,b3362d9604322a0c,a65eb91a39ef4179,30,28,2,0,0.9333333333333333,36,22.464285714285715,22.5,0,119,671,83006,93804,0.25460463000490563,0,0,,0.3263149880003766,36,ALL_RESOLVED
final_v2,greedy,map3,167,e807fcfc735986e9,e02d0416b7d51b2a,b3362d9604322a0c,a65eb91a39ef4179,30,27,3,0,0.9,35,21.962962962962962,22,0,106,651,7047,17356,0.04398294498605537,0,0,,0.11044601700268686,35,ALL_RESOLVED
final_v2,astar,map3,167,e807fcfc735986e9,e02d0416b7d51b2a,b3362d9604322a0c,a65eb91a39ef4179,30,27,3,0,0.9,36,22.85185185185185,23,0,114,695,26783,40254,0.1567794620677887,0,0,,0.22739204599929508,36,ALL_RESOLVED
final_v2,ucs,map3,167,e807fcfc735986e9,e02d0416b7d51b2a,b3362d9604322a0c,a65eb91a39ef4179,30,27,3,0,0.9,36,22.85185185185185,23,0,112,695,122385,133810,0.6365158139597042,0,0,,0.7121530450021964,36,ALL_RESOLVED
final_v2,bfs,map3,168,e807fcfc735986e9,e02d0416b7d51b2a,b3362d9604322a0c,a65eb91a39ef4179,30,30,0,0,1.0,37,22.5,22.5,0,139,675,70894,80232,0.21728042102768086,0,0,,0.2902272829996946,37,ALL_RESOLVED
final_v2,ga,map3,156,e807fcfc735986e9,e02d0416b7d51b2a,b3362d9604322a0c,a65eb91a39ef4179,30,30,0,0,1.0,38,23.5,23.5,3,119,705,0,132413,11.60380655998597,5400,132413,0.25,11.734353265997925,38,ALL_RESOLVED
final_v2,greedy,map3,168,e807fcfc735986e9,e02d0416b7d51b2a,b3362d9604322a0c,a65eb91a39ef4179,30,30,0,0,1.0,37,22.5,22.5,0,139,675,6659,15979,0.04118408902650117,0,0,,0.11139825799909886,37,ALL_RESOLVED
final_v2,astar,map3,168,e807fcfc735986e9,e02d0416b7d51b2a,b3362d9604322a0c,a65eb91a39ef4179,30,30,0,0,1.0,37,22.5,22.5,0,123,675,27392,40384,0.16000373305359972,0,0,,0.23247472300135996,37,ALL_RESOLVED
final_v2,ucs,map3,168,e807fcfc735986e9,e02d0416b7d51b2a,b3362d9604322a0c,a65eb91a39ef4179,30,30,0,0,1.0,37,22.5,22.5,0,119,675,113411,124884,0.5922078359908483,0,0,,0.6693979430019681,37,ALL_RESOLVED
final_v2,ga,map3,157,e807fcfc735986e9,e02d0416b7d51b2a,b3362d9604322a0c,a65eb91a39ef4179,30,30,0,0,1.0,37,22.5,22.5,8,79,675,0,125834,11.520244835057383,5139,125834,0.25,11.652638207000564,37,ALL_RESOLVED
final_v2,bfs,map3,169,e807fcfc735986e9,e02d0416b7d51b2a,b3362d9604322a0c,a65eb91a39ef4179,30,30,0,0,1.0,37,22.5,22.5,0,129,675,75267,84197,0.2334611800069979,0,0,,0.30872295800145366,37,ALL_RESOLVED
final_v2,greedy,map3,169,e807fcfc735986e9,e02d0416b7d51b2a,b3362d9604322a0c,a65eb91a39ef4179,30,30,0,0,1.0,37,22.5,22.5,0,129,675,7024,16719,0.04384310496607213,0,0,,0.1161840079985268,37,ALL_RESOLVED
final_v2,astar,map3,169,e807fcfc735986e9,e02d0416b7d51b2a,b3362d9604322a0c,a65eb91a39ef4179,30,30,0,0,1.0,37,22.5,22.5,0,119,675,29925,43303,0.17430941904240171,0,0,,0.2477547400012554,37,ALL_RESOLVED
final_v2,ucs,map3,169,e807fcfc735986e9,e02d0416b7d51b2a,b3362d9604322a0c,a65eb91a39ef4179,30,30,0,0,1.0,37,22.5,22.5,0,103,675,118952,130244,0.6231024179578526,0,0,,0.7013467640026647,37,ALL_RESOLVED
final_v2,bfs,map3,170,e807fcfc735986e9,e02d0416b7d51b2a,b3362d9604322a0c,a65eb91a39ef4179,30,29,1,0,0.9666666666666667,36,22.0,22,0,163,652,62052,70259,0.19009994700172683,0,0,,0.2602688200022385,36,ALL_RESOLVED
final_v2,ucs,map3,170,e807fcfc735986e9,e02d0416b7d51b2a,b3362d9604322a0c,a65eb91a39ef4179,30,29,1,0,0.9666666666666667,36,22.0,22,0,133,656,103605,113832,0.5371666140526941,0,0,,0.6105750540009467,36,ALL_RESOLVED
final_v2,greedy,map3,170,e807fcfc735986e9,e02d0416b7d51b2a,b3362d9604322a0c,a65eb91a39ef4179,30,29,1,0,0.9666666666666667,36,22.0,22,0,163,652,6171,14852,0.03788786799850641,0,0,,0.10543711200079997,36,ALL_RESOLVED
final_v2,astar,map3,170,e807fcfc735986e9,e02d0416b7d51b2a,b3362d9604322a0c,a65eb91a39ef4179,30,29,1,0,0.9666666666666667,36,22.0,22,0,141,650,26166,38313,0.15274749393211096,0,0,,0.22214362600061577,36,ALL_RESOLVED
final_v2,ga,map3,164,e807fcfc735986e9,e02d0416b7d51b2a,b3362d9604322a0c,a65eb91a39ef4179,30,30,0,0,1.0,38,23.5,23.5,7,96,705,0,132323,7.175973968973267,5415,132323,0.25,7.266521557998203,38,ALL_RESOLVED
final_v2,ga,map3,165,e807fcfc735986e9,e02d0416b7d51b2a,b3362d9604322a0c,a65eb91a39ef4179,30,4,4,22,0.13333333333333333,12,10.25,10.5,12,4,331,0,66830,6.4844611290463945,2800,66830,0.25,6.540394233998086,12,ALL_RESOLVED
final_v2,bfs,map3,171,e807fcfc735986e9,e02d0416b7d51b2a,b3362d9604322a0c,a65eb91a39ef4179,30,30,0,0,1.0,39,24.433333333333334,24.5,0,165,733,78154,88080,0.14689277505749487,0,0,,0.19412461200045072,39,ALL_RESOLVED
final_v2,greedy,map3,171,e807fcfc735986e9,e02d0416b7d51b2a,b3362d9604322a0c,a65eb91a39ef4179,30,30,0,0,1.0,39,24.433333333333334,24.5,0,165,733,7348,18306,0.02778890105764731,0,0,,0.07100650799839059,39,ALL_RESOLVED
final_v2,astar,map3,171,e807fcfc735986e9,e02d0416b7d51b2a,b3362d9604322a0c,a65eb91a39ef4179,30,30,0,0,1.0,39,24.433333333333334,24.5,0,143,733,28296,42844,0.09934074704506202,0,0,,0.1447232520004036,39,ALL_RESOLVED
final_v2,ga,map3,161,e807fcfc735986e9,e02d0416b7d51b2a,b3362d9604322a0c,a65eb91a39ef4179,30,30,0,0,1.0,39,24.466666666666665,24.5,5,128,734,0,134785,11.875967925985606,5486,134785,0.25,12.00979393200032,39,ALL_RESOLVED
final_v2,ga,map3,162,e807fcfc735986e9,e02d0416b7d51b2a,b3362d9604322a0c,a65eb91a39ef4179,30,16,10,4,0.5333333333333333,28,19.0625,19.5,4,41,601,0,113996,10.333091864962626,4702,113996,0.25,10.439708325000538,28,ALL_RESOLVED
final_v2,ucs,map3,171,e807fcfc735986e9,e02d0416b7d51b2a,b3362d9604322a0c,a65eb91a39ef4179,30,30,0,0,1.0,39,24.433333333333334,24.5,0,133,733,122687,134644,0.6409634559968254,0,0,,0.7210352969996165,39,ALL_RESOLVED
final_v2,bfs,map3,172,e807fcfc735986e9,e02d0416b7d51b2a,b3362d9604322a0c,a65eb91a39ef4179,30,30,0,0,1.0,38,23.5,23.5,0,174,705,75102,85642,0.23196840401215013,0,0,,0.31036625200067647,38,ALL_RESOLVED
final_v2,greedy,map3,172,e807fcfc735986e9,e02d0416b7d51b2a,b3362d9604322a0c,a65eb91a39ef4179,30,30,0,0,1.0,38,23.5,23.5,0,174,705,6749,16919,0.04232058088746271,0,0,,0.11642129000028945,38,ALL_RESOLVED
final_v2,astar,map3,172,e807fcfc735986e9,e02d0416b7d51b2a,b3362d9604322a0c,a65eb91a39ef4179,30,30,0,0,1.0,38,23.5,23.5,0,140,705,28999,43281,0.1696538449905347,0,0,,0.2454848289999063,38,ALL_RESOLVED
final_v2,ucs,map3,172,e807fcfc735986e9,e02d0416b7d51b2a,b3362d9604322a0c,a65eb91a39ef4179,30,30,0,0,1.0,38,23.5,23.5,0,140,705,125202,137130,0.6511928549662116,0,0,,0.7314958070019202,38,ALL_RESOLVED
final_v2,ga,map3,166,e807fcfc735986e9,e02d0416b7d51b2a,b3362d9604322a0c,a65eb91a39ef4179,30,28,2,0,0.9333333333333333,35,21.5,21.5,3,30,658,0,126875,7.001312697055255,5214,126875,0.25,7.0850643449994095,35,ALL_RESOLVED
final_v2,bfs,map3,173,e807fcfc735986e9,e02d0416b7d51b2a,b3362d9604322a0c,a65eb91a39ef4179,30,19,9,2,0.6333333333333333,26,17.0,17,0,94,561,70465,79986,0.21841435501119122,0,0,,0.273102981998818,26,ALL_RESOLVED
final_v2,greedy,map3,173,e807fcfc735986e9,e02d0416b7d51b2a,b3362d9604322a0c,a65eb91a39ef4179,30,19,9,2,0.6333333333333333,26,17.0,17,0,94,557,6146,15062,0.02523084101630957,0,0,,0.05848448200049461,26,ALL_RESOLVED
final_v2,astar,map3,173,e807fcfc735986e9,e02d0416b7d51b2a,b3362d9604322a0c,a65eb91a39ef4179,30,19,7,4,0.6333333333333333,26,17.0,17,0,71,569,22745,34455,0.13303854301557294,0,0,,0.18662621900148224,26,ALL_RESOLVED
final_v2,ucs,map3,173,e807fcfc735986e9,e02d0416b7d51b2a,b3362d9604322a0c,a65eb91a39ef4179,30,19,7,4,0.6333333333333333,26,17.0,17,0,71,569,110234,119194,0.5691707970327116,0,0,,0.6269048799986194,26,ALL_RESOLVED
final_v2,bfs,map3,174,e807fcfc735986e9,e02d0416b7d51b2a,b3362d9604322a0c,a65eb91a39ef4179,30,29,1,0,0.9666666666666667,36,22.0,22,0,71,654,94806,106340,0.2950870859931456,0,0,,0.36554382700342103,36,ALL_RESOLVED
final_v2,greedy,map3,174,e807fcfc735986e9,e02d0416b7d51b2a,b3362d9604322a0c,a65eb91a39ef4179,30,29,1,0,0.9666666666666667,36,22.0,22,0,67,654,7929,20006,0.050630354999157134,0,0,,0.11851392600146937,36,ALL_RESOLVED
final_v2,astar,map3,174,e807fcfc735986e9,e02d0416b7d51b2a,b3362d9604322a0c,a65eb91a39ef4179,30,29,1,0,0.9666666666666667,36,22.0,22,0,43,644,30556,46506,0.17958428497149725,0,0,,0.24796129099922837,36,ALL_RESOLVED
final_v2,ucs,map3,174,e807fcfc735986e9,e02d0416b7d51b2a,b3362d9604322a0c,a65eb91a39ef4179,30,29,1,0,0.9666666666666667,37,22.689655172413794,23,0,51,664,138753,149180,0.7191760569548933,0,0,,0.7947752679974656,37,ALL_RESOLVED
final_v2,bfs,map3,175,e807fcfc735986e9,e02d0416b7d51b2a,b3362d9604322a0c,a65eb91a39ef4179,30,28,2,0,0.9333333333333333,35,21.5,21.5,0,85,622,81629,89779,0.24846333998721093,0,0,,0.31761589199959417,35,ALL_RESOLVED
final_v2,ga,map3,163,e807fcfc735986e9,e02d0416b7d51b2a,b3362d9604322a0c,a65eb91a39ef4179,30,30,0,0,1.0,38,23.3,23.5,3,96,699,0,132239,11.7309601059751,5416,132239,0.25,11.862652948999312,38,ALL_RESOLVED
final_v2,ucs,map3,175,e807fcfc735986e9,e02d0416b7d51b2a,b3362d9604322a0c,a65eb91a39ef4179,30,28,2,0,0.9333333333333333,35,21.5,21.5,0,73,622,115505,125342,0.5958595260017319,0,0,,0.6682632579977508,35,ALL_RESOLVED
final_v2,greedy,map3,175,e807fcfc735986e9,e02d0416b7d51b2a,b3362d9604322a0c,a65eb91a39ef4179,30,28,2,0,0.9333333333333333,35,21.5,21.5,0,85,622,7232,16912,0.04475314700539457,0,0,,0.11101876900283969,35,ALL_RESOLVED
final_v2,astar,map3,175,e807fcfc735986e9,e02d0416b7d51b2a,b3362d9604322a0c,a65eb91a39ef4179,30,28,2,0,0.9333333333333333,35,21.5,21.5,0,77,622,32690,45813,0.18731484695672407,0,0,,0.2556223300016427,35,ALL_RESOLVED
final_v2,bfs,map3,176,e807fcfc735986e9,e02d0416b7d51b2a,b3362d9604322a0c,a65eb91a39ef4179,30,30,0,0,1.0,37,22.5,22.5,0,131,675,80199,90064,0.24494449395569973,0,0,,0.319005601999379,37,ALL_RESOLVED
final_v2,ucs,map3,176,e807fcfc735986e9,e02d0416b7d51b2a,b3362d9604322a0c,a65eb91a39ef4179,30,30,0,0,1.0,37,22.5,22.5,0,95,675,124170,135699,0.643869709030696,0,0,,0.7213006930032861,37,ALL_RESOLVED
final_v2,greedy,map3,176,e807fcfc735986e9,e02d0416b7d51b2a,b3362d9604322a0c,a65eb91a39ef4179,30,30,0,0,1.0,37,22.5,22.5,0,131,675,7044,17384,0.04383844501353451,0,0,,0.11501707999923383,37,ALL_RESOLVED
final_v2,astar,map3,176,e807fcfc735986e9,e02d0416b7d51b2a,b3362d9604322a0c,a65eb91a39ef4179,30,30,0,0,1.0,37,22.5,22.5,0,107,675,31234,45088,0.1803780520313012,0,0,,0.25284046300293994,37,ALL_RESOLVED
final_v2,ga,map3,167,e807fcfc735986e9,e02d0416b7d51b2a,b3362d9604322a0c,a65eb91a39ef4179,30,27,2,1,0.9,35,21.962962962962962,22,6,116,691,0,128823,11.30294176901225,5267,128823,0.25,11.432327884002007,38,ALL_RESOLVED
final_v2,bfs,map3,177,e807fcfc735986e9,e02d0416b7d51b2a,b3362d9604322a0c,a65eb91a39ef4179,30,22,8,0,0.7333333333333333,30,18.545454545454547,18.5,0,26,542,82203,91529,0.25255745203321567,0,0,,0.31377196100220317,32,ALL_RESOLVED
final_v2,ga,map3,173,e807fcfc735986e9,e02d0416b7d51b2a,b3362d9604322a0c,a65eb91a39ef4179,30,19,11,0,0.6333333333333333,26,17.0,17,2,99,559,0,103743,5.438712646948261,4244,103743,0.25,5.503576737999538,26,ALL_RESOLVED
final_v2,greedy,map3,177,e807fcfc735986e9,e02d0416b7d51b2a,b3362d9604322a0c,a65eb91a39ef4179,30,22,8,0,0.7333333333333333,30,18.545454545454547,18.5,0,26,542,7026,17048,0.028123524934926536,0,0,,0.06377977300144266,32,ALL_RESOLVED
final_v2,ga,map3,168,e807fcfc735986e9,e02d0416b7d51b2a,b3362d9604322a0c,a65eb91a39ef4179,30,30,0,0,1.0,37,22.5,22.5,5,130,675,0,125844,10.895399104036187,5123,125844,0.25,11.01947829999699,37,ALL_RESOLVED
final_v2,astar,map3,177,e807fcfc735986e9,e02d0416b7d51b2a,b3362d9604322a0c,a65eb91a39ef4179,30,23,7,0,0.7666666666666667,31,19.47826086956522,19,0,37,580,24054,35948,0.09054127403578605,0,0,,0.12887383099950966,32,ALL_RESOLVED
final_v2,bfs,map3,178,e807fcfc735986e9,e02d0416b7d51b2a,b3362d9604322a0c,a65eb91a39ef4179,30,30,0,0,1.0,37,22.5,22.5,0,109,675,86677,97387,0.1724949349918461,0,0,,0.21860974800074473,37,ALL_RESOLVED
final_v2,ga,map3,171,e807fcfc735986e9,e02d0416b7d51b2a,b3362d9604322a0c,a65eb91a39ef4179,30,30,0,0,1.0,39,24.433333333333334,24.5,3,148,733,0,137156,7.101968818944442,5587,137156,0.25,7.193637681000837,39,ALL_RESOLVED
final_v2,ucs,map3,177,e807fcfc735986e9,e02d0416b7d51b2a,b3362d9604322a0c,a65eb91a39ef4179,30,23,7,0,0.7666666666666667,31,19.47826086956522,19,0,37,580,112605,122219,0.5860308889677981,0,0,,0.6512339030014118,32,ALL_RESOLVED
final_v2,greedy,map3,178,e807fcfc735986e9,e02d0416b7d51b2a,b3362d9604322a0c,a65eb91a39ef4179,30,30,0,0,1.0,37,22.5,22.5,0,109,675,7330,18268,0.03010235999317956,0,0,,0.0744282679988828,37,ALL_RESOLVED
final_v2,astar,map3,178,e807fcfc735986e9,e02d0416b7d51b2a,b3362d9604322a0c,a65eb91a39ef4179,30,30,0,0,1.0,37,22.5,22.5,0,77,675,26991,41094,0.1589488850077032,0,0,,0.2303307269976358,37,ALL_RESOLVED
final_v2,ucs,map3,178,e807fcfc735986e9,e02d0416b7d51b2a,b3362d9604322a0c,a65eb91a39ef4179,30,30,0,0,1.0,38,22.533333333333335,22.5,0,74,676,124970,135799,0.4058200069339364,0,0,,0.4555889750008646,38,ALL_RESOLVED
final_v2,bfs,map3,179,e807fcfc735986e9,e02d0416b7d51b2a,b3362d9604322a0c,a65eb91a39ef4179,30,7,3,20,0.23333333333333334,14,11.0,11,0,6,379,73956,80058,0.22503895999034285,0,0,,0.25586565299818176,14,ALL_RESOLVED
final_v2,greedy,map3,179,e807fcfc735986e9,e02d0416b7d51b2a,b3362d9604322a0c,a65eb91a39ef4179,30,7,3,20,0.23333333333333334,14,11.0,11,0,6,379,6127,14233,0.03787000200463808,0,0,,0.06621928400272736,14,ALL_RESOLVED
final_v2,ucs,map3,179,e807fcfc735986e9,e02d0416b7d51b2a,b3362d9604322a0c,a65eb91a39ef4179,30,5,6,19,0.16666666666666666,12,10.0,10,0,4,370,86367,92325,0.27523312394623645,0,0,,0.2956268759990053,14,ALL_RESOLVED
final_v2,ga,map3,169,e807fcfc735986e9,e02d0416b7d51b2a,b3362d9604322a0c,a65eb91a39ef4179,30,30,0,0,1.0,42,22.7,22.5,6,95,681,0,128163,11.326999505003187,5225,128163,0.25,11.460247875002096,42,ALL_RESOLVED
final_v2,astar,map3,179,e807fcfc735986e9,e02d0416b7d51b2a,b3362d9604322a0c,a65eb91a39ef4179,30,6,6,18,0.2,13,10.5,10.5,0,4,363,18496,26738,0.10709029495410505,0,0,,0.13605104900125298,14,ALL_RESOLVED
final_v2,ga,map3,170,e807fcfc735986e9,e02d0416b7d51b2a,b3362d9604322a0c,a65eb91a39ef4179,30,29,1,0,0.9666666666666667,36,22.0,22,5,148,646,0,119083,10.212765930977184,4824,119083,0.25,10.331943290002528,36,ALL_RESOLVED
final_v2,bfs,map3,180,e807fcfc735986e9,e02d0416b7d51b2a,b3362d9604322a0c,a65eb91a39ef4179,30,30,0,0,1.0,37,22.5,22.5,0,110,675,80007,88921,0.244743032984843,0,0,,0.3180900429979374,37,ALL_RESOLVED
final_v2,greedy,map3,180,e807fcfc735986e9,e02d0416b7d51b2a,b3362d9604322a0c,a65eb91a39ef4179,30,30,0,0,1.0,37,22.5,22.5,0,110,675,7361,17552,0.04594739308595308,0,0,,0.11575595600152155,37,ALL_RESOLVED
final_v2,astar,map3,180,e807fcfc735986e9,e02d0416b7d51b2a,b3362d9604322a0c,a65eb91a39ef4179,30,30,0,0,1.0,37,22.5,22.5,0,100,675,32130,46093,0.18515594498967403,0,0,,0.2566088769999624,37,ALL_RESOLVED
final_v2,ucs,map3,180,e807fcfc735986e9,e02d0416b7d51b2a,b3362d9604322a0c,a65eb91a39ef4179,30,30,0,0,1.0,38,22.533333333333335,22.5,0,93,676,121731,132670,0.6331951509746432,0,0,,0.7111221619998105,38,ALL_RESOLVED
final_v2,bfs,map3,181,e807fcfc735986e9,e02d0416b7d51b2a,b3362d9604322a0c,a65eb91a39ef4179,30,30,0,0,1.0,37,22.5,22.5,0,116,675,84198,94954,0.25813018497501616,0,0,,0.3306594509995193,37,ALL_RESOLVED
final_v2,greedy,map3,181,e807fcfc735986e9,e02d0416b7d51b2a,b3362d9604322a0c,a65eb91a39ef4179,30,30,0,0,1.0,37,22.5,22.5,0,116,675,7069,17776,0.04445399492396973,0,0,,0.11348580400226638,37,ALL_RESOLVED
final_v2,astar,map3,181,e807fcfc735986e9,e02d0416b7d51b2a,b3362d9604322a0c,a65eb91a39ef4179,30,30,0,0,1.0,38,23.133333333333333,23.5,0,109,694,29293,43997,0.17171606206466095,0,0,,0.24456085199926747,38,ALL_RESOLVED
final_v2,ucs,map3,181,e807fcfc735986e9,e02d0416b7d51b2a,b3362d9604322a0c,a65eb91a39ef4179,30,30,0,0,1.0,38,23.133333333333333,23.5,0,109,694,129829,141164,0.6748775489686523,0,0,,0.7532620689999021,38,ALL_RESOLVED
final_v2,bfs,map3,182,e807fcfc735986e9,e02d0416b7d51b2a,b3362d9604322a0c,a65eb91a39ef4179,30,28,2,0,0.9333333333333333,36,22.5,22.5,0,102,652,88725,99622,0.2729761119990144,0,0,,0.3453063769993605,36,ALL_RESOLVED
final_v2,ucs,map3,182,e807fcfc735986e9,e02d0416b7d51b2a,b3362d9604322a0c,a65eb91a39ef4179,30,28,2,0,0.9333333333333333,36,22.5,22.5,0,72,652,126103,137167,0.6566455039610446,0,0,,0.7314212119999866,36,ALL_RESOLVED
final_v2,greedy,map3,182,e807fcfc735986e9,e02d0416b7d51b2a,b3362d9604322a0c,a65eb91a39ef4179,30,28,2,0,0.9333333333333333,36,22.5,22.5,0,102,652,7303,18041,0.045921800967335,0,0,,0.1144637249999505,36,ALL_RESOLVED
final_v2,astar,map3,182,e807fcfc735986e9,e02d0416b7d51b2a,b3362d9604322a0c,a65eb91a39ef4179,30,28,2,0,0.9333333333333333,36,22.5,22.5,0,76,652,26898,41109,0.1588853159591963,0,0,,0.22837573699871427,36,ALL_RESOLVED
final_v2,ga,map3,172,e807fcfc735986e9,e02d0416b7d51b2a,b3362d9604322a0c,a65eb91a39ef4179,30,30,0,0,1.0,38,23.5,23.5,1,159,705,0,131922,11.422516161983367,5369,131922,0.25,11.557132796999213,38,ALL_RESOLVED
final_v2,ga,map3,179,e807fcfc735986e9,e02d0416b7d51b2a,b3362d9604322a0c,a65eb91a39ef4179,30,7,5,18,0.23333333333333334,14,11.0,11,9,12,371,0,75250,4.342232403992966,3131,75250,0.25,4.384381566000229,14,ALL_RESOLVED
final_v2,bfs,map3,183,e807fcfc735986e9,e02d0416b7d51b2a,b3362d9604322a0c,a65eb91a39ef4179,30,30,0,0,1.0,37,22.5,22.5,0,124,675,72499,81951,0.2239320859662257,0,0,,0.29480232399873785,37,ALL_RESOLVED
final_v2,greedy,map3,183,e807fcfc735986e9,e02d0416b7d51b2a,b3362d9604322a0c,a65eb91a39ef4179,30,30,0,0,1.0,37,22.5,22.5,0,124,675,6819,16390,0.04202374697706546,0,0,,0.10967062900090241,37,ALL_RESOLVED
final_v2,ucs,map3,183,e807fcfc735986e9,e02d0416b7d51b2a,b3362d9604322a0c,a65eb91a39ef4179,30,30,0,0,1.0,37,22.5,22.5,0,112,675,107810,119311,0.3617770539894991,0,0,,0.41100112099957187,37,ALL_RESOLVED
final_v2,astar,map3,183,e807fcfc735986e9,e02d0416b7d51b2a,b3362d9604322a0c,a65eb91a39ef4179,30,30,0,0,1.0,37,22.5,22.5,0,112,675,23826,36101,0.13921445502637653,0,0,,0.20875205999982427,37,ALL_RESOLVED
final_v2,bfs,map3,184,e807fcfc735986e9,e02d0416b7d51b2a,b3362d9604322a0c,a65eb91a39ef4179,30,29,1,0,0.9666666666666667,36,22.0,22,0,105,658,77306,86868,0.23671296497559524,0,0,,0.30757550799899036,36,ALL_RESOLVED
final_v2,ga,map3,174,e807fcfc735986e9,e02d0416b7d51b2a,b3362d9604322a0c,a65eb91a39ef4179,30,30,0,0,1.0,37,22.5,22.5,7,56,675,0,128546,11.547392888878676,5296,128546,0.25,11.674519982996571,37,ALL_RESOLVED
final_v2,ucs,map3,184,e807fcfc735986e9,e02d0416b7d51b2a,b3362d9604322a0c,a65eb91a39ef4179,30,29,1,0,0.9666666666666667,36,22.0,22,0,87,658,115378,126818,0.6003226539978641,0,0,,0.6747914039988245,36,ALL_RESOLVED
final_v2,greedy,map3,184,e807fcfc735986e9,e02d0416b7d51b2a,b3362d9604322a0c,a65eb91a39ef4179,30,29,1,0,0.9666666666666667,36,22.0,22,0,105,658,7032,16910,0.0436027420037135,0,0,,0.11190820900083054,36,ALL_RESOLVED
final_v2,ga,map3,178,e807fcfc735986e9,e02d0416b7d51b2a,b3362d9604322a0c,a65eb91a39ef4179,30,30,0,0,1.0,37,22.5,22.5,5,84,675,0,128772,6.770195307028189,5279,128772,0.25,6.8552225080020435,37,ALL_RESOLVED
final_v2,astar,map3,184,e807fcfc735986e9,e02d0416b7d51b2a,b3362d9604322a0c,a65eb91a39ef4179,30,29,1,0,0.9666666666666667,36,22.0,22,0,87,658,25778,38688,0.15316783909293008,0,0,,0.22260062399800518,36,ALL_RESOLVED
final_v2,bfs,map3,185,e807fcfc735986e9,e02d0416b7d51b2a,b3362d9604322a0c,a65eb91a39ef4179,30,19,6,5,0.6333333333333333,32,21.526315789473685,23,0,57,741,132820,142329,0.255777093974757,0,0,,0.2971814370030188,32,ALL_RESOLVED
final_v2,greedy,map3,185,e807fcfc735986e9,e02d0416b7d51b2a,b3362d9604322a0c,a65eb91a39ef4179,30,19,6,5,0.6333333333333333,32,21.526315789473685,23,0,55,741,15034,32944,0.05965983102214523,0,0,,0.10116501899756258,32,ALL_RESOLVED
final_v2,astar,map3,185,e807fcfc735986e9,e02d0416b7d51b2a,b3362d9604322a0c,a65eb91a39ef4179,30,19,5,6,0.6333333333333333,32,21.526315789473685,23,0,29,737,39041,54445,0.14358808001998113,0,0,,0.18332113500218838,32,ALL_RESOLVED
final_v2,ucs,map3,185,e807fcfc735986e9,e02d0416b7d51b2a,b3362d9604322a0c,a65eb91a39ef4179,30,19,5,6,0.6333333333333333,32,21.526315789473685,23,0,22,731,164692,174061,0.8514047840108105,0,0,,0.9208504389971495,32,ALL_RESOLVED
final_v2,ga,map3,175,e807fcfc735986e9,e02d0416b7d51b2a,b3362d9604322a0c,a65eb91a39ef4179,30,30,0,0,1.0,37,22.5,22.5,4,80,675,0,128655,11.434309489981388,5278,128655,0.25,11.561033155998302,37,ALL_RESOLVED
final_v2,bfs,map3,186,e807fcfc735986e9,e02d0416b7d51b2a,b3362d9604322a0c,a65eb91a39ef4179,30,30,0,0,1.0,38,23.5,23.5,0,97,705,92479,102833,0.28410061201793724,0,0,,0.35824323799897684,38,ALL_RESOLVED
final_v2,greedy,map3,186,e807fcfc735986e9,e02d0416b7d51b2a,b3362d9604322a0c,a65eb91a39ef4179,30,30,0,0,1.0,38,23.5,23.5,0,97,705,8055,19430,0.05013754399624304,0,0,,0.12082177099728142,38,ALL_RESOLVED
final_v2,astar,map3,186,e807fcfc735986e9,e02d0416b7d51b2a,b3362d9604322a0c,a65eb91a39ef4179,30,30,0,0,1.0,38,23.5,23.5,0,83,705,30413,45438,0.17864513400854776,0,0,,0.25138992500069435,38,ALL_RESOLVED
final_v2,ucs,map3,186,e807fcfc735986e9,e02d0416b7d51b2a,b3362d9604322a0c,a65eb91a39ef4179,30,30,0,0,1.0,38,23.5,23.5,0,83,705,133345,145457,0.6975038650562055,0,0,,0.7756736139999703,38,ALL_RESOLVED
final_v2,bfs,map3,187,e807fcfc735986e9,e02d0416b7d51b2a,b3362d9604322a0c,a65eb91a39ef4179,30,30,0,0,1.0,39,24.033333333333335,24.5,0,129,721,86190,96174,0.26361964697935036,0,0,,0.3404719809987,39,ALL_RESOLVED
final_v2,ga,map3,176,e807fcfc735986e9,e02d0416b7d51b2a,b3362d9604322a0c,a65eb91a39ef4179,30,30,0,0,1.0,37,22.5,22.5,6,121,675,0,127188,11.103599252073764,5192,127188,0.25,11.231988293999166,37,ALL_RESOLVED
final_v2,greedy,map3,187,e807fcfc735986e9,e02d0416b7d51b2a,b3362d9604322a0c,a65eb91a39ef4179,30,30,0,0,1.0,39,24.033333333333335,24.5,0,129,721,7786,18393,0.04772365901226294,0,0,,0.12110899899926153,39,ALL_RESOLVED
final_v2,astar,map3,187,e807fcfc735986e9,e02d0416b7d51b2a,b3362d9604322a0c,a65eb91a39ef4179,30,30,0,0,1.0,39,24.033333333333335,24.5,0,107,721,25702,39592,0.1519670139423397,0,0,,0.22571907400197233,39,ALL_RESOLVED
final_v2,ucs,map3,187,e807fcfc735986e9,e02d0416b7d51b2a,b3362d9604322a0c,a65eb91a39ef4179,30,30,0,0,1.0,39,24.033333333333335,24.5,0,105,721,122515,135070,0.6406016970286146,0,0,,0.7207494609974674,39,ALL_RESOLVED
final_v2,ga,map3,177,e807fcfc735986e9,e02d0416b7d51b2a,b3362d9604322a0c,a65eb91a39ef4179,30,25,3,2,0.8333333333333334,32,20.0,20,3,54,616,0,116024,10.348440028945333,4754,116024,0.25,10.460144673001196,32,ALL_RESOLVED
final_v2,bfs,map3,188,e807fcfc735986e9,e02d0416b7d51b2a,b3362d9604322a0c,a65eb91a39ef4179,30,29,1,0,0.9666666666666667,36,22.0,22,0,54,644,89738,98319,0.27575987399177393,0,0,,0.34556673299812246,36,ALL_RESOLVED
final_v2,greedy,map3,188,e807fcfc735986e9,e02d0416b7d51b2a,b3362d9604322a0c,a65eb91a39ef4179,30,29,1,0,0.9666666666666667,36,22.0,22,0,54,644,8054,18585,0.04955251898718416,0,0,,0.11593384200023138,36,ALL_RESOLVED
final_v2,ucs,map3,188,e807fcfc735986e9,e02d0416b7d51b2a,b3362d9604322a0c,a65eb91a39ef4179,30,29,1,0,0.9666666666666667,38,22.06896551724138,22,0,44,646,121909,132161,0.630989276975015,0,0,,0.7067225610007881,38,ALL_RESOLVED
final_v2,astar,map3,188,e807fcfc735986e9,e02d0416b7d51b2a,b3362d9604322a0c,a65eb91a39ef4179,30,29,1,0,0.9666666666666667,36,22.0,22,0,46,644,32686,45703,0.18692956599988975,0,0,,0.2542457550007384,36,ALL_RESOLVED
final_v2,bfs,map3,189,e807fcfc735986e9,e02d0416b7d51b2a,b3362d9604322a0c,a65eb91a39ef4179,30,30,0,0,1.0,38,23.5,23.5,0,168,705,80133,90849,0.24561095099852537,0,0,,0.3220382459985558,38,ALL_RESOLVED
final_v2,ga,map3,183,e807fcfc735986e9,e02d0416b7d51b2a,b3362d9604322a0c,a65eb91a39ef4179,30,28,2,0,0.9333333333333333,35,21.5,21.5,4,100,624,0,115047,5.9294025570270605,4663,115047,0.25,6.006327449998935,35,ALL_RESOLVED
final_v2,greedy,map3,189,e807fcfc735986e9,e02d0416b7d51b2a,b3362d9604322a0c,a65eb91a39ef4179,30,30,0,0,1.0,38,23.5,23.5,0,166,705,7076,17594,0.028476462932303548,0,0,,0.07574626999848988,38,ALL_RESOLVED
final_v2,astar,map3,189,e807fcfc735986e9,e02d0416b7d51b2a,b3362d9604322a0c,a65eb91a39ef4179,30,29,1,0,0.9666666666666667,37,23.0,23,0,124,675,30849,45907,0.11400286595016951,0,0,,0.16283371900135535,37,ALL_RESOLVED
final_v2,ucs,map3,189,e807fcfc735986e9,e02d0416b7d51b2a,b3362d9604322a0c,a65eb91a39ef4179,30,29,1,0,0.9666666666666667,37,23.0,23,0,126,675,127508,137964,0.6635906060109846,0,0,,0.7411577950006176,37,ALL_RESOLVED
final_v2,bfs,map3,190,e807fcfc735986e9,e02d0416b7d51b2a,b3362d9604322a0c,a65eb91a39ef4179,30,30,0,0,1.0,38,23.4,23.5,0,153,702,82249,93249,0.2517719490060699,0,0,,0.3266493470000569,38,ALL_RESOLVED
final_v2,ga,map3,180,e807fcfc735986e9,e02d0416b7d51b2a,b3362d9604322a0c,a65eb91a39ef4179,30,30,0,0,1.0,37,22.5,22.5,6,100,675,0,127573,11.218064343960577,5206,127573,0.25,11.343426709001506,37,ALL_RESOLVED
final_v2,greedy,map3,190,e807fcfc735986e9,e02d0416b7d51b2a,b3362d9604322a0c,a65eb91a39ef4179,30,30,0,0,1.0,38,23.4,23.5,0,153,702,7063,17680,0.044465604976721806,0,0,,0.11590457499914919,38,ALL_RESOLVED
final_v2,astar,map3,190,e807fcfc735986e9,e02d0416b7d51b2a,b3362d9604322a0c,a65eb91a39ef4179,30,30,0,0,1.0,38,23.4,23.5,0,97,702,28461,42745,0.1674889990099473,0,0,,0.24061519400129328,38,ALL_RESOLVED
final_v2,ucs,map3,190,e807fcfc735986e9,e02d0416b7d51b2a,b3362d9604322a0c,a65eb91a39ef4179,30,30,0,0,1.0,38,23.4,23.5,0,93,702,130152,142196,0.681953387997055,0,0,,0.7615058609990228,38,ALL_RESOLVED
final_v2,bfs,map3,191,e807fcfc735986e9,e02d0416b7d51b2a,b3362d9604322a0c,a65eb91a39ef4179,30,28,2,0,0.9333333333333333,35,21.5,21.5,0,82,624,83449,93642,0.25557085904074484,0,0,,0.3229346979969705,35,ALL_RESOLVED
final_v2,ga,map3,181,e807fcfc735986e9,e02d0416b7d51b2a,b3362d9604322a0c,a65eb91a39ef4179,30,30,0,0,1.0,38,23.2,23.5,6,115,696,0,130819,11.423779776945594,5323,130819,0.25,11.551766997999948,38,ALL_RESOLVED
final_v2,greedy,map3,191,e807fcfc735986e9,e02d0416b7d51b2a,b3362d9604322a0c,a65eb91a39ef4179,30,28,2,0,0.9333333333333333,35,21.5,21.5,0,82,624,7104,17778,0.044572492959559895,0,0,,0.10862018799889483,35,ALL_RESOLVED
final_v2,ucs,map3,191,e807fcfc735986e9,e02d0416b7d51b2a,b3362d9604322a0c,a65eb91a39ef4179,30,28,2,0,0.9333333333333333,35,21.5,21.5,0,60,620,120637,130391,0.6275373909993505,0,0,,0.698293460001878,35,ALL_RESOLVED
final_v2,astar,map3,191,e807fcfc735986e9,e02d0416b7d51b2a,b3362d9604322a0c,a65eb91a39ef4179,30,28,2,0,0.9333333333333333,35,21.5,21.5,0,62,620,29604,44136,0.17576051604919485,0,0,,0.2421514899979229,35,ALL_RESOLVED
final_v2,bfs,map3,192,e807fcfc735986e9,e02d0416b7d51b2a,b3362d9604322a0c,a65eb91a39ef4179,30,30,0,0,1.0,37,22.5,22.5,0,155,675,67359,76334,0.20743809493433218,0,0,,0.27925459800098906,37,ALL_RESOLVED
final_v2,ucs,map3,192,e807fcfc735986e9,e02d0416b7d51b2a,b3362d9604322a0c,a65eb91a39ef4179,30,30,0,0,1.0,37,22.5,22.5,0,121,675,111524,122871,0.5830474979229621,0,0,,0.6590471060007985,37,ALL_RESOLVED
final_v2,greedy,map3,192,e807fcfc735986e9,e02d0416b7d51b2a,b3362d9604322a0c,a65eb91a39ef4179,30,30,0,0,1.0,37,22.5,22.5,0,155,675,6313,15392,0.0390369990018371,0,0,,0.10797076699964236,37,ALL_RESOLVED
final_v2,astar,map3,192,e807fcfc735986e9,e02d0416b7d51b2a,b3362d9604322a0c,a65eb91a39ef4179,30,30,0,0,1.0,37,22.5,22.5,0,133,675,25328,37944,0.14803395607304992,0,0,,0.21850791900214972,37,ALL_RESOLVED
final_v2,ga,map3,182,e807fcfc735986e9,e02d0416b7d51b2a,b3362d9604322a0c,a65eb91a39ef4179,30,29,1,0,0.9666666666666667,38,23.896551724137932,24,6,119,721,0,136199,12.096831459020905,5581,136199,0.25,12.231836038998154,38,ALL_RESOLVED
final_v2,bfs,map3,193,e807fcfc735986e9,e02d0416b7d51b2a,b3362d9604322a0c,a65eb91a39ef4179,30,30,0,0,1.0,39,24.5,24.5,0,148,735,91132,102407,0.2790924350047135,0,0,,0.3581608989989036,39,ALL_RESOLVED
final_v2,ucs,map3,193,e807fcfc735986e9,e02d0416b7d51b2a,b3362d9604322a0c,a65eb91a39ef4179,30,30,0,0,1.0,42,24.6,24.5,0,101,738,141694,154315,0.7379466589736694,0,0,,0.8250080739999248,42,ALL_RESOLVED
final_v2,greedy,map3,193,e807fcfc735986e9,e02d0416b7d51b2a,b3362d9604322a0c,a65eb91a39ef4179,30,30,0,0,1.0,39,24.5,24.5,0,148,735,7753,19231,0.049088802028563805,0,0,,0.12443816899758531,39,ALL_RESOLVED
final_v2,astar,map3,193,e807fcfc735986e9,e02d0416b7d51b2a,b3362d9604322a0c,a65eb91a39ef4179,30,30,0,0,1.0,39,24.5,24.5,0,102,735,32158,47925,0.18804447504589916,0,0,,0.26455841600181884,39,ALL_RESOLVED
final_v2,ga,map3,184,e807fcfc735986e9,e02d0416b7d51b2a,b3362d9604322a0c,a65eb91a39ef4179,30,30,0,0,1.0,38,22.533333333333335,22.5,6,94,676,0,126050,11.132966000986926,5144,126050,0.25,11.261588809997193,38,ALL_RESOLVED
final_v2,ga,map3,187,e807fcfc735986e9,e02d0416b7d51b2a,b3362d9604322a0c,a65eb91a39ef4179,30,30,0,0,1.0,39,24.033333333333335,24.5,6,103,721,0,134847,8.323770837992924,5510,134847,0.25,8.419725806001225,39,ALL_RESOLVED
final_v2,bfs,map3,194,e807fcfc735986e9,e02d0416b7d51b2a,b3362d9604322a0c,a65eb91a39ef4179,30,28,2,0,0.9333333333333333,36,22.5,22.5,0,120,658,73463,82899,0.2257480209300411,0,0,,0.2946085570001742,36,ALL_RESOLVED
final_v2,greedy,map3,194,e807fcfc735986e9,e02d0416b7d51b2a,b3362d9604322a0c,a65eb91a39ef4179,30,28,2,0,0.9333333333333333,36,22.5,22.5,0,120,658,6744,16631,0.04201521998402313,0,0,,0.1081852829993295,36,ALL_RESOLVED
final_v2,ucs,map3,194,e807fcfc735986e9,e02d0416b7d51b2a,b3362d9604322a0c,a65eb91a39ef4179,30,28,2,0,0.9333333333333333,36,22.5,22.5,0,94,654,110636,120532,0.37094400498608593,0,0,,0.4171707709974726,36,ALL_RESOLVED
final_v2,astar,map3,194,e807fcfc735986e9,e02d0416b7d51b2a,b3362d9604322a0c,a65eb91a39ef4179,30,28,2,0,0.9333333333333333,36,22.5,22.5,0,96,654,25286,37949,0.14859031100058928,0,0,,0.21683894700254314,36,ALL_RESOLVED
final_v2,bfs,map3,195,e807fcfc735986e9,e02d0416b7d51b2a,b3362d9604322a0c,a65eb91a39ef4179,30,29,1,0,0.9666666666666667,40,25.448275862068964,26,0,90,742,109963,121144,0.3388212850004493,0,0,,0.41523118099939893,40,ALL_RESOLVED
final_v2,ucs,map3,195,e807fcfc735986e9,e02d0416b7d51b2a,b3362d9604322a0c,a65eb91a39ef4179,30,29,1,0,0.9666666666666667,40,25.448275862068964,26,0,68,742,146719,158538,0.7627161160598916,0,0,,0.8432368310022866,40,ALL_RESOLVED
final_v2,greedy,map3,195,e807fcfc735986e9,e02d0416b7d51b2a,b3362d9604322a0c,a65eb91a39ef4179,30,29,1,0,0.9666666666666667,40,25.448275862068964,26,0,90,742,9391,22723,0.058575456001563,0,0,,0.1308939160007867,40,ALL_RESOLVED
final_v2,ga,map3,185,e807fcfc735986e9,e02d0416b7d51b2a,b3362d9604322a0c,a65eb91a39ef4179,30,12,12,6,0.4,27,17.833333333333332,17.5,39,13,710,0,206258,12.858595880970825,8900,206258,0.25,12.967505509001057,32,ALL_RESOLVED
final_v2,astar,map3,195,e807fcfc735986e9,e02d0416b7d51b2a,b3362d9604322a0c,a65eb91a39ef4179,30,29,1,0,0.9666666666666667,40,25.448275862068964,26,0,76,742,33633,50161,0.1980458969992469,0,0,,0.27308606899896404,40,ALL_RESOLVED
final_v2,bfs,map3,196,e807fcfc735986e9,e02d0416b7d51b2a,b3362d9604322a0c,a65eb91a39ef4179,30,29,1,0,0.9666666666666667,36,22.0,22,0,114,644,88041,98392,0.2706633119742037,0,0,,0.3426358060023631,36,ALL_RESOLVED
final_v2,ga,map3,186,e807fcfc735986e9,e02d0416b7d51b2a,b3362d9604322a0c,a65eb91a39ef4179,30,30,0,0,1.0,39,24.333333333333332,24.5,1,95,730,0,136002,12.145048175043485,5562,136002,0.25,12.27932106499793,39,ALL_RESOLVED
final_v2,greedy,map3,196,e807fcfc735986e9,e02d0416b7d51b2a,b3362d9604322a0c,a65eb91a39ef4179,30,29,1,0,0.9666666666666667,36,22.0,22,0,114,644,7079,18108,0.04507747400566586,0,0,,0.11307388400018681,36,ALL_RESOLVED
final_v2,ga,map3,188,e807fcfc735986e9,e02d0416b7d51b2a,b3362d9604322a0c,a65eb91a39ef4179,30,24,6,0,0.8,38,20.791666666666668,19.5,5,31,565,0,113652,10.49328621595123,4708,113652,0.25,10.611698881002667,38,ALL_RESOLVED
final_v2,astar,map3,196,e807fcfc735986e9,e02d0416b7d51b2a,b3362d9604322a0c,a65eb91a39ef4179,30,29,1,0,0.9666666666666667,36,22.0,22,0,90,644,30596,45658,0.17920315303854295,0,0,,0.2489533490006579,36,ALL_RESOLVED
final_v2,ga,map3,189,e807fcfc735986e9,e02d0416b7d51b2a,b3362d9604322a0c,a65eb91a39ef4179,30,30,0,0,1.0,38,23.5,23.5,7,149,705,0,131980,9.873696654063679,5381,131980,0.25,9.996691012001975,38,ALL_RESOLVED
final_v2,ucs,map3,196,e807fcfc735986e9,e02d0416b7d51b2a,b3362d9604322a0c,a65eb91a39ef4179,30,29,1,0,0.9666666666666667,36,22.0,22,0,82,644,131574,142022,0.681913195989182,0,0,,0.7569076940017112,36,ALL_RESOLVED
final_v2,bfs,map3,197,e807fcfc735986e9,e02d0416b7d51b2a,b3362d9604322a0c,a65eb91a39ef4179,30,22,7,1,0.7333333333333333,32,21.045454545454547,21.5,0,61,593,91582,101477,0.2809596750084893,0,0,,0.34418958599781035,32,ALL_RESOLVED
final_v2,greedy,map3,197,e807fcfc735986e9,e02d0416b7d51b2a,b3362d9604322a0c,a65eb91a39ef4179,30,22,7,1,0.7333333333333333,32,21.045454545454547,21.5,0,61,591,7932,18907,0.049307663986837724,0,0,,0.11029777799922158,32,ALL_RESOLVED
final_v2,astar,map3,197,e807fcfc735986e9,e02d0416b7d51b2a,b3362d9604322a0c,a65eb91a39ef4179,30,22,8,0,0.7333333333333333,32,21.045454545454547,21.5,0,45,601,26606,39561,0.15622602396615548,0,0,,0.21760310199897503,32,ALL_RESOLVED
final_v2,bfs,map3,198,e807fcfc735986e9,e02d0416b7d51b2a,b3362d9604322a0c,a65eb91a39ef4179,30,11,5,14,0.36666666666666664,18,13.0,13,0,10,481,95848,104660,0.29395728601230076,0,0,,0.33408334600244416,18,ALL_RESOLVED
final_v2,ucs,map3,197,e807fcfc735986e9,e02d0416b7d51b2a,b3362d9604322a0c,a65eb91a39ef4179,30,21,9,0,0.7,32,20.61904761904762,21,0,32,591,123029,132744,0.6395435570193513,0,0,,0.7061012140002276,32,ALL_RESOLVED
final_v2,greedy,map3,198,e807fcfc735986e9,e02d0416b7d51b2a,b3362d9604322a0c,a65eb91a39ef4179,30,11,6,13,0.36666666666666664,18,13.0,13,0,10,471,9259,20539,0.05600229499032139,0,0,,0.09254815300300834,18,ALL_RESOLVED
final_v2,astar,map3,198,e807fcfc735986e9,e02d0416b7d51b2a,b3362d9604322a0c,a65eb91a39ef4179,30,10,7,13,0.3333333333333333,18,12.7,12.5,0,6,467,24816,35953,0.1433821419850574,0,0,,0.18054835699877003,18,ALL_RESOLVED
final_v2,ucs,map3,198,e807fcfc735986e9,e02d0416b7d51b2a,b3362d9604322a0c,a65eb91a39ef4179,30,10,4,16,0.3333333333333333,18,12.7,12.5,0,6,485,117289,125376,0.6101812489941949,0,0,,0.6530334090020915,18,ALL_RESOLVED
final_v2,bfs,map3,199,e807fcfc735986e9,e02d0416b7d51b2a,b3362d9604322a0c,a65eb91a39ef4179,30,30,0,0,1.0,38,23.5,23.5,0,110,705,86515,95690,0.26509685989731224,0,0,,0.33997979399646283,38,ALL_RESOLVED
final_v2,ucs,map3,199,e807fcfc735986e9,e02d0416b7d51b2a,b3362d9604322a0c,a65eb91a39ef4179,30,30,0,0,1.0,38,23.5,23.5,0,88,705,129122,140953,0.6715487319597742,0,0,,0.7505242380029813,38,ALL_RESOLVED
final_v2,greedy,map3,199,e807fcfc735986e9,e02d0416b7d51b2a,b3362d9604322a0c,a65eb91a39ef4179,30,30,0,0,1.0,38,23.5,23.5,0,110,705,7897,18295,0.048107814025570406,0,0,,0.11988168400057475,38,ALL_RESOLVED
final_v2,ga,map3,190,e807fcfc735986e9,e02d0416b7d51b2a,b3362d9604322a0c,a65eb91a39ef4179,30,30,0,0,1.0,38,23.4,23.5,4,125,702,0,131447,11.42935836396282,5363,131447,0.25,11.56002288200034,38,ALL_RESOLVED
final_v2,astar,map3,199,e807fcfc735986e9,e02d0416b7d51b2a,b3362d9604322a0c,a65eb91a39ef4179,30,30,0,0,1.0,38,23.5,23.5,0,98,705,32652,47268,0.18926454399479553,0,0,,0.26291468199997325,38,ALL_RESOLVED
final_v2,ga,map3,194,e807fcfc735986e9,e02d0416b7d51b2a,b3362d9604322a0c,a65eb91a39ef4179,30,25,4,1,0.8333333333333334,33,21.0,21,6,84,631,0,118693,6.285648712004331,4856,118693,0.25,6.366056406997814,34,ALL_RESOLVED
final_v2,ga,map3,191,e807fcfc735986e9,e02d0416b7d51b2a,b3362d9604322a0c,a65eb91a39ef4179,30,29,1,0,0.9666666666666667,36,22.0,22,3,76,646,0,122421,10.79077963299278,5012,122421,0.25,10.910982574001537,36,ALL_RESOLVED
final_v2,ga,map3,192,e807fcfc735986e9,e02d0416b7d51b2a,b3362d9604322a0c,a65eb91a39ef4179,30,30,0,0,1.0,37,22.5,22.5,4,143,675,0,125325,10.720492980988638,5098,125325,0.25,10.843025371999829,37,ALL_RESOLVED
final_v2,ga,map3,195,e807fcfc735986e9,e02d0416b7d51b2a,b3362d9604322a0c,a65eb91a39ef4179,30,27,3,0,0.9,38,24.40740740740741,25,2,67,687,0,133650,7.133713423041627,5495,133650,0.25,7.215248219999921,38,ALL_RESOLVED
final_v2,ga,map3,193,e807fcfc735986e9,e02d0416b7d51b2a,b3362d9604322a0c,a65eb91a39ef4179,30,30,0,0,1.0,39,24.5,24.5,4,120,735,0,139179,9.965539277025528,5682,139179,0.25,10.072150624000642,39,ALL_RESOLVED
final_v2,ga,map3,198,e807fcfc735986e9,e02d0416b7d51b2a,b3362d9604322a0c,a65eb91a39ef4179,30,11,7,12,0.36666666666666664,18,13.0,13,2,11,463,0,91535,5.885918098039838,3807,91535,0.25,5.942489895001927,18,ALL_RESOLVED
final_v2,ga,map3,197,e807fcfc735986e9,e02d0416b7d51b2a,b3362d9604322a0c,a65eb91a39ef4179,30,20,10,0,0.6666666666666666,30,20.0,20.5,6,48,628,0,118602,7.42041771998629,4884,118602,0.25,7.50115788200128,32,ALL_RESOLVED
final_v2,ga,map3,196,e807fcfc735986e9,e02d0416b7d51b2a,b3362d9604322a0c,a65eb91a39ef4179,30,30,0,0,1.0,37,22.5,22.5,9,99,675,0,128292,8.107412728990312,5267,128292,0.25,8.198167337999621,37,ALL_RESOLVED
final_v2,ga,map3,199,e807fcfc735986e9,e02d0416b7d51b2a,b3362d9604322a0c,a65eb91a39ef4179,30,30,0,0,1.0,42,23.633333333333333,23.5,14,92,709,0,134007,7.564734615010821,5489,134007,0.25,7.652395715998864,42,ALL_RESOLVED
