experiment_id,algorithm,map_id,seed,config_hash,n_initial,evacuated,dead,trapped,survival_rate,clearance_turn,mean_evac_turn,median_evac_turn,voluntary_waits,congestion_waits,replans,expanded_nodes,generated_nodes,search_runtime,ga_generations,ga_evaluations,ga_best_fitness,total_runtime,turns,finished_reason
final_v1,bfs,map1,0,718a8e29bed05af7,30,28,0,2,0.9333333333333333,85,47.92857142857143,47.5,0,2,1398,259142,269129,1.0274206389804021,0,0,,1.08873760500137,86,ALL_RESOLVED
final_v1,ucs,map1,0,718a8e29bed05af7,30,28,0,2,0.9333333333333333,85,49.464285714285715,49.5,0,3,1441,280988,291296,1.8018579149775178,0,0,,1.8626927230016008,86,ALL_RESOLVED
final_v1,greedy,map1,0,718a8e29bed05af7,30,28,0,2,0.9333333333333333,91,52.142857142857146,51.5,0,2,1516,118042,212946,0.9143823110371159,0,0,,0.9770815270003368,92,ALL_RESOLVED
final_v1,astar,map1,0,718a8e29bed05af7,30,28,0,2,0.9333333333333333,88,48.857142857142854,47.5,0,4,1424,209595,247031,1.3797598829769413,0,0,,1.4361528650006221,89,ALL_RESOLVED
final_v1,ga,map1,0,718a8e29bed05af7,30,4,11,15,0.13333333333333333,135,57.5,44.0,872,27,3582,0,1951200,255.5048530100139,65040,1951200,0.25,255.8078925130012,200,TIMEOUT
final_v1,bfs,map1,1,718a8e29bed05af7,30,7,0,23,0.23333333333333334,33,17.428571428571427,18,0,12,359,87355,89883,0.35732253698915883,0,0,,0.3718401120004273,34,ALL_RESOLVED
final_v1,ucs,map1,1,718a8e29bed05af7,30,7,0,23,0.23333333333333334,33,17.714285714285715,18,0,5,361,91700,94116,0.6031394879955769,0,0,,0.6182715929990081,34,ALL_RESOLVED
final_v1,greedy,map1,1,718a8e29bed05af7,30,7,0,23,0.23333333333333334,37,20.285714285714285,22,0,9,379,38777,69279,0.2894488950023515,0,0,,0.3056427689989505,38,ALL_RESOLVED
final_v1,astar,map1,1,718a8e29bed05af7,30,7,0,23,0.23333333333333334,33,17.714285714285715,18,0,5,361,72122,82182,0.4947887210018962,0,0,,0.5102923989998089,34,ALL_RESOLVED
final_v1,ga,map1,1,718a8e29bed05af7,30,5,1,24,0.16666666666666666,78,46.8,70,129,1,533,0,288930,35.63348564199623,9631,288930,0.25,35.679757683999924,79,ALL_RESOLVED
final_v1,bfs,map1,2,718a8e29bed05af7,30,27,0,3,0.9,86,46.629629629629626,46,0,9,1298,247260,256579,0.9844293759870197,0,0,,1.0449538480006595,87,ALL_RESOLVED
final_v1,ucs,map1,2,718a8e29bed05af7,30,27,0,3,0.9,91,48.2962962962963,47,0,8,1343,270654,280176,1.7312792879802146,0,0,,1.7985901219999505,92,ALL_RESOLVED
final_v1,greedy,map1,2,718a8e29bed05af7,30,27,0,3,0.9,92,50.81481481481482,50,0,8,1411,112563,202773,0.7967598830218776,0,0,,0.8576825439995446,93,ALL_RESOLVED
final_v1,astar,map1,2,718a8e29bed05af7,30,27,0,3,0.9,92,47.888888888888886,48,0,7,1332,202819,236817,1.320800698007588,0,0,,1.384720505999212,93,ALL_RESOLVED
final_v1,bfs,map1,4,718a8e29bed05af7,30,12,0,18,0.4,29,14.666666666666666,13.5,0,5,296,46008,48040,0.27294331599841826,0,0,,0.2930765649998648,30,ALL_RESOLVED
final_v1,greedy,map1,4,718a8e29bed05af7,30,12,0,18,0.4,33,16.0,13.5,0,3,312,20701,37253,0.2710396759939613,0,0,,0.2977494740007387,34,ALL_RESOLVED
final_v1,astar,map1,4,718a8e29bed05af7,30,12,0,18,0.4,29,14.666666666666666,13.5,0,6,296,35786,41975,0.34240295900963247,0,0,,0.3625271929995506,30,ALL_RESOLVED
final_v1,ucs,map1,4,718a8e29bed05af7,30,12,0,18,0.4,29,14.833333333333334,13.5,0,6,298,48835,50815,0.5750198659825401,0,0,,0.6028758299999026,30,ALL_RESOLVED
final_v1,greedy,map1,3,718a8e29bed05af7,30,4,0,26,0.13333333333333333,19,15.75,15.5,0,3,639,74126,132542,0.9904875689990149,0,0,,1.0347628689996782,22,ALL_RESOLVED
final_v1,bfs,map1,5,718a8e29bed05af7,30,20,0,10,0.6666666666666666,54,26.3,23.0,0,8,666,104203,108794,0.7256479030347691,0,0,,0.767523077000078,55,ALL_RESOLVED
final_v1,greedy,map1,5,718a8e29bed05af7,30,19,0,11,0.6333333333333333,57,28.0,26,0,9,683,45727,82618,0.4476672890050395,0,0,,0.48152969399961876,58,ALL_RESOLVED
final_v1,ucs,map1,5,718a8e29bed05af7,30,19,0,11,0.6333333333333333,55,25.789473684210527,24,0,8,641,109965,114270,0.77139259001342,0,0,,0.8010646450002241,56,ALL_RESOLVED
final_v1,bfs,map1,3,718a8e29bed05af7,30,5,0,25,0.16666666666666666,19,15.4,15,0,6,632,161684,165857,1.2210455050026212,0,0,,1.2684088549995067,22,ALL_RESOLVED
final_v1,astar,map1,3,718a8e29bed05af7,30,5,0,25,0.16666666666666666,19,15.4,15,0,9,632,139835,159385,1.6898467429982702,0,0,,1.7352903939990938,22,ALL_RESOLVED
final_v1,bfs,map1,6,718a8e29bed05af7,30,20,0,10,0.6666666666666666,64,33.4,32.5,0,5,748,115611,120977,0.6131199200117408,0,0,,0.6617978440008301,65,ALL_RESOLVED
final_v1,ucs,map1,3,718a8e29bed05af7,30,5,0,25,0.16666666666666666,19,15.6,15,0,6,633,168902,172189,1.980202502991233,0,0,,2.0321856640002807,22,ALL_RESOLVED
final_v1,greedy,map1,6,718a8e29bed05af7,30,20,0,10,0.6666666666666666,71,37.35,36.5,0,4,827,54335,98723,0.6845081530082098,0,0,,0.7469235030002892,72,ALL_RESOLVED
final_v1,astar,map1,5,718a8e29bed05af7,30,19,0,11,0.6333333333333333,53,25.31578947368421,24,0,9,632,81555,95013,0.9719631960178958,0,0,,1.0154679759998544,54,ALL_RESOLVED
final_v1,ucs,map1,6,718a8e29bed05af7,30,20,0,10,0.6666666666666666,68,34.45,34.5,0,5,769,126177,131812,0.8380247669865639,0,0,,0.8794058809999115,69,ALL_RESOLVED
final_v1,greedy,map1,7,718a8e29bed05af7,30,19,1,10,0.6333333333333333,54,33.36842105263158,39,0,1,745,48208,87526,0.6582877519977046,0,0,,0.7052094520004175,55,ALL_RESOLVED
final_v1,astar,map1,6,718a8e29bed05af7,30,20,0,10,0.6666666666666666,66,34.6,34.5,0,6,772,90566,107365,1.037390638008219,0,0,,1.0959325730000273,67,ALL_RESOLVED
final_v1,bfs,map1,7,718a8e29bed05af7,30,19,1,10,0.6333333333333333,50,30.210526315789473,35,0,1,685,107576,112457,0.77756428700377,0,0,,0.8221149839991995,51,ALL_RESOLVED
final_v1,astar,map1,7,718a8e29bed05af7,30,19,1,10,0.6333333333333333,55,31.63157894736842,35,0,2,712,84220,100821,0.784958458996698,0,0,,0.8285505710009602,56,ALL_RESOLVED
final_v1,ucs,map1,7,718a8e29bed05af7,30,19,1,10,0.6333333333333333,55,31.789473684210527,35,0,5,715,117821,122974,1.2943164199969033,0,0,,1.3426389439991908,56,ALL_RESOLVED
final_v1,greedy,map1,8,718a8e29bed05af7,30,18,0,12,0.6,54,34.77777777777778,32.5,0,2,836,64923,117361,0.8622712930209673,0,0,,0.9122502890004398,55,ALL_RESOLVED
final_v1,bfs,map1,8,718a8e29bed05af7,30,19,0,11,0.6333333333333333,52,31.68421052631579,30,0,2,797,143005,148671,1.023379457035844,0,0,,1.0700839809996978,53,ALL_RESOLVED
final_v1,ucs,map1,8,718a8e29bed05af7,30,19,0,11,0.6333333333333333,57,33.73684210526316,30,0,8,836,156508,162464,1.7893429579835356,0,0,,1.8425290160012082,58,ALL_RESOLVED
final_v1,astar,map1,8,718a8e29bed05af7,30,19,0,11,0.6333333333333333,57,33.89473684210526,30,0,7,839,119895,139276,1.3239706990243576,0,0,,1.3661512960006803,58,ALL_RESOLVED
final_v1,bfs,map1,9,718a8e29bed05af7,30,5,1,24,0.16666666666666666,27,16.4,13,0,1,787,198601,203421,1.4564952979999362,0,0,,1.499652087000868,28,ALL_RESOLVED
final_v1,greedy,map1,9,718a8e29bed05af7,30,4,0,26,0.13333333333333333,26,15.75,14.5,0,1,795,90063,161061,0.7212900249905942,0,0,,0.7507524030006607,28,ALL_RESOLVED
final_v1,ucs,map1,9,718a8e29bed05af7,30,5,1,24,0.16666666666666666,27,16.4,13,0,2,787,206132,210564,2.4020099259596464,0,0,,2.4493014350009616,28,ALL_RESOLVED
final_v1,astar,map1,9,718a8e29bed05af7,30,5,1,24,0.16666666666666666,27,16.4,13,0,3,787,167766,193146,2.0635756630053947,0,0,,2.1110271680008736,28,ALL_RESOLVED
final_v1,bfs,map1,10,718a8e29bed05af7,30,15,1,14,0.5,34,18.8,19,0,7,417,62504,65472,0.44867685798817547,0,0,,0.4734485879998829,35,ALL_RESOLVED
final_v1,greedy,map1,10,718a8e29bed05af7,30,15,1,14,0.5,38,21.933333333333334,23,0,6,462,26576,47895,0.3049761640068027,0,0,,0.32550247400104126,39,ALL_RESOLVED
final_v1,astar,map1,10,718a8e29bed05af7,30,15,1,14,0.5,34,19.6,20,0,7,427,49668,58224,0.34091142601391766,0,0,,0.3565155659998709,35,ALL_RESOLVED
final_v1,ucs,map1,10,718a8e29bed05af7,30,15,1,14,0.5,34,19.466666666666665,20,0,5,427,68958,71963,0.8043176930077607,0,0,,0.8309961550003209,35,ALL_RESOLVED
final_v1,bfs,map1,11,718a8e29bed05af7,30,19,0,11,0.6333333333333333,55,28.05263157894737,23,0,10,596,78468,82759,0.3509776850005437,0,0,,0.37756386100045347,56,ALL_RESOLVED
final_v1,ucs,map1,11,718a8e29bed05af7,30,19,0,11,0.6333333333333333,55,29.05263157894737,24,0,7,615,88997,93356,0.6175625179748749,0,0,,0.6479369139997289,56,ALL_RESOLVED
final_v1,greedy,map1,11,718a8e29bed05af7,30,19,0,11,0.6333333333333333,63,31.57894736842105,27,0,7,663,34469,63471,0.27095535903390555,0,0,,0.3026662200009014,64,ALL_RESOLVED
final_v1,astar,map1,11,718a8e29bed05af7,30,19,0,11,0.6333333333333333,55,29.05263157894737,25,0,9,615,60119,71641,0.4621350529796473,0,0,,0.49265912500050035,56,ALL_RESOLVED
final_v1,ga,map1,4,718a8e29bed05af7,30,10,1,19,0.3333333333333333,50,22.7,18.5,69,1,381,0,178950,30.080359783012682,5965,178950,0.25,30.122557572000005,51,ALL_RESOLVED
final_v1,bfs,map1,12,718a8e29bed05af7,30,12,0,18,0.4,33,18.833333333333332,18.0,0,1,346,56827,59229,0.4615632360055315,0,0,,0.49123702500037325,34,ALL_RESOLVED
final_v1,ucs,map1,12,718a8e29bed05af7,30,12,0,18,0.4,35,19.083333333333332,18.0,0,0,349,60114,62534,0.75191280098079,0,0,,0.780483833001199,36,ALL_RESOLVED
final_v1,greedy,map1,12,718a8e29bed05af7,30,12,0,18,0.4,37,21.666666666666668,22.0,0,1,380,25993,46886,0.3098565059972316,0,0,,0.3343599580002774,38,ALL_RESOLVED
final_v1,astar,map1,12,718a8e29bed05af7,30,12,0,18,0.4,33,18.833333333333332,18.0,0,1,346,44551,52083,0.5612294629918324,0,0,,0.590507611999783,34,ALL_RESOLVED
final_v1,ga,map1,3,718a8e29bed05af7,30,3,0,27,0.1,20,17.0,18,159,2,648,0,349830,86.56292117701196,11661,349830,0.25,86.64581252500102,22,ALL_RESOLVED
final_v1,bfs,map1,13,718a8e29bed05af7,30,13,1,16,0.43333333333333335,36,19.153846153846153,16,0,1,908,218670,224857,1.5415669660069398,0,0,,1.5986381370003073,38,ALL_RESOLVED
final_v1,ucs,map1,13,718a8e29bed05af7,30,13,1,16,0.43333333333333335,36,19.307692307692307,16,0,1,910,228912,234958,2.627781411028991,0,0,,2.6939671790005377,38,ALL_RESOLVED
final_v1,greedy,map1,13,718a8e29bed05af7,30,12,0,18,0.4,35,20.583333333333332,18.5,0,2,943,97611,174462,1.312359529962123,0,0,,1.3736373760002607,38,ALL_RESOLVED
final_v1,astar,map1,13,718a8e29bed05af7,30,13,1,16,0.43333333333333335,36,19.307692307692307,16,0,1,910,182945,210400,2.248853635011983,0,0,,2.318120251999062,38,ALL_RESOLVED
final_v1,ga,map1,10,718a8e29bed05af7,30,9,6,15,0.3,86,43.55555555555556,50,201,3,895,0,483390,88.53014999600236,16113,483390,0.25,88.63516218400036,87,ALL_RESOLVED
final_v1,bfs,map1,14,718a8e29bed05af7,30,18,0,12,0.6,54,28.38888888888889,26.0,0,6,721,129022,133972,0.9077412799888407,0,0,,0.9551543229990784,55,ALL_RESOLVED
final_v1,ucs,map1,14,718a8e29bed05af7,30,18,0,12,0.6,56,30.0,29.5,0,5,750,140168,145473,1.6108752839845693,0,0,,1.6625317620000715,57,ALL_RESOLVED
final_v1,greedy,map1,14,718a8e29bed05af7,30,18,0,12,0.6,62,32.388888888888886,30.5,0,2,793,60938,109964,0.8066543330078275,0,0,,0.8588424879999366,63,ALL_RESOLVED
final_v1,astar,map1,14,718a8e29bed05af7,30,18,0,12,0.6,56,30.22222222222222,29.0,0,9,754,107174,124981,1.3254744290188682,0,0,,1.378405331999602,57,ALL_RESOLVED
final_v1,ga,map1,12,718a8e29bed05af7,30,7,3,20,0.23333333333333334,102,49.57142857142857,51,201,2,780,0,421710,77.35424386902014,14057,421710,0.25,77.45910942900082,104,ALL_RESOLVED
final_v1,bfs,map1,15,718a8e29bed05af7,30,4,2,24,0.13333333333333333,14,11.75,11.5,0,0,315,81163,83103,0.5894843979858706,0,0,,0.6063415450007597,15,ALL_RESOLVED
final_v1,ucs,map1,15,718a8e29bed05af7,30,4,2,24,0.13333333333333333,14,11.75,11.5,0,1,315,82615,84552,0.9668231519808614,0,0,,0.9850557959998696,15,ALL_RESOLVED
final_v1,greedy,map1,15,718a8e29bed05af7,30,3,1,26,0.1,12,11.0,11,0,0,310,35943,63778,0.47003798498917604,0,0,,0.4874017729998741,14,ALL_RESOLVED
final_v1,astar,map1,15,718a8e29bed05af7,30,4,2,24,0.13333333333333333,14,11.75,11.5,0,0,315,69047,77460,0.8417046689901326,0,0,,0.8598579150002479,15,ALL_RESOLVED
final_v1,ga,map1,9,718a8e29bed05af7,30,2,0,28,0.06666666666666667,20,15.0,15.0,179,9,816,0,449190,111.50185093496657,14973,449190,0.25,111.60045899000033,28,ALL_RESOLVED
final_v1,bfs,map1,16,718a8e29bed05af7,30,15,0,15,0.5,41,24.2,24,0,1,408,45125,47999,0.16915792899635562,0,0,,0.18417928999951982,42,ALL_RESOLVED
final_v1,ucs,map1,16,718a8e29bed05af7,30,15,0,15,0.5,42,24.733333333333334,24,0,1,416,49959,52888,0.2951425500014011,0,0,,0.3110439169995516,43,ALL_RESOLVED
final_v1,greedy,map1,16,718a8e29bed05af7,30,15,0,15,0.5,45,27.266666666666666,28,0,1,454,20549,38135,0.139186267999321,0,0,,0.15546476700001222,46,ALL_RESOLVED
final_v1,astar,map1,16,718a8e29bed05af7,30,15,0,15,0.5,43,24.6,24,0,1,414,32770,40488,0.21137057903069945,0,0,,0.2274840789996233,44,ALL_RESOLVED
final_v1,ga,map1,5,718a8e29bed05af7,30,10,5,15,0.3333333333333333,116,57.8,64.5,265,5,1188,0,634230,119.57937415098968,21141,634230,0.25,119.71977647200038,118,ALL_RESOLVED
final_v1,bfs,map1,17,718a8e29bed05af7,30,28,0,2,0.9333333333333333,78,29.464285714285715,26.0,0,26,869,123030,129577,0.8154661999778909,0,0,,0.8891227370004344,79,ALL_RESOLVED
final_v1,ucs,map1,17,718a8e29bed05af7,30,28,0,2,0.9333333333333333,78,29.892857142857142,26.5,0,16,881,140799,147077,1.486206018997109,0,0,,1.5621481819998735,79,ALL_RESOLVED
final_v1,greedy,map1,17,718a8e29bed05af7,30,28,0,2,0.9333333333333333,84,32.107142857142854,30.0,0,16,943,53505,97680,0.6430209439713508,0,0,,0.7205837219989917,85,ALL_RESOLVED
final_v1,astar,map1,17,718a8e29bed05af7,30,28,0,2,0.9333333333333333,78,29.928571428571427,26.0,0,17,882,96524,113951,1.0893052249466564,0,0,,1.1641564870005823,79,ALL_RESOLVED
final_v1,ga,map1,15,718a8e29bed05af7,30,3,1,26,0.1,19,15.666666666666666,18,72,0,330,0,170280,27.815674052004397,5676,170280,0.25,27.842824748999192,20,ALL_RESOLVED
final_v1,bfs,map1,18,718a8e29bed05af7,30,3,1,26,0.1,10,9.0,9,0,2,146,34066,35116,0.15981936499883886,0,0,,0.16540078399884806,12,ALL_RESOLVED
final_v1,ucs,map1,18,718a8e29bed05af7,30,3,1,26,0.1,10,9.0,9,0,2,146,35017,35891,0.25913105800827907,0,0,,0.26509421700029634,12,ALL_RESOLVED
final_v1,greedy,map1,18,718a8e29bed05af7,30,3,1,26,0.1,10,9.0,9,0,2,146,16291,29103,0.133377209003811,0,0,,0.13902634999976726,12,ALL_RESOLVED
final_v1,astar,map1,18,718a8e29bed05af7,30,3,1,26,0.1,10,9.0,9,0,2,146,28613,32738,0.21247774500079686,0,0,,0.21790772500025923,12,ALL_RESOLVED
final_v1,ga,map1,8,718a8e29bed05af7,30,8,7,15,0.26666666666666666,132,69.25,72.0,318,5,1394,0,756870,140.38812993999272,25229,756870,0.25,140.5558276949996,142,ALL_RESOLVED
final_v1,bfs,map1,19,718a8e29bed05af7,30,17,0,13,0.5666666666666667,56,35.76470588235294,45,0,4,703,117019,121902,0.7800769269924785,0,0,,0.8269127000003209,57,ALL_RESOLVED
final_v1,ucs,map1,19,718a8e29bed05af7,30,17,0,13,0.5666666666666667,65,38.705882352941174,47,0,8,753,130026,135340,1.3639246589973482,0,0,,1.4181224210005894,66,ALL_RESOLVED
final_v1,greedy,map1,19,718a8e29bed05af7,30,17,0,13,0.5666666666666667,61,39.35294117647059,49,0,3,764,52168,94835,0.6343639340175287,0,0,,0.6845914260011341,62,ALL_RESOLVED
final_v1,astar,map1,19,718a8e29bed05af7,30,17,0,13,0.5666666666666667,65,38.76470588235294,47,0,9,754,94838,112056,1.0657271789932565,0,0,,1.1194077370000741,66,ALL_RESOLVED
final_v1,ga,map1,18,718a8e29bed05af7,30,3,0,27,0.1,12,9.666666666666666,9,17,1,150,0,72450,16.203863487005947,2415,72450,0.25,16.220678518000568,14,ALL_RESOLVED
final_v1,bfs,map1,20,718a8e29bed05af7,30,15,2,13,0.5,49,25.266666666666666,22,0,0,552,97190,101028,0.699328767013867,0,0,,0.7383839419999276,50,ALL_RESOLVED
final_v1,ucs,map1,20,718a8e29bed05af7,30,15,2,13,0.5,49,25.8,24,0,0,560,103072,107021,1.1843354620123137,0,0,,1.2248407900005986,50,ALL_RESOLVED
final_v1,greedy,map1,20,718a8e29bed05af7,30,15,1,14,0.5,53,28.733333333333334,26,0,0,596,44432,80094,0.5819096319864911,0,0,,0.6234489300004498,54,ALL_RESOLVED
final_v1,astar,map1,20,718a8e29bed05af7,30,15,2,13,0.5,49,25.866666666666667,23,0,2,561,79114,92270,0.9609573709967663,0,0,,1.0007423450006172,50,ALL_RESOLVED
final_v1,ga,map1,7,718a8e29bed05af7,30,9,8,13,0.3,114,54.77777777777778,61,365,8,1534,0,826920,158.89349856500485,27564,826920,0.25,159.08787443499932,170,ALL_RESOLVED
final_v1,bfs,map1,21,718a8e29bed05af7,30,7,2,21,0.23333333333333334,33,18.0,18,0,2,541,142876,146510,0.5952758470102708,0,0,,0.6146410799992736,34,ALL_RESOLVED
final_v1,ucs,map1,21,718a8e29bed05af7,30,8,1,21,0.26666666666666666,33,19.75,19.5,0,2,562,148796,152533,0.9950504309854296,0,0,,1.0165752560005785,34,ALL_RESOLVED
final_v1,greedy,map1,21,718a8e29bed05af7,30,7,2,21,0.23333333333333334,37,20.285714285714285,22,0,1,557,69975,123722,0.526547539031526,0,0,,0.5483992010013026,38,ALL_RESOLVED
final_v1,astar,map1,21,718a8e29bed05af7,30,7,2,21,0.23333333333333334,33,18.0,18,0,2,541,119352,134935,0.8271648590016412,0,0,,0.8484908729988092,34,ALL_RESOLVED
final_v1,ga,map1,11,718a8e29bed05af7,30,8,10,12,0.26666666666666666,147,57.0,41.5,379,1,1648,0,880560,162.65960533802172,29352,880560,0.25,162.86275280700102,158,ALL_RESOLVED
final_v1,bfs,map1,22,718a8e29bed05af7,30,4,4,22,0.13333333333333333,10,8.5,8.5,0,3,242,57868,59595,0.42865724800140015,0,0,,0.4419663030002994,11,ALL_RESOLVED
final_v1,ucs,map1,22,718a8e29bed05af7,30,4,4,22,0.13333333333333333,10,8.5,8.5,0,3,242,60358,62005,0.7148161519671703,0,0,,0.729354795999825,11,ALL_RESOLVED
final_v1,greedy,map1,22,718a8e29bed05af7,30,4,3,23,0.13333333333333333,10,8.5,8.5,0,3,248,24795,43263,0.3292259620011464,0,0,,0.3427658260006865,11,ALL_RESOLVED
final_v1,astar,map1,22,718a8e29bed05af7,30,4,4,22,0.13333333333333333,10,8.5,8.5,0,3,242,47943,54544,0.5874213930128462,0,0,,0.6014479890000075,11,ALL_RESOLVED
final_v1,ga,map1,6,718a8e29bed05af7,30,6,12,12,0.2,94,39.0,31.0,461,3,1878,0,1011150,202.3629795190045,33705,1011150,0.25,202.61218743300014,182,ALL_RESOLVED
final_v1,bfs,map1,23,718a8e29bed05af7,30,3,0,27,0.1,14,12.0,13,0,6,309,86938,88890,0.6473475549883005,0,0,,0.6675084010003047,15,ALL_RESOLVED
final_v1,ucs,map1,23,718a8e29bed05af7,30,3,0,27,0.1,14,12.0,13,0,5,309,88756,90723,1.065499902000738,0,0,,1.0861493699994753,15,ALL_RESOLVED
final_v1,greedy,map1,23,718a8e29bed05af7,30,2,1,27,0.06666666666666667,13,11.0,11.0,0,6,304,40701,71744,0.5451653270010866,0,0,,0.5648921410011098,14,ALL_RESOLVED
final_v1,ga,map1,22,718a8e29bed05af7,30,4,1,25,0.13333333333333333,10,8.5,8.5,56,2,246,0,127020,31.64645815500262,4234,127020,0.25,31.671585556001446,11,ALL_RESOLVED
final_v1,astar,map1,23,718a8e29bed05af7,30,3,0,27,0.1,14,12.0,13,0,5,309,74808,84243,0.9230026240147708,0,0,,0.9433435600003577,15,ALL_RESOLVED
final_v1,bfs,map1,24,718a8e29bed05af7,30,3,0,27,0.1,9,8.0,8,0,2,135,34794,35672,0.2736044139983278,0,0,,0.28247321900016686,10,ALL_RESOLVED
final_v1,ucs,map1,24,718a8e29bed05af7,30,3,0,27,0.1,9,8.0,8,0,2,135,35558,36430,0.43578349299968977,0,0,,0.4452617110000574,10,ALL_RESOLVED
final_v1,greedy,map1,24,718a8e29bed05af7,30,3,0,27,0.1,9,8.0,8,0,2,135,16622,29610,0.22957188200962264,0,0,,0.23844537299919466,10,ALL_RESOLVED
final_v1,astar,map1,24,718a8e29bed05af7,30,3,0,27,0.1,9,8.0,8,0,2,135,29637,33455,0.3730675180104299,0,0,,0.3819713880002382,10,ALL_RESOLVED
final_v1,ga,map1,16,718a8e29bed05af7,30,6,9,15,0.2,122,48.666666666666664,27.0,238,2,1036,0,555810,91.2532427379956,18527,555810,0.25,91.37613737500033,132,ALL_RESOLVED
final_v1,ga,map1,21,718a8e29bed05af7,30,3,3,24,0.1,14,9.666666666666666,8,112,0,520,0,278610,45.022079426002165,9287,278610,0.25,45.06310900599965,22,ALL_RESOLVED
final_v1,bfs,map1,25,718a8e29bed05af7,30,10,1,19,0.3333333333333333,27,17.4,16.5,0,5,744,165700,169965,1.206539672009967,0,0,,1.2508937689999584,28,ALL_RESOLVED
final_v1,ucs,map1,25,718a8e29bed05af7,30,9,1,20,0.3,25,16.333333333333332,16,0,5,744,173890,177369,1.3934222900352324,0,0,,1.4282064299986814,28,ALL_RESOLVED
final_v1,greedy,map1,25,718a8e29bed05af7,30,8,0,22,0.26666666666666666,27,16.5,16.5,0,1,756,72834,130573,0.9666767539983994,0,0,,1.0111232960007328,28,ALL_RESOLVED
final_v1,astar,map1,25,718a8e29bed05af7,30,10,0,20,0.3333333333333333,27,17.4,16.5,0,5,744,138235,157851,1.0426253199875646,0,0,,1.075233303999994,28,ALL_RESOLVED
final_v1,bfs,map1,26,718a8e29bed05af7,30,2,0,28,0.06666666666666667,11,10.0,10.0,0,0,78,17324,17876,0.0903544409902679,0,0,,0.09447574899968458,12,ALL_RESOLVED
final_v1,ucs,map1,26,718a8e29bed05af7,30,2,0,28,0.06666666666666667,11,10.0,10.0,0,0,78,17858,18397,0.1449817310040089,0,0,,0.14914754800156516,12,ALL_RESOLVED
final_v1,greedy,map1,26,718a8e29bed05af7,30,2,0,28,0.06666666666666667,11,10.0,10.0,0,0,78,8329,14680,0.06676873600554245,0,0,,0.07103489200017066,12,ALL_RESOLVED
final_v1,astar,map1,26,718a8e29bed05af7,30,2,0,28,0.06666666666666667,11,10.0,10.0,0,0,78,14446,15937,0.11653059601303539,0,0,,0.12022213999989617,12,ALL_RESOLVED
final_v1,ga,map1,26,718a8e29bed05af7,30,2,0,28,0.06666666666666667,21,16.5,16.5,17,0,91,0,44520,7.132183822004663,1484,44520,0.25,7.1444797690001,22,ALL_RESOLVED
final_v1,bfs,map1,27,718a8e29bed05af7,30,13,0,17,0.43333333333333335,30,16.692307692307693,16,0,6,332,49354,51613,0.344996159990842,0,0,,0.3626643420011533,31,ALL_RESOLVED
final_v1,ucs,map1,27,718a8e29bed05af7,30,13,0,17,0.43333333333333335,30,16.846153846153847,16,0,6,334,52652,54856,0.3715341339993756,0,0,,0.3860303710007429,31,ALL_RESOLVED
final_v1,greedy,map1,27,718a8e29bed05af7,30,13,0,17,0.43333333333333335,34,18.384615384615383,16,0,6,354,21037,38283,0.19658745799824828,0,0,,0.21112635400095314,35,ALL_RESOLVED
final_v1,astar,map1,27,718a8e29bed05af7,30,13,0,17,0.43333333333333335,30,16.846153846153847,16,0,6,334,38431,45389,0.27205690799200966,0,0,,0.2846544889998768,31,ALL_RESOLVED
final_v1,ga,map1,13,718a8e29bed05af7,30,4,0,26,0.13333333333333333,15,11.5,11.5,238,0,1038,0,560550,129.10081825699672,18685,560550,0.25,129.21618892900005,38,ALL_RESOLVED
final_v1,bfs,map1,28,718a8e29bed05af7,30,8,3,19,0.26666666666666666,21,13.75,13.5,0,1,416,99717,102504,0.7237884370206302,0,0,,0.7473959409999225,22,ALL_RESOLVED
final_v1,ucs,map1,28,718a8e29bed05af7,30,9,2,19,0.3,30,15.555555555555555,14,0,1,435,104897,107795,1.232146966012806,0,0,,1.2605752990002657,31,ALL_RESOLVED
final_v1,ga,map1,24,718a8e29bed05af7,30,3,0,27,0.1,11,9.333333333333334,9,28,1,139,0,69180,16.89526010899317,2306,69180,0.25,16.911739189999935,12,ALL_RESOLVED
final_v1,greedy,map1,28,718a8e29bed05af7,30,10,1,19,0.3333333333333333,34,19.7,18.5,0,3,487,47815,85358,0.6310968259913352,0,0,,0.6611928139991505,35,ALL_RESOLVED
final_v1,astar,map1,28,718a8e29bed05af7,30,10,0,20,0.3333333333333333,30,16.9,14.5,0,2,459,87513,99320,1.0762971640106116,0,0,,1.10619548700015,31,ALL_RESOLVED
final_v1,bfs,map1,29,718a8e29bed05af7,30,26,3,1,0.8666666666666667,93,51.26923076923077,52.0,0,2,1403,281012,291029,1.9373804690039833,0,0,,2.0334872029998223,94,ALL_RESOLVED
final_v1,ucs,map1,29,718a8e29bed05af7,30,27,2,1,0.9,96,54.370370370370374,56,0,5,1529,320416,331240,3.553342244002124,0,0,,3.661814912000409,97,ALL_RESOLVED
final_v1,greedy,map1,29,718a8e29bed05af7,30,26,3,1,0.8666666666666667,99,56.07692307692308,56.0,0,3,1528,128623,231403,1.6278712329822156,0,0,,1.7319332459992438,100,ALL_RESOLVED
final_v1,astar,map1,29,718a8e29bed05af7,30,27,2,1,0.9,96,54.370370370370374,56,0,5,1529,244848,287031,2.5106059900099353,0,0,,2.598184348000359,97,ALL_RESOLVED
final_v1,ga,map1,14,718a8e29bed05af7,30,6,9,15,0.2,123,62.166666666666664,53.5,275,2,1199,0,652080,138.0872285880032,21736,652080,0.25,138.23359766700014,124,ALL_RESOLVED
final_v1,bfs,map1,30,718a8e29bed05af7,30,7,2,21,0.23333333333333334,18,12.428571428571429,13,0,0,324,73982,76152,0.5492448609966232,0,0,,0.5682044760014833,19,ALL_RESOLVED
final_v1,ucs,map1,30,718a8e29bed05af7,30,7,2,21,0.23333333333333334,18,12.428571428571429,13,0,0,324,76941,79136,0.914096865004467,0,0,,0.9337183679999725,19,ALL_RESOLVED
final_v1,greedy,map1,30,718a8e29bed05af7,30,6,3,21,0.2,17,12.5,12.5,0,2,321,34528,61573,0.4618973080014257,0,0,,0.480078038001011,18,ALL_RESOLVED
final_v1,astar,map1,30,718a8e29bed05af7,30,7,2,21,0.23333333333333334,18,12.428571428571429,13,0,0,324,63666,72209,0.7948759170103585,0,0,,0.8145807399996556,19,ALL_RESOLVED
final_v1,ga,map1,23,718a8e29bed05af7,30,1,1,28,0.03333333333333333,18,18.0,18,74,0,319,0,169470,41.10317622999901,5649,169470,0.25,41.14013524099937,20,ALL_RESOLVED
final_v1,bfs,map1,31,718a8e29bed05af7,30,16,1,13,0.5333333333333333,51,24.625,20.5,0,7,634,122296,126537,0.8623078250020626,0,0,,0.9037106150008185,52,ALL_RESOLVED
final_v1,ucs,map1,31,718a8e29bed05af7,30,16,1,13,0.5333333333333333,53,25.25,21.0,0,7,644,131202,135330,1.504233681027472,0,0,,1.5481699829997524,54,ALL_RESOLVED
final_v1,greedy,map1,31,718a8e29bed05af7,30,16,0,14,0.5333333333333333,55,27.375,24.5,0,3,678,55677,99515,0.7142664500152023,0,0,,0.75773572000071,56,ALL_RESOLVED
final_v1,astar,map1,31,718a8e29bed05af7,30,16,1,13,0.5333333333333333,53,25.3125,21.0,0,8,645,104070,119203,1.2536761590163223,0,0,,1.2988927289989078,54,ALL_RESOLVED
final_v1,ga,map1,27,718a8e29bed05af7,30,8,3,19,0.26666666666666666,66,26.25,20.0,107,1,572,0,293790,47.11293790304262,9793,293790,0.25,47.17733681500067,67,ALL_RESOLVED
final_v1,bfs,map1,32,718a8e29bed05af7,30,2,0,28,0.06666666666666667,14,11.0,11.0,0,0,80,17436,17995,0.12890779199551616,0,0,,0.13438297100037744,15,ALL_RESOLVED
final_v1,ucs,map1,32,718a8e29bed05af7,30,2,0,28,0.06666666666666667,14,11.0,11.0,0,0,80,18074,18602,0.21797838500242506,0,0,,0.223927338998692,15,ALL_RESOLVED
final_v1,greedy,map1,32,718a8e29bed05af7,30,2,0,28,0.06666666666666667,14,11.0,11.0,0,0,80,7821,13855,0.10466216600252665,0,0,,0.11017085099956603,15,ALL_RESOLVED
final_v1,astar,map1,32,718a8e29bed05af7,30,2,0,28,0.06666666666666667,14,11.0,11.0,0,0,80,14631,16450,0.1829815690052783,0,0,,0.1886537930004124,15,ALL_RESOLVED
final_v1,ga,map1,30,718a8e29bed05af7,30,4,0,26,0.13333333333333333,38,17.75,12.0,81,0,335,0,170610,34.04885662300876,5687,170610,0.25,34.0854654270006,39,ALL_RESOLVED
final_v1,bfs,map1,33,718a8e29bed05af7,30,11,0,19,0.36666666666666664,24,15.181818181818182,15,0,2,254,34606,36322,0.25220795799396,0,0,,0.26747466800043185,25,ALL_RESOLVED
final_v1,ucs,map1,33,718a8e29bed05af7,30,11,0,19,0.36666666666666664,26,15.363636363636363,15,0,2,256,37029,38757,0.432090356003755,0,0,,0.44857994000085455,27,ALL_RESOLVED
final_v1,greedy,map1,33,718a8e29bed05af7,30,11,0,19,0.36666666666666664,30,17.272727272727273,16,0,3,277,14607,26695,0.19530812400080322,0,0,,0.21228588899975875,31,ALL_RESOLVED
final_v1,astar,map1,33,718a8e29bed05af7,30,11,0,19,0.36666666666666664,26,15.363636363636363,15,0,2,256,27242,32222,0.35660491898670443,0,0,,0.37317728199923295,27,ALL_RESOLVED
final_v1,ga,map1,32,718a8e29bed05af7,30,1,0,29,0.03333333333333333,8,8.0,8,14,0,83,0,41520,9.254419415992743,1384,41520,0.25,9.26533265999933,18,ALL_RESOLVED
final_v1,bfs,map1,34,718a8e29bed05af7,30,22,1,7,0.7333333333333333,78,39.36363636363637,44.5,0,5,936,162198,168824,1.0665522699582652,0,0,,1.1360822590013413,79,ALL_RESOLVED
final_v1,ucs,map1,34,718a8e29bed05af7,30,22,1,7,0.7333333333333333,78,40.77272727272727,44.5,0,4,967,177494,184305,1.880900794047193,0,0,,1.9551525869992474,79,ALL_RESOLVED
final_v1,greedy,map1,34,718a8e29bed05af7,30,22,1,7,0.7333333333333333,84,43.90909090909091,48.5,0,1,1036,78726,142111,0.9532464220392285,0,0,,1.0304374030001782,85,ALL_RESOLVED
final_v1,ga,map1,19,718a8e29bed05af7,30,5,11,14,0.16666666666666666,127,68.2,74,360,9,1522,0,829020,134.6991862729883,27634,829020,0.25,134.86928852299934,164,ALL_RESOLVED
final_v1,astar,map1,34,718a8e29bed05af7,30,22,1,7,0.7333333333333333,78,40.40909090909091,44.5,0,4,959,127868,151421,1.4409942090278491,0,0,,1.5155252599997766,79,ALL_RESOLVED
final_v1,bfs,map1,35,718a8e29bed05af7,30,10,0,20,0.3333333333333333,24,16.4,16.5,0,10,294,51491,53455,0.3743040540139191,0,0,,0.3929221470007178,25,ALL_RESOLVED
final_v1,ucs,map1,35,718a8e29bed05af7,30,10,0,20,0.3333333333333333,24,16.4,16.5,0,5,294,54152,56183,0.4699350319770019,0,0,,0.48367061000135436,25,ALL_RESOLVED
final_v1,greedy,map1,35,718a8e29bed05af7,30,10,0,20,0.3333333333333333,29,19.0,19.5,0,6,320,22930,40938,0.29769026198846404,0,0,,0.3187460729986924,30,ALL_RESOLVED
final_v1,ga,map1,28,718a8e29bed05af7,30,5,2,23,0.16666666666666666,44,20.2,13,98,0,470,0,247320,59.64952978401925,8244,247320,0.25,59.70929927399993,45,ALL_RESOLVED
final_v1,astar,map1,35,718a8e29bed05af7,30,10,0,20,0.3333333333333333,24,16.4,16.5,0,7,294,43434,49691,0.5365032529953169,0,0,,0.5559953609990771,25,ALL_RESOLVED
final_v1,bfs,map1,36,718a8e29bed05af7,30,30,0,0,1.0,97,47.56666666666667,43.0,0,2,1457,283642,294256,1.9278851870112703,0,0,,2.0316469720000896,98,ALL_RESOLVED
final_v1,ga,map1,2,718a8e29bed05af7,30,8,15,7,0.26666666666666666,129,59.75,56.0,648,6,2678,0,1447770,291.1192112900644,48259,1447770,0.25,291.45491894899897,200,TIMEOUT
final_v1,ucs,map1,36,718a8e29bed05af7,30,30,0,0,1.0,97,49.53333333333333,46.5,0,5,1516,312166,323317,3.3998568679744494,0,0,,3.513143714999387,98,ALL_RESOLVED
final_v1,greedy,map1,36,718a8e29bed05af7,30,30,0,0,1.0,103,51.93333333333333,47.0,0,3,1588,126948,228720,1.0066741539776558,0,0,,1.0804784640004073,104,ALL_RESOLVED
final_v1,astar,map1,36,718a8e29bed05af7,30,30,0,0,1.0,97,49.13333333333333,46.5,0,5,1504,230902,269362,2.6526282309823728,0,0,,2.76396061000014,98,ALL_RESOLVED
final_v1,bfs,map1,37,718a8e29bed05af7,30,2,0,28,0.06666666666666667,15,11.5,11.5,28,0,53,10291,10479,0.07494436399792903,0,0,,0.07891092200043204,16,ALL_RESOLVED
final_v1,ucs,map1,37,718a8e29bed05af7,30,2,0,28,0.06666666666666667,15,11.5,11.5,28,0,53,10467,10639,0.12316321500111371,0,0,,0.12743528800092463,16,ALL_RESOLVED
final_v1,greedy,map1,37,718a8e29bed05af7,30,2,0,28,0.06666666666666667,15,11.5,11.5,28,0,53,9674,15878,0.12309493300017493,0,0,,0.12724312399950577,16,ALL_RESOLVED
final_v1,astar,map1,37,718a8e29bed05af7,30,2,0,28,0.06666666666666667,15,11.5,11.5,28,0,53,9765,10511,0.12044444000275689,0,0,,0.12471168099909846,16,ALL_RESOLVED
final_v1,ga,map1,20,718a8e29bed05af7,30,6,9,15,0.2,146,59.0,42.5,322,0,1424,0,768510,134.8362059680403,25617,768510,0.25,135.00449205400037,158,ALL_RESOLVED
final_v1,bfs,map1,38,718a8e29bed05af7,30,8,1,21,0.26666666666666666,34,19.75,20.5,0,3,380,85908,88408,0.6255067009897175,0,0,,0.6506514659995446,35,ALL_RESOLVED
final_v1,ucs,map1,38,718a8e29bed05af7,30,8,1,21,0.26666666666666666,34,20.0,20.5,0,3,382,89120,91548,1.0400491850232356,0,0,,1.0667607390005287,35,ALL_RESOLVED
final_v1,greedy,map1,38,718a8e29bed05af7,30,8,1,21,0.26666666666666666,38,22.75,24.5,0,3,404,40559,71775,0.5314062629931868,0,0,,0.5592290089989547,39,ALL_RESOLVED
final_v1,astar,map1,38,718a8e29bed05af7,30,8,1,21,0.26666666666666666,34,20.625,21.5,0,4,387,70524,80902,0.8679723199948057,0,0,,0.8947679980010435,35,ALL_RESOLVED
final_v1,ga,map1,37,718a8e29bed05af7,30,2,0,28,0.06666666666666667,21,16.5,16.5,16,0,63,0,26760,5.207893766004418,892,26760,0.25,5.216155654001341,22,ALL_RESOLVED
final_v1,bfs,map1,39,718a8e29bed05af7,30,27,0,3,0.9,83,40.96296296296296,41,0,4,1139,187643,195978,1.2468606279744563,0,0,,1.3244294409996655,84,ALL_RESOLVED
final_v1,ucs,map1,39,718a8e29bed05af7,30,27,0,3,0.9,84,42.44444444444444,41,0,6,1179,208406,217064,2.222174403961617,0,0,,2.3054894199995033,85,ALL_RESOLVED
final_v1,greedy,map1,39,718a8e29bed05af7,30,27,0,3,0.9,89,45.0,45,0,3,1248,83710,151977,1.0342989929613395,0,0,,1.1185342820008373,90,ALL_RESOLVED
final_v1,astar,map1,39,718a8e29bed05af7,30,27,0,3,0.9,83,42.629629629629626,41,0,5,1184,150365,177512,1.7052024760359927,0,0,,1.7878750670006411,84,ALL_RESOLVED
final_v1,ga,map1,25,718a8e29bed05af7,30,2,0,28,0.06666666666666667,15,13.0,13.0,166,0,780,0,424050,97.43664118698871,14135,424050,0.25,97.52191836100064,28,ALL_RESOLVED
final_v1,bfs,map1,40,718a8e29bed05af7,30,3,0,27,0.1,14,12.333333333333334,12,0,4,148,34221,35241,0.2521171489952394,0,0,,0.2618434949999937,15,ALL_RESOLVED
final_v1,ucs,map1,40,718a8e29bed05af7,30,3,0,27,0.1,14,12.333333333333334,12,0,3,148,35174,36155,0.42161406500054,0,0,,0.4317728910009464,15,ALL_RESOLVED
final_v1,greedy,map1,40,718a8e29bed05af7,30,3,1,26,0.1,14,12.333333333333334,12,0,4,148,16673,29723,0.22445236101339106,0,0,,0.2343601079992368,15,ALL_RESOLVED
final_v1,astar,map1,40,718a8e29bed05af7,30,3,1,26,0.1,14,12.333333333333334,12,0,3,148,29281,32783,0.3615222870121215,0,0,,0.3716240210014803,15,ALL_RESOLVED
final_v1,ga,map1,40,718a8e29bed05af7,30,3,0,27,0.1,25,20.666666666666668,19,38,1,173,0,84300,11.691990969005928,2810,84300,0.25,11.709453741999823,26,ALL_RESOLVED
final_v1,ga,map1,33,718a8e29bed05af7,30,7,3,20,0.23333333333333334,51,28.714285714285715,21,92,1,444,0,230460,43.965256192977904,7682,230460,0.25,44.01663333900069,52,ALL_RESOLVED
final_v1,bfs,map1,41,718a8e29bed05af7,30,30,0,0,1.0,94,47.56666666666667,45.5,0,6,1457,279986,290519,1.912463303997356,0,0,,2.014616628001022,95,ALL_RESOLVED
final_v1,greedy,map1,41,718a8e29bed05af7,30,30,0,0,1.0,100,52.166666666666664,49.5,0,8,1595,127016,228803,1.5887578209967614,0,0,,1.6997391140012041,101,ALL_RESOLVED
final_v1,ucs,map1,41,718a8e29bed05af7,30,30,0,0,1.0,96,49.266666666666666,47.5,0,5,1508,306526,317473,3.339764208007182,0,0,,3.4518696079994697,97,ALL_RESOLVED
final_v1,astar,map1,41,718a8e29bed05af7,30,30,0,0,1.0,96,49.03333333333333,46.5,0,6,1501,228034,266580,2.629241327957061,0,0,,2.738800817000083,97,ALL_RESOLVED
final_v1,bfs,map1,42,718a8e29bed05af7,30,18,0,12,0.6,50,20.166666666666668,18.0,0,11,501,75600,79064,0.5359993790079898,0,0,,0.5735057070014591,51,ALL_RESOLVED
final_v1,ucs,map1,42,718a8e29bed05af7,30,18,0,12,0.6,50,20.77777777777778,18.0,0,12,512,83843,87266,0.9604057479791663,0,0,,1.00080065200018,51,ALL_RESOLVED
final_v1,greedy,map1,42,718a8e29bed05af7,30,18,0,12,0.6,54,22.166666666666668,20.0,0,11,537,35685,64326,0.4397677080014546,0,0,,0.47146213199994236,55,ALL_RESOLVED
final_v1,astar,map1,42,718a8e29bed05af7,30,18,0,12,0.6,50,20.61111111111111,18.0,0,12,509,62662,73015,0.6839834559905285,0,0,,0.7224257590005436,51,ALL_RESOLVED
final_v1,ga,map1,31,718a8e29bed05af7,30,9,5,16,0.3,111,41.666666666666664,35,182,1,798,0,416730,83.55226288899757,13891,416730,0.25,83.66070156000023,112,ALL_RESOLVED
final_v1,bfs,map1,43,718a8e29bed05af7,30,4,0,26,0.13333333333333333,22,17.25,17.0,0,0,125,21633,22460,0.15674772399142967,0,0,,0.16736795600081678,23,ALL_RESOLVED
final_v1,ucs,map1,43,718a8e29bed05af7,30,4,0,26,0.13333333333333333,24,17.75,17.0,0,0,127,22511,23327,0.2620319960042252,0,0,,0.27353580400085775,25,ALL_RESOLVED
final_v1,greedy,map1,43,718a8e29bed05af7,30,4,0,26,0.13333333333333333,30,20.25,19.0,0,0,137,10063,18277,0.13429606400131888,0,0,,0.1470805829994788,31,ALL_RESOLVED
final_v1,astar,map1,43,718a8e29bed05af7,30,4,0,26,0.13333333333333333,22,17.25,17.0,0,0,125,16838,19704,0.20944701700864243,0,0,,0.22017448999940825,23,ALL_RESOLVED
final_v1,ga,map1,35,718a8e29bed05af7,30,7,3,20,0.23333333333333334,85,44.142857142857146,30,122,3,598,0,319830,56.51021592599682,10661,319830,0.25,56.58134058900032,86,ALL_RESOLVED
final_v1,bfs,map1,44,718a8e29bed05af7,30,1,0,29,0.03333333333333333,14,14.0,14,0,1,73,16968,17464,0.07717797000259452,0,0,,0.0811186569990241,15,ALL_RESOLVED
final_v1,ucs,map1,44,718a8e29bed05af7,30,1,0,29,0.03333333333333333,14,14.0,14,0,0,73,17481,17955,0.12992757800748223,0,0,,0.13388493100137566,15,ALL_RESOLVED
final_v1,greedy,map1,44,718a8e29bed05af7,30,1,0,29,0.03333333333333333,14,14.0,14,0,0,73,7990,14353,0.06355311399420316,0,0,,0.06726945700029319,15,ALL_RESOLVED
final_v1,astar,map1,44,718a8e29bed05af7,30,1,0,29,0.03333333333333333,14,14.0,14,0,0,73,13924,16063,0.1137760720012011,0,0,,0.11741043700021692,15,ALL_RESOLVED
final_v1,ga,map1,43,718a8e29bed05af7,30,2,2,26,0.06666666666666667,24,21.5,21.5,24,0,147,0,75330,13.544413229008569,2511,75330,0.25,13.568439249000221,44,ALL_RESOLVED
final_v1,bfs,map1,45,718a8e29bed05af7,30,7,0,23,0.23333333333333334,17,13.142857142857142,14,0,4,237,49572,51162,0.35185337599796185,0,0,,0.3665683019989956,18,ALL_RESOLVED
final_v1,ga,map1,44,718a8e29bed05af7,30,0,0,30,0.0,,,,11,0,76,0,39780,8.433272720994864,1326,39780,0.034482758620689655,8.444077549000212,18,ALL_RESOLVED
final_v1,ucs,map1,45,718a8e29bed05af7,30,7,0,23,0.23333333333333334,17,13.142857142857142,14,0,4,237,51226,52813,0.6108808440003486,0,0,,0.6292033520003315,18,ALL_RESOLVED
final_v1,greedy,map1,45,718a8e29bed05af7,30,7,0,23,0.23333333333333334,19,14.285714285714286,15,0,0,245,23254,41629,0.3441561710114911,0,0,,0.360199733000627,20,ALL_RESOLVED
final_v1,astar,map1,45,718a8e29bed05af7,30,7,0,23,0.23333333333333334,17,13.142857142857142,14,0,2,237,41449,47005,0.35568408196922974,0,0,,0.3659191650003777,18,ALL_RESOLVED
final_v1,bfs,map1,46,718a8e29bed05af7,30,10,0,20,0.3333333333333333,23,16.2,16.5,0,4,652,156170,159133,0.687895205024688,0,0,,0.7118047379990458,24,ALL_RESOLVED
final_v1,ucs,map1,46,718a8e29bed05af7,30,8,1,21,0.26666666666666666,23,15.375,15.5,0,3,659,163463,166273,1.1442988660055562,0,0,,1.1717230069989455,24,ALL_RESOLVED
final_v1,greedy,map1,46,718a8e29bed05af7,30,7,0,23,0.23333333333333334,22,16.571428571428573,19,0,2,675,73845,131925,0.5901601490095345,0,0,,0.6162929910005914,24,ALL_RESOLVED
final_v1,astar,map1,46,718a8e29bed05af7,30,9,1,20,0.3,22,15.88888888888889,16,0,3,656,137048,152293,0.9934984389747115,0,0,,1.0197198089990707,24,ALL_RESOLVED
final_v1,ga,map1,38,718a8e29bed05af7,30,4,3,23,0.13333333333333333,82,37.25,29.0,121,0,503,0,273870,57.270853697995335,9129,273870,0.25,57.34182856000007,83,ALL_RESOLVED
final_v1,bfs,map1,47,718a8e29bed05af7,30,9,2,19,0.3,32,18.0,17,0,1,339,66360,68660,0.4935224090113479,0,0,,0.5150465909991908,33,ALL_RESOLVED
final_v1,ucs,map1,47,718a8e29bed05af7,30,9,2,19,0.3,32,18.0,17,0,1,339,68636,70925,0.8166317639934277,0,0,,0.839566972999819,33,ALL_RESOLVED
final_v1,greedy,map1,47,718a8e29bed05af7,30,10,1,19,0.3333333333333333,36,21.3,19.5,0,1,383,30136,54190,0.40259520798827,0,0,,0.4262890680001874,37,ALL_RESOLVED
final_v1,astar,map1,47,718a8e29bed05af7,30,10,1,19,0.3333333333333333,34,19.5,17.5,0,1,365,53110,62585,0.6660886170157028,0,0,,0.6897527800010721,35,ALL_RESOLVED
final_v1,ga,map1,45,718a8e29bed05af7,30,4,2,24,0.13333333333333333,20,15.5,15.5,57,0,264,0,136410,29.333603401008077,4547,136410,0.25,29.365707441000268,22,ALL_RESOLVED
final_v1,bfs,map1,48,718a8e29bed05af7,30,7,0,23,0.23333333333333334,43,28.142857142857142,30,0,4,1216,337727,345312,2.445099988959555,0,0,,2.51619187399956,44,ALL_RESOLVED
final_v1,ucs,map1,48,718a8e29bed05af7,30,6,0,24,0.2,42,26.0,29.5,0,5,1218,349966,357197,4.064959241015458,0,0,,4.142270581000048,44,ALL_RESOLVED
final_v1,greedy,map1,48,718a8e29bed05af7,30,5,0,25,0.16666666666666666,43,24.8,31,0,4,1229,148858,265123,1.9343573960341018,0,0,,2.005383690999224,44,ALL_RESOLVED
final_v1,astar,map1,48,718a8e29bed05af7,30,6,0,24,0.2,42,25.666666666666668,28.5,0,5,1216,282164,326635,2.668959819991869,0,0,,2.7335745070013218,44,ALL_RESOLVED
final_v1,ga,map1,47,718a8e29bed05af7,30,6,2,22,0.2,40,25.166666666666668,24.5,104,0,447,0,230880,42.38041404700016,7696,230880,0.25,42.43448589199943,58,ALL_RESOLVED
final_v1,bfs,map1,49,718a8e29bed05af7,30,5,1,24,0.16666666666666666,13,10.2,11,0,4,206,46757,48146,0.22103094400881673,0,0,,0.2289218770001753,14,ALL_RESOLVED
final_v1,ucs,map1,49,718a8e29bed05af7,30,5,1,24,0.16666666666666666,13,10.2,11,0,3,206,48432,49814,0.3793420059955679,0,0,,0.3879001830009656,14,ALL_RESOLVED
final_v1,greedy,map1,49,718a8e29bed05af7,30,4,2,24,0.13333333333333333,13,9.75,9.5,0,3,195,22078,39279,0.18543487200076925,0,0,,0.19372940199900768,14,ALL_RESOLVED
final_v1,astar,map1,49,718a8e29bed05af7,30,5,1,24,0.16666666666666666,13,10.2,11,0,3,204,39629,44477,0.3172044470156834,0,0,,0.32555976000003284,14,ALL_RESOLVED
final_v1,ga,map1,42,718a8e29bed05af7,30,12,4,14,0.4,84,27.083333333333332,19.0,167,3,883,0,445110,79.91209481000624,14837,445110,0.25,80.01940999599901,85,ALL_RESOLVED
final_v1,bfs,map1,50,718a8e29bed05af7,30,1,0,29,0.03333333333333333,10,10.0,10,0,0,185,49747,51100,0.24448134199883498,0,0,,0.2519265909995738,11,ALL_RESOLVED
final_v1,ucs,map1,50,718a8e29bed05af7,30,1,0,29,0.03333333333333333,10,10.0,10,0,0,185,51211,52481,0.4092723059911805,0,0,,0.41717733499899623,11,ALL_RESOLVED
final_v1,greedy,map1,50,718a8e29bed05af7,30,1,0,29,0.03333333333333333,10,10.0,10,0,0,185,23713,42597,0.20554813299168018,0,0,,0.2138177460001316,11,ALL_RESOLVED
final_v1,astar,map1,50,718a8e29bed05af7,30,1,0,29,0.03333333333333333,10,10.0,10,0,0,185,40776,46366,0.3205365120102215,0,0,,0.32816434600135835,11,ALL_RESOLVED
final_v1,ga,map1,49,718a8e29bed05af7,30,3,0,27,0.1,15,10.0,8,31,1,195,0,99240,22.44937308900444,3308,99240,0.25,22.472210535999693,16,ALL_RESOLVED
final_v1,bfs,map1,51,718a8e29bed05af7,30,30,0,0,1.0,94,53.06666666666667,59.0,0,6,1622,337292,348936,2.2972798099872307,0,0,,2.410588765000284,95,ALL_RESOLVED
final_v1,ga,map1,50,718a8e29bed05af7,30,1,0,29,0.03333333333333333,18,18.0,18,46,0,193,0,103620,19.512059967992172,3454,103620,0.25,19.533891466999194,19,ALL_RESOLVED
final_v1,ucs,map1,51,718a8e29bed05af7,30,30,0,0,1.0,102,55.43333333333333,59.0,0,7,1693,370746,382936,4.0308724389851704,0,0,,4.16011980499934,103,ALL_RESOLVED
final_v1,greedy,map1,51,718a8e29bed05af7,30,30,0,0,1.0,100,58.1,63.0,0,5,1773,153155,275178,1.9542637880313123,0,0,,2.0827914790006616,101,ALL_RESOLVED
final_v1,astar,map1,51,718a8e29bed05af7,30,30,0,0,1.0,102,55.3,59.0,0,11,1689,284409,328466,3.380045617966971,0,0,,3.5194660340002883,103,ALL_RESOLVED
final_v1,ga,map1,46,718a8e29bed05af7,30,2,1,27,0.06666666666666667,14,11.5,11.5,143,0,685,0,372390,81.75846251001167,12413,372390,0.25,81.83382603300015,24,ALL_RESOLVED
final_v1,bfs,map1,52,718a8e29bed05af7,30,26,2,2,0.8666666666666667,88,46.88461538461539,48.5,0,6,1285,247964,256978,1.626591294994796,0,0,,1.7256802120009525,89,ALL_RESOLVED
final_v1,greedy,map1,52,718a8e29bed05af7,30,26,2,2,0.8666666666666667,94,51.42307692307692,52.5,0,6,1399,114692,206395,1.5545980460101418,0,0,,1.6793756669994764,95,ALL_RESOLVED
final_v1,ucs,map1,52,718a8e29bed05af7,30,26,2,2,0.8666666666666667,92,48.84615384615385,48.5,0,5,1336,269734,279215,2.9572434589899785,0,0,,3.0645126389990764,93,ALL_RESOLVED
final_v1,astar,map1,52,718a8e29bed05af7,30,26,2,2,0.8666666666666667,93,48.57692307692308,48.5,0,10,1325,205212,237950,2.3374112980200152,0,0,,2.438975109000239,94,ALL_RESOLVED
final_v1,bfs,map1,53,718a8e29bed05af7,30,16,0,14,0.5333333333333333,40,24.1875,24.5,0,11,459,55087,58406,0.39379465700039873,0,0,,0.42102450799939106,41,ALL_RESOLVED
final_v1,ucs,map1,53,718a8e29bed05af7,30,16,0,14,0.5333333333333333,41,26.5,25.5,0,6,496,65541,69265,0.6901459769851499,0,0,,0.7219460230007826,42,ALL_RESOLVED
final_v1,greedy,map1,53,718a8e29bed05af7,30,16,0,14,0.5333333333333333,44,27.9375,28.5,0,11,519,24633,45532,0.3183596760063665,0,0,,0.35106206300042686,45,ALL_RESOLVED
final_v1,astar,map1,53,718a8e29bed05af7,30,16,0,14,0.5333333333333333,40,26.1875,25.5,0,7,491,42571,52017,0.5167020770059025,0,0,,0.5479794990005757,41,ALL_RESOLVED
final_v1,ga,map1,17,718a8e29bed05af7,30,14,3,13,0.4666666666666667,148,53.0,16.5,782,18,3220,0,1706220,323.60238478189603,56874,1706220,0.25,323.9851018469999,200,TIMEOUT
final_v1,bfs,map1,54,718a8e29bed05af7,30,30,0,0,1.0,96,52.0,54.5,0,6,1590,313415,324541,2.1171402229592786,0,0,,2.215148343999317,97,ALL_RESOLVED
final_v1,ucs,map1,54,718a8e29bed05af7,30,30,0,0,1.0,102,53.666666666666664,55.5,0,6,1640,337725,349286,3.6773768680068315,0,0,,3.78792520999923,103,ALL_RESOLVED
final_v1,greedy,map1,54,718a8e29bed05af7,30,30,0,0,1.0,102,56.06666666666667,58.5,0,6,1712,146036,262814,1.8159167410158261,0,0,,1.923133815998881,103,ALL_RESOLVED
final_v1,astar,map1,54,718a8e29bed05af7,30,29,1,0,0.9666666666666667,98,51.689655172413794,54,0,6,1552,243780,285023,2.810789371966166,0,0,,2.9159137120004743,99,ALL_RESOLVED
final_v1,ga,map1,29,718a8e29bed05af7,30,6,12,12,0.2,153,84.5,87.0,641,5,2759,0,1509420,277.11057187906954,50314,1509420,0.25,277.44313270599923,200,TIMEOUT
final_v1,bfs,map1,55,718a8e29bed05af7,30,26,1,3,0.8666666666666667,68,33.69230769230769,32.5,0,4,946,150246,157375,1.0094821019611118,0,0,,1.0715487779998512,69,ALL_RESOLVED
final_v1,ucs,map1,55,718a8e29bed05af7,30,26,1,3,0.8666666666666667,68,35.19230769230769,35.5,0,7,985,168751,176004,1.8042600340304489,0,0,,1.8713169260008726,69,ALL_RESOLVED
final_v1,greedy,map1,55,718a8e29bed05af7,30,26,1,3,0.8666666666666667,74,37.19230769230769,36.5,0,3,1037,65897,120001,0.8173708310041548,0,0,,0.885156864000237,75,ALL_RESOLVED
final_v1,astar,map1,55,718a8e29bed05af7,30,26,1,3,0.8666666666666667,68,34.88461538461539,35.5,0,7,977,114493,135965,1.3117823260363366,0,0,,1.3795641809992958,69,ALL_RESOLVED
final_v1,ga,map1,34,718a8e29bed05af7,30,8,8,14,0.26666666666666666,186,74.75,73.0,555,5,2302,0,1247940,237.93347252593412,41598,1247940,0.25,238.22429628099962,200,TIMEOUT
final_v1,bfs,map1,56,718a8e29bed05af7,30,17,0,13,0.5666666666666667,42,24.647058823529413,29,0,4,462,50340,53570,0.32664410899633367,0,0,,0.3534788929991919,43,ALL_RESOLVED
final_v1,ucs,map1,56,718a8e29bed05af7,30,17,0,13,0.5666666666666667,46,26.470588235294116,31,0,5,493,58274,61772,0.602137532991037,0,0,,0.6325482409993128,47,ALL_RESOLVED
final_v1,greedy,map1,56,718a8e29bed05af7,30,17,0,13,0.5666666666666667,46,27.470588235294116,33,0,4,510,23237,43031,0.2816073990179575,0,0,,0.31163497699890286,47,ALL_RESOLVED
final_v1,astar,map1,56,718a8e29bed05af7,30,17,0,13,0.5666666666666667,46,27.0,31,0,6,502,38375,47476,0.45551742300631304,0,0,,0.4897933690008358,47,ALL_RESOLVED
final_v1,ga,map1,48,718a8e29bed05af7,30,2,0,28,0.06666666666666667,12,10.5,10.5,308,1,1255,0,685860,159.39206433296386,22862,685860,0.25,159.53230221000013,44,ALL_RESOLVED
final_v1,bfs,map1,57,718a8e29bed05af7,30,8,0,22,0.26666666666666666,23,15.375,15.0,0,1,439,102730,105850,0.4537868110001,0,0,,0.47222953799973766,24,ALL_RESOLVED
final_v1,ucs,map1,57,718a8e29bed05af7,30,8,0,22,0.26666666666666666,23,15.375,15.0,0,1,439,106992,110081,1.0571250280081586,0,0,,1.0817050879995804,24,ALL_RESOLVED
final_v1,greedy,map1,57,718a8e29bed05af7,30,8,0,22,0.26666666666666666,27,17.625,18.0,0,0,457,46995,83621,0.3509077459912078,0,0,,0.3669929030002095,28,ALL_RESOLVED
final_v1,astar,map1,57,718a8e29bed05af7,30,8,0,22,0.26666666666666666,23,15.375,15.0,0,1,439,83124,96796,0.5874135200101591,0,0,,0.6043507590002264,24,ALL_RESOLVED
final_v1,ga,map1,53,718a8e29bed05af7,30,6,10,14,0.2,94,59.166666666666664,65.5,265,0,1117,0,610680,118.31172252804936,20356,610680,0.25,118.44526399700044,112,ALL_RESOLVED
final_v1,bfs,map1,58,718a8e29bed05af7,30,1,1,28,0.03333333333333333,12,12.0,12,0,0,131,38204,39059,0.28316398101014784,0,0,,0.29195776100095827,13,ALL_RESOLVED
final_v1,ucs,map1,58,718a8e29bed05af7,30,1,1,28,0.03333333333333333,12,12.0,12,0,0,131,38804,39657,0.4634271639988583,0,0,,0.4729442379993998,13,ALL_RESOLVED
final_v1,greedy,map1,58,718a8e29bed05af7,30,2,0,28,0.06666666666666667,22,18.0,18.0,0,0,150,18666,33189,0.2500617719888396,0,0,,0.26139658899955975,23,ALL_RESOLVED
final_v1,astar,map1,58,718a8e29bed05af7,30,1,1,28,0.03333333333333333,12,12.0,12,0,0,131,32333,36817,0.4047358269963297,0,0,,0.4142596629990294,13,ALL_RESOLVED
final_v1,ga,map1,58,718a8e29bed05af7,30,1,0,29,0.03333333333333333,14,14.0,14,23,0,131,0,70620,17.954514100003507,2354,70620,0.25,17.971448825001062,15,ALL_RESOLVED
final_v1,bfs,map1,59,718a8e29bed05af7,30,20,0,10,0.6666666666666666,64,36.35,41.0,0,5,827,141597,147511,0.9258205770274799,0,0,,0.9840943610015529,65,ALL_RESOLVED
final_v1,ucs,map1,59,718a8e29bed05af7,30,20,0,10,0.6666666666666666,66,37.95,41.0,0,5,859,153925,160113,1.6512031049605866,0,0,,1.71702126800119,67,ALL_RESOLVED
final_v1,greedy,map1,59,718a8e29bed05af7,30,20,0,10,0.6666666666666666,72,39.65,45.0,0,3,893,66393,120257,0.8263986639612995,0,0,,0.8927818600004684,73,ALL_RESOLVED
final_v1,astar,map1,59,718a8e29bed05af7,30,20,0,10,0.6666666666666666,65,37.65,41.0,0,5,853,109885,131010,1.2609797780078225,0,0,,1.3240843999992649,66,ALL_RESOLVED
final_v1,ga,map1,56,718a8e29bed05af7,30,8,8,14,0.26666666666666666,116,38.375,21.5,170,8,761,0,389070,77.13825386899589,12969,389070,0.25,77.24808386999939,117,ALL_RESOLVED
final_v1,bfs,map1,60,718a8e29bed05af7,30,11,0,19,0.36666666666666664,40,20.454545454545453,16,0,1,274,33249,35147,0.22921969102026196,0,0,,0.25310832499963,41,ALL_RESOLVED
final_v1,ucs,map1,60,718a8e29bed05af7,30,11,0,19,0.36666666666666664,40,20.636363636363637,16,0,1,276,35634,37571,0.41158181598621013,0,0,,0.4327832010003476,41,ALL_RESOLVED
final_v1,greedy,map1,60,718a8e29bed05af7,30,11,0,19,0.36666666666666664,44,22.727272727272727,19,0,0,299,15449,28429,0.16837086000123236,0,0,,0.1926845220004907,45,ALL_RESOLVED
final_v1,astar,map1,60,718a8e29bed05af7,30,11,0,19,0.36666666666666664,40,20.636363636363637,16,0,1,276,24654,29630,0.2872934349998104,0,0,,0.31023705000006885,41,ALL_RESOLVED
final_v1,ga,map1,57,718a8e29bed05af7,30,5,2,23,0.16666666666666666,45,23.8,17,102,0,502,0,263490,51.693149347971485,8783,263490,0.25,51.750711590999344,46,ALL_RESOLVED
final_v1,bfs,map1,61,718a8e29bed05af7,30,1,1,28,0.03333333333333333,9,9.0,9,0,1,242,69948,71635,0.3068580019953515,0,0,,0.3156710729999759,10,ALL_RESOLVED
final_v1,ucs,map1,61,718a8e29bed05af7,30,1,1,28,0.03333333333333333,9,9.0,9,0,1,242,71204,72826,0.5044336290102365,0,0,,0.5149224139986472,10,ALL_RESOLVED
final_v1,greedy,map1,61,718a8e29bed05af7,30,1,0,29,0.03333333333333333,9,9.0,9,0,0,242,33326,59485,0.26034174100459495,0,0,,0.2696755410015612,10,ALL_RESOLVED
final_v1,astar,map1,61,718a8e29bed05af7,30,1,1,28,0.03333333333333333,9,9.0,9,0,1,242,57932,66047,0.42669873997692775,0,0,,0.43646826300027897,10,ALL_RESOLVED
final_v1,ga,map1,61,718a8e29bed05af7,30,1,0,29,0.03333333333333333,10,10.0,10,64,0,243,0,134220,21.303849115000048,4474,134220,0.25,21.326074299999163,11,ALL_RESOLVED
final_v1,bfs,map1,62,718a8e29bed05af7,30,1,0,29,0.03333333333333333,14,14.0,14,0,1,189,51543,52831,0.30174453399013146,0,0,,0.31229620600061025,15,ALL_RESOLVED
final_v1,ucs,map1,62,718a8e29bed05af7,30,1,0,29,0.03333333333333333,14,14.0,14,0,1,189,52708,53923,0.4628597850096412,0,0,,0.47292263100098353,15,ALL_RESOLVED
final_v1,greedy,map1,62,718a8e29bed05af7,30,1,0,29,0.03333333333333333,14,14.0,14,0,1,189,24537,44041,0.239659657005177,0,0,,0.24841980899873306,15,ALL_RESOLVED
final_v1,astar,map1,62,718a8e29bed05af7,30,1,0,29,0.03333333333333333,14,14.0,14,0,1,189,43341,49197,0.4790555050094554,0,0,,0.4910928499994043,15,ALL_RESOLVED
final_v1,ga,map1,62,718a8e29bed05af7,30,0,0,30,0.0,,,,30,1,192,0,105750,28.999962088992106,3525,105750,0.03225806451612903,29.027713700001186,18,ALL_RESOLVED
final_v1,bfs,map1,63,718a8e29bed05af7,30,18,0,12,0.6,50,26.166666666666668,24.5,0,6,633,106659,111189,0.794148793011118,0,0,,0.845783221999227,51,ALL_RESOLVED
final_v1,ucs,map1,63,718a8e29bed05af7,30,18,0,12,0.6,50,26.833333333333332,26.0,0,4,645,115359,119946,1.5175171359860542,0,0,,1.5859686629992211,51,ALL_RESOLVED
final_v1,greedy,map1,63,718a8e29bed05af7,30,18,0,12,0.6,54,29.22222222222222,28.5,0,5,688,47339,85690,0.6998481899863691,0,0,,0.7507773309989716,55,ALL_RESOLVED
final_v1,astar,map1,63,718a8e29bed05af7,30,18,0,12,0.6,50,26.555555555555557,24.5,0,3,640,87060,101289,1.3105558079878392,0,0,,1.3604101829987485,51,ALL_RESOLVED
final_v1,ga,map1,60,718a8e29bed05af7,30,6,5,19,0.2,98,40.833333333333336,30.0,159,0,719,0,380700,63.51004862702575,12690,380700,0.25,63.61758008800098,124,ALL_RESOLVED
final_v1,bfs,map1,64,718a8e29bed05af7,30,25,1,4,0.8333333333333334,65,32.04,25,0,5,846,122844,128954,0.9281454210213269,0,0,,0.9962486509994051,66,ALL_RESOLVED
final_v1,ucs,map1,64,718a8e29bed05af7,30,25,1,4,0.8333333333333334,67,33.24,27,0,5,876,136799,143159,1.5050323070354352,0,0,,1.5735893869987194,68,ALL_RESOLVED
final_v1,greedy,map1,64,718a8e29bed05af7,30,25,1,4,0.8333333333333334,73,35.8,31,0,9,940,56357,102713,0.7488864720216952,0,0,,0.8254825309995795,74,ALL_RESOLVED
final_v1,astar,map1,64,718a8e29bed05af7,30,25,1,4,0.8333333333333334,67,32.72,28,0,4,863,93984,112509,1.140197236003587,0,0,,1.2050255369995284,68,ALL_RESOLVED
final_v1,ga,map1,39,718a8e29bed05af7,30,7,17,6,0.23333333333333334,152,67.42857142857143,65,809,13,3315,0,1792290,364.5405747150162,59743,1792290,0.25,364.9421714179989,200,TIMEOUT
final_v1,bfs,map1,65,718a8e29bed05af7,30,12,0,18,0.4,48,22.833333333333332,20.5,0,3,394,64597,67310,0.4467336159923434,0,0,,0.47775501599971903,49,ALL_RESOLVED
final_v1,ucs,map1,65,718a8e29bed05af7,30,12,0,18,0.4,48,23.166666666666668,21.0,0,3,398,68254,71007,0.7792178449981293,0,0,,0.8131857040007162,49,ALL_RESOLVED
final_v1,greedy,map1,65,718a8e29bed05af7,30,12,0,18,0.4,52,26.166666666666668,24.5,0,3,434,31001,56200,0.6072250230135978,0,0,,0.6638381950015173,53,ALL_RESOLVED
final_v1,astar,map1,65,718a8e29bed05af7,30,12,0,18,0.4,48,23.416666666666668,22.5,0,4,401,51274,59121,1.0823105159797706,0,0,,1.123773599998458,49,ALL_RESOLVED
final_v1,ga,map1,41,718a8e29bed05af7,30,7,10,13,0.23333333333333334,92,35.714285714285715,22,834,15,3263,0,1761810,359.69752751097803,58727,1761810,0.25,360.1049794419996,200,TIMEOUT
final_v1,bfs,map1,66,718a8e29bed05af7,30,21,2,7,0.7,77,33.38095238095238,26,0,5,826,143357,149244,0.9676268779967359,0,0,,1.0342204829994444,78,ALL_RESOLVED
final_v1,ucs,map1,66,718a8e29bed05af7,30,21,2,7,0.7,77,34.142857142857146,30,0,7,842,154762,160698,1.7057383880146517,0,0,,1.7796828190002998,78,ALL_RESOLVED
final_v1,greedy,map1,66,718a8e29bed05af7,30,21,2,7,0.7,81,36.904761904761905,30,0,5,900,67593,121931,0.8471865630071989,0,0,,0.9169062960008887,82,ALL_RESOLVED
final_v1,astar,map1,66,718a8e29bed05af7,30,21,2,7,0.7,77,33.857142857142854,28,0,6,836,113811,132995,1.3153021699890814,0,0,,1.3827338130013231,78,ALL_RESOLVED
final_v1,ga,map1,36,718a8e29bed05af7,30,7,9,14,0.23333333333333334,79,40.714285714285715,53,921,23,3714,0,2011230,433.22553728703315,67041,2011230,0.25,433.6750443159999,200,TIMEOUT
final_v1,bfs,map1,67,718a8e29bed05af7,30,26,2,2,0.8666666666666667,78,45.11538461538461,45.5,0,2,1221,213387,222090,1.4586423030414153,0,0,,1.5458566550005344,79,ALL_RESOLVED
final_v1,ucs,map1,67,718a8e29bed05af7,30,26,2,2,0.8666666666666667,82,47.23076923076923,51.0,0,5,1276,234794,243912,2.780428682031925,0,0,,2.8851744570001756,83,ALL_RESOLVED
final_v1,greedy,map1,67,718a8e29bed05af7,30,27,0,3,0.9,87,50.44444444444444,51,0,4,1407,105249,190198,1.4202793710355763,0,0,,1.5134683760006737,88,ALL_RESOLVED
final_v1,astar,map1,67,718a8e29bed05af7,30,26,1,3,0.8666666666666667,82,47.5,49.5,0,6,1283,172632,205899,2.150773183999263,0,0,,2.245204887998625,83,ALL_RESOLVED
final_v1,ga,map1,54,718a8e29bed05af7,30,7,15,8,0.23333333333333334,123,40.142857142857146,23,610,6,2486,0,1345230,291.90362691501286,44841,1345230,0.25,292.2573804870008,200,TIMEOUT
final_v1,bfs,map1,68,718a8e29bed05af7,30,10,0,20,0.3333333333333333,24,16.2,15.5,0,6,452,95744,98846,0.7173356290022639,0,0,,0.7452577439999004,25,ALL_RESOLVED
final_v1,ucs,map1,68,718a8e29bed05af7,30,9,1,20,0.3,24,15.444444444444445,15,0,6,442,99955,102891,1.302969539010519,0,0,,1.3382811559986294,25,ALL_RESOLVED
final_v1,greedy,map1,68,718a8e29bed05af7,30,6,1,23,0.2,16,12.666666666666666,13.5,0,5,412,43446,77530,0.5749736619891337,0,0,,0.6010385120007413,17,ALL_RESOLVED
final_v1,astar,map1,68,718a8e29bed05af7,30,9,1,20,0.3,24,15.444444444444445,15,0,6,442,77947,90342,0.9359157330109156,0,0,,0.9626772400006303,25,ALL_RESOLVED
final_v1,ga,map1,65,718a8e29bed05af7,30,7,4,19,0.23333333333333334,103,59.857142857142854,63,178,0,780,0,412170,84.23211031199753,13739,412170,0.25,84.34884379100004,104,ALL_RESOLVED
final_v1,bfs,map1,69,718a8e29bed05af7,30,4,0,26,0.13333333333333333,23,16.25,17.5,0,2,225,57927,59396,0.2734951869933866,0,0,,0.2850765170005616,24,ALL_RESOLVED
final_v1,ucs,map1,69,718a8e29bed05af7,30,4,0,26,0.13333333333333333,25,16.75,17.5,0,2,227,59219,60696,0.4397577059989999,0,0,,0.45225466400006553,26,ALL_RESOLVED
final_v1,greedy,map1,69,718a8e29bed05af7,30,4,0,26,0.13333333333333333,30,19.0,19.5,0,1,236,26850,47565,0.22858448800252518,0,0,,0.24211972200100718,31,ALL_RESOLVED
final_v1,astar,map1,69,718a8e29bed05af7,30,4,0,26,0.13333333333333333,25,16.75,17.5,0,2,227,48243,55509,0.3879433340007381,0,0,,0.4022462949997134,26,ALL_RESOLVED
final_v1,ga,map1,52,718a8e29bed05af7,30,8,10,12,0.26666666666666666,194,76.375,58.5,735,5,2919,0,1589430,332.22600567496556,52981,1589430,0.25,332.6060484190002,200,TIMEOUT
final_v1,bfs,map1,70,718a8e29bed05af7,30,25,0,5,0.8333333333333334,81,40.28,38,0,4,1062,183257,190946,1.2174761260321247,0,0,,1.2967977930002235,82,ALL_RESOLVED
final_v1,ucs,map1,70,718a8e29bed05af7,30,25,0,5,0.8333333333333334,83,41.48,39,0,6,1092,200001,208007,1.8502761629661109,0,0,,1.928394564998598,84,ALL_RESOLVED
final_v1,greedy,map1,70,718a8e29bed05af7,30,25,0,5,0.8333333333333334,87,44.56,42,0,3,1169,83660,151416,0.9429416409711848,0,0,,1.0229260159994737,88,ALL_RESOLVED
final_v1,astar,map1,70,718a8e29bed05af7,30,25,0,5,0.8333333333333334,81,41.08,38,0,6,1082,145100,170313,1.6058927520371071,0,0,,1.6919759049997083,82,ALL_RESOLVED
final_v1,ga,map1,69,718a8e29bed05af7,30,3,1,26,0.1,59,30.0,24,56,0,261,0,136980,30.11224249299994,4566,136980,0.25,30.15693684300095,60,ALL_RESOLVED
final_v1,bfs,map1,71,718a8e29bed05af7,30,23,0,7,0.7666666666666667,70,33.130434782608695,33,0,0,827,122896,128892,0.7694692039640358,0,0,,0.8278937539998878,71,ALL_RESOLVED
final_v1,ucs,map1,71,718a8e29bed05af7,30,23,0,7,0.7666666666666667,70,34.130434782608695,34,0,3,850,134991,141187,1.5013675809786946,0,0,,1.574902808000843,71,ALL_RESOLVED
final_v1,greedy,map1,71,718a8e29bed05af7,30,22,1,7,0.7333333333333333,73,35.95454545454545,36.5,0,1,861,53346,97084,0.6371965809830726,0,0,,0.6951319859999785,74,ALL_RESOLVED
final_v1,astar,map1,71,718a8e29bed05af7,30,23,0,7,0.7666666666666667,70,34.0,35,0,2,847,95549,114168,1.0908033920259186,0,0,,1.1552677110012155,71,ALL_RESOLVED
final_v1,ga,map1,68,718a8e29bed05af7,30,6,0,24,0.2,24,16.666666666666668,16.5,93,0,442,0,223740,46.819160744005785,7458,223740,0.25,46.87080514800073,25,ALL_RESOLVED
final_v1,bfs,map1,72,718a8e29bed05af7,30,19,0,11,0.6333333333333333,43,25.473684210526315,26,0,3,547,63741,67638,0.3854239829834114,0,0,,0.41411381399848324,44,ALL_RESOLVED
final_v1,ucs,map1,72,718a8e29bed05af7,30,19,0,11,0.6333333333333333,45,27.42105263157895,27,0,8,584,73744,77884,0.7845912120264984,0,0,,0.8218647729991062,46,ALL_RESOLVED
final_v1,greedy,map1,72,718a8e29bed05af7,30,19,0,11,0.6333333333333333,47,28.94736842105263,31,0,3,613,29448,54390,0.3722824990054505,0,0,,0.40790470899992215,48,ALL_RESOLVED
final_v1,astar,map1,72,718a8e29bed05af7,30,19,0,11,0.6333333333333333,45,27.210526315789473,29,0,6,580,48183,59389,0.561980187005247,0,0,,0.5964773320010863,46,ALL_RESOLVED
final_v1,ga,map1,55,718a8e29bed05af7,30,8,15,7,0.26666666666666666,149,32.5,14.5,632,14,2660,0,1432590,292.4233838019354,47753,1432590,0.25,292.8077287140004,200,TIMEOUT
final_v1,bfs,map1,73,718a8e29bed05af7,30,8,0,22,0.26666666666666666,24,16.375,14.5,0,5,227,37607,39196,0.2859506240019982,0,0,,0.3022812569997768,25,ALL_RESOLVED
final_v1,ucs,map1,73,718a8e29bed05af7,30,8,0,22,0.26666666666666666,24,16.375,14.5,0,2,227,39686,41332,0.4731701330110809,0,0,,0.49121391600056086,25,ALL_RESOLVED
final_v1,greedy,map1,73,718a8e29bed05af7,30,8,0,22,0.26666666666666666,28,18.375,15.5,0,3,243,17721,31964,0.16478997398917272,0,0,,0.17817694800032768,29,ALL_RESOLVED
final_v1,astar,map1,73,718a8e29bed05af7,30,8,0,22,0.26666666666666666,24,16.375,14.5,0,2,227,29136,33655,0.29987346302550577,0,0,,0.31336301199917216,25,ALL_RESOLVED
final_v1,ga,map1,51,718a8e29bed05af7,30,7,12,11,0.23333333333333334,108,75.28571428571429,79,888,10,3528,0,1925460,390.55163870899014,64182,1925460,0.25,391.0003765780002,200,TIMEOUT
final_v1,bfs,map1,74,718a8e29bed05af7,30,25,1,4,0.8333333333333334,79,40.2,35,0,15,1088,184493,192255,0.9007731639649137,0,0,,0.959737403998588,80,ALL_RESOLVED
final_v1,ucs,map1,74,718a8e29bed05af7,30,24,1,5,0.8,77,40.291666666666664,38.5,0,10,1067,191664,199394,1.9453748259802524,0,0,,2.0274222120006016,78,ALL_RESOLVED
final_v1,greedy,map1,74,718a8e29bed05af7,30,24,2,4,0.8,83,42.791666666666664,38.5,0,14,1123,81363,146953,1.0158466700177087,0,0,,1.0971406299995579,84,ALL_RESOLVED
final_v1,astar,map1,74,718a8e29bed05af7,30,25,0,5,0.8333333333333334,79,41.32,37,0,7,1120,148662,175934,1.7219388899975456,0,0,,1.8028087389993743,80,ALL_RESOLVED
final_v1,ga,map1,63,718a8e29bed05af7,30,9,8,13,0.3,130,59.55555555555556,54,378,1,1579,0,844560,167.39625204400363,28152,844560,0.25,167.62129746699975,138,ALL_RESOLVED
final_v1,bfs,map1,75,718a8e29bed05af7,30,7,1,22,0.23333333333333334,30,18.285714285714285,20,0,1,457,116251,119246,0.8531559239891067,0,0,,0.8836021550014266,31,ALL_RESOLVED
final_v1,ucs,map1,75,718a8e29bed05af7,30,7,1,22,0.23333333333333334,30,18.285714285714285,20,0,1,457,119782,122777,1.4688003199917148,0,0,,1.5042082740001206,31,ALL_RESOLVED
final_v1,greedy,map1,75,718a8e29bed05af7,30,7,1,22,0.23333333333333334,34,21.142857142857142,24,0,1,477,54418,96501,0.7655596539862017,0,0,,0.8013306459997693,35,ALL_RESOLVED
final_v1,astar,map1,75,718a8e29bed05af7,30,7,1,22,0.23333333333333334,30,18.285714285714285,20,0,2,457,97122,112555,1.1405837919992337,0,0,,1.1744978289989376,31,ALL_RESOLVED
final_v1,ga,map1,59,718a8e29bed05af7,30,6,13,11,0.2,44,23.333333333333332,24.5,524,9,2206,0,1193220,250.26430641801562,39774,1193220,0.25,250.60181007000028,200,TIMEOUT
final_v1,bfs,map1,76,718a8e29bed05af7,30,19,0,11,0.6333333333333333,50,23.105263157894736,20,0,2,502,63136,66797,0.3318942529604101,0,0,,0.3611747260001721,51,ALL_RESOLVED
final_v1,ucs,map1,76,718a8e29bed05af7,30,19,0,11,0.6333333333333333,50,23.736842105263158,20,0,2,514,69987,73775,0.46238644997902156,0,0,,0.4871205489998829,51,ALL_RESOLVED
final_v1,greedy,map1,76,718a8e29bed05af7,30,19,0,11,0.6333333333333333,54,25.63157894736842,24,0,2,550,28143,52044,0.2107496280259511,0,0,,0.23586226400038868,55,ALL_RESOLVED
final_v1,astar,map1,76,718a8e29bed05af7,30,19,0,11,0.6333333333333333,50,23.63157894736842,20,0,2,512,45901,55656,0.3108242140042421,0,0,,0.3350981789990328,51,ALL_RESOLVED
final_v1,ga,map1,73,718a8e29bed05af7,30,7,1,22,0.23333333333333334,81,54.857142857142854,63,110,2,521,0,273540,50.087032821984394,9118,273540,0.25,50.160279359000924,82,ALL_RESOLVED
final_v1,bfs,map1,77,718a8e29bed05af7,30,10,0,20,0.3333333333333333,35,23.0,20.5,0,5,520,117180,120610,0.8572166620215285,0,0,,0.8916452479988948,36,ALL_RESOLVED
final_v1,ucs,map1,77,718a8e29bed05af7,30,10,0,20,0.3333333333333333,37,23.7,21.5,0,4,527,122236,125821,1.4325186630103417,0,0,,1.4706544949985982,38,ALL_RESOLVED
final_v1,greedy,map1,77,718a8e29bed05af7,30,10,1,19,0.3333333333333333,39,26.8,24.5,0,3,556,51946,91923,0.6914122539674281,0,0,,0.7285194270007196,40,ALL_RESOLVED
final_v1,astar,map1,77,718a8e29bed05af7,30,10,0,20,0.3333333333333333,37,23.5,20.5,0,4,525,98264,112616,1.21612054499019,0,0,,1.2560850949994347,38,ALL_RESOLVED
final_v1,ga,map1,75,718a8e29bed05af7,30,4,1,25,0.13333333333333333,42,24.25,23.5,104,0,497,0,263190,58.07447318999948,8773,263190,0.25,58.139607685001465,43,ALL_RESOLVED
final_v1,bfs,map1,78,718a8e29bed05af7,30,18,1,11,0.6,61,37.05555555555556,40.5,0,6,925,189641,195948,1.2187701420043595,0,0,,1.276809091999894,62,ALL_RESOLVED
final_v1,ucs,map1,78,718a8e29bed05af7,30,18,1,11,0.6,66,38.77777777777778,40.5,0,8,956,203549,209781,2.2671167779881216,0,0,,2.3325736570004665,67,ALL_RESOLVED
final_v1,greedy,map1,78,718a8e29bed05af7,30,18,0,12,0.6,65,41.0,44.5,0,3,996,86177,154820,1.093561214987858,0,0,,1.1553565190006339,66,ALL_RESOLVED
final_v1,astar,map1,78,718a8e29bed05af7,30,17,1,12,0.5666666666666667,63,37.05882352941177,38,0,7,905,153652,179684,1.8111622930136946,0,0,,1.8734792560007918,64,ALL_RESOLVED
final_v1,ga,map1,72,718a8e29bed05af7,30,9,9,12,0.3,100,48.333333333333336,46,222,4,1010,0,532680,103.30764292197455,17756,532680,0.25,103.43858151200038,101,ALL_RESOLVED
final_v1,bfs,map1,79,718a8e29bed05af7,30,28,1,1,0.9333333333333333,92,42.32142857142857,44.5,0,5,1249,229479,238430,1.5150685879871162,0,0,,1.606603318999987,93,ALL_RESOLVED
final_v1,ucs,map1,79,718a8e29bed05af7,30,28,0,2,0.9333333333333333,92,43.42857142857143,44.5,0,4,1280,250867,259928,2.7014982090022386,0,0,,2.8022788659982325,93,ALL_RESOLVED
final_v1,greedy,map1,79,718a8e29bed05af7,30,28,0,2,0.9333333333333333,98,46.535714285714285,48.5,0,5,1367,106593,192253,1.2625863040066179,0,0,,1.359886579999511,99,ALL_RESOLVED
final_v1,astar,map1,79,718a8e29bed05af7,30,28,1,1,0.9333333333333333,92,43.42857142857143,44.5,0,4,1280,187443,219394,2.1192641370325873,0,0,,2.2173339069995563,93,ALL_RESOLVED
final_v1,ga,map1,64,718a8e29bed05af7,30,10,14,6,0.3333333333333333,105,32.0,23.5,544,9,2288,0,1216140,246.52251407402218,40538,1216140,0.25,246.8384608439992,200,TIMEOUT
final_v1,bfs,map1,80,718a8e29bed05af7,30,1,1,28,0.03333333333333333,12,12.0,12,0,0,129,36011,36831,0.26550494599723606,0,0,,0.2742477539995889,13,ALL_RESOLVED
final_v1,ucs,map1,80,718a8e29bed05af7,30,1,1,28,0.03333333333333333,12,12.0,12,0,0,129,36767,37579,0.43952943199838046,0,0,,0.4491357280003285,13,ALL_RESOLVED
final_v1,greedy,map1,80,718a8e29bed05af7,30,1,0,29,0.03333333333333333,12,12.0,12,0,0,129,17409,30850,0.23280960700139985,0,0,,0.24154581099901407,13,ALL_RESOLVED
final_v1,astar,map1,80,718a8e29bed05af7,30,1,1,28,0.03333333333333333,12,12.0,12,0,0,129,29609,34024,0.37219416600964905,0,0,,0.3818065249997744,13,ALL_RESOLVED
final_v1,ga,map1,66,718a8e29bed05af7,30,8,11,11,0.26666666666666666,182,69.875,47.5,557,3,2141,0,1151340,238.19811368398405,38378,1151340,0.25,238.50545639100164,200,TIMEOUT
final_v1,bfs,map1,81,718a8e29bed05af7,30,13,1,16,0.43333333333333335,36,19.46153846153846,16,0,3,464,86302,89416,0.6192814630103385,0,0,,0.6487796180008445,37,ALL_RESOLVED
final_v1,ucs,map1,81,718a8e29bed05af7,30,14,0,16,0.4666666666666667,36,20.142857142857142,16.5,0,1,488,91944,95207,1.0823620700139145,0,0,,1.117501152000841,37,ALL_RESOLVED
final_v1,greedy,map1,81,718a8e29bed05af7,30,14,0,16,0.4666666666666667,40,22.071428571428573,18.0,0,2,515,42091,75698,0.5725929190102761,0,0,,0.6054632699997455,41,ALL_RESOLVED
final_v1,astar,map1,81,718a8e29bed05af7,30,14,0,16,0.4666666666666667,36,20.142857142857142,16.5,0,3,488,71177,82516,0.7703044940008112,0,0,,0.7985870319989772,37,ALL_RESOLVED
final_v1,ga,map1,80,718a8e29bed05af7,30,1,0,29,0.03333333333333333,19,19.0,19,31,0,136,0,71760,17.467438645993752,2392,71760,0.25,17.486615625000923,20,ALL_RESOLVED
final_v1,bfs,map1,82,718a8e29bed05af7,30,27,0,3,0.9,78,35.77777777777778,25,0,16,1005,157803,164941,0.8070881180028664,0,0,,0.8739217719994485,79,ALL_RESOLVED
final_v1,ucs,map1,82,718a8e29bed05af7,30,27,0,3,0.9,84,36.925925925925924,26,0,13,1036,177174,184379,1.3097829870184796,0,0,,1.3745521380005812,85,ALL_RESOLVED
final_v1,greedy,map1,82,718a8e29bed05af7,30,27,0,3,0.9,84,39.77777777777778,29,0,12,1113,72197,131042,0.6546186899977329,0,0,,0.727237380000588,85,ALL_RESOLVED
final_v1,astar,map1,82,718a8e29bed05af7,30,27,0,3,0.9,84,37.2962962962963,28,0,15,1046,127979,149763,1.4329763699333853,0,0,,1.5173631130001013,85,ALL_RESOLVED
final_v1,ga,map1,77,718a8e29bed05af7,30,3,5,22,0.1,74,64.33333333333333,65,157,1,754,0,419010,86.80017578302432,13967,419010,0.25,86.90433954099899,82,ALL_RESOLVED
final_v1,bfs,map1,83,718a8e29bed05af7,30,17,2,11,0.5666666666666667,52,26.941176470588236,24,0,5,681,127048,131682,0.91626777700003,0,0,,0.9629211890005536,53,ALL_RESOLVED
final_v1,ucs,map1,83,718a8e29bed05af7,30,16,2,12,0.5333333333333333,52,26.0625,23.5,0,5,653,131254,135686,1.521484603988938,0,0,,1.5686681769984716,53,ALL_RESOLVED
final_v1,greedy,map1,83,718a8e29bed05af7,30,16,2,12,0.5333333333333333,55,28.375,27.5,0,5,692,56577,101803,0.7376484429914854,0,0,,0.7831444319999719,56,ALL_RESOLVED
final_v1,astar,map1,83,718a8e29bed05af7,30,17,1,12,0.5666666666666667,55,27.529411764705884,24,0,5,689,104930,121227,1.2627856810104277,0,0,,1.3114357579997886,56,ALL_RESOLVED
final_v1,ga,map1,76,718a8e29bed05af7,30,11,8,11,0.36666666666666664,164,48.36363636363637,18,322,1,1435,0,758610,135.7015537320276,25287,758610,0.25,135.90079458699984,165,ALL_RESOLVED
final_v1,bfs,map1,84,718a8e29bed05af7,30,27,0,3,0.9,84,45.77777777777778,42,0,5,1269,241233,250449,1.5917994289920898,0,0,,1.683526823999273,85,ALL_RESOLVED
final_v1,ucs,map1,84,718a8e29bed05af7,30,27,0,3,0.9,91,47.7037037037037,43,0,7,1321,267074,276560,2.800762181999744,0,0,,2.904161443999328,92,ALL_RESOLVED
final_v1,greedy,map1,84,718a8e29bed05af7,30,27,0,3,0.9,90,50.0,46,0,5,1383,108228,195079,1.295006222970187,0,0,,1.3928020210005343,91,ALL_RESOLVED
final_v1,astar,map1,84,718a8e29bed05af7,30,27,0,3,0.9,89,47.407407407407405,43,0,9,1313,196433,227818,2.1592621459694783,0,0,,2.2587650139994366,90,ALL_RESOLVED
final_v1,ga,map1,81,718a8e29bed05af7,30,6,2,22,0.2,21,17.0,18.5,93,1,476,0,240810,51.44204510001873,8027,240810,0.25,51.50368004699885,48,ALL_RESOLVED
final_v1,bfs,map1,85,718a8e29bed05af7,30,16,1,13,0.5333333333333333,53,27.6875,26.5,0,4,645,119107,123601,0.8321163549844641,0,0,,0.8768239359997096,54,ALL_RESOLVED
final_v1,ga,map1,67,718a8e29bed05af7,30,7,15,8,0.23333333333333334,57,35.57142857142857,43,608,11,2350,0,1272390,251.79307738502575,42413,1272390,0.25,252.1117036530013,200,TIMEOUT
final_v1,ucs,map1,85,718a8e29bed05af7,30,16,1,13,0.5333333333333333,53,28.375,28.5,0,3,656,127175,131818,1.4306684480143304,0,0,,1.4781181479993393,54,ALL_RESOLVED
final_v1,greedy,map1,85,718a8e29bed05af7,30,15,2,13,0.5,47,29.466666666666665,30,0,4,647,52916,94255,0.6715974680173531,0,0,,0.7147437019993959,48,ALL_RESOLVED
final_v1,ga,map1,71,718a8e29bed05af7,30,8,12,10,0.26666666666666666,130,46.625,26.0,485,5,1877,0,1007280,191.99287102497874,33576,1007280,0.25,192.24769106699932,182,ALL_RESOLVED
final_v1,astar,map1,85,718a8e29bed05af7,30,16,1,13,0.5333333333333333,53,28.375,27.5,0,3,656,98663,113462,1.1693212390073313,0,0,,1.2162683210008254,54,ALL_RESOLVED
final_v1,bfs,map1,86,718a8e29bed05af7,30,18,1,11,0.6,51,28.88888888888889,29.5,0,2,730,132740,137791,0.5551016029985476,0,0,,0.5825492790008866,52,ALL_RESOLVED
final_v1,greedy,map1,86,718a8e29bed05af7,30,18,0,12,0.6,55,31.88888888888889,33.5,0,2,784,58319,104582,0.4351347800147778,0,0,,0.46449283599940827,56,ALL_RESOLVED
final_v1,astar,map1,86,718a8e29bed05af7,30,18,1,11,0.6,54,29.72222222222222,30.5,0,3,745,105577,123421,0.7471733569873322,0,0,,0.7768102119989635,55,ALL_RESOLVED
final_v1,ucs,map1,86,718a8e29bed05af7,30,18,1,11,0.6,55,30.444444444444443,32.0,0,6,758,141554,146757,1.5971953539865353,0,0,,1.6452761389991792,56,ALL_RESOLVED
final_v1,bfs,map1,87,718a8e29bed05af7,30,0,0,30,0.0,,,,30,0,30,10170,10170,0.07422502799636277,0,0,,0.0752680789992155,1,ALL_RESOLVED
final_v1,ucs,map1,87,718a8e29bed05af7,30,0,0,30,0.0,,,,30,0,30,10170,10170,0.12034238099840877,0,0,,0.12155161299961037,1,ALL_RESOLVED
final_v1,greedy,map1,87,718a8e29bed05af7,30,0,0,30,0.0,,,,30,0,30,10170,16470,0.12945453099382576,0,0,,0.1306993420002982,1,ALL_RESOLVED
final_v1,astar,map1,87,718a8e29bed05af7,30,0,0,30,0.0,,,,30,0,30,10170,10855,0.12438981799823523,0,0,,0.12570117700124683,1,ALL_RESOLVED
final_v1,ga,map1,87,718a8e29bed05af7,30,0,0,30,0.0,,,,6,0,30,0,16980,4.451895986996533,566,16980,0.0004488330341113106,4.455247670999597,1,ALL_RESOLVED
final_v1,bfs,map1,88,718a8e29bed05af7,30,21,0,9,0.7,71,36.0,36,0,5,795,121191,126853,0.7679761000108556,0,0,,0.8281383829998958,72,ALL_RESOLVED
final_v1,ucs,map1,88,718a8e29bed05af7,30,21,0,9,0.7,73,37.0,36,0,4,816,133737,139498,1.3684003929738537,0,0,,1.435092996000094,74,ALL_RESOLVED
final_v1,greedy,map1,88,718a8e29bed05af7,30,21,0,9,0.7,76,40.38095238095238,40,0,3,887,58668,106453,0.6763675569909537,0,0,,0.7404114190012479,77,ALL_RESOLVED
final_v1,astar,map1,88,718a8e29bed05af7,30,21,0,9,0.7,73,36.61904761904762,36,0,4,808,95142,112060,1.0198272710222227,0,0,,1.0820072169990453,74,ALL_RESOLVED
final_v1,ga,map1,78,718a8e29bed05af7,30,5,7,18,0.16666666666666666,135,57.0,41,291,1,1234,0,673470,139.0194973030175,22449,673470,0.25,139.191404838999,140,ALL_RESOLVED
final_v1,bfs,map1,89,718a8e29bed05af7,30,6,2,22,0.2,19,14.666666666666666,15.0,0,3,574,126258,129212,0.91661504799049,0,0,,0.9479094329999498,20,ALL_RESOLVED
final_v1,ucs,map1,89,718a8e29bed05af7,30,5,3,22,0.16666666666666666,18,13.8,13,0,3,574,132867,135500,1.5634770190044947,0,0,,1.597458700000061,20,ALL_RESOLVED
final_v1,greedy,map1,89,718a8e29bed05af7,30,3,0,27,0.1,13,11.333333333333334,11,0,1,577,58584,105145,0.7838118320087233,0,0,,0.8158712749991537,20,ALL_RESOLVED
final_v1,ga,map1,83,718a8e29bed05af7,30,9,5,16,0.3,122,42.888888888888886,40,206,1,941,0,493230,85.11324526101816,16441,493230,0.25,85.23060909600099,123,ALL_RESOLVED
final_v1,astar,map1,89,718a8e29bed05af7,30,5,0,25,0.16666666666666666,18,13.8,13,0,4,574,106219,121817,1.3094235889639094,0,0,,1.3442079390006256,20,ALL_RESOLVED
final_v1,bfs,map1,90,718a8e29bed05af7,30,29,0,1,0.9666666666666667,96,45.758620689655174,42,0,3,1362,258462,268279,1.5165283559836098,0,0,,1.5942058119999274,97,ALL_RESOLVED
final_v1,ucs,map1,90,718a8e29bed05af7,30,29,0,1,0.9666666666666667,96,47.0,42,0,3,1398,280889,290872,1.7646065449953312,0,0,,1.831787044999146,97,ALL_RESOLVED
final_v1,greedy,map1,90,718a8e29bed05af7,30,29,0,1,0.9666666666666667,102,49.89655172413793,46,0,1,1482,117759,212151,0.8857076320364285,0,0,,0.9549778730015532,103,ALL_RESOLVED
final_v1,astar,map1,90,718a8e29bed05af7,30,29,0,1,0.9666666666666667,96,46.793103448275865,42,0,5,1392,209874,245684,1.5740073179931642,0,0,,1.651902865000011,97,ALL_RESOLVED
final_v1,ga,map1,70,718a8e29bed05af7,30,9,12,9,0.3,179,61.77777777777778,39,646,6,2645,0,1428270,277.14998598497004,47609,1428270,0.25,277.4944145650006,200,TIMEOUT
final_v1,bfs,map1,91,718a8e29bed05af7,30,24,0,6,0.8,57,27.625,19.0,0,14,783,122919,128417,0.8338320470356848,0,0,,0.8844723969996267,58,ALL_RESOLVED
final_v1,ucs,map1,91,718a8e29bed05af7,30,24,0,6,0.8,63,29.083333333333332,20.5,0,11,818,139176,144468,1.5288314549779898,0,0,,1.5861549669989472,64,ALL_RESOLVED
final_v1,greedy,map1,91,718a8e29bed05af7,30,23,0,7,0.7666666666666667,64,29.52173913043478,21,0,11,814,55417,100584,0.6837382420108042,0,0,,0.7368716229993879,65,ALL_RESOLVED
final_v1,astar,map1,91,718a8e29bed05af7,30,24,0,6,0.8,64,29.0,19.5,0,11,816,100106,116714,1.1598639509957138,0,0,,1.2140025290009362,65,ALL_RESOLVED
final_v1,ga,map1,86,718a8e29bed05af7,30,7,7,16,0.23333333333333334,114,38.857142857142854,12,195,4,845,0,454200,85.60206908104192,15140,454200,0.25,85.72319641300055,120,ALL_RESOLVED
final_v1,bfs,map1,92,718a8e29bed05af7,30,3,1,26,0.1,10,9.0,9,0,9,246,63846,65621,0.4724980139944819,0,0,,0.4872722949985473,11,ALL_RESOLVED
final_v1,ucs,map1,92,718a8e29bed05af7,30,3,1,26,0.1,10,9.0,9,0,7,246,65726,67442,0.778044940012478,0,0,,0.7939727890006907,11,ALL_RESOLVED
final_v1,greedy,map1,92,718a8e29bed05af7,30,3,1,26,0.1,10,9.0,9,0,9,246,29996,53593,0.40868288501405914,0,0,,0.42506848400080344,11,ALL_RESOLVED
final_v1,astar,map1,92,718a8e29bed05af7,30,3,1,26,0.1,10,9.0,9,0,7,246,52087,58969,0.6590066649860091,0,0,,0.6764339080000354,11,ALL_RESOLVED
final_v1,ga,map1,92,718a8e29bed05af7,30,3,0,27,0.1,12,10.333333333333334,10,61,1,250,0,130470,27.660194067000702,4349,130470,0.25,27.6860850209996,13,ALL_RESOLVED
final_v1,bfs,map1,93,718a8e29bed05af7,30,10,0,20,0.3333333333333333,29,14.6,13.5,0,3,196,22837,24191,0.10106977100986114,0,0,,0.11037711999961175,30,ALL_RESOLVED
final_v1,ucs,map1,93,718a8e29bed05af7,30,10,0,20,0.3333333333333333,29,14.7,13.5,0,2,197,24647,26018,0.1683241930040822,0,0,,0.17799958099931246,30,ALL_RESOLVED
final_v1,greedy,map1,93,718a8e29bed05af7,30,10,0,20,0.3333333333333333,33,16.5,15.5,0,0,215,9924,18169,0.07688232399050321,0,0,,0.08817470500071067,34,ALL_RESOLVED
final_v1,astar,map1,93,718a8e29bed05af7,30,10,0,20,0.3333333333333333,29,14.7,13.5,0,2,197,17386,20851,0.1313744230028533,0,0,,0.1421751240013691,30,ALL_RESOLVED
final_v1,ga,map1,89,718a8e29bed05af7,30,1,0,29,0.03333333333333333,11,11.0,11,155,2,580,0,316560,74.91099624599337,10552,316560,0.25,74.978677006,20,ALL_RESOLVED
final_v1,bfs,map1,94,718a8e29bed05af7,30,7,2,21,0.23333333333333334,23,14.285714285714286,13,0,3,639,150691,154529,1.0908286310313997,0,0,,1.1324654189993453,24,ALL_RESOLVED
final_v1,ucs,map1,94,718a8e29bed05af7,30,7,1,22,0.23333333333333334,23,14.285714285714286,13,0,3,639,157733,160559,1.8102102979937627,0,0,,1.8519945110001572,24,ALL_RESOLVED
final_v1,greedy,map1,94,718a8e29bed05af7,30,6,1,23,0.2,23,14.5,15.5,0,2,649,67721,121201,0.795868941986555,0,0,,0.8310078129998146,24,ALL_RESOLVED
final_v1,astar,map1,94,718a8e29bed05af7,30,7,1,22,0.23333333333333334,23,14.285714285714286,13,0,3,639,127035,145074,1.5164451159889722,0,0,,1.555219613999725,24,ALL_RESOLVED
final_v1,ga,map1,93,718a8e29bed05af7,30,8,2,20,0.26666666666666666,73,29.25,18.5,65,1,344,0,167310,21.19964569101103,5577,167310,0.25,21.243680248999226,74,ALL_RESOLVED
final_v1,bfs,map1,95,718a8e29bed05af7,30,29,1,0,0.9666666666666667,87,44.58620689655172,42,0,3,1334,256687,266265,1.5363450399927387,0,0,,1.630109994999657,88,ALL_RESOLVED
final_v1,ucs,map1,95,718a8e29bed05af7,30,29,1,0,0.9666666666666667,94,46.310344827586206,44,0,7,1384,281506,291398,3.0551110709693603,0,0,,3.1692358599993895,95,ALL_RESOLVED
final_v1,greedy,map1,95,718a8e29bed05af7,30,29,1,0,0.9666666666666667,93,49.6551724137931,46,0,4,1481,118331,213161,1.4649551620095735,0,0,,1.5690581090002524,94,ALL_RESOLVED
final_v1,ga,map1,74,718a8e29bed05af7,30,5,16,9,0.16666666666666666,115,49.6,28,707,21,2749,0,1501800,302.0759747940392,50060,1501800,0.25,302.426301468,200,TIMEOUT
final_v1,astar,map1,95,718a8e29bed05af7,30,29,1,0,0.9666666666666667,93,46.0,44,0,4,1375,209937,245817,2.4219906449816335,0,0,,2.5290860189998057,94,ALL_RESOLVED
final_v1,bfs,map1,96,718a8e29bed05af7,30,1,0,29,0.03333333333333333,9,9.0,9,0,2,298,70939,73155,0.5296253760116088,0,0,,0.5471042030003446,10,ALL_RESOLVED
final_v1,ucs,map1,96,718a8e29bed05af7,30,1,0,29,0.03333333333333333,9,9.0,9,0,0,298,74448,76261,0.8937061140113656,0,0,,0.910985412001537,10,ALL_RESOLVED
final_v1,greedy,map1,96,718a8e29bed05af7,30,1,0,29,0.03333333333333333,9,9.0,9,0,2,298,31283,56139,0.4231815719977021,0,0,,0.44004620499981684,10,ALL_RESOLVED
final_v1,astar,map1,96,718a8e29bed05af7,30,1,0,29,0.03333333333333333,9,9.0,9,0,0,298,57046,66030,0.7133679239996127,0,0,,0.7304028420003306,10,ALL_RESOLVED
final_v1,ga,map1,85,718a8e29bed05af7,30,6,8,16,0.2,105,61.5,71.5,358,4,1431,0,764880,155.9971144650208,25496,764880,0.25,156.1743899180001,106,ALL_RESOLVED
final_v1,bfs,map1,97,718a8e29bed05af7,30,30,0,0,1.0,95,50.2,49.0,0,4,1536,303807,314933,2.0575299420161173,0,0,,2.164969243998712,96,ALL_RESOLVED
final_v1,ucs,map1,97,718a8e29bed05af7,30,30,0,0,1.0,97,51.9,51.5,0,7,1587,329755,341323,3.624563362001936,0,0,,3.742828135000309,98,ALL_RESOLVED
final_v1,greedy,map1,97,718a8e29bed05af7,30,30,0,0,1.0,101,54.8,53.0,0,2,1674,138580,249289,1.7716500910155446,0,0,,1.8925356610016024,102,ALL_RESOLVED
final_v1,astar,map1,97,718a8e29bed05af7,30,30,0,0,1.0,95,51.56666666666667,51.5,0,7,1577,247788,290153,2.682291011005873,0,0,,2.786631058999774,96,ALL_RESOLVED
final_v1,ga,map1,91,718a8e29bed05af7,30,14,4,12,0.4666666666666667,156,41.642857142857146,17.5,232,2,1043,0,534750,103.1125508650166,17825,534750,0.25,103.26513144800083,157,ALL_RESOLVED
final_v1,bfs,map1,98,718a8e29bed05af7,30,19,1,10,0.6333333333333333,54,27.63157894736842,24,0,4,610,89542,93907,0.6019580609845434,0,0,,0.6463281260002987,55,ALL_RESOLVED
final_v1,ucs,map1,98,718a8e29bed05af7,30,19,1,10,0.6333333333333333,56,28.105263157894736,24,0,5,619,97470,101825,1.0608642320239596,0,0,,1.1112941430001229,57,ALL_RESOLVED
final_v1,greedy,map1,98,718a8e29bed05af7,30,19,0,11,0.6333333333333333,64,30.94736842105263,28,0,3,673,41782,76333,0.4578020349890721,0,0,,0.4995047499996872,65,ALL_RESOLVED
final_v1,astar,map1,98,718a8e29bed05af7,30,19,1,10,0.6333333333333333,56,27.842105263157894,24,0,4,614,69412,82493,0.5727856690027693,0,0,,0.6089632130006066,57,ALL_RESOLVED
final_v1,ga,map1,96,718a8e29bed05af7,30,1,0,29,0.03333333333333333,9,9.0,9,86,1,296,0,160950,39.33306609602187,5365,160950,0.25,39.370346318000884,10,ALL_RESOLVED
final_v1,bfs,map1,99,718a8e29bed05af7,30,4,0,26,0.13333333333333333,15,10.75,10.5,26,1,73,10250,10600,0.052051563008717494,0,0,,0.05532837600003404,16,ALL_RESOLVED
final_v1,ucs,map1,99,718a8e29bed05af7,30,4,0,26,0.13333333333333333,15,10.75,10.5,26,1,73,10583,10897,0.08988128901000891,0,0,,0.09410015399953409,16,ALL_RESOLVED
final_v1,greedy,map1,99,718a8e29bed05af7,30,4,0,26,0.13333333333333333,15,10.75,10.5,26,1,73,9179,15252,0.11855421801192279,0,0,,0.12343548300123075,16,ALL_RESOLVED
final_v1,astar,map1,99,718a8e29bed05af7,30,4,0,26,0.13333333333333333,15,10.75,10.5,26,1,73,9346,10207,0.113829275005628,0,0,,0.11866502199882234,16,ALL_RESOLVED
final_v1,ga,map1,99,718a8e29bed05af7,30,4,0,26,0.13333333333333333,24,13.25,11.0,12,0,83,0,33150,5.6656074059847015,1105,33150,0.25,5.67748615399978,25,ALL_RESOLVED
final_v1,bfs,map1,100,718a8e29bed05af7,30,22,1,7,0.7333333333333333,77,41.72727272727273,43.5,0,5,1034,187217,194547,1.2653950310032087,0,0,,1.341447816001164,78,ALL_RESOLVED
final_v1,ga,map1,88,718a8e29bed05af7,30,8,9,13,0.26666666666666666,105,44.5,27.0,473,1,1854,0,981540,188.79063592399143,32718,981540,0.25,189.05747339700065,200,TIMEOUT
final_v1,ucs,map1,100,718a8e29bed05af7,30,22,0,8,0.7333333333333333,77,43.54545454545455,46.5,0,9,1076,204927,212600,2.1046463279817544,0,0,,2.187284785999509,78,ALL_RESOLVED
final_v1,greedy,map1,100,718a8e29bed05af7,30,22,1,7,0.7333333333333333,83,46.0,47.5,0,5,1128,86674,156300,1.0545623559901287,0,0,,1.1364355410005373,84,ALL_RESOLVED
final_v1,astar,map1,100,718a8e29bed05af7,30,22,2,6,0.7333333333333333,77,42.81818181818182,46.5,0,6,1056,150626,175921,1.7606381049972697,0,0,,1.8417023239999253,78,ALL_RESOLVED
final_v1,bfs,map1,101,718a8e29bed05af7,30,20,0,10,0.6666666666666666,68,36.6,37.0,0,3,772,117399,122965,0.6931024199893727,0,0,,0.7508907800001907,69,ALL_RESOLVED
final_v1,ucs,map1,101,718a8e29bed05af7,30,20,0,10,0.6666666666666666,73,37.75,38.0,0,2,795,128956,134731,1.338761572011208,0,0,,1.4061888529995485,74,ALL_RESOLVED
final_v1,greedy,map1,101,718a8e29bed05af7,30,20,0,10,0.6666666666666666,74,40.75,41.0,0,2,855,54688,99479,0.6463652990314586,0,0,,0.7118199699998513,75,ALL_RESOLVED
final_v1,astar,map1,101,718a8e29bed05af7,30,20,0,10,0.6666666666666666,71,37.55,37.0,0,2,791,90656,108808,1.0084740530182899,0,0,,1.0724002189999737,72,ALL_RESOLVED
final_v1,ga,map1,94,718a8e29bed05af7,30,2,0,28,0.06666666666666667,8,7.5,7.5,160,1,653,0,356640,85.06653412299602,11888,356640,0.25,85.14947159599978,24,ALL_RESOLVED
final_v1,bfs,map1,102,718a8e29bed05af7,30,30,0,0,1.0,94,50.0,51.0,0,3,1530,301512,312539,2.0231245980157837,0,0,,2.129832904000068,95,ALL_RESOLVED
final_v1,ga,map1,79,718a8e29bed05af7,30,9,9,12,0.3,198,62.333333333333336,39,755,8,2960,0,1583370,296.47435814200617,52779,1583370,0.25,296.84311732899914,200,TIMEOUT
final_v1,greedy,map1,102,718a8e29bed05af7,30,30,0,0,1.0,100,54.233333333333334,55.0,0,2,1657,134766,242506,1.698014460000195,0,0,,1.8116642530003446,101,ALL_RESOLVED
final_v1,ucs,map1,102,718a8e29bed05af7,30,30,0,0,1.0,96,52.266666666666666,54.0,0,11,1598,331444,342760,3.569211667012496,0,0,,3.6888597550005215,97,ALL_RESOLVED
final_v1,astar,map1,102,718a8e29bed05af7,30,30,0,0,1.0,94,51.733333333333334,53.0,0,7,1582,247694,289510,2.850025392977841,0,0,,2.9635451559988724,95,ALL_RESOLVED
final_v1,bfs,map1,103,718a8e29bed05af7,30,23,0,7,0.7666666666666667,80,40.82608695652174,41,0,7,1032,184239,191495,1.2353266770242044,0,0,,1.3101980700012064,81,ALL_RESOLVED
final_v1,ucs,map1,103,718a8e29bed05af7,30,23,0,7,0.7666666666666667,83,42.0,41,0,2,1059,199582,207111,2.1473354979716532,0,0,,2.226273243999458,84,ALL_RESOLVED
final_v1,greedy,map1,103,718a8e29bed05af7,30,23,0,7,0.7666666666666667,86,45.130434782608695,45,0,2,1131,89101,160708,1.0967160660256923,0,0,,1.1766986809998343,87,ALL_RESOLVED
final_v1,astar,map1,103,718a8e29bed05af7,30,22,1,7,0.7333333333333333,79,39.68181818181818,37.0,0,3,973,136886,160814,1.5566572109564731,0,0,,1.6303984470014257,80,ALL_RESOLVED
final_v1,ga,map1,82,718a8e29bed05af7,30,12,12,6,0.4,191,61.75,54.0,676,8,2781,0,1487910,301.9425877830072,49597,1487910,0.25,302.3022577840002,200,TIMEOUT
final_v1,bfs,map1,104,718a8e29bed05af7,30,18,1,11,0.6,58,30.944444444444443,22.5,0,1,867,183576,189427,1.2899464100282785,0,0,,1.3456671519998054,59,ALL_RESOLVED
final_v1,ucs,map1,104,718a8e29bed05af7,30,17,2,11,0.5666666666666667,62,30.352941176470587,22,0,1,847,189321,195051,2.209104817999105,0,0,,2.2728803059999336,63,ALL_RESOLVED
final_v1,greedy,map1,104,718a8e29bed05af7,30,17,2,11,0.5666666666666667,62,32.64705882352941,24,0,2,882,81048,145821,1.0638573459655163,0,0,,1.1231160309998813,63,ALL_RESOLVED
final_v1,astar,map1,104,718a8e29bed05af7,30,17,2,11,0.5666666666666667,62,30.11764705882353,23,0,2,843,149321,173602,1.6039589950069058,0,0,,1.6641086579984403,63,ALL_RESOLVED
final_v1,ga,map1,98,718a8e29bed05af7,30,8,9,13,0.26666666666666666,63,29.25,24.5,307,1,1464,0,773430,151.701963409967,25781,773430,0.25,151.90024416199958,138,ALL_RESOLVED
final_v1,bfs,map1,105,718a8e29bed05af7,30,9,0,21,0.3,30,17.666666666666668,16,0,0,210,26883,28327,0.18371109997679014,0,0,,0.19959936099985498,31,ALL_RESOLVED
final_v1,ucs,map1,105,718a8e29bed05af7,30,9,0,21,0.3,31,18.0,16,0,1,213,28609,30079,0.31303099798788026,0,0,,0.32997004599928914,32,ALL_RESOLVED
final_v1,greedy,map1,105,718a8e29bed05af7,30,9,0,21,0.3,34,19.88888888888889,20,0,0,230,11836,21597,0.1482635390075302,0,0,,0.16891380000015488,35,ALL_RESOLVED
final_v1,astar,map1,105,718a8e29bed05af7,30,9,0,21,0.3,31,18.0,16,0,1,213,19894,23833,0.2368916510076815,0,0,,0.25356060000012803,32,ALL_RESOLVED
final_v1,ga,map1,84,718a8e29bed05af7,30,7,10,13,0.23333333333333334,169,45.857142857142854,18,857,11,3388,0,1838610,350.66993317898596,61287,1838610,0.25,351.091194052,200,TIMEOUT
final_v1,bfs,map1,106,718a8e29bed05af7,30,5,1,24,0.16666666666666666,19,16.2,16,0,3,546,137207,140870,0.651039383992611,0,0,,0.6751103620008507,22,ALL_RESOLVED
final_v1,ucs,map1,106,718a8e29bed05af7,30,5,1,24,0.16666666666666666,20,16.8,16,0,4,549,143486,146720,1.5760366690010414,0,0,,1.6124760620004963,22,ALL_RESOLVED
final_v1,greedy,map1,106,718a8e29bed05af7,30,4,1,25,0.13333333333333333,21,18.5,19.5,0,2,560,61244,109480,0.7960275090008508,0,0,,0.8317229299991595,22,ALL_RESOLVED
final_v1,astar,map1,106,718a8e29bed05af7,30,5,1,24,0.16666666666666666,20,16.8,16,0,4,549,114473,130536,1.3549005830027454,0,0,,1.3928068290006195,22,ALL_RESOLVED
final_v1,ga,map1,105,718a8e29bed05af7,30,6,3,21,0.2,104,30.833333333333332,18.5,96,1,431,0,224220,35.75063040099485,7474,224220,0.25,35.81763896300072,105,ALL_RESOLVED
final_v1,bfs,map1,107,718a8e29bed05af7,30,9,1,20,0.3,23,15.444444444444445,15,0,3,482,116850,120056,0.8340755539920792,0,0,,0.8633696639990376,24,ALL_RESOLVED
final_v1,ucs,map1,107,718a8e29bed05af7,30,9,1,20,0.3,24,15.777777777777779,15,0,1,485,121501,124780,0.922471551977651,0,0,,0.945090949000587,25,ALL_RESOLVED
final_v1,greedy,map1,107,718a8e29bed05af7,30,9,1,20,0.3,27,17.22222222222222,15,0,3,498,60698,107847,0.5246580280090711,0,0,,0.5489270529997157,28,ALL_RESOLVED
final_v1,astar,map1,107,718a8e29bed05af7,30,9,1,20,0.3,24,15.777777777777779,15,0,2,485,99856,112626,0.7641524660066352,0,0,,0.7856186290009646,25,ALL_RESOLVED
final_v1,ga,map1,104,718a8e29bed05af7,30,8,5,17,0.26666666666666666,80,45.125,46.0,225,2,969,0,513600,112.6858949239795,17120,513600,0.25,112.81824414099901,81,ALL_RESOLVED
final_v1,bfs,map1,108,718a8e29bed05af7,30,20,2,8,0.6666666666666666,68,29.4,21.5,0,4,732,122985,128067,0.8418792329557618,0,0,,0.8956500410004082,69,ALL_RESOLVED
final_v1,ucs,map1,108,718a8e29bed05af7,30,19,3,8,0.6333333333333333,60,28.105263157894736,22,0,4,689,125513,130152,1.4105056069711281,0,0,,1.465758903999813,61,ALL_RESOLVED
final_v1,greedy,map1,108,718a8e29bed05af7,30,20,2,8,0.6666666666666666,73,32.4,25.5,0,3,784,53767,96950,0.6671428420377197,0,0,,0.7273922219992528,74,ALL_RESOLVED
final_v1,astar,map1,108,718a8e29bed05af7,30,20,2,8,0.6666666666666666,68,30.2,23.5,0,4,736,97899,114317,1.1471602210440324,0,0,,1.2028531539999676,69,ALL_RESOLVED
final_v1,ga,map1,101,718a8e29bed05af7,30,6,10,14,0.2,100,47.333333333333336,43.5,449,4,1874,0,1008750,188.84503568904802,33625,1008750,0.25,189.10874982000132,200,TIMEOUT
final_v1,bfs,map1,109,718a8e29bed05af7,30,9,0,21,0.3,29,17.444444444444443,21,0,7,250,39264,40950,0.2869472229940584,0,0,,0.30603863499891304,30,ALL_RESOLVED
final_v1,ucs,map1,109,718a8e29bed05af7,30,9,0,21,0.3,29,17.88888888888889,21,0,2,254,41656,43396,0.4883030940036406,0,0,,0.5083397910002532,30,ALL_RESOLVED
final_v1,greedy,map1,109,718a8e29bed05af7,30,9,0,21,0.3,33,19.666666666666668,25,0,7,270,16878,30637,0.22622145701279806,0,0,,0.2459918929998821,34,ALL_RESOLVED
final_v1,astar,map1,109,718a8e29bed05af7,30,9,0,21,0.3,29,17.77777777777778,21,0,3,253,29413,34616,0.36780857800113154,0,0,,0.38615577800010215,30,ALL_RESOLVED
final_v1,ga,map1,107,718a8e29bed05af7,30,5,1,24,0.16666666666666666,29,18.0,16,114,1,495,0,255420,48.859203902020454,8514,255420,0.25,48.91327809199902,30,ALL_RESOLVED
final_v1,bfs,map1,110,718a8e29bed05af7,30,18,0,12,0.6,64,33.27777777777778,26.5,0,6,881,186983,192952,1.3577165480346594,0,0,,1.4246895710002718,65,ALL_RESOLVED
final_v1,ucs,map1,110,718a8e29bed05af7,30,18,0,12,0.6,66,34.666666666666664,28.0,0,6,906,198908,205001,2.280941237004299,0,0,,2.351278023999839,67,ALL_RESOLVED
final_v1,ga,map1,100,718a8e29bed05af7,30,7,10,13,0.23333333333333334,192,102.14285714285714,83,512,6,2188,0,1184640,223.49848651500906,39488,1184640,0.25,223.78717272200083,200,TIMEOUT
final_v1,greedy,map1,110,718a8e29bed05af7,30,17,0,13,0.5666666666666667,66,35.8235294117647,31,0,6,912,83867,150219,0.7400996880278399,0,0,,0.7837502190013765,67,ALL_RESOLVED
final_v1,ga,map1,106,718a8e29bed05af7,30,0,0,30,0.0,,,,124,1,570,0,317430,74.13539353299166,10581,317430,0.02702702702702703,74.21070767399942,22,ALL_RESOLVED
final_v1,bfs,map1,111,718a8e29bed05af7,30,24,0,6,0.8,80,49.333333333333336,56.0,0,4,1232,233225,241990,1.442912330991021,0,0,,1.5180621109993808,81,ALL_RESOLVED
final_v1,astar,map1,110,718a8e29bed05af7,30,18,0,12,0.6,64,34.888888888888886,28.5,0,7,910,156857,181563,1.9460114310477366,0,0,,2.0148809990005248,65,ALL_RESOLVED
final_v1,greedy,map1,111,718a8e29bed05af7,30,24,0,6,0.8,86,54.0,62.5,0,8,1344,107288,193287,1.3369858570367796,0,0,,1.432959519999713,87,ALL_RESOLVED
final_v1,ucs,map1,111,718a8e29bed05af7,30,24,0,6,0.8,88,51.541666666666664,57.0,0,3,1285,256446,265585,2.687346052020075,0,0,,2.7839434819998132,89,ALL_RESOLVED
final_v1,ga,map1,90,718a8e29bed05af7,30,8,13,9,0.26666666666666666,91,34.375,20.5,800,6,3285,0,1768950,365.7815497679985,58965,1768950,0.25,366.21545972199965,200,TIMEOUT
final_v1,astar,map1,111,718a8e29bed05af7,30,24,0,6,0.8,87,51.125,56.0,0,5,1275,191246,223934,2.0067689909737965,0,0,,2.096965620999981,88,ALL_RESOLVED
final_v1,bfs,map1,112,718a8e29bed05af7,30,10,0,20,0.3333333333333333,24,13.2,11.5,0,6,382,83322,85942,0.6155003089825186,0,0,,0.6391740710005251,25,ALL_RESOLVED
final_v1,greedy,map1,112,718a8e29bed05af7,30,10,0,20,0.3333333333333333,28,14.4,11.5,0,6,394,39853,71361,0.5330576390115311,0,0,,0.5590548660002241,29,ALL_RESOLVED
final_v1,ucs,map1,112,718a8e29bed05af7,30,10,0,20,0.3333333333333333,24,13.2,11.5,0,6,382,89217,91446,1.0627632109917613,0,0,,1.0889564819990483,25,ALL_RESOLVED
final_v1,astar,map1,112,718a8e29bed05af7,30,10,0,20,0.3333333333333333,24,13.2,11.5,0,6,382,71498,80337,0.829726773996299,0,0,,0.8536139110001386,25,ALL_RESOLVED
final_v1,bfs,map1,113,718a8e29bed05af7,30,0,0,30,0.0,,,,30,0,30,10170,10170,0.07462771000427892,0,0,,0.07567002099858655,1,ALL_RESOLVED
final_v1,ga,map1,109,718a8e29bed05af7,30,7,0,23,0.23333333333333334,83,39.42857142857143,14,77,2,403,0,207690,35.78718827700686,6923,207690,0.25,35.84491294700092,84,ALL_RESOLVED
final_v1,ucs,map1,113,718a8e29bed05af7,30,0,0,30,0.0,,,,30,0,30,10170,10170,0.12111311300395755,0,0,,0.12238187299954006,1,ALL_RESOLVED
final_v1,greedy,map1,113,718a8e29bed05af7,30,0,0,30,0.0,,,,30,0,30,10170,16470,0.12167819800197321,0,0,,0.12341518300127063,1,ALL_RESOLVED
final_v1,astar,map1,113,718a8e29bed05af7,30,0,0,30,0.0,,,,30,0,30,10170,10975,0.12988246399982017,0,0,,0.13148249599908013,1,ALL_RESOLVED
final_v1,bfs,map1,114,718a8e29bed05af7,30,10,2,18,0.3333333333333333,30,19.3,18.0,0,5,359,67636,69996,0.48689058198942803,0,0,,0.5089958309999929,31,ALL_RESOLVED
final_v1,ucs,map1,114,718a8e29bed05af7,30,10,2,18,0.3333333333333333,32,19.7,18.0,0,4,365,71371,73715,0.8321969929784245,0,0,,0.8577826490000007,33,ALL_RESOLVED
final_v1,greedy,map1,114,718a8e29bed05af7,30,11,1,18,0.36666666666666664,35,22.90909090909091,24,0,4,415,32205,57718,0.44191681601114396,0,0,,0.4688089299997955,36,ALL_RESOLVED
final_v1,astar,map1,114,718a8e29bed05af7,30,11,1,18,0.36666666666666664,36,21.181818181818183,20,0,5,396,56134,64907,0.70622720600295,0,0,,0.7347372240001278,37,ALL_RESOLVED
final_v1,ga,map1,113,718a8e29bed05af7,30,0,0,30,0.0,,,,10,0,30,0,16770,4.058579575004842,559,16770,0.0004470272686633885,4.061959028998899,1,ALL_RESOLVED
final_v1,bfs,map1,115,718a8e29bed05af7,30,9,3,18,0.3,33,17.0,17,0,6,452,107038,110225,0.7741466510178725,0,0,,0.8052104859998508,34,ALL_RESOLVED
final_v1,ucs,map1,115,718a8e29bed05af7,30,9,3,18,0.3,33,17.22222222222222,17,0,5,454,111958,115132,1.313504264000585,0,0,,1.347224240000287,34,ALL_RESOLVED
final_v1,greedy,map1,115,718a8e29bed05af7,30,9,2,19,0.3,37,19.444444444444443,19,0,4,474,47397,84000,0.6238926160203846,0,0,,0.6566016460001265,38,ALL_RESOLVED
final_v1,astar,map1,115,718a8e29bed05af7,30,9,1,20,0.3,33,17.0,17,0,5,452,87470,101008,1.075251461006701,0,0,,1.1097609529988404,34,ALL_RESOLVED
final_v1,ga,map1,114,718a8e29bed05af7,30,5,1,24,0.16666666666666666,50,25.8,20,86,0,380,0,195420,30.696228922017326,6514,195420,0.25,30.740434511000785,54,ALL_RESOLVED
final_v1,bfs,map1,116,718a8e29bed05af7,30,28,2,0,0.9333333333333333,95,46.464285714285715,46.0,0,5,1337,261556,271235,1.2825345050532633,0,0,,1.3756318969990389,96,ALL_RESOLVED
final_v1,ucs,map1,116,718a8e29bed05af7,30,29,1,0,0.9666666666666667,98,49.48275862068966,50,0,9,1468,305704,316148,2.877851199975339,0,0,,2.977339948000008,99,ALL_RESOLVED
final_v1,ga,map1,95,718a8e29bed05af7,30,9,8,13,0.3,140,49.0,33,793,4,3038,0,1644090,326.040571756037,54803,1644090,0.25,326.435443598999,200,TIMEOUT
final_v1,greedy,map1,116,718a8e29bed05af7,30,30,0,0,1.0,103,53.93333333333333,54.5,0,6,1648,140206,251913,1.7443588879996241,0,0,,1.8668057520008006,104,ALL_RESOLVED
final_v1,astar,map1,116,718a8e29bed05af7,30,30,0,0,1.0,101,50.9,50.5,0,7,1557,250199,292014,2.8499584340406727,0,0,,2.9685813100004452,102,ALL_RESOLVED
final_v1,ga,map1,112,718a8e29bed05af7,30,8,1,21,0.26666666666666666,49,19.5,12.0,91,0,436,0,215760,44.08320554900456,7192,215760,0.25,44.13648510599887,50,ALL_RESOLVED
final_v1,bfs,map1,117,718a8e29bed05af7,30,30,0,0,1.0,83,40.56666666666667,33.5,0,6,1247,220476,229731,1.5184027360555774,0,0,,1.6074849819997326,84,ALL_RESOLVED
final_v1,ucs,map1,117,718a8e29bed05af7,30,30,0,0,1.0,87,41.5,34.5,0,6,1275,241290,250623,1.6390069110220793,0,0,,1.7048451909995492,88,ALL_RESOLVED
final_v1,greedy,map1,117,718a8e29bed05af7,30,30,0,0,1.0,89,44.7,37.5,0,6,1371,95135,172274,1.181826170968634,0,0,,1.2775164679987938,90,ALL_RESOLVED
final_v1,astar,map1,117,718a8e29bed05af7,30,30,0,0,1.0,85,41.53333333333333,33.5,0,7,1276,175261,205085,1.92156606896242,0,0,,2.0145815949999815,86,ALL_RESOLVED
final_v1,bfs,map1,118,718a8e29bed05af7,30,16,1,13,0.5333333333333333,50,21.4375,15.5,0,11,475,77404,80669,0.49267647196393227,0,0,,0.521806230999573,51,ALL_RESOLVED
final_v1,ucs,map1,118,718a8e29bed05af7,30,16,1,13,0.5333333333333333,50,21.4375,15.5,0,8,475,83393,86510,0.6039152019966423,0,0,,0.6326788129990746,51,ALL_RESOLVED
final_v1,greedy,map1,118,718a8e29bed05af7,30,16,0,14,0.5333333333333333,54,23.75,18.0,0,10,508,37008,66804,0.3293904839811148,0,0,,0.3643282259999978,55,ALL_RESOLVED
final_v1,astar,map1,118,718a8e29bed05af7,30,16,1,13,0.5333333333333333,50,21.5625,15.5,0,10,477,64346,73711,0.8229396040042047,0,0,,0.8694501219997619,51,ALL_RESOLVED
final_v1,ga,map1,103,718a8e29bed05af7,30,7,11,12,0.23333333333333334,131,57.0,47,633,2,2526,0,1366980,267.05027701404833,45566,1366980,0.25,267.38644048199967,200,TIMEOUT
final_v1,bfs,map1,119,718a8e29bed05af7,30,13,1,16,0.43333333333333335,40,18.846153846153847,18,0,1,360,55471,57957,0.40117542998814315,0,0,,0.42733404399950814,41,ALL_RESOLVED
final_v1,ucs,map1,119,718a8e29bed05af7,30,13,1,16,0.43333333333333335,40,19.384615384615383,18,0,2,367,59171,61727,0.6806270950273756,0,0,,0.7071272030007094,41,ALL_RESOLVED
final_v1,greedy,map1,119,718a8e29bed05af7,30,13,1,16,0.43333333333333335,44,21.923076923076923,22,0,1,400,25192,45566,0.2933741710130562,0,0,,0.3206433470004413,45,ALL_RESOLVED
final_v1,astar,map1,119,718a8e29bed05af7,30,13,1,16,0.43333333333333335,40,19.153846153846153,18,0,1,364,44760,52857,0.5335793189860851,0,0,,0.5608330430004571,41,ALL_RESOLVED
final_v1,ga,map1,108,718a8e29bed05af7,30,9,9,12,0.3,141,43.111111111111114,16,291,0,1297,0,693210,127.84051400999306,23107,693210,0.25,128.0204323550006,162,ALL_RESOLVED
final_v1,ga,map1,115,718a8e29bed05af7,30,4,4,22,0.13333333333333333,74,25.5,10.0,128,1,594,0,325620,66.80797553200136,10854,325620,0.25,66.89973184299924,75,ALL_RESOLVED
final_v1,bfs,map1,120,718a8e29bed05af7,30,18,1,11,0.6,62,32.111111111111114,28.5,0,5,812,157929,163489,1.084983156000817,0,0,,1.140532652998445,63,ALL_RESOLVED
final_v1,greedy,map1,120,718a8e29bed05af7,30,18,0,12,0.6,66,36.22222222222222,32.5,0,5,886,69856,125695,0.7649600229869975,0,0,,0.8245700200004649,67,ALL_RESOLVED
final_v1,ucs,map1,120,718a8e29bed05af7,30,18,0,12,0.6,64,32.94444444444444,29.5,0,4,827,167704,173318,1.9162196859651885,0,0,,1.98004838199995,65,ALL_RESOLVED
final_v1,astar,map1,120,718a8e29bed05af7,30,18,0,12,0.6,64,33.05555555555556,30.5,0,5,829,131214,151588,1.4956443099999888,0,0,,1.5541241330010962,65,ALL_RESOLVED
final_v1,bfs,map1,121,718a8e29bed05af7,30,11,1,18,0.36666666666666664,34,20.727272727272727,19,0,3,923,226898,232101,1.582685820014376,0,0,,1.6403027969990944,36,ALL_RESOLVED
final_v1,ucs,map1,121,718a8e29bed05af7,30,10,2,18,0.3333333333333333,33,19.8,19.5,0,3,928,237218,241651,2.794658915985565,0,0,,2.8702379790011037,36,ALL_RESOLVED
final_v1,greedy,map1,121,718a8e29bed05af7,30,9,0,21,0.3,35,20.444444444444443,21,0,2,949,101023,180268,1.3271531859863899,0,0,,1.3876246660001925,36,ALL_RESOLVED
final_v1,astar,map1,121,718a8e29bed05af7,30,10,2,18,0.3333333333333333,33,19.4,18.5,0,3,924,191647,219341,2.3162868759991397,0,0,,2.3804737999998906,36,ALL_RESOLVED
final_v1,ga,map1,119,718a8e29bed05af7,30,7,5,18,0.23333333333333334,84,33.142857142857146,32,104,1,517,0,273630,52.284007667976766,9121,273630,0.25,52.36144061200139,85,ALL_RESOLVED
final_v1,bfs,map1,122,718a8e29bed05af7,30,9,4,17,0.3,41,24.666666666666668,28,0,1,475,104097,107278,0.7597616619696055,0,0,,0.7928157579990511,42,ALL_RESOLVED
final_v1,ucs,map1,122,718a8e29bed05af7,30,8,3,19,0.26666666666666666,36,23.125,23.5,0,1,449,105276,108315,1.3138739850182901,0,0,,1.3493401200012158,37,ALL_RESOLVED
final_v1,greedy,map1,122,718a8e29bed05af7,30,9,5,16,0.3,45,27.666666666666668,32,0,2,500,44246,78292,0.5611364029937249,0,0,,0.5965706250008225,46,ALL_RESOLVED
final_v1,ga,map1,110,718a8e29bed05af7,30,7,5,18,0.23333333333333334,138,58.142857142857146,50,270,5,1202,0,646680,136.99835730197265,21556,646680,0.25,137.17547991799984,139,ALL_RESOLVED
final_v1,astar,map1,122,718a8e29bed05af7,30,9,4,17,0.3,41,24.88888888888889,28,0,1,475,84128,98458,1.021041673988293,0,0,,1.0573272510009701,42,ALL_RESOLVED
final_v1,bfs,map1,123,718a8e29bed05af7,30,15,0,15,0.5,48,28.0,30,0,4,525,77913,81406,0.5400422300008358,0,0,,0.5739774789999501,49,ALL_RESOLVED
final_v1,ucs,map1,123,718a8e29bed05af7,30,15,0,15,0.5,50,28.733333333333334,31,0,5,536,83309,86785,0.8735522529914306,0,0,,0.9090506419997837,51,ALL_RESOLVED
final_v1,greedy,map1,123,718a8e29bed05af7,30,15,0,15,0.5,52,30.866666666666667,34,0,3,568,37033,67060,0.4652857950004545,0,0,,0.5020321699994383,53,ALL_RESOLVED
final_v1,astar,map1,123,718a8e29bed05af7,30,15,0,15,0.5,49,28.533333333333335,30,0,6,533,61041,73018,0.6994603799703327,0,0,,0.7331718129989895,50,ALL_RESOLVED
final_v1,ga,map1,118,718a8e29bed05af7,30,10,6,14,0.3333333333333333,135,34.9,14.0,240,6,1033,0,546120,99.80179159399995,18204,546120,0.25,99.96335076700052,152,ALL_RESOLVED
final_v1,bfs,map1,124,718a8e29bed05af7,30,6,0,24,0.2,14,9.833333333333334,9.5,0,3,113,16543,17304,0.12293302999387379,0,0,,0.12933147799958533,15,ALL_RESOLVED
final_v1,ucs,map1,124,718a8e29bed05af7,30,6,0,24,0.2,14,9.833333333333334,9.5,0,3,113,17371,18049,0.2065749399989727,0,0,,0.21333041099933325,15,ALL_RESOLVED
final_v1,greedy,map1,124,718a8e29bed05af7,30,6,0,24,0.2,14,9.833333333333334,9.5,0,3,113,7764,14207,0.10529660600150237,0,0,,0.11174646399922494,15,ALL_RESOLVED
final_v1,astar,map1,124,718a8e29bed05af7,30,6,0,24,0.2,14,9.833333333333334,9.5,0,3,113,13871,15618,0.17219920600655314,0,0,,0.17880332299864676,15,ALL_RESOLVED
final_v1,ga,map1,124,718a8e29bed05af7,30,5,0,25,0.16666666666666666,13,10.6,11,24,2,128,0,51810,8.718525184011014,1727,51810,0.25,8.735287292000066,22,ALL_RESOLVED
final_v1,bfs,map1,125,718a8e29bed05af7,30,3,1,26,0.1,17,11.0,9,0,3,468,128657,130773,0.9394644600124593,0,0,,0.9682981559999462,18,ALL_RESOLVED
final_v1,ucs,map1,125,718a8e29bed05af7,30,3,1,26,0.1,17,11.0,9,0,2,468,131143,133253,1.237594843008992,0,0,,1.265238400999806,18,ALL_RESOLVED
final_v1,greedy,map1,125,718a8e29bed05af7,30,2,0,28,0.06666666666666667,9,8.0,8.0,0,3,470,61614,109761,0.6002015290141571,0,0,,0.6242358540002897,20,ALL_RESOLVED
final_v1,astar,map1,125,718a8e29bed05af7,30,3,1,26,0.1,17,11.0,9,0,2,468,110547,126491,1.3647409449968109,0,0,,1.397829396000816,18,ALL_RESOLVED
final_v1,ga,map1,97,718a8e29bed05af7,30,7,14,9,0.23333333333333334,136,75.85714285714286,91,933,15,3762,0,2059650,450.91865175301245,68655,2059650,0.25,451.41597064899906,200,TIMEOUT
final_v1,bfs,map1,126,718a8e29bed05af7,30,18,0,12,0.6,46,20.944444444444443,17.0,0,3,515,80572,84220,0.6065846610363224,0,0,,0.6470980039994174,47,ALL_RESOLVED
final_v1,ucs,map1,126,718a8e29bed05af7,30,18,0,12,0.6,48,21.166666666666668,17.0,0,3,519,86894,90553,1.0552479579819192,0,0,,1.0985402380010783,49,ALL_RESOLVED
final_v1,greedy,map1,126,718a8e29bed05af7,30,18,0,12,0.6,50,23.333333333333332,20.5,0,4,558,37685,67695,0.48269331100891577,0,0,,0.5231343779996678,51,ALL_RESOLVED
final_v1,astar,map1,126,718a8e29bed05af7,30,18,0,12,0.6,46,21.166666666666668,17.0,0,3,519,65436,76712,0.8203233239764813,0,0,,0.8619252810003672,47,ALL_RESOLVED
final_v1,ga,map1,102,718a8e29bed05af7,30,8,13,9,0.26666666666666666,125,52.0,49.5,878,5,3370,0,1842990,393.77479376205156,61433,1842990,0.25,394.22807272700084,200,TIMEOUT
final_v1,bfs,map1,127,718a8e29bed05af7,30,18,0,12,0.6,60,35.05555555555556,37.0,0,4,817,152257,157843,1.066882759985674,0,0,,1.1225850119990355,61,ALL_RESOLVED
final_v1,ga,map1,122,718a8e29bed05af7,30,4,5,21,0.13333333333333333,66,33.25,25.5,131,1,521,0,281490,62.32596724495488,9383,281490,0.25,62.40366636500039,74,ALL_RESOLVED
final_v1,greedy,map1,127,718a8e29bed05af7,30,18,0,12,0.6,64,38.888888888888886,41.0,0,3,886,69665,125733,0.9313725970423548,0,0,,0.9906356949995825,65,ALL_RESOLVED
final_v1,ucs,map1,127,718a8e29bed05af7,30,18,0,12,0.6,62,36.5,38.0,0,4,843,162020,167831,1.8579372060085007,0,0,,1.919396790999599,63,ALL_RESOLVED
final_v1,astar,map1,127,718a8e29bed05af7,30,18,0,12,0.6,62,36.111111111111114,37.0,0,5,836,123452,145089,1.501880910998807,0,0,,1.5619526270002098,63,ALL_RESOLVED
final_v1,bfs,map1,128,718a8e29bed05af7,30,25,1,4,0.8333333333333334,85,46.88,49,0,1,1287,253389,262422,1.7527753240374295,0,0,,1.843940205000763,86,ALL_RESOLVED
final_v1,ucs,map1,128,718a8e29bed05af7,30,25,1,4,0.8333333333333334,86,48.6,53,0,4,1330,274630,284010,3.049873384028615,0,0,,3.1508163010003045,87,ALL_RESOLVED
final_v1,ga,map1,123,718a8e29bed05af7,30,4,8,18,0.13333333333333333,22,13.5,11.5,161,1,684,0,370200,67.09887677596817,12340,370200,0.25,67.20628358799877,118,ALL_RESOLVED
final_v1,greedy,map1,128,718a8e29bed05af7,30,25,1,4,0.8333333333333334,91,51.08,53,0,2,1392,119241,214512,1.4141908200308535,0,0,,1.5105307540015929,92,ALL_RESOLVED
final_v1,astar,map1,128,718a8e29bed05af7,30,25,1,4,0.8333333333333334,85,48.2,53,0,4,1320,209057,246090,2.4572065220381774,0,0,,2.556557542999144,86,ALL_RESOLVED
final_v1,bfs,map1,129,718a8e29bed05af7,30,3,1,26,0.1,14,11.0,10,0,0,144,32606,33609,0.24173911299476458,0,0,,0.2507900359996711,15,ALL_RESOLVED
final_v1,ucs,map1,129,718a8e29bed05af7,30,3,1,26,0.1,14,11.0,10,0,0,144,33885,34851,0.4063221720025467,0,0,,0.41629510799975833,15,ALL_RESOLVED
final_v1,greedy,map1,129,718a8e29bed05af7,30,3,0,27,0.1,14,11.0,10,0,0,144,15268,27382,0.20756885900300404,0,0,,0.2169666669997241,15,ALL_RESOLVED
final_v1,astar,map1,129,718a8e29bed05af7,30,3,1,26,0.1,14,11.0,10,0,0,144,27892,31110,0.34971110800324823,0,0,,0.3596140710014879,15,ALL_RESOLVED
final_v1,ga,map1,121,718a8e29bed05af7,30,3,1,26,0.1,26,14.333333333333334,10,260,0,1010,0,547710,132.96080251200692,18257,547710,0.25,133.0896368470021,36,ALL_RESOLVED
final_v1,ga,map1,129,718a8e29bed05af7,30,2,0,28,0.06666666666666667,15,12.5,12.5,37,0,157,0,78570,16.337281104992144,2619,78570,0.25,16.357284131001506,22,ALL_RESOLVED
final_v1,bfs,map1,130,718a8e29bed05af7,30,27,1,2,0.9,86,35.81481481481482,32,0,4,1018,167888,175377,1.1295954710440128,0,0,,1.2133545140022761,87,ALL_RESOLVED
final_v1,ga,map1,125,718a8e29bed05af7,30,2,0,28,0.06666666666666667,11,10.5,10.5,112,0,471,0,253770,57.167545765973045,8459,253770,0.25,57.22512743699917,16,ALL_RESOLVED
final_v1,greedy,map1,130,718a8e29bed05af7,30,27,1,2,0.9,92,39.333333333333336,36,0,7,1113,74328,135000,0.9132973240448337,0,0,,0.9987339350009279,93,ALL_RESOLVED
final_v1,astar,map1,130,718a8e29bed05af7,30,27,1,2,0.9,86,36.25925925925926,34,0,4,1030,129926,152033,1.5007662299613003,0,0,,1.5868072249977558,87,ALL_RESOLVED
final_v1,ucs,map1,130,718a8e29bed05af7,30,27,1,2,0.9,86,36.51851851851852,34,0,7,1037,183333,190910,1.9951866859337315,0,0,,2.0846707230011816,87,ALL_RESOLVED
final_v1,bfs,map1,131,718a8e29bed05af7,30,30,0,0,1.0,94,51.93333333333333,51.0,0,7,1588,326223,337668,2.229473057886935,0,0,,2.343917309997778,95,ALL_RESOLVED
final_v1,ucs,map1,131,718a8e29bed05af7,30,30,0,0,1.0,102,53.93333333333333,52.0,0,11,1648,354596,366439,3.827671771970927,0,0,,3.958065885999531,103,ALL_RESOLVED
final_v1,greedy,map1,131,718a8e29bed05af7,30,30,0,0,1.0,100,56.46666666666667,57.5,0,7,1724,148979,267894,1.8609141519336845,0,0,,1.9829665629986266,101,ALL_RESOLVED
final_v1,astar,map1,131,718a8e29bed05af7,30,30,0,0,1.0,101,53.53333333333333,51.0,0,9,1636,269980,314595,3.1009328130603535,0,0,,3.2296659299972816,102,ALL_RESOLVED
final_v1,bfs,map1,132,718a8e29bed05af7,30,19,3,8,0.6333333333333333,74,43.05263157894737,45,0,5,983,189905,196617,1.3008177720475942,0,0,,1.3712642259997665,75,ALL_RESOLVED
final_v1,ucs,map1,132,718a8e29bed05af7,30,20,1,9,0.6666666666666666,78,46.4,48.0,0,3,1086,217125,224590,2.3325769810035126,0,0,,2.412930738999421,79,ALL_RESOLVED
final_v1,greedy,map1,132,718a8e29bed05af7,30,22,0,8,0.7333333333333333,84,52.54545454545455,55.5,0,6,1290,106452,191116,1.3362106810236583,0,0,,1.4230281909985933,85,ALL_RESOLVED
final_v1,astar,map1,132,718a8e29bed05af7,30,22,0,8,0.7333333333333333,82,48.68181818181818,51.5,0,6,1205,184175,215719,2.13399249701979,0,0,,2.2185062620010285,83,ALL_RESOLVED
final_v1,ga,map1,120,718a8e29bed05af7,30,6,5,19,0.2,143,73.5,56.5,377,4,1571,0,863670,167.64893151595425,28789,863670,0.25,167.8679273000016,162,ALL_RESOLVED
final_v1,bfs,map1,133,718a8e29bed05af7,30,30,0,0,1.0,94,49.8,48.5,0,2,1524,311477,322542,1.4215323989992612,0,0,,1.5050371389988868,95,ALL_RESOLVED
final_v1,ucs,map1,133,718a8e29bed05af7,30,30,0,0,1.0,99,51.36666666666667,50.5,0,3,1571,338688,350121,2.7040310680713446,0,0,,2.805301464999502,100,ALL_RESOLVED
final_v1,greedy,map1,133,718a8e29bed05af7,30,30,0,0,1.0,100,54.166666666666664,52.5,0,1,1655,140150,252262,1.248447441997996,0,0,,1.340409111999179,101,ALL_RESOLVED
final_v1,astar,map1,133,718a8e29bed05af7,30,30,0,0,1.0,99,51.1,50.5,0,3,1563,255263,298539,2.9542604030357325,0,0,,3.079795212997851,100,ALL_RESOLVED
final_v1,ga,map1,111,718a8e29bed05af7,30,5,15,10,0.16666666666666666,195,76.8,58,671,8,2741,0,1492320,303.2881387251,49744,1492320,0.25,303.672635289,200,TIMEOUT
final_v1,bfs,map1,134,718a8e29bed05af7,30,2,0,28,0.06666666666666667,14,10.5,10.5,0,1,191,43534,44822,0.28713399199114065,0,0,,0.2977990250001312,15,ALL_RESOLVED
final_v1,ucs,map1,134,718a8e29bed05af7,30,2,0,28,0.06666666666666667,14,10.5,10.5,0,1,191,44974,46253,0.4029694019918679,0,0,,0.4136879409998073,15,ALL_RESOLVED
final_v1,greedy,map1,134,718a8e29bed05af7,30,2,0,28,0.06666666666666667,14,10.5,10.5,0,0,191,20209,36518,0.1884949840095942,0,0,,0.1975398229988059,15,ALL_RESOLVED
final_v1,astar,map1,134,718a8e29bed05af7,30,2,0,28,0.06666666666666667,14,10.5,10.5,0,1,191,35258,40307,0.32833008098532446,0,0,,0.3406027599994559,15,ALL_RESOLVED
final_v1,ga,map1,126,718a8e29bed05af7,30,12,6,12,0.4,172,43.0,22.5,309,3,1332,0,688350,124.38060240901723,22945,688350,0.25,124.58113558800142,173,ALL_RESOLVED
final_v1,bfs,map1,135,718a8e29bed05af7,30,6,5,19,0.2,30,17.666666666666668,16.5,0,1,378,98443,100940,0.7119745449817856,0,0,,0.7397257540033024,31,ALL_RESOLVED
final_v1,ucs,map1,135,718a8e29bed05af7,30,6,4,20,0.2,30,18.0,16.5,0,1,384,102226,104671,1.2025701820202812,0,0,,1.2334421119994659,31,ALL_RESOLVED
final_v1,greedy,map1,135,718a8e29bed05af7,30,8,1,21,0.26666666666666666,41,24.625,28.5,0,1,467,47242,83253,0.6224451139460143,0,0,,0.6565771089990449,42,ALL_RESOLVED
final_v1,astar,map1,135,718a8e29bed05af7,30,8,1,21,0.26666666666666666,37,22.125,24.5,0,1,447,86212,100672,1.0829247989604482,0,0,,1.1173317009997845,38,ALL_RESOLVED
final_v1,ga,map1,127,718a8e29bed05af7,30,6,6,18,0.2,127,59.5,40.0,289,3,1199,0,644460,126.99570186805795,21482,644460,0.25,127.16387018899877,136,ALL_RESOLVED
final_v1,bfs,map1,136,718a8e29bed05af7,30,7,1,22,0.23333333333333334,18,12.0,11,0,3,275,62073,63968,0.2926049840061751,0,0,,0.3043545219989028,19,ALL_RESOLVED
final_v1,ucs,map1,136,718a8e29bed05af7,30,7,1,22,0.23333333333333334,18,12.285714285714286,12,0,2,277,64180,66035,0.6094966970013047,0,0,,0.6279098399973009,19,ALL_RESOLVED
final_v1,greedy,map1,136,718a8e29bed05af7,30,7,0,23,0.23333333333333334,22,13.0,11,0,4,282,28056,49708,0.37985387298249407,0,0,,0.3985045869994792,23,ALL_RESOLVED
final_v1,astar,map1,136,718a8e29bed05af7,30,7,1,22,0.23333333333333334,18,12.285714285714286,12,0,2,277,50063,57723,0.6368902590002108,0,0,,0.6559015689999796,19,ALL_RESOLVED
final_v1,ga,map1,134,718a8e29bed05af7,30,1,0,29,0.03333333333333333,7,7.0,7,44,1,194,0,105270,25.51801453497319,3509,105270,0.25,25.544731426001817,18,ALL_RESOLVED
final_v1,bfs,map1,137,718a8e29bed05af7,30,24,2,4,0.8,79,47.25,48.5,0,5,1192,223471,232219,1.415437402029056,0,0,,1.4976786599982006,80,ALL_RESOLVED
final_v1,ucs,map1,137,718a8e29bed05af7,30,24,2,4,0.8,86,50.041666666666664,53.5,0,6,1259,247712,256928,2.673066134979308,0,0,,2.768887686001108,87,ALL_RESOLVED
final_v1,greedy,map1,137,718a8e29bed05af7,30,24,2,4,0.8,85,51.833333333333336,52.5,0,3,1302,100956,182275,1.2425910310230392,0,0,,1.3361966740012576,86,ALL_RESOLVED
final_v1,astar,map1,137,718a8e29bed05af7,30,24,2,4,0.8,87,50.083333333333336,53.5,0,7,1260,180407,212539,2.047386810911121,0,0,,2.1437677690009878,88,ALL_RESOLVED
final_v1,ga,map1,136,718a8e29bed05af7,30,5,2,23,0.16666666666666666,21,13.4,14,54,1,274,0,133890,31.535627015015052,4463,133890,0.25,31.57030751700222,22,ALL_RESOLVED
final_v1,bfs,map1,138,718a8e29bed05af7,30,19,1,10,0.6333333333333333,54,35.31578947368421,37,0,5,800,128822,134342,0.8809550429577939,0,0,,0.9275675549979496,55,ALL_RESOLVED
final_v1,ucs,map1,138,718a8e29bed05af7,30,19,0,11,0.6333333333333333,58,37.10526315789474,38,0,7,834,139301,145026,1.5527969610157015,0,0,,1.6064008090033894,59,ALL_RESOLVED
final_v1,greedy,map1,138,718a8e29bed05af7,30,17,1,12,0.5666666666666667,57,37.0,37,0,4,776,55319,100333,0.7084986219779239,0,0,,0.7560198860010132,58,ALL_RESOLVED
final_v1,astar,map1,138,718a8e29bed05af7,30,19,0,11,0.6333333333333333,59,37.1578947368421,38,0,6,835,102108,121373,1.2256320969609078,0,0,,1.2821824159982498,60,ALL_RESOLVED
final_v1,ga,map1,135,718a8e29bed05af7,30,3,2,25,0.1,17,13.0,13,99,0,368,0,197370,43.32666261704071,6579,197370,0.25,43.384499812000286,18,ALL_RESOLVED
final_v1,bfs,map1,139,718a8e29bed05af7,30,9,1,20,0.3,33,20.88888888888889,19,0,11,449,101098,103953,0.7315175669973542,0,0,,0.7619398009992437,34,ALL_RESOLVED
final_v1,ucs,map1,139,718a8e29bed05af7,30,9,1,20,0.3,35,21.555555555555557,20,0,3,455,105296,108267,1.2296727090360946,0,0,,1.2615931079999427,36,ALL_RESOLVED
final_v1,greedy,map1,139,718a8e29bed05af7,30,8,2,20,0.26666666666666666,33,21.75,21.5,0,8,450,50645,90468,0.6732104470429476,0,0,,0.7044544290001795,34,ALL_RESOLVED
final_v1,astar,map1,139,718a8e29bed05af7,30,8,2,20,0.26666666666666666,29,19.625,18.5,0,4,427,87002,98065,1.0610471190339013,0,0,,1.09078277899971,30,ALL_RESOLVED
final_v1,ga,map1,116,718a8e29bed05af7,30,8,11,11,0.26666666666666666,102,35.125,23.0,804,11,3139,0,1695960,357.5347644389367,56532,1695960,0.25,357.9828978610003,200,TIMEOUT
final_v1,bfs,map1,140,718a8e29bed05af7,30,11,1,18,0.36666666666666664,43,26.454545454545453,30,0,1,378,57608,60201,0.38889417297468754,0,0,,0.4158017310001014,44,ALL_RESOLVED
final_v1,ucs,map1,140,718a8e29bed05af7,30,11,1,18,0.36666666666666664,43,27.363636363636363,30,0,1,388,61917,64616,0.673695235971536,0,0,,0.7025239020003937,44,ALL_RESOLVED
final_v1,greedy,map1,140,718a8e29bed05af7,30,11,1,18,0.36666666666666664,47,30.454545454545453,34,0,1,422,28027,50794,0.3492203090208932,0,0,,0.37931365099939285,48,ALL_RESOLVED
final_v1,astar,map1,140,718a8e29bed05af7,30,11,1,18,0.36666666666666664,43,27.272727272727273,30,0,2,387,44542,52732,0.5229944760503713,0,0,,0.5516187210014323,44,ALL_RESOLVED
final_v1,ga,map1,139,718a8e29bed05af7,30,3,3,24,0.1,62,45.0,41,115,0,550,0,303120,68.55572875397411,10104,303120,0.25,68.6310115319975,63,ALL_RESOLVED
final_v1,bfs,map1,141,718a8e29bed05af7,30,7,0,23,0.23333333333333334,31,15.571428571428571,14,0,6,392,101063,103672,0.5010413709787827,0,0,,0.5236405550022027,32,ALL_RESOLVED
final_v1,ucs,map1,141,718a8e29bed05af7,30,7,0,23,0.23333333333333334,31,15.571428571428571,14,0,1,392,104070,106587,0.9447679230070207,0,0,,0.9768624920034199,32,ALL_RESOLVED
final_v1,greedy,map1,141,718a8e29bed05af7,30,7,0,23,0.23333333333333334,35,17.571428571428573,17,0,5,406,45209,79822,0.3985257040185388,0,0,,0.420274853000592,36,ALL_RESOLVED
final_v1,astar,map1,141,718a8e29bed05af7,30,7,0,23,0.23333333333333334,31,15.571428571428571,14,0,1,392,84618,96322,0.7769516690641467,0,0,,0.8003805910011579,32,ALL_RESOLVED
final_v1,ga,map1,132,718a8e29bed05af7,30,3,12,15,0.1,168,139.66666666666666,161,443,6,1880,0,1028610,198.2607002410623,34287,1028610,0.25,198.53245368299758,169,ALL_RESOLVED
final_v1,bfs,map1,142,718a8e29bed05af7,30,17,1,12,0.5666666666666667,55,35.8235294117647,42,0,13,704,117294,122251,0.5513799279578961,0,0,,0.5895201269995596,56,ALL_RESOLVED
final_v1,ucs,map1,142,718a8e29bed05af7,30,17,0,13,0.5666666666666667,59,37.470588235294116,42,0,9,732,127275,132474,0.9621708770173427,0,0,,1.004078906000359,60,ALL_RESOLVED
final_v1,greedy,map1,142,718a8e29bed05af7,30,17,0,13,0.5666666666666667,63,39.529411764705884,46,0,12,767,53567,96919,0.43758524610166205,0,0,,0.47775930400166544,64,ALL_RESOLVED
final_v1,astar,map1,142,718a8e29bed05af7,30,17,0,13,0.5666666666666667,62,37.588235294117645,42,0,7,734,93092,109753,0.7049456460117653,0,0,,0.7439356009999756,63,ALL_RESOLVED
final_v1,ga,map1,117,718a8e29bed05af7,30,10,15,5,0.3333333333333333,194,68.3,62.0,854,16,3543,0,1931400,393.43644112409675,64380,1931400,0.25,393.89439293300165,200,TIMEOUT
final_v1,bfs,map1,143,718a8e29bed05af7,30,9,1,20,0.3,29,17.77777777777778,17,0,4,379,84850,87313,0.6277679169688781,0,0,,0.6536675460010883,30,ALL_RESOLVED
final_v1,ucs,map1,143,718a8e29bed05af7,30,9,1,20,0.3,29,17.77777777777778,17,0,3,379,87804,90318,1.0450218500118353,0,0,,1.073512311999366,30,ALL_RESOLVED
final_v1,greedy,map1,143,718a8e29bed05af7,30,9,1,20,0.3,33,20.333333333333332,21,0,3,402,39650,69984,0.5339790930520394,0,0,,0.5632262709987117,34,ALL_RESOLVED
final_v1,astar,map1,143,718a8e29bed05af7,30,9,1,20,0.3,29,18.0,17,0,3,381,72545,82684,0.913863613990543,0,0,,0.9421974819997558,30,ALL_RESOLVED
final_v1,ga,map1,140,718a8e29bed05af7,30,4,7,19,0.13333333333333333,109,62.5,64.0,159,1,710,0,386520,71.79837987701103,12884,386520,0.25,71.90680569100005,110,ALL_RESOLVED
final_v1,bfs,map1,144,718a8e29bed05af7,30,25,1,4,0.8333333333333334,81,40.12,38,0,3,1068,185424,192980,1.2531895809952402,0,0,,1.3328595909988508,82,ALL_RESOLVED
final_v1,ucs,map1,144,718a8e29bed05af7,30,25,1,4,0.8333333333333334,83,41.0,39,0,3,1090,200305,208077,2.1425360879147775,0,0,,2.2282896720025747,84,ALL_RESOLVED
final_v1,greedy,map1,144,718a8e29bed05af7,30,24,2,4,0.8,82,42.083333333333336,40.0,0,3,1078,78263,141589,0.9486480760133418,0,0,,1.0285961009976745,83,ALL_RESOLVED
final_v1,astar,map1,144,718a8e29bed05af7,30,24,2,4,0.8,77,38.958333333333336,36.0,0,4,1003,134734,158720,1.5239861969785125,0,0,,1.6000766109973483,78,ALL_RESOLVED
final_v1,ga,map1,141,718a8e29bed05af7,30,5,2,23,0.16666666666666666,45,25.6,27,98,0,475,0,249780,49.2126204270171,8326,249780,0.25,49.27864176799994,54,ALL_RESOLVED
final_v1,ga,map1,138,718a8e29bed05af7,30,5,10,15,0.16666666666666666,136,62.8,50,262,6,1169,0,630750,125.88950847507294,21025,630750,0.25,126.05943034300071,144,ALL_RESOLVED
final_v1,bfs,map1,145,718a8e29bed05af7,30,30,0,0,1.0,97,49.4,47.5,0,2,1512,291578,302845,2.015859141949477,0,0,,2.1266287789985654,98,ALL_RESOLVED
final_v1,greedy,map1,145,718a8e29bed05af7,30,30,0,0,1.0,103,54.2,51.5,0,4,1656,128862,232430,1.438347465962579,0,0,,1.5339578299972345,104,ALL_RESOLVED
final_v1,ucs,map1,145,718a8e29bed05af7,30,30,0,0,1.0,97,51.666666666666664,51.5,0,4,1580,323113,334941,3.6452073270520486,0,0,,3.7692846880017896,98,ALL_RESOLVED
final_v1,astar,map1,145,718a8e29bed05af7,30,30,0,0,1.0,97,51.63333333333333,53.5,0,5,1579,235330,279182,2.6417075750796357,0,0,,2.7574077489989577,98,ALL_RESOLVED
final_v1,bfs,map1,146,718a8e29bed05af7,30,2,0,28,0.06666666666666667,10,9.5,9.5,0,0,189,53072,54447,0.39839979896350997,0,0,,0.4094132139980502,11,ALL_RESOLVED
final_v1,ucs,map1,146,718a8e29bed05af7,30,2,0,28,0.06666666666666667,10,9.5,9.5,0,0,189,53743,55171,0.655269084025349,0,0,,0.6682411850015342,11,ALL_RESOLVED
final_v1,greedy,map1,146,718a8e29bed05af7,30,2,0,28,0.06666666666666667,10,9.5,9.5,0,0,189,24297,43166,0.3288209570309846,0,0,,0.3403933580011653,11,ALL_RESOLVED
final_v1,astar,map1,146,718a8e29bed05af7,30,2,0,28,0.06666666666666667,10,9.5,9.5,0,0,189,43736,49403,0.5471958439775335,0,0,,0.5597366830006649,11,ALL_RESOLVED
final_v1,ga,map1,143,718a8e29bed05af7,30,6,3,21,0.2,84,35.0,24.0,120,1,538,0,284220,50.655400448988075,9474,284220,0.25,50.72908833200199,85,ALL_RESOLVED
final_v1,bfs,map1,147,718a8e29bed05af7,30,19,0,11,0.6333333333333333,54,30.68421052631579,32,0,5,646,91171,95815,0.36044922198198037,0,0,,0.3873607180030376,55,ALL_RESOLVED
final_v1,ucs,map1,147,718a8e29bed05af7,30,19,0,11,0.6333333333333333,56,32.10526315789474,32,0,4,673,102475,107364,0.644084236024355,0,0,,0.6729041270009475,57,ALL_RESOLVED
final_v1,greedy,map1,147,718a8e29bed05af7,30,19,0,11,0.6333333333333333,64,34.526315789473685,36,0,4,719,40704,74423,0.3301975229915115,0,0,,0.3642075460011256,65,ALL_RESOLVED
final_v1,astar,map1,147,718a8e29bed05af7,30,19,0,11,0.6333333333333333,56,32.1578947368421,32,0,5,674,72040,86042,0.5520316130023275,0,0,,0.5841593249970174,57,ALL_RESOLVED
final_v1,ga,map1,128,718a8e29bed05af7,30,4,15,11,0.13333333333333333,38,18.25,13.5,651,11,2667,0,1446180,301.17072024900153,48206,1446180,0.25,301.53883655999925,200,TIMEOUT
final_v1,bfs,map1,148,718a8e29bed05af7,30,11,0,19,0.36666666666666664,37,18.363636363636363,15,0,1,403,82968,85633,0.6099508350016549,0,0,,0.6378982610003732,38,ALL_RESOLVED
final_v1,ucs,map1,148,718a8e29bed05af7,30,11,0,19,0.36666666666666664,37,18.545454545454547,15,0,2,405,86211,88895,1.0223803609515016,0,0,,1.053329913997004,38,ALL_RESOLVED
final_v1,greedy,map1,148,718a8e29bed05af7,30,11,0,19,0.36666666666666664,41,20.545454545454547,16,0,3,427,37651,66952,0.500266609906248,0,0,,0.5306912080013717,42,ALL_RESOLVED
final_v1,astar,map1,148,718a8e29bed05af7,30,11,0,19,0.36666666666666664,37,18.363636363636363,15,0,2,403,69251,80003,0.8600591610156698,0,0,,0.8897470360025181,38,ALL_RESOLVED
final_v1,ga,map1,146,718a8e29bed05af7,30,1,0,29,0.03333333333333333,12,12.0,12,36,0,195,0,102960,21.36407468001562,3432,102960,0.25,21.385959683000692,14,ALL_RESOLVED
final_v1,bfs,map1,149,718a8e29bed05af7,30,4,1,25,0.13333333333333333,14,11.5,12.0,0,2,466,118527,120505,0.577965692980797,0,0,,0.5976142299987259,16,ALL_RESOLVED
final_v1,ucs,map1,149,718a8e29bed05af7,30,4,1,25,0.13333333333333333,14,11.5,12.0,0,3,466,122124,123791,0.8778121060240665,0,0,,0.8973272839975834,16,ALL_RESOLVED
final_v1,greedy,map1,149,718a8e29bed05af7,30,2,2,26,0.06666666666666667,11,9.5,9.5,0,1,469,56153,99740,0.6472509939740121,0,0,,0.6725042770012806,16,ALL_RESOLVED
final_v1,astar,map1,149,718a8e29bed05af7,30,4,0,26,0.13333333333333333,14,11.5,12.0,0,3,466,103219,116198,1.2794584190305613,0,0,,1.311256762000994,16,ALL_RESOLVED
final_v1,ga,map1,130,718a8e29bed05af7,30,10,12,8,0.3333333333333333,57,31.1,27.0,707,17,2865,0,1527510,296.92314390695174,50917,1527510,0.25,297.29806215699864,200,TIMEOUT
final_v1,bfs,map1,150,718a8e29bed05af7,30,6,0,24,0.2,16,12.0,13.0,0,8,606,180104,183473,1.2821319690083328,0,0,,1.319593039999745,22,ALL_RESOLVED
final_v1,ucs,map1,150,718a8e29bed05af7,30,6,0,24,0.2,16,12.0,13.0,0,4,606,184389,187140,2.116763251979137,0,0,,2.156745021999086,22,ALL_RESOLVED
final_v1,greedy,map1,150,718a8e29bed05af7,30,6,0,24,0.2,19,14.166666666666666,16.5,0,8,619,86527,153852,0.9265771489808685,0,0,,0.9625348360023054,22,ALL_RESOLVED
final_v1,astar,map1,150,718a8e29bed05af7,30,6,0,24,0.2,16,12.0,13.0,0,4,606,155437,175855,1.2571551320434082,0,0,,1.2878530289999617,22,ALL_RESOLVED
final_v1,ga,map1,148,718a8e29bed05af7,30,6,2,22,0.2,78,29.666666666666668,24.0,124,0,520,0,275220,53.639329829020426,9174,275220,0.25,53.707318490000034,79,ALL_RESOLVED
final_v1,bfs,map1,151,718a8e29bed05af7,30,5,0,25,0.16666666666666666,27,18.8,16,0,0,249,59363,60966,0.34972933702374576,0,0,,0.3656658959989727,28,ALL_RESOLVED
final_v1,ucs,map1,151,718a8e29bed05af7,30,5,0,25,0.16666666666666666,27,18.8,16,0,0,249,60591,62175,0.7178249309981766,0,0,,0.737026798997249,28,ALL_RESOLVED
final_v1,greedy,map1,151,718a8e29bed05af7,30,4,1,25,0.13333333333333333,31,19.25,16.5,0,0,235,27106,47986,0.3570355840565753,0,0,,0.37627276399871334,32,ALL_RESOLVED
final_v1,astar,map1,151,718a8e29bed05af7,30,5,0,25,0.16666666666666666,27,18.8,16,0,0,249,47102,54318,0.5870639310305705,0,0,,0.6085303149993706,28,ALL_RESOLVED
final_v1,ga,map1,151,718a8e29bed05af7,30,3,1,26,0.1,53,38.333333333333336,34,64,0,280,0,144210,19.7786033759985,4807,144210,0.25,19.81116466399908,54,ALL_RESOLVED
final_v1,bfs,map1,152,718a8e29bed05af7,30,8,1,21,0.26666666666666666,20,12.25,11.5,0,5,370,82739,85431,0.356713572924491,0,0,,0.3702032399996824,21,ALL_RESOLVED
final_v1,ga,map1,149,718a8e29bed05af7,30,1,0,29,0.03333333333333333,8,8.0,8,117,1,467,0,257580,64.75177352901665,8586,257580,0.25,64.80882277500132,16,ALL_RESOLVED
final_v1,ucs,map1,152,718a8e29bed05af7,30,8,1,21,0.26666666666666666,20,12.25,11.5,0,4,370,87104,89684,0.6057856110201101,0,0,,0.6215799870005867,21,ALL_RESOLVED
final_v1,greedy,map1,152,718a8e29bed05af7,30,5,3,22,0.16666666666666666,13,9.4,9,0,4,338,36186,64388,0.4721526929643005,0,0,,0.49297992200081353,14,ALL_RESOLVED
final_v1,astar,map1,152,718a8e29bed05af7,30,8,1,21,0.26666666666666666,20,12.25,11.5,0,4,370,66986,76679,0.4829334549722262,0,0,,0.4990536469995277,21,ALL_RESOLVED
final_v1,bfs,map1,153,718a8e29bed05af7,30,26,2,2,0.8666666666666667,85,46.73076923076923,46.5,0,2,1281,237266,246629,0.9771275038146996,0,0,,1.0345864749979228,86,ALL_RESOLVED
final_v1,ucs,map1,153,718a8e29bed05af7,30,26,2,2,0.8666666666666667,89,48.5,47.0,0,6,1327,259560,269304,1.8147035910515115,0,0,,1.8841495540000324,90,ALL_RESOLVED
final_v1,greedy,map1,153,718a8e29bed05af7,30,26,1,3,0.8666666666666667,91,51.07692307692308,50.5,0,3,1394,107805,194877,0.8853229619671765,0,0,,0.9516697119979654,92,ALL_RESOLVED
final_v1,astar,map1,153,718a8e29bed05af7,30,26,1,3,0.8666666666666667,85,47.88461538461539,47.0,0,4,1311,190457,222639,1.5950751000200398,0,0,,1.673997818998032,86,ALL_RESOLVED
final_v1,ga,map1,142,718a8e29bed05af7,30,5,12,13,0.16666666666666666,187,53.6,20,390,12,1661,0,906960,154.5215597298884,30232,906960,0.25,154.73813668300136,188,ALL_RESOLVED
final_v1,bfs,map1,154,718a8e29bed05af7,30,2,0,28,0.06666666666666667,9,8.5,8.5,0,1,143,33270,34130,0.1600658079914865,0,0,,0.16542702399965492,10,ALL_RESOLVED
final_v1,ucs,map1,154,718a8e29bed05af7,30,2,0,28,0.06666666666666667,9,8.5,8.5,0,1,143,34052,34861,0.2559967759952997,0,0,,0.26214098399941577,10,ALL_RESOLVED
final_v1,greedy,map1,154,718a8e29bed05af7,30,2,0,28,0.06666666666666667,9,8.5,8.5,0,0,143,14897,26798,0.12524963600299088,0,0,,0.1309728609994636,10,ALL_RESOLVED
final_v1,astar,map1,154,718a8e29bed05af7,30,2,0,28,0.06666666666666667,9,8.5,8.5,0,0,143,27645,31250,0.2212511059587996,0,0,,0.2275111500021012,10,ALL_RESOLVED
final_v1,ga,map1,150,718a8e29bed05af7,30,3,0,27,0.1,20,11.666666666666666,8,149,2,632,0,343860,77.60012574202847,11462,343860,0.25,77.67718484599754,22,ALL_RESOLVED
final_v1,bfs,map1,155,718a8e29bed05af7,30,5,0,25,0.16666666666666666,14,10.0,9,0,2,205,49547,50933,0.30307803499817965,0,0,,0.3138488000004145,15,ALL_RESOLVED
final_v1,ucs,map1,155,718a8e29bed05af7,30,5,0,25,0.16666666666666666,14,10.0,9,0,2,205,51153,52551,0.44087949101958657,0,0,,0.4535113379970426,15,ALL_RESOLVED
final_v1,greedy,map1,155,718a8e29bed05af7,30,5,0,25,0.16666666666666666,16,10.8,9,0,2,209,25675,45747,0.34608598700287985,0,0,,0.3609201910003321,17,ALL_RESOLVED
final_v1,astar,map1,155,718a8e29bed05af7,30,5,0,25,0.16666666666666666,14,10.0,9,0,2,205,42016,47264,0.32352894700306933,0,0,,0.3325955959990097,15,ALL_RESOLVED
final_v1,ga,map1,154,718a8e29bed05af7,30,1,0,29,0.03333333333333333,9,9.0,9,33,0,144,0,74790,14.420542920979642,2493,74790,0.25,14.437079052997433,10,ALL_RESOLVED
final_v1,bfs,map1,156,718a8e29bed05af7,30,30,0,0,1.0,94,50.7,48.5,0,8,1551,304900,316303,2.091180217979854,0,0,,2.201645572000416,95,ALL_RESOLVED
final_v1,ucs,map1,156,718a8e29bed05af7,30,30,0,0,1.0,94,52.7,51.0,0,10,1611,334477,346317,2.5364241821116593,0,0,,2.622114680001687,95,ALL_RESOLVED
final_v1,greedy,map1,156,718a8e29bed05af7,30,30,0,0,1.0,100,55.2,52.5,0,5,1686,134421,242135,1.048764464994747,0,0,,1.1288067749992479,101,ALL_RESOLVED
final_v1,astar,map1,156,718a8e29bed05af7,30,30,0,0,1.0,94,52.733333333333334,52.5,0,11,1612,248006,290481,1.9398337410166278,0,0,,2.0345697669981746,95,ALL_RESOLVED
final_v1,ga,map1,152,718a8e29bed05af7,30,5,1,24,0.16666666666666666,20,11.0,9,82,0,360,0,185370,45.11954789901574,6179,185370,0.25,45.16499478900005,21,ALL_RESOLVED
final_v1,ga,map1,131,718a8e29bed05af7,30,6,13,11,0.2,187,49.5,25.0,916,18,3665,0,1986450,401.7222428600362,66215,1986450,0.25,402.1878295360002,200,TIMEOUT
final_v1,ga,map1,155,718a8e29bed05af7,30,5,0,25,0.16666666666666666,35,18.8,10,52,1,249,0,122520,26.248165097051242,4084,122520,0.25,26.28299695000169,36,ALL_RESOLVED
final_v1,bfs,map1,157,718a8e29bed05af7,30,30,0,0,1.0,94,48.266666666666666,42.5,0,4,1478,287081,297930,2.0095328820279974,0,0,,2.1380349619976187,95,ALL_RESOLVED
final_v1,greedy,map1,157,718a8e29bed05af7,30,30,0,0,1.0,100,52.46666666666667,46.5,0,4,1604,128193,231112,1.7382757590021356,0,0,,1.8712554379999347,101,ALL_RESOLVED
final_v1,ucs,map1,157,718a8e29bed05af7,30,30,0,0,1.0,98,49.86666666666667,46.0,0,4,1526,312613,323901,3.4401720530077,0,0,,3.564110333001736,99,ALL_RESOLVED
final_v1,astar,map1,157,718a8e29bed05af7,30,30,0,0,1.0,96,49.666666666666664,46.0,0,4,1520,231603,271426,2.6580927010436426,0,0,,2.7788512139995873,97,ALL_RESOLVED
final_v1,bfs,map1,158,718a8e29bed05af7,30,21,0,9,0.7,59,34.23809523809524,32,0,8,1388,304732,314707,2.2153804050249164,0,0,,2.3216678270000557,72,ALL_RESOLVED
final_v1,greedy,map1,158,718a8e29bed05af7,30,21,0,9,0.7,64,38.095238095238095,36,0,9,1469,133868,240544,1.0547792859651963,0,0,,1.1232487999986915,72,ALL_RESOLVED
final_v1,ucs,map1,158,718a8e29bed05af7,30,21,0,9,0.7,61,36.04761904761905,34,0,11,1426,330831,340690,3.6908942989248317,0,0,,3.802328166002553,72,ALL_RESOLVED
final_v1,astar,map1,158,718a8e29bed05af7,30,21,0,9,0.7,60,35.61904761904762,34,0,8,1417,247967,285452,1.821284018937149,0,0,,1.8913004050009476,72,ALL_RESOLVED
final_v1,bfs,map1,159,718a8e29bed05af7,30,11,0,19,0.36666666666666664,24,16.636363636363637,17,0,3,270,36808,38643,0.1818173160099832,0,0,,0.1935174559985171,25,ALL_RESOLVED
final_v1,ucs,map1,159,718a8e29bed05af7,30,11,0,19,0.36666666666666664,26,17.0,17,0,1,274,39483,41345,0.28725559996019,0,0,,0.298868923997361,27,ALL_RESOLVED
final_v1,greedy,map1,159,718a8e29bed05af7,30,11,0,19,0.36666666666666664,28,19.545454545454547,21,0,3,302,15913,29233,0.12820614694282995,0,0,,0.1396710119988711,29,ALL_RESOLVED
final_v1,astar,map1,159,718a8e29bed05af7,30,11,0,19,0.36666666666666664,25,17.09090909090909,17,0,2,275,28201,33608,0.21268613402207848,0,0,,0.22384386099656695,26,ALL_RESOLVED
final_v1,ga,map1,133,718a8e29bed05af7,30,7,12,11,0.23333333333333334,73,32.857142857142854,19,879,8,3457,0,1865130,395.40819955995175,62171,1865130,0.25,395.8735204850018,200,TIMEOUT
final_v1,bfs,map1,160,718a8e29bed05af7,30,30,0,0,1.0,92,53.233333333333334,59.5,0,5,1627,338239,349887,1.5413393909475417,0,0,,1.6236371009981667,93,ALL_RESOLVED
final_v1,ucs,map1,160,718a8e29bed05af7,30,30,0,0,1.0,100,56.4,62.0,0,14,1722,377041,389250,4.006049534007616,0,0,,4.1372349279990885,101,ALL_RESOLVED
final_v1,greedy,map1,160,718a8e29bed05af7,30,30,0,0,1.0,98,57.93333333333333,64.5,0,8,1768,152673,274250,1.7678690070424636,0,0,,1.875201510003535,99,ALL_RESOLVED
final_v1,ga,map1,137,718a8e29bed05af7,30,5,17,8,0.16666666666666666,182,65.4,49,736,9,2960,0,1618170,322.78669314998115,53939,1618170,0.25,323.1741026939999,200,TIMEOUT
final_v1,astar,map1,160,718a8e29bed05af7,30,30,0,0,1.0,97,55.53333333333333,60.5,0,12,1696,282438,328400,3.2040473090019077,0,0,,3.3294756670002243,98,ALL_RESOLVED
final_v1,bfs,map1,161,718a8e29bed05af7,30,3,1,26,0.1,11,9.333333333333334,9,0,5,409,97120,99414,0.7040002240173635,0,0,,0.728435561999504,14,ALL_RESOLVED
final_v1,ucs,map1,161,718a8e29bed05af7,30,3,3,24,0.1,11,9.333333333333334,9,0,3,405,101156,103057,1.1966382749997138,0,0,,1.2235475799971027,14,ALL_RESOLVED
final_v1,greedy,map1,161,718a8e29bed05af7,30,3,0,27,0.1,11,9.333333333333334,9,0,5,409,42150,75330,0.558601382017514,0,0,,0.584105415000522,14,ALL_RESOLVED
final_v1,astar,map1,161,718a8e29bed05af7,30,3,3,24,0.1,11,9.333333333333334,9,0,4,405,82003,93666,1.0148081939842086,0,0,,1.0416941639996367,14,ALL_RESOLVED
final_v1,ga,map1,147,718a8e29bed05af7,30,7,12,11,0.23333333333333334,179,62.714285714285715,37,427,9,1798,0,980010,185.23451950705203,32667,980010,0.25,185.47484638899914,180,ALL_RESOLVED
final_v1,bfs,map1,162,718a8e29bed05af7,30,20,0,10,0.6666666666666666,56,36.45,42.5,0,5,789,116091,121601,0.4750240100111114,0,0,,0.5071541569996043,57,ALL_RESOLVED
final_v1,ucs,map1,162,718a8e29bed05af7,30,20,0,10,0.6666666666666666,64,39.15,42.5,0,7,843,131795,137738,0.911690581971925,0,0,,0.9535956280014943,65,ALL_RESOLVED
final_v1,greedy,map1,162,718a8e29bed05af7,30,20,0,10,0.6666666666666666,63,40.25,46.5,0,5,865,52394,95588,0.6342562210193137,0,0,,0.6862684019979497,64,ALL_RESOLVED
final_v1,astar,map1,162,718a8e29bed05af7,30,20,0,10,0.6666666666666666,62,38.8,42.5,0,8,836,92014,110048,0.8679650890480843,0,0,,0.9097104430002219,63,ALL_RESOLVED
final_v1,ga,map1,159,718a8e29bed05af7,30,5,4,21,0.16666666666666666,53,26.0,17,101,3,479,0,257850,47.82376996001767,8595,257850,0.25,47.88509871199858,56,ALL_RESOLVED
final_v1,bfs,map1,163,718a8e29bed05af7,30,30,0,0,1.0,86,43.8,39.0,0,14,1344,248016,257907,1.5375219639572606,0,0,,1.6282763260023785,87,ALL_RESOLVED
final_v1,ucs,map1,163,718a8e29bed05af7,30,30,0,0,1.0,93,46.166666666666664,42.0,0,17,1415,278635,288853,2.995613193961617,0,0,,3.1195931139991444,94,ALL_RESOLVED
final_v1,greedy,map1,163,718a8e29bed05af7,30,30,0,0,1.0,92,47.733333333333334,43.0,0,14,1462,109609,197981,1.0812848408786522,0,0,,1.1675576620000356,93,ALL_RESOLVED
final_v1,astar,map1,163,718a8e29bed05af7,30,30,0,0,1.0,94,46.13333333333333,42.5,0,16,1414,205921,240720,1.4449619360166253,0,0,,1.5169495640002424,95,ALL_RESOLVED
final_v1,ga,map1,144,718a8e29bed05af7,30,9,14,7,0.3,135,43.888888888888886,31,567,8,2256,0,1204890,226.01915297699816,40163,1204890,0.25,226.3208246810027,196,ALL_RESOLVED
final_v1,bfs,map1,164,718a8e29bed05af7,30,21,1,8,0.7,67,37.904761904761905,40,0,6,903,159818,166193,0.6514908840690623,0,0,,0.6936842059985793,68,ALL_RESOLVED
final_v1,ucs,map1,164,718a8e29bed05af7,30,21,1,8,0.7,71,39.285714285714285,41,0,5,932,173545,180146,1.6156143140105996,0,0,,1.6820807539988891,72,ALL_RESOLVED
final_v1,greedy,map1,164,718a8e29bed05af7,30,21,1,8,0.7,73,41.523809523809526,44,0,4,979,74208,133937,0.9145974560378818,0,0,,0.9824505550022877,74,ALL_RESOLVED
final_v1,astar,map1,164,718a8e29bed05af7,30,21,1,8,0.7,70,39.285714285714285,40,0,5,932,128717,151341,1.4631352919677738,0,0,,1.530517229999532,71,ALL_RESOLVED
final_v1,ga,map1,161,718a8e29bed05af7,30,1,0,29,0.03333333333333333,12,12.0,12,101,1,415,0,228960,53.26997314298933,7632,228960,0.25,53.319900983999105,14,ALL_RESOLVED
final_v1,bfs,map1,165,718a8e29bed05af7,30,18,4,8,0.6,68,30.166666666666668,26.5,0,4,749,143345,148652,0.9938294399471488,0,0,,1.0531152750008914,69,ALL_RESOLVED
final_v1,ucs,map1,165,718a8e29bed05af7,30,18,3,9,0.6,68,30.944444444444443,28.5,0,4,763,153381,158762,1.2654994160729984,0,0,,1.311024737002299,69,ALL_RESOLVED
final_v1,greedy,map1,165,718a8e29bed05af7,30,20,2,8,0.6666666666666666,85,39.35,35.0,0,4,967,80639,144994,0.6154324379676837,0,0,,0.6659667569983867,86,ALL_RESOLVED
final_v1,astar,map1,165,718a8e29bed05af7,30,18,3,9,0.6,68,31.0,28.5,0,7,764,119422,137300,0.8556849350170523,0,0,,0.8972670619987184,69,ALL_RESOLVED
final_v1,ga,map1,162,718a8e29bed05af7,30,6,14,10,0.2,95,52.666666666666664,55.5,358,8,1496,0,808230,163.45984369198413,26941,808230,0.25,163.66730621399984,132,ALL_RESOLVED
final_v1,bfs,map1,166,718a8e29bed05af7,30,6,1,23,0.2,16,11.833333333333334,11.5,0,2,219,46793,48270,0.3471796789999644,0,0,,0.36027622999972664,17,ALL_RESOLVED
final_v1,ucs,map1,166,718a8e29bed05af7,30,6,1,23,0.2,16,11.833333333333334,11.5,0,2,219,48092,49521,0.578468576000887,0,0,,0.5929379799999879,17,ALL_RESOLVED
final_v1,greedy,map1,166,718a8e29bed05af7,30,6,1,23,0.2,16,11.833333333333334,11.5,0,2,221,21261,38102,0.29001778599922545,0,0,,0.3036247079980967,17,ALL_RESOLVED
final_v1,astar,map1,166,718a8e29bed05af7,30,6,1,23,0.2,16,11.833333333333334,11.5,0,2,221,38737,43504,0.4872202759834181,0,0,,0.5011806479997176,17,ALL_RESOLVED
final_v1,ga,map1,166,718a8e29bed05af7,30,6,0,24,0.2,21,15.833333333333334,16.5,42,1,245,0,117180,24.157175815031223,3906,117180,0.25,24.18662348700309,22,ALL_RESOLVED
final_v1,bfs,map1,167,718a8e29bed05af7,30,30,0,0,1.0,89,49.56666666666667,51.0,0,6,1517,316482,327415,2.1374449220020324,0,0,,2.250878589999047,90,ALL_RESOLVED
final_v1,ucs,map1,167,718a8e29bed05af7,30,30,0,0,1.0,101,52.43333333333333,52.0,0,10,1603,353788,365235,3.8156419238184753,0,0,,3.950394662002509,102,ALL_RESOLVED
final_v1,greedy,map1,167,718a8e29bed05af7,30,30,0,0,1.0,95,53.9,57.5,0,6,1647,142237,255768,1.7710977829738113,0,0,,1.892203030998644,96,ALL_RESOLVED
final_v1,astar,map1,167,718a8e29bed05af7,30,30,0,0,1.0,100,52.06666666666667,51.0,0,9,1592,269427,311561,2.8850444539712043,0,0,,3.010724020001362,101,ALL_RESOLVED
final_v1,ga,map1,165,718a8e29bed05af7,30,10,6,14,0.3333333333333333,196,86.0,48.5,388,2,1772,0,949170,191.26330416498604,31639,949170,0.25,191.52686498800176,197,ALL_RESOLVED
final_v1,bfs,map1,168,718a8e29bed05af7,30,3,0,27,0.1,15,13.666666666666666,14,0,0,476,126595,128659,0.9313520709256409,0,0,,0.9600579009966168,16,ALL_RESOLVED
final_v1,ucs,map1,168,718a8e29bed05af7,30,3,0,27,0.1,15,13.666666666666666,14,0,0,476,129570,131669,1.558314250964031,0,0,,1.5903749569988577,16,ALL_RESOLVED
final_v1,greedy,map1,168,718a8e29bed05af7,30,1,0,29,0.03333333333333333,12,12.0,12,0,0,477,59095,105235,0.7076933539901802,0,0,,0.7355148380011087,16,ALL_RESOLVED
final_v1,astar,map1,168,718a8e29bed05af7,30,3,0,27,0.1,15,13.666666666666666,14,0,0,476,110655,124890,1.386680771040119,0,0,,1.418988254998112,16,ALL_RESOLVED
final_v1,ga,map1,158,718a8e29bed05af7,30,2,0,28,0.06666666666666667,71,68.5,68.5,552,4,2155,0,1187700,290.4404285829587,39590,1187700,0.25,290.7134943020028,72,ALL_RESOLVED
final_v1,bfs,map1,169,718a8e29bed05af7,30,29,1,0,0.9666666666666667,85,41.10344827586207,40,0,11,1235,207681,216684,1.3966642449959181,0,0,,1.4834889689991542,86,ALL_RESOLVED
final_v1,ga,map1,153,718a8e29bed05af7,30,4,16,10,0.13333333333333333,62,40.0,42.5,821,37,3136,0,1704690,341.54933513187643,56823,1704690,0.25,341.95968313900084,200,TIMEOUT
final_v1,ucs,map1,169,718a8e29bed05af7,30,29,1,0,0.9666666666666667,87,42.58620689655172,40,0,8,1278,232786,241896,2.4324772780237254,0,0,,2.525059119998332,88,ALL_RESOLVED
final_v1,greedy,map1,169,718a8e29bed05af7,30,29,1,0,0.9666666666666667,91,45.275862068965516,44,0,8,1358,95095,172226,1.1899191361153498,0,0,,1.2845707690030395,92,ALL_RESOLVED
final_v1,astar,map1,169,718a8e29bed05af7,30,29,1,0,0.9666666666666667,85,42.89655172413793,42,0,9,1289,170024,200364,1.9752393420531007,0,0,,2.0680755590001354,86,ALL_RESOLVED
final_v1,bfs,map1,170,718a8e29bed05af7,30,29,0,1,0.9666666666666667,80,46.0,52,0,9,1367,254956,265110,1.8021894380144658,0,0,,1.903016526997817,81,ALL_RESOLVED
final_v1,ucs,map1,170,718a8e29bed05af7,30,29,0,1,0.9666666666666667,85,48.758620689655174,52,0,13,1447,288544,299255,2.743774173050042,0,0,,2.8407654450020345,86,ALL_RESOLVED
final_v1,ga,map1,164,718a8e29bed05af7,30,7,12,11,0.23333333333333334,116,44.285714285714285,24,546,5,2165,0,1162560,229.48218379395985,38752,1162560,0.25,229.7983144059981,200,TIMEOUT
final_v1,greedy,map1,170,718a8e29bed05af7,30,29,0,1,0.9666666666666667,86,50.96551724137931,56,0,1,1511,110816,200252,1.4185331209846481,0,0,,1.5191120820018114,87,ALL_RESOLVED
final_v1,astar,map1,170,718a8e29bed05af7,30,29,0,1,0.9666666666666667,84,48.724137931034484,54,0,14,1446,204181,241578,2.3677720629966643,0,0,,2.4638537729988457,85,ALL_RESOLVED
final_v1,bfs,map1,171,718a8e29bed05af7,30,30,0,0,1.0,93,47.96666666666667,47.5,0,2,1469,295430,305840,1.6804572020882915,0,0,,1.7737027760013007,94,ALL_RESOLVED
final_v1,ucs,map1,171,718a8e29bed05af7,30,30,0,0,1.0,101,50.06666666666667,48.5,0,9,1532,326840,337615,2.4979123259727203,0,0,,2.5890795859995706,102,ALL_RESOLVED
final_v1,greedy,map1,171,718a8e29bed05af7,30,30,0,0,1.0,99,52.333333333333336,52.5,0,1,1600,137883,247598,1.1550341799520538,0,0,,1.2395670660007454,100,ALL_RESOLVED
final_v1,astar,map1,171,718a8e29bed05af7,30,30,0,0,1.0,100,49.7,48.5,0,4,1521,247814,286452,1.8652999890509818,0,0,,1.9527178980024473,101,ALL_RESOLVED
final_v1,ga,map1,168,718a8e29bed05af7,30,0,0,30,0.0,,,,121,0,478,0,266640,65.36353250298271,8888,266640,0.030303030303030304,65.42476656200233,16,ALL_RESOLVED
final_v1,bfs,map1,172,718a8e29bed05af7,30,4,2,24,0.13333333333333333,19,11.75,10.5,0,3,259,67758,69520,0.5087363210077456,0,0,,0.5267595599980268,20,ALL_RESOLVED
final_v1,ucs,map1,172,718a8e29bed05af7,30,4,2,24,0.13333333333333333,19,11.75,10.5,0,2,259,69375,71111,0.836356932988565,0,0,,0.8562200480009778,20,ALL_RESOLVED
final_v1,greedy,map1,172,718a8e29bed05af7,30,4,2,24,0.13333333333333333,19,12.75,12.5,0,3,263,29129,50898,0.40465958102504374,0,0,,0.4229664980011876,20,ALL_RESOLVED
final_v1,astar,map1,172,718a8e29bed05af7,30,4,2,24,0.13333333333333333,19,11.75,10.5,0,2,259,54883,63309,0.6935879789743922,0,0,,0.7130420869980298,20,ALL_RESOLVED
final_v1,ga,map1,172,718a8e29bed05af7,30,2,1,27,0.06666666666666667,10,8.5,8.5,63,0,239,0,128460,32.30712071596645,4282,128460,0.25,32.33904369300217,11,ALL_RESOLVED
final_v1,bfs,map1,173,718a8e29bed05af7,30,8,0,22,0.26666666666666666,24,13.5,13.5,0,3,336,76402,78694,0.5563497039329377,0,0,,0.5787567410006886,25,ALL_RESOLVED
final_v1,ucs,map1,173,718a8e29bed05af7,30,8,0,22,0.26666666666666666,24,13.5,13.5,0,2,336,80018,82248,0.7724550399907457,0,0,,0.7943046919972403,25,ALL_RESOLVED
final_v1,greedy,map1,173,718a8e29bed05af7,30,7,0,23,0.23333333333333334,17,12.0,13,0,4,321,38951,68591,0.5236174549791031,0,0,,0.5460487750024186,18,ALL_RESOLVED
final_v1,astar,map1,173,718a8e29bed05af7,30,7,0,23,0.23333333333333334,17,12.0,13,0,2,321,63977,72319,0.8048391210213595,0,0,,0.8278190689998155,18,ALL_RESOLVED
final_v1,ga,map1,160,718a8e29bed05af7,30,7,12,11,0.23333333333333334,88,41.0,28,770,3,3184,0,1740270,371.05757681581235,58009,1740270,0.25,371.5034339369995,200,TIMEOUT
final_v1,bfs,map1,174,718a8e29bed05af7,30,27,1,2,0.9,76,34.370370370370374,35,0,8,991,152511,160028,1.055394925053406,0,0,,1.1274638820032123,77,ALL_RESOLVED
final_v1,ucs,map1,174,718a8e29bed05af7,30,27,1,2,0.9,76,36.18518518518518,37,0,11,1040,175883,183459,1.9603233590896707,0,0,,2.037000342999818,77,ALL_RESOLVED
final_v1,ga,map1,145,718a8e29bed05af7,30,3,8,19,0.1,122,47.0,10,1142,33,4460,0,2444370,544.3735567660406,81479,2444370,0.25,544.9451278220004,200,TIMEOUT
final_v1,greedy,map1,174,718a8e29bed05af7,30,27,1,2,0.9,82,38.111111111111114,39,0,3,1092,67587,123100,0.8615075440102373,0,0,,0.9383162000012817,83,ALL_RESOLVED
final_v1,astar,map1,174,718a8e29bed05af7,30,27,1,2,0.9,76,36.074074074074076,35,0,10,1037,121288,144887,1.4440447319975647,0,0,,1.521093753999594,77,ALL_RESOLVED
final_v1,bfs,map1,175,718a8e29bed05af7,30,2,3,25,0.06666666666666667,11,10.5,10.5,0,0,355,90050,91851,0.6706815180004924,0,0,,0.6923010509999585,12,ALL_RESOLVED
final_v1,ucs,map1,175,718a8e29bed05af7,30,2,3,25,0.06666666666666667,11,10.5,10.5,0,0,355,91784,93474,1.109718442967278,0,0,,1.1342891770000278,12,ALL_RESOLVED
final_v1,greedy,map1,175,718a8e29bed05af7,30,2,3,25,0.06666666666666667,11,10.5,10.5,0,0,355,40862,73016,0.5592977449814498,0,0,,0.5819274380010029,12,ALL_RESOLVED
final_v1,astar,map1,175,718a8e29bed05af7,30,2,3,25,0.06666666666666667,11,10.5,10.5,0,0,355,75562,86762,0.9496813050136552,0,0,,0.9732785939995665,12,ALL_RESOLVED
final_v1,ga,map1,173,718a8e29bed05af7,30,6,1,23,0.2,46,19.166666666666668,16.5,79,1,379,0,192090,42.39300038800866,6403,192090,0.25,42.44494744399708,47,ALL_RESOLVED
final_v1,bfs,map1,176,718a8e29bed05af7,30,0,0,30,0.0,,,,0,0,60,18032,18438,0.09367244200620917,0,0,,0.09628157100087265,2,ALL_RESOLVED
final_v1,ucs,map1,176,718a8e29bed05af7,30,0,0,30,0.0,,,,0,0,60,18561,18957,0.20245576701199752,0,0,,0.20665536500018789,2,ALL_RESOLVED
final_v1,greedy,map1,176,718a8e29bed05af7,30,0,0,30,0.0,,,,0,0,60,8921,15895,0.12994696298846975,0,0,,0.13404833800086635,2,ALL_RESOLVED
final_v1,astar,map1,176,718a8e29bed05af7,30,0,0,30,0.0,,,,0,0,60,15745,17408,0.19932274101665826,0,0,,0.2034335500029556,2,ALL_RESOLVED
final_v1,ga,map1,176,718a8e29bed05af7,30,0,0,30,0.0,,,,13,0,60,0,33180,8.847631120017468,1106,33180,0.01020408163265306,8.855442101001245,2,ALL_RESOLVED
final_v1,bfs,map1,177,718a8e29bed05af7,30,5,1,24,0.16666666666666666,19,10.6,9,0,3,208,49138,50550,0.368946127986419,0,0,,0.38359048100028303,20,ALL_RESOLVED
final_v1,ucs,map1,177,718a8e29bed05af7,30,5,1,24,0.16666666666666666,19,10.6,9,0,2,208,50339,51728,0.6059384849977505,0,0,,0.6221074599998246,20,ALL_RESOLVED
final_v1,greedy,map1,177,718a8e29bed05af7,30,5,1,24,0.16666666666666666,23,11.4,9,0,3,212,22831,40605,0.3160637889850477,0,0,,0.3336807109990332,24,ALL_RESOLVED
final_v1,astar,map1,177,718a8e29bed05af7,30,5,1,24,0.16666666666666666,19,10.6,9,0,2,208,40483,46398,0.5213600660172233,0,0,,0.5375519709996297,20,ALL_RESOLVED
final_v1,ga,map1,175,718a8e29bed05af7,30,1,0,29,0.03333333333333333,12,12.0,12,68,0,367,0,199470,47.6106382139842,6649,199470,0.25,47.65784003099907,14,ALL_RESOLVED
final_v1,bfs,map1,178,718a8e29bed05af7,30,13,1,16,0.43333333333333335,50,26.307692307692307,20,0,2,457,73573,76625,0.5095249119949585,0,0,,0.5440488409985846,51,ALL_RESOLVED
final_v1,ucs,map1,178,718a8e29bed05af7,30,13,1,16,0.43333333333333335,52,27.153846153846153,23,0,4,468,78058,81249,0.8711760559817776,0,0,,0.9095185450023564,53,ALL_RESOLVED
final_v1,greedy,map1,178,718a8e29bed05af7,30,13,0,17,0.43333333333333335,54,29.692307692307693,24,0,2,501,34421,62019,0.4371246669397806,0,0,,0.47431564399812487,55,ALL_RESOLVED
final_v1,astar,map1,178,718a8e29bed05af7,30,13,1,16,0.43333333333333335,52,27.307692307692307,23,0,4,470,59181,69420,0.6993895910127321,0,0,,0.7364058599996497,53,ALL_RESOLVED
final_v1,ga,map1,177,718a8e29bed05af7,30,4,1,25,0.13333333333333333,13,9.5,9.0,39,0,196,0,94410,19.575264408973453,3147,94410,0.25,19.59806682300041,14,ALL_RESOLVED
final_v1,bfs,map1,179,718a8e29bed05af7,30,7,0,23,0.23333333333333334,33,18.428571428571427,17,0,4,918,261524,266897,1.9025677900062874,0,0,,1.962273326000286,34,ALL_RESOLVED
final_v1,ga,map1,156,718a8e29bed05af7,30,5,9,16,0.16666666666666666,181,99.6,108,994,11,4045,0,2213550,481.5459990518466,73785,2213550,0.25,482.06803758000024,200,TIMEOUT
final_v1,ucs,map1,179,718a8e29bed05af7,30,7,0,23,0.23333333333333334,33,18.428571428571427,17,0,5,918,268505,273540,3.102334936022089,0,0,,3.169453070997406,34,ALL_RESOLVED
final_v1,greedy,map1,179,718a8e29bed05af7,30,6,0,24,0.2,26,18.5,19.5,0,3,933,119100,211701,1.4655302019928058,0,0,,1.5227012379982625,34,ALL_RESOLVED
final_v1,astar,map1,179,718a8e29bed05af7,30,7,0,23,0.23333333333333334,33,18.714285714285715,17,0,5,920,224719,255510,2.5701033120130887,0,0,,2.6364727660002245,34,ALL_RESOLVED
final_v1,bfs,map1,180,718a8e29bed05af7,30,5,2,23,0.16666666666666666,20,14.4,16,0,1,327,79630,81899,0.41949107398613705,0,0,,0.4352565240005788,21,ALL_RESOLVED
final_v1,ucs,map1,180,718a8e29bed05af7,30,4,3,23,0.13333333333333333,17,13.0,13.5,0,1,316,82363,84508,0.67998256395731,0,0,,0.6967957310007478,18,ALL_RESOLVED
final_v1,greedy,map1,180,718a8e29bed05af7,30,4,2,24,0.13333333333333333,22,15.5,16.0,0,0,322,36109,63438,0.3282301670042216,0,0,,0.34289870600332506,23,ALL_RESOLVED
final_v1,astar,map1,180,718a8e29bed05af7,30,5,2,23,0.16666666666666666,20,14.4,16,0,1,327,64904,74275,0.5676005440327572,0,0,,0.5842161389991816,21,ALL_RESOLVED
final_v1,ga,map1,163,718a8e29bed05af7,30,7,12,11,0.23333333333333334,161,54.57142857142857,12,913,20,3717,0,2004450,414.4456511930075,66815,2004450,0.25,414.9242199879991,200,TIMEOUT
final_v1,bfs,map1,181,718a8e29bed05af7,30,10,2,18,0.3333333333333333,32,22.1,24.0,0,0,549,125517,129287,0.939010464000603,0,0,,0.9740090740015148,33,ALL_RESOLVED
final_v1,ucs,map1,181,718a8e29bed05af7,30,10,2,18,0.3333333333333333,34,23.4,25.5,0,2,562,132147,135993,1.5897060180250264,0,0,,1.6295094010019966,35,ALL_RESOLVED
final_v1,greedy,map1,181,718a8e29bed05af7,30,10,2,18,0.3333333333333333,36,25.7,28.0,0,0,585,60824,108947,0.8299966000413406,0,0,,0.8681879659998231,37,ALL_RESOLVED
final_v1,astar,map1,181,718a8e29bed05af7,30,10,0,20,0.3333333333333333,35,22.9,24.0,0,0,559,106371,123718,1.3517733970475092,0,0,,1.3904288560006535,36,ALL_RESOLVED
final_v1,ga,map1,157,718a8e29bed05af7,30,7,8,15,0.23333333333333334,163,61.857142857142854,54,983,17,4056,0,2202030,482.08081446608776,73401,2202030,0.25,482.61399292900023,200,TIMEOUT
final_v1,bfs,map1,182,718a8e29bed05af7,30,4,1,25,0.13333333333333333,15,12.75,13.5,0,0,159,33850,34928,0.17858168499878957,0,0,,0.18607437600076082,16,ALL_RESOLVED
final_v1,ucs,map1,182,718a8e29bed05af7,30,4,1,25,0.13333333333333333,15,12.75,13.5,0,0,159,34777,35831,0.2913862649766088,0,0,,0.3009485609982221,16,ALL_RESOLVED
final_v1,greedy,map1,182,718a8e29bed05af7,30,4,1,25,0.13333333333333333,15,12.75,13.5,0,0,159,16172,29093,0.1430733340275765,0,0,,0.15200643400021363,16,ALL_RESOLVED
final_v1,astar,map1,182,718a8e29bed05af7,30,4,1,25,0.13333333333333333,15,12.75,13.5,0,0,159,26814,30873,0.24368919299013214,0,0,,0.2520750270014105,16,ALL_RESOLVED
final_v1,ga,map1,182,718a8e29bed05af7,30,4,0,26,0.13333333333333333,27,19.0,20.0,31,0,184,0,87930,17.607905520970235,2931,87930,0.25,17.6297504710019,28,ALL_RESOLVED
final_v1,bfs,map1,183,718a8e29bed05af7,30,14,1,15,0.4666666666666667,54,22.857142857142858,16.0,0,0,1294,327669,336296,1.339657699030795,0,0,,1.3927509879977151,60,ALL_RESOLVED
final_v1,ucs,map1,183,718a8e29bed05af7,30,14,1,15,0.4666666666666667,54,22.857142857142858,16.0,0,3,1294,342955,351161,3.442060713103274,0,0,,3.532306065000739,60,ALL_RESOLVED
final_v1,greedy,map1,183,718a8e29bed05af7,30,13,0,17,0.43333333333333335,53,23.23076923076923,19,0,0,1335,145611,259968,1.7475567789661,0,0,,1.8367063799996686,60,ALL_RESOLVED
final_v1,astar,map1,183,718a8e29bed05af7,30,14,1,15,0.4666666666666667,54,23.0,16.5,0,4,1296,270075,311185,3.155435535016295,0,0,,3.253310921998491,60,ALL_RESOLVED
final_v1,ga,map1,180,718a8e29bed05af7,30,2,0,28,0.06666666666666667,12,10.0,10.0,54,1,302,0,160500,39.53069638595116,5350,160500,0.25,39.56998269399992,13,ALL_RESOLVED
final_v1,bfs,map1,184,718a8e29bed05af7,30,28,0,2,0.9333333333333333,87,40.92857142857143,40.5,0,7,1190,208192,216856,1.4030537919716153,0,0,,1.493170858000667,88,ALL_RESOLVED
final_v1,ucs,map1,184,718a8e29bed05af7,30,28,0,2,0.9333333333333333,87,41.67857142857143,42.0,0,8,1211,226684,235229,2.1792398630022944,0,0,,2.2722780110016174,88,ALL_RESOLVED
final_v1,greedy,map1,184,718a8e29bed05af7,30,27,1,2,0.9,84,42.81481481481482,43,0,6,1203,82870,150274,1.0226200839715602,0,0,,1.1123728249986016,85,ALL_RESOLVED
final_v1,astar,map1,184,718a8e29bed05af7,30,27,1,2,0.9,80,39.592592592592595,39,0,7,1116,148459,175644,1.7059999829652952,0,0,,1.7931001990000368,81,ALL_RESOLVED
final_v1,ga,map1,178,718a8e29bed05af7,30,7,3,20,0.23333333333333334,84,46.142857142857146,44,159,2,686,0,365400,65.17766637293971,12180,365400,0.25,65.28153300699705,118,ALL_RESOLVED
final_v1,bfs,map1,185,718a8e29bed05af7,30,28,1,1,0.9333333333333333,76,39.357142857142854,45.0,0,10,1154,197689,206215,0.8842289360181894,0,0,,0.9377398010001343,77,ALL_RESOLVED
final_v1,ucs,map1,185,718a8e29bed05af7,30,28,1,1,0.9333333333333333,78,41.214285714285715,45.0,0,12,1206,219958,228722,2.0909442460542778,0,0,,2.174540865999006,79,ALL_RESOLVED
final_v1,greedy,map1,185,718a8e29bed05af7,30,28,1,1,0.9333333333333333,82,43.5,49.0,0,4,1270,87311,158193,1.0931587139966723,0,0,,1.177813268997852,83,ALL_RESOLVED
final_v1,astar,map1,185,718a8e29bed05af7,30,28,1,1,0.9333333333333333,76,40.714285714285715,45.0,0,10,1192,156928,184215,1.2817095189602696,0,0,,1.3428741579991765,77,ALL_RESOLVED
final_v1,ga,map1,181,718a8e29bed05af7,30,3,1,26,0.1,47,31.666666666666668,38,126,0,562,0,302400,72.94373801699476,10080,302400,0.25,73.02118356699793,48,ALL_RESOLVED
final_v1,bfs,map1,186,718a8e29bed05af7,30,30,0,0,1.0,96,48.63333333333333,44.0,0,3,1489,289406,300369,2.003096020071098,0,0,,2.1165498760019545,97,ALL_RESOLVED
final_v1,ucs,map1,186,718a8e29bed05af7,30,30,0,0,1.0,96,50.3,45.5,0,5,1539,315607,326971,3.577663773910899,0,0,,3.7057458679992124,97,ALL_RESOLVED
final_v1,greedy,map1,186,718a8e29bed05af7,30,30,0,0,1.0,102,53.1,48.0,0,3,1623,127929,230748,1.7369073120244138,0,0,,1.8654558490015916,103,ALL_RESOLVED
final_v1,astar,map1,186,718a8e29bed05af7,30,30,0,0,1.0,96,50.4,47.5,0,8,1542,233637,274080,2.904981431998749,0,0,,3.0299206179988687,97,ALL_RESOLVED
final_v1,ga,map1,171,718a8e29bed05af7,30,11,12,7,0.36666666666666664,91,36.09090909090909,25,612,3,2574,0,1382040,262.6620000809671,46068,1382040,0.25,263.02094717199725,200,TIMEOUT
final_v1,bfs,map1,187,718a8e29bed05af7,30,27,0,3,0.9,79,40.888888888888886,41,0,4,1173,199089,207543,1.3706808870447276,0,0,,1.4493275260028895,80,ALL_RESOLVED
final_v1,ucs,map1,187,718a8e29bed05af7,30,27,0,3,0.9,86,42.55555555555556,41,0,3,1218,220744,229523,2.4561687279820035,0,0,,2.54688785700273,87,ALL_RESOLVED
final_v1,greedy,map1,187,718a8e29bed05af7,30,24,3,3,0.8,79,39.916666666666664,39.5,0,2,1056,70908,128846,0.9160451370735245,0,0,,0.9917961319988535,80,ALL_RESOLVED
final_v1,astar,map1,187,718a8e29bed05af7,30,27,0,3,0.9,82,42.18518518518518,41,0,3,1208,161301,191399,1.9685338149974996,0,0,,2.0573806969987345,83,ALL_RESOLVED
final_v1,ga,map1,179,718a8e29bed05af7,30,1,0,29,0.03333333333333333,9,9.0,9,255,0,996,0,560910,133.2850670509797,18697,560910,0.25,133.41090681599962,34,ALL_RESOLVED
final_v1,bfs,map1,188,718a8e29bed05af7,30,2,1,27,0.06666666666666667,13,10.0,10.0,0,2,414,110369,112329,0.8030215010221582,0,0,,0.8259508369992545,14,ALL_RESOLVED
final_v1,ucs,map1,188,718a8e29bed05af7,30,2,1,27,0.06666666666666667,13,10.0,10.0,0,1,414,113093,114839,1.3372391479933867,0,0,,1.3622417810001934,14,ALL_RESOLVED
final_v1,greedy,map1,188,718a8e29bed05af7,30,2,0,28,0.06666666666666667,13,10.0,10.0,0,2,414,50542,90255,0.678931269019813,0,0,,0.7045989299986104,14,ALL_RESOLVED
final_v1,astar,map1,188,718a8e29bed05af7,30,2,1,27,0.06666666666666667,13,10.0,10.0,0,0,414,93664,107746,1.1594802490180882,0,0,,1.184569843000645,14,ALL_RESOLVED
final_v1,ga,map1,188,718a8e29bed05af7,30,1,0,29,0.03333333333333333,8,8.0,8,79,1,415,0,230940,56.999193961954006,7698,230940,0.25,57.049550218998775,14,ALL_RESOLVED
final_v1,bfs,map1,189,718a8e29bed05af7,30,27,0,3,0.9,90,43.0,37,0,6,1242,221730,230555,0.9343972249043873,0,0,,0.9925543610006571,91,ALL_RESOLVED
final_v1,ucs,map1,189,718a8e29bed05af7,30,26,1,3,0.8666666666666667,90,42.46153846153846,37.0,0,6,1194,226278,234693,2.30140025599394,0,0,,2.395791956998437,91,ALL_RESOLVED
final_v1,ga,map1,167,718a8e29bed05af7,30,10,12,8,0.3333333333333333,126,60.5,75.5,849,6,3551,0,1921530,413.3700638039445,64051,1921530,0.25,413.83711238400065,200,TIMEOUT
final_v1,greedy,map1,189,718a8e29bed05af7,30,27,0,3,0.9,96,47.851851851851855,41,0,3,1373,107680,194305,1.3471236469958967,0,0,,1.442818207997334,97,ALL_RESOLVED
final_v1,astar,map1,189,718a8e29bed05af7,30,26,1,3,0.8666666666666667,90,42.07692307692308,37.0,0,4,1184,167482,196514,1.2586700790307077,0,0,,1.3216628320005839,91,ALL_RESOLVED
final_v1,bfs,map1,190,718a8e29bed05af7,30,18,0,12,0.6,54,31.61111111111111,31.5,0,4,611,77756,82152,0.34980511603862396,0,0,,0.37778285999957006,55,ALL_RESOLVED
final_v1,ucs,map1,190,718a8e29bed05af7,30,18,0,12,0.6,56,33.22222222222222,32.5,0,5,640,88161,92815,0.9641260910102574,0,0,,1.0195901210026932,57,ALL_RESOLVED
final_v1,greedy,map1,190,718a8e29bed05af7,30,18,0,12,0.6,64,35.55555555555556,35.5,0,3,682,35296,64957,0.2815667850081809,0,0,,0.31677924700125004,65,ALL_RESOLVED
final_v1,astar,map1,190,718a8e29bed05af7,30,18,0,12,0.6,54,32.833333333333336,33.0,0,4,633,58156,71622,0.6037156959646381,0,0,,0.6469046950005577,55,ALL_RESOLVED
final_v1,ga,map1,169,718a8e29bed05af7,30,7,14,9,0.23333333333333334,188,72.57142857142857,26,810,17,3347,0,1828620,373.02941886206827,60954,1828620,0.25,373.44540048199997,200,TIMEOUT
final_v1,bfs,map1,191,718a8e29bed05af7,30,29,1,0,0.9666666666666667,97,46.96551724137931,40,0,4,1407,269540,279150,1.8419867649354273,0,0,,1.94522046199927,98,ALL_RESOLVED
final_v1,ucs,map1,191,718a8e29bed05af7,30,29,1,0,0.9666666666666667,101,48.310344827586206,40,0,5,1446,290641,300643,3.1266202241386054,0,0,,3.2401232049996906,102,ALL_RESOLVED
final_v1,greedy,map1,191,718a8e29bed05af7,30,30,0,0,1.0,103,53.166666666666664,44.5,0,4,1625,137675,247776,1.7019639479585749,0,0,,1.819954954997229,104,ALL_RESOLVED
final_v1,astar,map1,191,718a8e29bed05af7,30,29,1,0,0.9666666666666667,99,47.93103448275862,40,0,6,1435,224791,259666,2.070326929046132,0,0,,2.1570631729991874,100,ALL_RESOLVED
final_v1,ga,map1,183,718a8e29bed05af7,30,7,1,22,0.23333333333333334,40,18.714285714285715,14,378,2,1518,0,824640,180.79399627307066,27488,824640,0.25,180.9875187480029,60,ALL_RESOLVED
final_v1,bfs,map1,192,718a8e29bed05af7,30,5,2,23,0.16666666666666666,24,14.8,16,0,3,761,217800,222028,1.2460973810120777,0,0,,1.2889515950009809,28,ALL_RESOLVED
final_v1,ucs,map1,192,718a8e29bed05af7,30,5,1,24,0.16666666666666666,24,14.8,16,0,3,761,222160,225965,2.5591191299936327,0,0,,2.6101205310005753,28,ALL_RESOLVED
final_v1,greedy,map1,192,718a8e29bed05af7,30,4,2,24,0.13333333333333333,23,13.5,12.0,0,3,768,98432,175015,1.2884757560641447,0,0,,1.337400290001824,28,ALL_RESOLVED
final_v1,astar,map1,192,718a8e29bed05af7,30,5,2,23,0.16666666666666666,24,14.8,16,0,3,761,184354,210732,2.1426200400383095,0,0,,2.1917998919998354,28,ALL_RESOLVED
final_v1,ga,map1,174,718a8e29bed05af7,30,9,16,5,0.3,169,51.77777777777778,37,691,27,2807,0,1511310,302.3430780172166,50377,1511310,0.25,302.69906308899954,200,ALL_RESOLVED
final_v1,bfs,map1,193,718a8e29bed05af7,30,17,1,12,0.5666666666666667,40,23.294117647058822,23,0,5,465,56982,60262,0.4323606549987744,0,0,,0.46442594499967527,41,ALL_RESOLVED
final_v1,ucs,map1,193,718a8e29bed05af7,30,17,1,12,0.5666666666666667,42,23.823529411764707,23,0,4,474,63030,66308,0.6377837300751708,0,0,,0.6643816350006091,43,ALL_RESOLVED
final_v1,greedy,map1,193,718a8e29bed05af7,30,17,1,12,0.5666666666666667,44,26.235294117647058,27,0,3,515,26286,48162,0.2220172389424988,0,0,,0.24590745600289665,45,ALL_RESOLVED
final_v1,astar,map1,193,718a8e29bed05af7,30,17,1,12,0.5666666666666667,41,24.058823529411764,23,0,6,478,43701,53096,0.34000317397294566,0,0,,0.362838485998509,42,ALL_RESOLVED
final_v1,ga,map1,170,718a8e29bed05af7,30,7,10,13,0.23333333333333334,119,55.714285714285715,40,875,7,3785,0,2071770,434.0281427809459,69059,2071770,0.25,434.4987812420004,200,TIMEOUT
final_v1,bfs,map1,194,718a8e29bed05af7,30,21,0,9,0.7,66,34.38095238095238,24,0,6,779,116279,121734,0.7288551490310056,0,0,,0.783229422999284,67,ALL_RESOLVED
final_v1,ucs,map1,194,718a8e29bed05af7,30,21,0,9,0.7,72,36.04761904761905,28,0,9,814,129476,135217,1.3375426849925134,0,0,,1.3989967010020337,73,ALL_RESOLVED
final_v1,greedy,map1,194,718a8e29bed05af7,30,21,0,9,0.7,71,38.095238095238095,31,0,4,857,53781,97615,0.636687664045894,0,0,,0.6959790039982181,72,ALL_RESOLVED
final_v1,astar,map1,194,718a8e29bed05af7,30,21,0,9,0.7,72,35.523809523809526,26,0,6,803,92408,109737,1.018059552028717,0,0,,1.0796191730005376,73,ALL_RESOLVED
final_v1,ga,map1,192,718a8e29bed05af7,30,2,0,28,0.06666666666666667,16,11.5,11.5,185,0,791,0,431970,103.22035766195404,14399,431970,0.25,103.31402413099931,28,ALL_RESOLVED
final_v1,bfs,map1,195,718a8e29bed05af7,30,6,1,23,0.2,23,16.833333333333332,19.0,0,9,779,207995,211504,1.0012875309766969,0,0,,1.03542145299798,28,ALL_RESOLVED
final_v1,ucs,map1,195,718a8e29bed05af7,30,6,1,23,0.2,26,17.333333333333332,19.0,0,6,782,213951,216779,1.5968616820246098,0,0,,1.6338575340014359,28,ALL_RESOLVED
final_v1,greedy,map1,195,718a8e29bed05af7,30,6,0,24,0.2,27,20.166666666666668,23.0,0,7,799,94609,168239,0.8079784740511968,0,0,,0.84332146199813,28,ALL_RESOLVED
final_v1,astar,map1,195,718a8e29bed05af7,30,6,1,23,0.2,26,17.333333333333332,19.0,0,7,782,177300,200453,1.3486707009396923,0,0,,1.3841281739987608,28,ALL_RESOLVED
final_v1,ga,map1,187,718a8e29bed05af7,30,8,14,8,0.26666666666666666,186,63.5,40.0,550,4,2262,0,1218420,228.32509586506058,40614,1218420,0.25,228.61168641699987,187,ALL_RESOLVED
final_v1,bfs,map1,196,718a8e29bed05af7,30,13,2,15,0.43333333333333335,41,19.153846153846153,17,0,1,432,81511,84500,0.5981049669717322,0,0,,0.628413766000449,42,ALL_RESOLVED
final_v1,ucs,map1,196,718a8e29bed05af7,30,13,1,16,0.43333333333333335,41,19.76923076923077,17,0,2,440,87244,90290,1.041389405992959,0,0,,1.074365611999383,42,ALL_RESOLVED
final_v1,ga,map1,193,718a8e29bed05af7,30,8,9,13,0.26666666666666666,126,49.125,34.5,264,2,1161,0,625260,111.06058648602266,20842,625260,0.25,111.21039418199871,140,ALL_RESOLVED
final_v1,greedy,map1,196,718a8e29bed05af7,30,13,2,15,0.43333333333333335,45,21.923076923076923,21,0,1,468,36065,65102,0.48188290598409367,0,0,,0.5151380210008938,46,ALL_RESOLVED
final_v1,astar,map1,196,718a8e29bed05af7,30,13,1,16,0.43333333333333335,41,19.307692307692307,17,0,2,434,68205,79594,0.8408722750282323,0,0,,0.8728451470014988,42,ALL_RESOLVED
final_v1,bfs,map1,197,718a8e29bed05af7,30,3,0,27,0.1,11,9.333333333333334,10,0,1,193,50096,51313,0.3722432379727252,0,0,,0.3841152349996264,12,ALL_RESOLVED
final_v1,ucs,map1,197,718a8e29bed05af7,30,3,0,27,0.1,11,9.333333333333334,10,0,2,193,51099,52318,0.6080914519843645,0,0,,0.620615985000768,12,ALL_RESOLVED
final_v1,greedy,map1,197,718a8e29bed05af7,30,3,0,27,0.1,11,9.333333333333334,10,0,1,193,24304,43497,0.3287529799818003,0,0,,0.3410484769992763,12,ALL_RESOLVED
final_v1,astar,map1,197,718a8e29bed05af7,30,3,0,27,0.1,11,9.333333333333334,10,0,2,193,41188,47640,0.5169477380259195,0,0,,0.5295010919980996,12,ALL_RESOLVED
final_v1,ga,map1,185,718a8e29bed05af7,30,9,16,5,0.3,166,50.111111111111114,29,674,14,2884,0,1566180,297.5553180809802,52206,1566180,0.25,297.9116485249979,200,TIMEOUT
final_v1,ga,map1,190,718a8e29bed05af7,30,6,12,12,0.2,158,83.16666666666667,86.5,349,6,1489,0,813090,155.79930059393882,27103,813090,0.25,155.99728819600205,159,ALL_RESOLVED
final_v1,bfs,map1,198,718a8e29bed05af7,30,12,3,15,0.4,48,30.25,29.5,0,8,517,93747,97238,0.3978877100380487,0,0,,0.4208046560015646,49,ALL_RESOLVED
final_v1,greedy,map1,198,718a8e29bed05af7,30,12,2,16,0.4,52,33.416666666666664,33.5,0,8,555,45081,81596,0.36777988795074634,0,0,,0.39311722600177745,53,ALL_RESOLVED
final_v1,astar,map1,198,718a8e29bed05af7,30,12,4,14,0.4,53,31.333333333333332,31.5,0,3,536,74599,88298,0.5380633590066282,0,0,,0.563284047999332,54,ALL_RESOLVED
final_v1,ucs,map1,198,718a8e29bed05af7,30,12,4,14,0.4,53,31.5,31.5,0,3,538,100329,103946,1.1109089480487455,0,0,,1.1501185560009617,54,ALL_RESOLVED
final_v1,bfs,map1,199,718a8e29bed05af7,30,13,1,16,0.43333333333333335,50,26.46153846153846,21,0,2,493,87426,90696,0.6145506180691882,0,0,,0.6502892079988669,51,ALL_RESOLVED
final_v1,ucs,map1,199,718a8e29bed05af7,30,12,2,16,0.4,52,25.0,20.0,0,2,454,86234,89300,0.9897488630085718,0,0,,1.0277995090000331,53,ALL_RESOLVED
final_v1,greedy,map1,199,718a8e29bed05af7,30,13,1,16,0.43333333333333335,54,29.615384615384617,25,0,3,534,41799,75357,0.5302108099822362,0,0,,0.5691695019995677,55,ALL_RESOLVED
final_v1,astar,map1,199,718a8e29bed05af7,30,12,2,16,0.4,50,24.833333333333332,20.0,0,2,452,65984,77380,0.8022435510029027,0,0,,0.8386596540003666,51,ALL_RESOLVED
final_v1,ga,map1,184,718a8e29bed05af7,30,8,17,5,0.26666666666666666,131,44.125,25.0,673,13,2909,0,1572180,322.87080075091944,52406,1572180,0.25,323.2545296440003,200,TIMEOUT
final_v1,bfs,map2,0,718a8e29bed05af7,30,30,0,0,1.0,37,22.366666666666667,22.5,0,55,701,92093,101668,0.6713410879747244,0,0,,0.7198234550014604,38,ALL_RESOLVED
final_v1,ga,map1,197,718a8e29bed05af7,30,3,0,27,0.1,15,12.333333333333334,13,53,1,202,0,102300,23.705075382011273,3410,102300,0.25,23.730077918997267,16,ALL_RESOLVED
final_v1,ucs,map2,0,718a8e29bed05af7,30,30,0,0,1.0,40,22.466666666666665,22.5,0,26,704,127813,136909,1.4336188359920925,0,0,,1.4894569280004362,41,ALL_RESOLVED
final_v1,greedy,map2,0,718a8e29bed05af7,30,30,0,0,1.0,39,23.533333333333335,23.5,0,38,736,10728,25652,0.1732204119725793,0,0,,0.22700550200170255,40,ALL_RESOLVED
final_v1,astar,map2,0,718a8e29bed05af7,30,30,0,0,1.0,41,22.8,22.5,0,24,714,37589,50713,0.39062892402216676,0,0,,0.42987752099725185,42,ALL_RESOLVED
final_v1,bfs,map2,1,718a8e29bed05af7,30,30,0,0,1.0,40,25.366666666666667,25.5,0,119,791,96754,106722,0.45849657598955673,0,0,,0.49975220799751696,41,ALL_RESOLVED
final_v1,ucs,map2,1,718a8e29bed05af7,30,30,0,0,1.0,40,25.366666666666667,25.5,0,87,791,142154,151503,1.4263069640182948,0,0,,1.4864986239990685,41,ALL_RESOLVED
final_v1,greedy,map2,1,718a8e29bed05af7,30,30,0,0,1.0,40,25.366666666666667,25.5,0,83,791,10832,25865,0.1622374540020246,0,0,,0.2147358840011293,41,ALL_RESOLVED
final_v1,astar,map2,1,718a8e29bed05af7,30,30,0,0,1.0,40,25.366666666666667,25.5,0,103,791,41629,55143,0.5113443860318512,0,0,,0.5652699239981303,41,ALL_RESOLVED
final_v1,ga,map1,198,718a8e29bed05af7,30,6,3,21,0.2,101,62.833333333333336,73.0,149,2,639,0,338310,54.53700577198106,11277,338310,0.25,54.624198075001914,102,ALL_RESOLVED
final_v1,bfs,map2,2,718a8e29bed05af7,30,4,1,25,0.13333333333333333,10,8.5,8.5,0,5,342,77442,82572,0.3552825369843049,0,0,,0.36737796400120715,12,ALL_RESOLVED
final_v1,ucs,map2,2,718a8e29bed05af7,30,4,1,25,0.13333333333333333,10,8.5,8.5,0,8,342,88259,91303,0.6214231340236438,0,0,,0.6365638529969146,12,ALL_RESOLVED
final_v1,greedy,map2,2,718a8e29bed05af7,30,4,1,25,0.13333333333333333,10,8.5,8.5,0,2,342,12227,23505,0.10593429797881981,0,0,,0.1171911999990698,12,ALL_RESOLVED
final_v1,astar,map2,2,718a8e29bed05af7,30,4,1,25,0.13333333333333333,10,8.5,8.5,0,10,342,36459,44134,0.37415747600243776,0,0,,0.39015759600079036,12,ALL_RESOLVED
final_v1,ga,map1,196,718a8e29bed05af7,30,8,3,19,0.26666666666666666,101,40.375,28.0,158,0,721,0,380790,75.89395819808487,12693,380790,0.25,75.99865378300092,106,ALL_RESOLVED
final_v1,bfs,map2,3,718a8e29bed05af7,30,30,0,0,1.0,37,22.5,22.5,0,69,705,87163,96733,0.6502592440883745,0,0,,0.6987333910001325,38,ALL_RESOLVED
final_v1,ucs,map2,3,718a8e29bed05af7,30,29,0,1,0.9666666666666667,39,22.103448275862068,22,0,41,694,121417,129726,1.3450257370677718,0,0,,1.397654872998828,40,ALL_RESOLVED
final_v1,greedy,map2,3,718a8e29bed05af7,30,28,1,1,0.9333333333333333,36,22.357142857142858,22.5,0,37,700,10306,24499,0.15770606002479326,0,0,,0.20096706899857963,37,ALL_RESOLVED
final_v1,astar,map2,3,718a8e29bed05af7,30,30,0,0,1.0,38,22.566666666666666,22.5,0,37,707,38296,50498,0.46449339395257994,0,0,,0.511240228999668,39,ALL_RESOLVED
final_v1,ga,map1,199,718a8e29bed05af7,30,8,4,18,0.26666666666666666,112,57.375,65.0,177,2,747,0,390180,78.30273793999731,13006,390180,0.25,78.41631035599858,113,ALL_RESOLVED
final_v1,bfs,map2,4,718a8e29bed05af7,30,30,0,0,1.0,40,25.3,25.5,0,78,789,112329,122958,0.8187513030716218,0,0,,0.8739616269995167,41,ALL_RESOLVED
final_v1,ga,map1,195,718a8e29bed05af7,30,1,0,29,0.03333333333333333,7,7.0,7,167,3,820,0,453660,103.3662276660325,15122,453660,0.25,103.46393060699847,28,ALL_RESOLVED
final_v1,greedy,map2,4,718a8e29bed05af7,30,30,0,0,1.0,41,25.833333333333332,26.5,0,46,805,12349,29572,0.18501378901783028,0,0,,0.23518546799823525,42,ALL_RESOLVED
final_v1,astar,map2,4,718a8e29bed05af7,30,30,0,0,1.0,40,25.3,25.5,0,44,789,47386,62586,0.5761013450792234,0,0,,0.6283683980000205,41,ALL_RESOLVED
final_v1,ucs,map2,4,718a8e29bed05af7,30,30,0,0,1.0,42,25.6,25.5,0,35,798,159953,169942,1.769088879940682,0,0,,1.8296096570011287,43,ALL_RESOLVED
final_v1,bfs,map2,5,718a8e29bed05af7,30,30,0,0,1.0,40,25.2,25.5,0,92,786,114787,126099,0.8374873450993618,0,0,,0.8941830580006354,41,ALL_RESOLVED
final_v1,ucs,map2,5,718a8e29bed05af7,30,28,2,0,0.9333333333333333,40,24.964285714285715,25.5,0,50,767,143909,153325,1.6247341120142664,0,0,,1.681389429999399,41,ALL_RESOLVED
final_v1,greedy,map2,5,718a8e29bed05af7,30,29,1,0,0.9666666666666667,50,26.413793103448278,27,0,55,815,12687,30220,0.1887070560514985,0,0,,0.24274152699945262,51,ALL_RESOLVED
final_v1,astar,map2,5,718a8e29bed05af7,30,29,1,0,0.9666666666666667,40,25.448275862068964,26,0,49,789,44855,60384,0.5517240509943804,0,0,,0.6035455310011457,41,ALL_RESOLVED
final_v1,ga,map2,2,718a8e29bed05af7,30,2,2,26,0.06666666666666667,11,9.0,9.0,64,1,340,0,184890,34.23034307998387,6163,184890,0.25,34.26448021100077,12,ALL_RESOLVED
final_v1,bfs,map2,6,718a8e29bed05af7,30,30,0,0,1.0,40,25.233333333333334,25.5,0,118,787,97097,107533,0.7095864919865562,0,0,,0.7629484150020289,41,ALL_RESOLVED
final_v1,ucs,map2,6,718a8e29bed05af7,30,30,0,0,1.0,41,26.066666666666666,26.5,0,81,812,144949,155243,1.6081710259568354,0,0,,1.6678215710016957,42,ALL_RESOLVED
final_v1,greedy,map2,6,718a8e29bed05af7,30,29,0,1,0.9666666666666667,40,25.620689655172413,26,0,72,782,11181,26696,0.16678315001990995,0,0,,0.21660521299781976,41,ALL_RESOLVED
final_v1,astar,map2,6,718a8e29bed05af7,30,30,0,0,1.0,41,26.066666666666666,26.5,0,101,812,40568,54514,0.5022850289860799,0,0,,0.5553802930007805,42,ALL_RESOLVED
final_v1,ga,map1,194,718a8e29bed05af7,30,8,9,13,0.26666666666666666,142,52.375,51.0,451,7,1907,0,1018620,193.50999860299999,33954,1018620,0.25,193.76905234899823,188,ALL_RESOLVED
final_v1,bfs,map2,7,718a8e29bed05af7,30,30,0,0,1.0,38,23.4,23.5,0,108,732,84909,94103,0.622398481984419,0,0,,0.674952328998188,39,ALL_RESOLVED
final_v1,ucs,map2,7,718a8e29bed05af7,30,30,0,0,1.0,38,23.4,23.5,0,88,732,122873,131316,1.3694987640301406,0,0,,1.4255780000021332,39,ALL_RESOLVED
final_v1,greedy,map2,7,718a8e29bed05af7,30,30,0,0,1.0,38,23.4,23.5,0,54,732,10247,24337,0.1525079130042286,0,0,,0.2003762940003071,39,ALL_RESOLVED
final_v1,astar,map2,7,718a8e29bed05af7,30,30,0,0,1.0,38,23.4,23.5,0,70,732,38363,50785,0.4698654310013808,0,0,,0.5196979579995968,39,ALL_RESOLVED
final_v1,ga,map1,191,718a8e29bed05af7,30,11,6,13,0.36666666666666664,115,52.18181818181818,52,646,5,2673,0,1435350,267.8432710910238,47845,1435350,0.25,268.18113509699833,200,TIMEOUT
final_v1,bfs,map2,8,718a8e29bed05af7,30,26,4,0,0.8666666666666667,42,26.384615384615383,26.5,0,33,754,121829,132040,0.8785101240682707,0,0,,0.928255191000062,43,ALL_RESOLVED
final_v1,ucs,map2,8,718a8e29bed05af7,30,27,2,1,0.9,44,27.62962962962963,28,0,30,809,151277,161655,1.6907940800629149,0,0,,1.746021874998405,45,ALL_RESOLVED
final_v1,greedy,map2,8,718a8e29bed05af7,30,28,2,0,0.9333333333333333,42,27.821428571428573,28.5,0,36,823,13558,32343,0.20743717499499326,0,0,,0.25542644600136555,43,ALL_RESOLVED
final_v1,astar,map2,8,718a8e29bed05af7,30,27,3,0,0.9,44,27.14814814814815,27,0,19,796,43389,59736,0.5481205600153771,0,0,,0.5999875720008276,45,ALL_RESOLVED
final_v1,ga,map2,0,718a8e29bed05af7,30,27,2,1,0.9,94,46.44444444444444,46,262,11,1513,0,758880,117.83977609195426,25296,758880,0.25,118.00958460699985,104,ALL_RESOLVED
final_v1,bfs,map2,9,718a8e29bed05af7,30,14,7,9,0.4666666666666667,27,18.142857142857142,19.0,0,26,654,104497,113816,0.725979013084725,0,0,,0.7652337649997207,28,ALL_RESOLVED
final_v1,ucs,map2,9,718a8e29bed05af7,30,14,6,10,0.4666666666666667,27,18.285714285714285,19.0,0,15,650,130644,138476,1.193590631999541,0,0,,1.2272484790009912,28,ALL_RESOLVED
final_v1,greedy,map2,9,718a8e29bed05af7,30,15,5,10,0.5,27,18.0,17,0,23,685,11092,26084,0.18943192000733688,0,0,,0.23181544199906057,28,ALL_RESOLVED
final_v1,astar,map2,9,718a8e29bed05af7,30,13,7,10,0.43333333333333335,27,17.76923076923077,17,0,20,658,37962,50614,0.3105844549354515,0,0,,0.3363057140013552,28,ALL_RESOLVED
final_v1,ga,map2,1,718a8e29bed05af7,30,16,1,13,0.5333333333333333,60,35.625,38.5,279,12,1482,0,779850,138.11008177906842,25995,779850,0.25,138.27152007300174,64,ALL_RESOLVED
final_v1,bfs,map2,10,718a8e29bed05af7,30,30,0,0,1.0,37,22.5,22.5,0,80,705,85791,95074,0.6299674980036798,0,0,,0.6805679259996396,38,ALL_RESOLVED
final_v1,ucs,map2,10,718a8e29bed05af7,30,30,0,0,1.0,37,22.5,22.5,0,52,705,126116,134751,1.4038771890263888,0,0,,1.458683602999372,38,ALL_RESOLVED
final_v1,greedy,map2,10,718a8e29bed05af7,30,30,0,0,1.0,38,23.3,23.5,0,64,729,9757,23410,0.14681806998851243,0,0,,0.19525768099993002,39,ALL_RESOLVED
final_v1,astar,map2,10,718a8e29bed05af7,30,30,0,0,1.0,37,22.5,22.5,0,56,705,36754,49029,0.4502458270289935,0,0,,0.4986314929992659,38,ALL_RESOLVED
final_v1,ga,map1,189,718a8e29bed05af7,30,7,11,12,0.23333333333333334,148,83.28571428571429,78,709,13,2988,0,1621560,330.235831831058,54052,1621560,0.25,330.61518088400044,200,TIMEOUT
final_v1,bfs,map2,11,718a8e29bed05af7,30,30,0,0,1.0,36,21.5,21.5,0,78,675,80628,89149,0.5942016079534369,0,0,,0.6434381770013715,37,ALL_RESOLVED
final_v1,ga,map2,3,718a8e29bed05af7,30,20,6,4,0.6666666666666666,73,31.8,25.5,203,8,1104,0,555030,101.95422513203812,18501,555030,0.25,102.08716013500089,74,ALL_RESOLVED
final_v1,greedy,map2,11,718a8e29bed05af7,30,30,0,0,1.0,37,21.566666666666666,21.5,0,30,677,9426,22449,0.1350674609930138,0,0,,0.17946784699961427,38,ALL_RESOLVED
final_v1,ucs,map2,11,718a8e29bed05af7,30,30,0,0,1.0,36,21.5,21.5,0,46,675,121223,129448,1.196190919028595,0,0,,1.2483083180013637,37,ALL_RESOLVED
final_v1,astar,map2,11,718a8e29bed05af7,30,30,0,0,1.0,36,21.5,21.5,0,50,675,35595,47172,0.4397801130435255,0,0,,0.48774752899771556,37,ALL_RESOLVED
final_v1,bfs,map2,12,718a8e29bed05af7,30,28,1,1,0.9333333333333333,35,21.5,21.5,0,110,638,58555,66119,0.4335321589896921,0,0,,0.479863368000224,36,ALL_RESOLVED
final_v1,ucs,map2,12,718a8e29bed05af7,30,28,1,1,0.9333333333333333,44,22.107142857142858,21.5,0,71,655,100172,108064,1.0915971890099172,0,0,,1.145999837997806,45,ALL_RESOLVED
final_v1,greedy,map2,12,718a8e29bed05af7,30,27,1,2,0.9,36,22.703703703703702,23,0,127,678,8208,19405,0.12489724501574528,0,0,,0.17558592299974407,37,ALL_RESOLVED
final_v1,astar,map2,12,718a8e29bed05af7,30,28,1,1,0.9333333333333333,40,21.857142857142858,21.5,0,74,648,31406,41261,0.37747322503491887,0,0,,0.42597943600048893,41,ALL_RESOLVED
final_v1,ga,map2,5,718a8e29bed05af7,30,17,9,4,0.5666666666666667,66,39.11764705882353,40,260,16,1250,0,647970,118.05472405596447,21599,647970,0.25,118.19643396599713,67,ALL_RESOLVED
final_v1,bfs,map2,13,718a8e29bed05af7,30,22,2,6,0.7333333333333333,30,19.5,19.5,0,61,639,83381,91743,0.601367176954227,0,0,,0.6442560219984443,31,ALL_RESOLVED
final_v1,ucs,map2,13,718a8e29bed05af7,30,18,3,9,0.6,32,18.38888888888889,17.5,0,42,645,121301,127993,1.3327692879574897,0,0,,1.3792640259998734,33,ALL_RESOLVED
final_v1,greedy,map2,13,718a8e29bed05af7,30,14,4,12,0.4666666666666667,22,15.5,15.5,0,31,637,15556,32186,0.20501236497511854,0,0,,0.24327475899917772,30,ALL_RESOLVED
final_v1,astar,map2,13,718a8e29bed05af7,30,19,2,9,0.6333333333333333,32,18.63157894736842,18,0,50,661,42878,54722,0.5203430709807435,0,0,,0.5626827539999795,33,ALL_RESOLVED
final_v1,ga,map2,9,718a8e29bed05af7,30,4,5,21,0.13333333333333333,25,20.25,23.5,157,4,741,0,400230,72.3262154219774,13341,400230,0.25,72.40902357700179,28,ALL_RESOLVED
final_v1,bfs,map2,14,718a8e29bed05af7,30,30,0,0,1.0,38,23.3,23.5,0,113,729,78930,88187,0.6242942019671318,0,0,,0.6771766050005681,39,ALL_RESOLVED
final_v1,ucs,map2,14,718a8e29bed05af7,30,30,0,0,1.0,38,23.3,23.5,0,81,729,121487,130303,1.3723532169788086,0,0,,1.4278936049995536,39,ALL_RESOLVED
final_v1,greedy,map2,14,718a8e29bed05af7,30,30,0,0,1.0,38,23.3,23.5,0,67,729,9578,23023,0.14721305903367465,0,0,,0.19460602999970433,39,ALL_RESOLVED
final_v1,astar,map2,14,718a8e29bed05af7,30,30,0,0,1.0,38,23.3,23.5,0,83,729,35529,47979,0.4386705499418895,0,0,,0.4876107400014007,39,ALL_RESOLVED
final_v1,ga,map2,6,718a8e29bed05af7,30,24,3,3,0.8,98,46.75,48.5,272,10,1376,0,681420,124.35173252004097,22714,681420,0.25,124.52001220999955,99,ALL_RESOLVED
final_v1,bfs,map2,15,718a8e29bed05af7,30,21,2,7,0.7,28,17.666666666666668,18,0,27,598,93207,100470,0.6561996070231544,0,0,,0.6939091889980773,29,ALL_RESOLVED
final_v1,ucs,map2,15,718a8e29bed05af7,30,22,2,6,0.7333333333333333,30,18.272727272727273,18.5,0,17,604,112302,119306,1.2508292510246974,0,0,,1.2927768179979466,31,ALL_RESOLVED
final_v1,greedy,map2,15,718a8e29bed05af7,30,22,1,7,0.7333333333333333,30,18.636363636363637,18.5,0,26,626,9825,22852,0.14454932400985854,0,0,,0.17872030199941946,31,ALL_RESOLVED
final_v1,astar,map2,15,718a8e29bed05af7,30,20,4,6,0.6666666666666666,29,17.45,17.5,0,18,585,36596,47477,0.430392414014932,0,0,,0.46483652900133166,30,ALL_RESOLVED
final_v1,ga,map2,7,718a8e29bed05af7,30,21,1,8,0.7,59,31.761904761904763,29,224,11,1226,0,614160,108.31122753297677,20472,614160,0.25,108.45458291799878,60,ALL_RESOLVED
final_v1,ga,map2,8,718a8e29bed05af7,30,6,3,21,0.2,43,24.833333333333332,23.0,223,4,945,0,521910,97.15013137699498,17397,521910,0.25,97.25926153399996,44,ALL_RESOLVED
final_v1,bfs,map2,16,718a8e29bed05af7,30,30,0,0,1.0,39,23.133333333333333,22.5,0,36,724,108650,119003,0.769831119934679,0,0,,0.8212341959988407,40,ALL_RESOLVED
final_v1,greedy,map2,16,718a8e29bed05af7,30,30,0,0,1.0,43,25.433333333333334,24.5,0,41,793,12503,30206,0.18655541898260708,0,0,,0.2378824170009466,44,ALL_RESOLVED
final_v1,ucs,map2,16,718a8e29bed05af7,30,30,0,0,1.0,43,24.1,23.5,0,19,753,145675,155076,1.5930691549510811,0,0,,1.6503232220020436,44,ALL_RESOLVED
final_v1,astar,map2,16,718a8e29bed05af7,30,30,0,0,1.0,43,24.166666666666668,23.5,0,21,755,46369,61223,0.5602678070063121,0,0,,0.6121785120012646,44,ALL_RESOLVED
final_v1,bfs,map2,17,718a8e29bed05af7,30,11,3,16,0.36666666666666664,23,15.909090909090908,16,0,12,642,116640,126060,0.8510707820169046,0,0,,0.887220331998833,24,ALL_RESOLVED
final_v1,ucs,map2,17,718a8e29bed05af7,30,9,5,16,0.3,21,14.444444444444445,15,0,6,635,144780,152422,1.670554630949482,0,0,,1.7107607340003597,24,ALL_RESOLVED
final_v1,greedy,map2,17,718a8e29bed05af7,30,11,2,17,0.36666666666666664,23,17.09090909090909,17,0,12,655,12677,29000,0.1898147460015025,0,0,,0.22217827400163515,24,ALL_RESOLVED
final_v1,astar,map2,17,718a8e29bed05af7,30,10,4,16,0.3333333333333333,23,15.3,15.5,0,10,635,44978,59092,0.553963537025993,0,0,,0.587661981000565,24,ALL_RESOLVED
final_v1,ga,map2,12,718a8e29bed05af7,30,20,4,6,0.6666666666666666,50,27.75,27.0,144,13,775,0,349440,56.97296545897552,11648,349440,0.25,57.06616705600027,51,ALL_RESOLVED
final_v1,bfs,map2,18,718a8e29bed05af7,30,29,1,0,0.9666666666666667,37,23.0,23,0,96,724,85177,94519,0.6316503759298939,0,0,,0.6817636619998666,38,ALL_RESOLVED
final_v1,ucs,map2,18,718a8e29bed05af7,30,30,0,0,1.0,45,23.733333333333334,23.5,0,58,742,130805,139906,1.4665501110248442,0,0,,1.5265329489993746,46,ALL_RESOLVED
final_v1,greedy,map2,18,718a8e29bed05af7,30,30,0,0,1.0,39,24.433333333333334,24.5,0,81,763,10203,24217,0.1534351079390035,0,0,,0.20351156999822706,40,ALL_RESOLVED
final_v1,astar,map2,18,718a8e29bed05af7,30,30,0,0,1.0,45,23.733333333333334,23.5,0,66,742,37994,50666,0.4702356599846098,0,0,,0.5245789520013204,46,ALL_RESOLVED
final_v1,ga,map2,4,718a8e29bed05af7,30,29,1,0,0.9666666666666667,98,55.10344827586207,55,328,13,1727,0,866070,154.2288568949407,28869,866070,0.25,154.4298412600001,100,ALL_RESOLVED
final_v1,bfs,map2,19,718a8e29bed05af7,30,30,0,0,1.0,36,21.5,21.5,0,78,675,79476,88536,0.5827923710421601,0,0,,0.6309708720000344,37,ALL_RESOLVED
final_v1,ucs,map2,19,718a8e29bed05af7,30,30,0,0,1.0,37,21.533333333333335,21.5,0,51,676,121888,130358,1.3507706240452535,0,0,,1.4036252929981856,38,ALL_RESOLVED
final_v1,greedy,map2,19,718a8e29bed05af7,30,30,0,0,1.0,37,21.533333333333335,21.5,0,41,676,9079,21698,0.1370225838982151,0,0,,0.18228376600018237,38,ALL_RESOLVED
final_v1,astar,map2,19,718a8e29bed05af7,30,30,0,0,1.0,37,21.533333333333335,21.5,0,53,676,36656,48159,0.3073285770333314,0,0,,0.3437385399993218,38,ALL_RESOLVED
final_v1,ga,map1,186,718a8e29bed05af7,30,5,10,15,0.16666666666666666,70,34.2,21,1100,29,4254,0,2322870,514.0608590389056,77429,2322870,0.25,514.5969530209986,200,TIMEOUT
final_v1,bfs,map2,20,718a8e29bed05af7,30,30,0,0,1.0,40,25.433333333333334,25.5,0,121,793,88195,98122,0.3888919540004281,0,0,,0.4216398080025101,41,ALL_RESOLVED
final_v1,ucs,map2,20,718a8e29bed05af7,30,30,0,0,1.0,40,25.433333333333334,25.5,0,79,793,126114,135353,0.8504322480366682,0,0,,0.8862540949994582,41,ALL_RESOLVED
final_v1,greedy,map2,20,718a8e29bed05af7,30,30,0,0,1.0,41,26.5,26.5,0,93,825,11361,26907,0.10259058199153515,0,0,,0.13277387199923396,42,ALL_RESOLVED
final_v1,astar,map2,20,718a8e29bed05af7,30,30,0,0,1.0,40,25.433333333333334,25.5,0,75,793,37340,50928,0.28187905106460676,0,0,,0.3107711839984404,41,ALL_RESOLVED
final_v1,ga,map2,11,718a8e29bed05af7,30,26,0,4,0.8666666666666667,66,34.19230769230769,33.0,219,19,1195,0,581250,93.04408336095366,19375,581250,0.25,93.1832952069999,70,ALL_RESOLVED
final_v1,bfs,map2,21,718a8e29bed05af7,30,14,4,12,0.4666666666666667,25,18.285714285714285,18.5,0,27,648,99861,109577,0.7277250200168055,0,0,,0.7648536999986391,26,ALL_RESOLVED
final_v1,ucs,map2,21,718a8e29bed05af7,30,13,5,12,0.43333333333333335,25,18.307692307692307,19,0,18,631,132573,140014,1.4882138420216506,0,0,,1.5282950850014458,26,ALL_RESOLVED
final_v1,greedy,map2,21,718a8e29bed05af7,30,13,4,13,0.43333333333333335,25,18.0,18,0,16,651,10698,25380,0.16496793699843693,0,0,,0.19745623199924012,26,ALL_RESOLVED
final_v1,astar,map2,21,718a8e29bed05af7,30,13,5,12,0.43333333333333335,25,18.307692307692307,19,0,12,631,39212,52304,0.48245790498913266,0,0,,0.516734949000238,26,ALL_RESOLVED
final_v1,ga,map2,10,718a8e29bed05af7,30,24,4,2,0.8,85,44.416666666666664,44.5,287,7,1438,0,720600,112.21448322700599,24020,720600,0.25,112.37461419999818,96,ALL_RESOLVED
final_v1,bfs,map2,22,718a8e29bed05af7,30,30,0,0,1.0,39,24.333333333333332,24.5,0,126,760,86932,97198,0.6480810980028764,0,0,,0.7014368210002431,40,ALL_RESOLVED
final_v1,ucs,map2,22,718a8e29bed05af7,30,30,0,0,1.0,40,24.4,24.5,0,74,762,132363,142223,1.487196134927217,0,0,,1.5447943709987157,41,ALL_RESOLVED
final_v1,greedy,map2,22,718a8e29bed05af7,30,30,0,0,1.0,39,24.333333333333332,24.5,0,70,760,10373,24850,0.1572016009631625,0,0,,0.2069653609978559,40,ALL_RESOLVED
final_v1,astar,map2,22,718a8e29bed05af7,30,30,0,0,1.0,39,24.333333333333332,24.5,0,78,760,37429,50274,0.46241157200711314,0,0,,0.5139104409972788,40,ALL_RESOLVED
final_v1,ga,map2,15,718a8e29bed05af7,30,8,6,16,0.26666666666666666,20,12.75,12.5,123,8,624,0,328110,63.2366770689805,10937,328110,0.25,63.306797459001245,28,ALL_RESOLVED
final_v1,ga,map2,13,718a8e29bed05af7,30,9,2,19,0.3,32,16.444444444444443,15,135,20,743,0,381120,75.62130233298012,12704,381120,0.25,75.71002160399803,33,ALL_RESOLVED
final_v1,bfs,map2,23,718a8e29bed05af7,30,30,0,0,1.0,37,22.366666666666667,22.5,0,112,701,79892,88938,0.5775165240811475,0,0,,0.6277654069999699,38,ALL_RESOLVED
final_v1,greedy,map2,23,718a8e29bed05af7,30,30,0,0,1.0,39,23.333333333333332,23.5,0,83,730,9511,22775,0.14362470002743066,0,0,,0.1924702740034263,40,ALL_RESOLVED
final_v1,astar,map2,23,718a8e29bed05af7,30,30,0,0,1.0,38,22.433333333333334,22.5,0,78,703,36069,47862,0.4314992400868505,0,0,,0.4801636279989907,39,ALL_RESOLVED
final_v1,ucs,map2,23,718a8e29bed05af7,30,30,0,0,1.0,39,22.5,22.5,0,74,705,118915,127239,0.8636988840116828,0,0,,0.9014046949996555,40,ALL_RESOLVED
final_v1,bfs,map2,24,718a8e29bed05af7,30,30,0,0,1.0,38,23.333333333333332,23.5,0,71,730,95087,105064,0.4326564740113099,0,0,,0.46595610399890575,39,ALL_RESOLVED
final_v1,ucs,map2,24,718a8e29bed05af7,30,30,0,0,1.0,40,23.466666666666665,23.5,0,43,734,132809,142385,1.258995325955766,0,0,,1.311742518999381,41,ALL_RESOLVED
final_v1,greedy,map2,24,718a8e29bed05af7,30,30,0,0,1.0,39,23.933333333333334,24.5,0,43,748,10839,26057,0.16372965904520242,0,0,,0.2114825459975691,40,ALL_RESOLVED
final_v1,astar,map2,24,718a8e29bed05af7,30,30,0,0,1.0,44,23.533333333333335,23.5,0,45,736,37515,50300,0.46411752800486283,0,0,,0.5184302030029357,45,ALL_RESOLVED
final_v1,ga,map2,17,718a8e29bed05af7,30,4,0,26,0.13333333333333333,20,15.0,16.0,129,1,658,0,357660,72.94881034100035,11922,357660,0.25,73.02152763100094,24,ALL_RESOLVED
final_v1,bfs,map2,25,718a8e29bed05af7,30,30,0,0,1.0,37,22.333333333333332,22.5,0,75,700,88851,98274,0.6562106290366501,0,0,,0.7118423940009961,38,ALL_RESOLVED
final_v1,ucs,map2,25,718a8e29bed05af7,30,30,0,0,1.0,37,22.333333333333332,22.5,0,47,700,122573,130895,1.4653195550890814,0,0,,1.5227366510007414,38,ALL_RESOLVED
final_v1,greedy,map2,25,718a8e29bed05af7,30,30,0,0,1.0,39,23.266666666666666,23.5,0,45,728,10344,24835,0.13218556894935318,0,0,,0.17279322000104003,40,ALL_RESOLVED
final_v1,astar,map2,25,718a8e29bed05af7,30,30,0,0,1.0,37,22.333333333333332,22.5,0,35,700,38117,50679,0.4146064660308184,0,0,,0.4607776919983735,38,ALL_RESOLVED
final_v1,ga,map2,14,718a8e29bed05af7,30,16,2,12,0.5333333333333333,49,26.3125,26.5,209,8,1161,0,592230,95.13655776702944,19741,592230,0.25,95.26144828299948,56,ALL_RESOLVED
final_v1,bfs,map2,26,718a8e29bed05af7,30,26,4,0,0.8666666666666667,35,22.0,22.5,0,42,730,109657,119913,0.8064333579677623,0,0,,0.8536760730021342,36,ALL_RESOLVED
final_v1,ucs,map2,26,718a8e29bed05af7,30,25,3,2,0.8333333333333334,35,21.96,22,0,19,724,144479,152781,1.6298514959344175,0,0,,1.6830180739998468,36,ALL_RESOLVED
final_v1,greedy,map2,26,718a8e29bed05af7,30,22,6,2,0.7333333333333333,33,20.5,20.5,0,7,723,11876,28343,0.20382813497053576,0,0,,0.2486098449990095,34,ALL_RESOLVED
final_v1,astar,map2,26,718a8e29bed05af7,30,24,3,3,0.8,34,21.416666666666668,21.5,0,16,724,44724,58971,0.511051371031499,0,0,,0.5542063180000696,35,ALL_RESOLVED
final_v1,ga,map2,20,718a8e29bed05af7,30,22,4,4,0.7333333333333333,60,39.72727272727273,40.5,209,15,1120,0,542910,84.35134482299327,18097,542910,0.25,84.46769934900294,61,ALL_RESOLVED
final_v1,bfs,map2,27,718a8e29bed05af7,30,30,0,0,1.0,39,24.3,24.5,0,107,759,90947,101051,0.6720543360097508,0,0,,0.7244021170008637,40,ALL_RESOLVED
final_v1,ucs,map2,27,718a8e29bed05af7,30,30,0,0,1.0,45,24.5,24.5,0,57,765,131880,141688,1.4700085079384735,0,0,,1.5304130740005348,46,ALL_RESOLVED
final_v1,greedy,map2,27,718a8e29bed05af7,30,30,0,0,1.0,40,25.133333333333333,25.5,0,88,784,10540,25320,0.1575475078971067,0,0,,0.20850457800042932,41,ALL_RESOLVED
final_v1,astar,map2,27,718a8e29bed05af7,30,30,0,0,1.0,43,24.433333333333334,24.5,0,63,763,35624,48400,0.43879743901925394,0,0,,0.4919742289966962,44,ALL_RESOLVED
final_v1,ga,map2,18,718a8e29bed05af7,30,13,5,12,0.43333333333333335,41,23.923076923076923,23,216,16,1114,0,584160,112.97633454289462,19472,584160,0.25,113.1097769759981,50,ALL_RESOLVED
final_v1,bfs,map2,28,718a8e29bed05af7,30,30,0,0,1.0,39,24.466666666666665,24.5,0,93,764,104638,115103,0.7577478140556195,0,0,,0.8117067040002439,40,ALL_RESOLVED
final_v1,ucs,map2,28,718a8e29bed05af7,30,30,0,0,1.0,45,25.366666666666667,24.5,0,40,791,154301,164215,1.7015566299669445,0,0,,1.7634513929988316,46,ALL_RESOLVED
final_v1,greedy,map2,28,718a8e29bed05af7,30,30,0,0,1.0,40,25.333333333333332,25.5,0,57,790,11490,27698,0.17207473001326434,0,0,,0.2215099460008787,41,ALL_RESOLVED
final_v1,astar,map2,28,718a8e29bed05af7,30,30,0,0,1.0,51,25.166666666666668,24.5,0,38,785,49351,64599,0.5987082769534027,0,0,,0.6579336389986565,52,ALL_RESOLVED
final_v1,ga,map2,21,718a8e29bed05af7,30,2,2,26,0.06666666666666667,24,22.0,22.0,165,5,730,0,404820,87.32672092300709,13494,404820,0.25,87.41357188600159,26,ALL_RESOLVED
final_v1,bfs,map2,29,718a8e29bed05af7,30,20,6,4,0.6666666666666666,32,18.9,17.5,2,12,620,96228,104435,0.6866370579009526,0,0,,0.7256110710004577,33,ALL_RESOLVED
final_v1,ucs,map2,29,718a8e29bed05af7,30,20,6,4,0.6666666666666666,34,19.4,17.5,2,14,648,127282,134445,1.4040447309962474,0,0,,1.4473406300021452,35,ALL_RESOLVED
final_v1,greedy,map2,29,718a8e29bed05af7,30,16,6,8,0.5333333333333333,31,16.875,15.5,2,8,630,10811,25362,0.15974245800316567,0,0,,0.19461680300082662,32,ALL_RESOLVED
final_v1,astar,map2,29,718a8e29bed05af7,30,20,3,7,0.6666666666666666,34,19.4,17.5,2,18,650,36543,48916,0.4455156190088019,0,0,,0.483307734997652,35,ALL_RESOLVED
final_v1,ga,map2,16,718a8e29bed05af7,30,19,5,6,0.6333333333333333,83,33.73684210526316,31,282,20,1500,0,777870,137.09338034402754,25929,777870,0.25,137.27623241199763,98,ALL_RESOLVED
final_v1,bfs,map2,30,718a8e29bed05af7,30,30,0,0,1.0,37,22.5,22.5,0,120,705,77477,86611,0.5701851771373185,0,0,,0.621853282002121,38,ALL_RESOLVED
final_v1,ucs,map2,30,718a8e29bed05af7,30,30,0,0,1.0,42,22.766666666666666,22.5,0,92,713,121095,129295,1.3622193860064726,0,0,,1.421382786000322,43,ALL_RESOLVED
final_v1,greedy,map2,30,718a8e29bed05af7,30,30,0,0,1.0,37,22.5,22.5,0,66,705,9341,22276,0.14095581002402469,0,0,,0.18946160899940878,38,ALL_RESOLVED
final_v1,astar,map2,30,718a8e29bed05af7,30,30,0,0,1.0,38,22.533333333333335,22.5,0,93,706,37264,48625,0.4545677339992835,0,0,,0.5053228300021146,39,ALL_RESOLVED
final_v1,ga,map2,19,718a8e29bed05af7,30,26,3,1,0.8666666666666667,98,43.30769230769231,41.5,313,8,1486,0,748380,129.83049866393412,24946,748380,0.25,130.0116486320003,99,ALL_RESOLVED
final_v1,bfs,map2,31,718a8e29bed05af7,30,30,0,0,1.0,38,23.5,23.5,0,157,735,71674,81683,0.5420366489997832,0,0,,0.5944082599999092,39,ALL_RESOLVED
final_v1,ucs,map2,31,718a8e29bed05af7,30,30,0,0,1.0,38,23.5,23.5,0,99,735,113427,122767,1.2906454560034035,0,0,,1.345454622998659,39,ALL_RESOLVED
final_v1,greedy,map2,31,718a8e29bed05af7,30,30,0,0,1.0,38,23.5,23.5,0,121,735,8565,20790,0.1277147070650244,0,0,,0.17831712099723518,39,ALL_RESOLVED
final_v1,astar,map2,31,718a8e29bed05af7,30,30,0,0,1.0,38,23.5,23.5,0,99,735,31321,42350,0.3893902800118667,0,0,,0.43869481200090377,39,ALL_RESOLVED
final_v1,ga,map2,23,718a8e29bed05af7,30,27,3,0,0.9,76,39.7037037037037,41,226,21,1267,0,613470,95.14308943896322,20449,613470,0.25,95.28050640600122,77,ALL_RESOLVED
final_v1,bfs,map2,32,718a8e29bed05af7,30,30,0,0,1.0,39,24.433333333333334,24.5,0,112,763,94777,104719,0.6436036039922328,0,0,,0.7006997539974691,40,ALL_RESOLVED
final_v1,ucs,map2,32,718a8e29bed05af7,30,30,0,0,1.0,39,24.433333333333334,24.5,0,56,763,141865,151324,1.654008368972427,0,0,,1.717552166999667,40,ALL_RESOLVED
final_v1,greedy,map2,32,718a8e29bed05af7,30,30,0,0,1.0,40,25.433333333333334,25.5,0,88,793,10920,26162,0.16382437398351613,0,0,,0.21629061900239321,41,ALL_RESOLVED
final_v1,astar,map2,32,718a8e29bed05af7,30,30,0,0,1.0,41,24.5,24.5,0,66,765,44910,59306,0.5436425799889548,0,0,,0.5968012789999193,42,ALL_RESOLVED
final_v1,ga,map2,22,718a8e29bed05af7,30,27,1,2,0.9,105,47.03703703703704,43,278,7,1531,0,764340,136.62914552205257,25478,764340,0.25,136.82236029999694,106,ALL_RESOLVED
final_v1,bfs,map2,33,718a8e29bed05af7,30,30,0,0,1.0,37,22.466666666666665,22.5,0,101,704,77118,86660,0.5763569410264608,0,0,,0.623292902000685,38,ALL_RESOLVED
final_v1,ga,map2,26,718a8e29bed05af7,30,5,1,24,0.16666666666666666,24,15.8,13,212,9,906,0,498990,103.6444241400568,16633,498990,0.25,103.75735814799918,34,ALL_RESOLVED
final_v1,greedy,map2,33,718a8e29bed05af7,30,29,1,0,0.9666666666666667,38,23.862068965517242,24,0,92,727,9538,22494,0.1458573520030768,0,0,,0.19212789900120697,39,ALL_RESOLVED
final_v1,ucs,map2,33,718a8e29bed05af7,30,30,0,0,1.0,40,22.7,22.5,0,44,711,116017,125054,1.3067457219221978,0,0,,1.3580505559984886,41,ALL_RESOLVED
final_v1,astar,map2,33,718a8e29bed05af7,30,30,0,0,1.0,37,22.466666666666665,22.5,0,43,704,31732,43150,0.4067810589695,0,0,,0.4501538540025649,38,ALL_RESOLVED
final_v1,bfs,map2,34,718a8e29bed05af7,30,30,0,0,1.0,37,22.3,22.5,0,65,699,90890,100259,0.6799354060203768,0,0,,0.730596969002363,38,ALL_RESOLVED
final_v1,ucs,map2,34,718a8e29bed05af7,30,30,0,0,1.0,42,22.7,22.5,0,31,711,134460,143543,1.4923565369463176,0,0,,1.5505887369981792,43,ALL_RESOLVED
final_v1,greedy,map2,34,718a8e29bed05af7,30,30,0,0,1.0,39,23.333333333333332,22.5,0,46,730,10260,24623,0.15910977897510747,0,0,,0.21248620899859816,40,ALL_RESOLVED
final_v1,astar,map2,34,718a8e29bed05af7,30,30,0,0,1.0,39,22.433333333333334,22.5,0,29,703,38851,51945,0.5070308690046659,0,0,,0.5577089320031519,40,ALL_RESOLVED
final_v1,ga,map2,25,718a8e29bed05af7,30,26,2,2,0.8666666666666667,94,41.65384615384615,38.0,273,24,1457,0,722610,122.63217427500422,24087,722610,0.25,122.81594240599952,96,ALL_RESOLVED
final_v1,bfs,map2,35,718a8e29bed05af7,30,21,1,8,0.7,27,17.0,17,0,41,520,65749,72082,0.478809969023132,0,0,,0.5096596430012141,28,ALL_RESOLVED
final_v1,ucs,map2,35,718a8e29bed05af7,30,20,2,8,0.6666666666666666,26,16.5,16.5,0,33,506,82788,87888,0.8272676989217871,0,0,,0.8583026720007183,27,ALL_RESOLVED
final_v1,greedy,map2,35,718a8e29bed05af7,30,17,2,11,0.5666666666666667,25,15.470588235294118,15,0,19,480,10301,20760,0.12435915399328223,0,0,,0.14738271799797076,26,ALL_RESOLVED
final_v1,astar,map2,35,718a8e29bed05af7,30,20,2,8,0.6666666666666666,26,16.5,16.5,0,33,506,30503,38941,0.25080295494990423,0,0,,0.2734812519993284,27,ALL_RESOLVED
final_v1,ga,map2,24,718a8e29bed05af7,30,28,2,0,0.9333333333333333,93,52.642857142857146,52.5,288,12,1590,0,800610,144.01199619995532,26687,800610,0.25,144.20670421199975,94,ALL_RESOLVED
final_v1,ga,map2,29,718a8e29bed05af7,30,8,1,21,0.26666666666666666,22,14.125,13.5,124,2,721,0,386160,73.90194319903821,12872,386160,0.25,73.98410006099948,30,ALL_RESOLVED
final_v1,bfs,map2,36,718a8e29bed05af7,30,30,0,0,1.0,39,24.366666666666667,24.5,0,113,761,93949,103973,0.49261439797191997,0,0,,0.5321192230003362,40,ALL_RESOLVED
final_v1,greedy,map2,36,718a8e29bed05af7,30,30,0,0,1.0,39,24.366666666666667,24.5,0,57,761,10906,26406,0.11381231895938981,0,0,,0.14746273300261237,40,ALL_RESOLVED
final_v1,astar,map2,36,718a8e29bed05af7,30,30,0,0,1.0,40,24.466666666666665,24.5,0,74,764,44941,58930,0.40707929095515283,0,0,,0.4585132350002823,41,ALL_RESOLVED
final_v1,ucs,map2,36,718a8e29bed05af7,30,30,0,0,1.0,39,24.366666666666667,24.5,0,69,761,139506,149007,1.6002605520479847,0,0,,1.6599626750030438,40,ALL_RESOLVED
final_v1,bfs,map2,37,718a8e29bed05af7,30,30,0,0,1.0,38,23.5,23.5,0,129,735,81139,90653,0.3945596410376311,0,0,,0.4309929849987384,39,ALL_RESOLVED
final_v1,ucs,map2,37,718a8e29bed05af7,30,30,0,0,1.0,38,23.5,23.5,0,79,735,131847,140794,0.9623249349024263,0,0,,1.0043680259987013,39,ALL_RESOLVED
final_v1,greedy,map2,37,718a8e29bed05af7,30,30,0,0,1.0,38,23.5,23.5,0,71,735,9937,23718,0.09812130194768542,0,0,,0.1324648120025813,39,ALL_RESOLVED
final_v1,astar,map2,37,718a8e29bed05af7,30,30,0,0,1.0,38,23.5,23.5,0,71,735,40294,52856,0.35004704000311904,0,0,,0.3855705180030782,39,ALL_RESOLVED
final_v1,ga,map2,27,718a8e29bed05af7,30,15,3,12,0.5,46,29.533333333333335,27,241,4,1134,0,582210,105.20255752305457,19407,582210,0.25,105.32934160799778,50,ALL_RESOLVED
final_v1,bfs,map2,38,718a8e29bed05af7,30,30,0,0,1.0,37,22.433333333333334,22.5,0,52,703,95019,104662,0.441027868015226,0,0,,0.4761102789998404,38,ALL_RESOLVED
final_v1,ucs,map2,38,718a8e29bed05af7,30,30,0,0,1.0,43,23.166666666666668,22.5,0,34,725,133476,142345,0.938084726985835,0,0,,0.9774935300010839,44,ALL_RESOLVED
final_v1,greedy,map2,38,718a8e29bed05af7,30,30,0,0,1.0,41,23.966666666666665,22.5,0,32,749,11480,27430,0.10598899803153472,0,0,,0.13724332700076047,42,ALL_RESOLVED
final_v1,astar,map2,38,718a8e29bed05af7,30,30,0,0,1.0,39,23.033333333333335,22.5,0,30,721,41934,55469,0.2959745519583521,0,0,,0.3253996619969257,40,ALL_RESOLVED
final_v1,ga,map2,30,718a8e29bed05af7,30,24,2,4,0.8,95,34.125,29.5,213,4,1211,0,593820,101.3364888230135,19794,593820,0.25,101.5014270060019,96,ALL_RESOLVED
final_v1,bfs,map2,39,718a8e29bed05af7,30,29,1,0,0.9666666666666667,38,23.96551724137931,24,0,131,732,78567,88301,0.5838715440040687,0,0,,0.6353949680014921,39,ALL_RESOLVED
final_v1,ucs,map2,39,718a8e29bed05af7,30,29,1,0,0.9666666666666667,38,23.96551724137931,24,0,81,732,115672,124433,1.3376112439873395,0,0,,1.3985848160009482,39,ALL_RESOLVED
final_v1,greedy,map2,39,718a8e29bed05af7,30,29,1,0,0.9666666666666667,39,25.0,25,0,115,762,9765,23134,0.14674069595639594,0,0,,0.2021008689989685,40,ALL_RESOLVED
final_v1,astar,map2,39,718a8e29bed05af7,30,29,1,0,0.9666666666666667,38,23.96551724137931,24,0,95,732,34295,46096,0.42468024797562975,0,0,,0.4705862379996688,39,ALL_RESOLVED
final_v1,ga,map2,31,718a8e29bed05af7,30,28,2,0,0.9333333333333333,88,40.107142857142854,37.0,228,10,1249,0,597060,99.10529462106933,19902,597060,0.25,99.2599001080016,89,ALL_RESOLVED
final_v1,bfs,map2,40,718a8e29bed05af7,30,28,0,2,0.9333333333333333,35,21.464285714285715,21.5,0,126,637,56775,64449,0.419191118919116,0,0,,0.4681836769996153,36,ALL_RESOLVED
final_v1,ucs,map2,40,718a8e29bed05af7,30,28,0,2,0.9333333333333333,35,21.464285714285715,21.5,0,98,637,85444,92919,0.9603857120055181,0,0,,1.0097594180006126,36,ALL_RESOLVED
final_v1,greedy,map2,40,718a8e29bed05af7,30,28,0,2,0.9333333333333333,36,22.392857142857142,22.5,0,128,663,7356,17658,0.11143916703076684,0,0,,0.15915774200038868,37,ALL_RESOLVED
final_v1,astar,map2,40,718a8e29bed05af7,30,28,0,2,0.9333333333333333,35,21.464285714285715,21.5,0,94,637,23820,33278,0.29485208801634144,0,0,,0.3388702970005397,36,ALL_RESOLVED
final_v1,ga,map2,35,718a8e29bed05af7,30,9,3,18,0.3,39,17.444444444444443,15,94,3,496,0,245820,48.15455633296733,8194,245820,0.25,48.214328971000214,40,ALL_RESOLVED
final_v1,bfs,map2,41,718a8e29bed05af7,30,30,0,0,1.0,39,24.3,24.5,0,102,759,97207,107562,0.6669942109729163,0,0,,0.7213222500031407,40,ALL_RESOLVED
final_v1,ucs,map2,41,718a8e29bed05af7,30,30,0,0,1.0,39,24.3,24.5,0,70,759,135000,144589,1.4985450439962733,0,0,,1.5586663389985915,40,ALL_RESOLVED
final_v1,greedy,map2,41,718a8e29bed05af7,30,30,0,0,1.0,40,25.0,25.5,0,63,780,11185,26556,0.16607711603137432,0,0,,0.21700545500061708,41,ALL_RESOLVED
final_v1,astar,map2,41,718a8e29bed05af7,30,30,0,0,1.0,41,24.366666666666667,24.5,0,62,761,39503,52890,0.48844652800107724,0,0,,0.5445024479995482,42,ALL_RESOLVED
final_v1,ga,map2,32,718a8e29bed05af7,30,27,3,0,0.9,96,43.0,41,220,10,1330,0,646920,109.72077764595451,21564,646920,0.25,109.88755732799837,97,ALL_RESOLVED
final_v1,bfs,map2,42,718a8e29bed05af7,30,16,2,12,0.5333333333333333,24,15.5625,15.5,0,24,565,105999,112861,0.7716948410270561,0,0,,0.8063140119993477,25,ALL_RESOLVED
final_v1,ucs,map2,42,718a8e29bed05af7,30,15,3,12,0.5,24,15.2,15,0,21,553,122333,128683,0.9130209250288317,0,0,,0.9398709409979347,25,ALL_RESOLVED
final_v1,greedy,map2,42,718a8e29bed05af7,30,15,3,12,0.5,24,16.333333333333332,17,0,31,578,10573,24399,0.09682578195861424,0,0,,0.11719107599856216,25,ALL_RESOLVED
final_v1,astar,map2,42,718a8e29bed05af7,30,15,3,12,0.5,24,15.2,15,0,20,553,41626,53970,0.31689150197053095,0,0,,0.34141392200035625,25,ALL_RESOLVED
final_v1,ga,map2,33,718a8e29bed05af7,30,23,2,5,0.7666666666666667,72,35.391304347826086,35,185,6,1035,0,499350,87.17510748297718,16645,499350,0.25,87.2946890830026,73,ALL_RESOLVED
final_v1,bfs,map2,43,718a8e29bed05af7,30,17,5,8,0.5666666666666667,29,17.294117647058822,17,0,39,627,104628,112933,0.7307103320999886,0,0,,0.774722688998736,30,ALL_RESOLVED
final_v1,ucs,map2,43,718a8e29bed05af7,30,17,5,8,0.5666666666666667,29,17.294117647058822,17,0,31,627,121544,127494,1.3572925529406348,0,0,,1.4060776909973356,30,ALL_RESOLVED
final_v1,greedy,map2,43,718a8e29bed05af7,30,15,4,11,0.5,28,18.066666666666666,18,0,21,674,23069,43582,0.30700648096899386,0,0,,0.3466221119997499,29,ALL_RESOLVED
final_v1,astar,map2,43,718a8e29bed05af7,30,17,5,8,0.5666666666666667,29,17.294117647058822,17,0,22,623,48201,60382,0.6279857520785299,0,0,,0.6691102820004744,30,ALL_RESOLVED
final_v1,ga,map2,28,718a8e29bed05af7,30,28,1,1,0.9333333333333333,101,58.892857142857146,60.5,347,16,1743,0,869220,156.6798843839315,28974,869220,0.25,156.8832054600025,102,ALL_RESOLVED
final_v1,bfs,map2,44,718a8e29bed05af7,30,29,0,1,0.9666666666666667,39,24.82758620689655,25,1,151,750,73772,83458,0.5633318619657075,0,0,,0.6149752489982347,40,ALL_RESOLVED
final_v1,ucs,map2,44,718a8e29bed05af7,30,29,0,1,0.9666666666666667,39,24.82758620689655,25,1,103,750,108019,116867,1.2895418239168066,0,0,,1.3438426170032471,40,ALL_RESOLVED
final_v1,greedy,map2,44,718a8e29bed05af7,30,28,0,2,0.9333333333333333,39,25.285714285714285,25.5,1,127,753,9320,22428,0.11617444792500464,0,0,,0.16249388399955933,40,ALL_RESOLVED
final_v1,astar,map2,44,718a8e29bed05af7,30,29,0,1,0.9666666666666667,39,24.82758620689655,25,1,95,750,30408,42256,0.3932057799975155,0,0,,0.4430020930012688,40,ALL_RESOLVED
final_v1,ga,map2,37,718a8e29bed05af7,30,28,2,0,0.9333333333333333,102,43.714285714285715,42.0,261,9,1376,0,676350,112.0228574020839,22545,676350,0.25,112.19881177299976,103,ALL_RESOLVED
final_v1,bfs,map2,45,718a8e29bed05af7,30,30,0,0,1.0,38,23.433333333333334,23.5,0,154,733,67753,76133,0.4817520570977649,0,0,,0.5306298100003914,39,ALL_RESOLVED
final_v1,ucs,map2,45,718a8e29bed05af7,30,30,0,0,1.0,38,23.433333333333334,23.5,0,102,733,107484,115466,1.1342711799807148,0,0,,1.1828544439995312,39,ALL_RESOLVED
final_v1,greedy,map2,45,718a8e29bed05af7,30,30,0,0,1.0,38,23.433333333333334,23.5,0,136,733,8266,20154,0.12199478792535956,0,0,,0.17069506800180534,39,ALL_RESOLVED
final_v1,astar,map2,45,718a8e29bed05af7,30,29,1,0,0.9666666666666667,37,22.93103448275862,23,0,105,718,35309,46081,0.4100199790336774,0,0,,0.4559195309993811,38,ALL_RESOLVED
final_v1,ga,map2,34,718a8e29bed05af7,30,20,3,7,0.6666666666666666,70,35.05,33.0,273,14,1411,0,729780,132.6160046269979,24326,729780,0.25,132.79284966100022,74,ALL_RESOLVED
final_v1,bfs,map2,46,718a8e29bed05af7,30,30,0,0,1.0,42,27.166666666666668,27.5,0,114,845,112336,123588,0.5491508519626223,0,0,,0.5864842039991345,43,ALL_RESOLVED
final_v1,ucs,map2,46,718a8e29bed05af7,30,30,0,0,1.0,42,27.166666666666668,27.5,0,60,845,153251,164661,1.0193240509506722,0,0,,1.0569141330015555,43,ALL_RESOLVED
final_v1,ga,map2,39,718a8e29bed05af7,30,19,4,7,0.6333333333333333,58,33.0,26,202,11,940,0,452070,83.55780264094574,15069,452070,0.25,83.6663367000001,59,ALL_RESOLVED
final_v1,greedy,map2,46,718a8e29bed05af7,30,30,0,0,1.0,43,27.9,28.5,0,78,867,13141,31263,0.11392626292217756,0,0,,0.14874482000232092,44,ALL_RESOLVED
final_v1,ga,map2,40,718a8e29bed05af7,30,24,2,4,0.8,62,33.833333333333336,32.5,175,6,1012,0,473190,78.79214954005147,15773,473190,0.25,78.90451618999941,63,ALL_RESOLVED
final_v1,astar,map2,46,718a8e29bed05af7,30,29,1,0,0.9666666666666667,41,26.655172413793103,27,0,47,828,42027,57192,0.5194109799413127,0,0,,0.5711601299990434,42,ALL_RESOLVED
final_v1,bfs,map2,47,718a8e29bed05af7,30,30,0,0,1.0,38,23.233333333333334,23.5,0,97,727,87723,97114,0.6193912610979169,0,0,,0.6702053099979821,39,ALL_RESOLVED
final_v1,greedy,map2,47,718a8e29bed05af7,30,30,0,0,1.0,39,24.033333333333335,24.5,0,79,751,9952,23719,0.14594470896554412,0,0,,0.19484239400117076,40,ALL_RESOLVED
final_v1,astar,map2,47,718a8e29bed05af7,30,30,0,0,1.0,43,24.0,24.5,0,48,750,40075,52974,0.4729181300390337,0,0,,0.5247009209997486,44,ALL_RESOLVED
final_v1,ucs,map2,47,718a8e29bed05af7,30,30,0,0,1.0,39,23.866666666666667,24.5,0,50,746,136223,145639,1.4830669649454649,0,0,,1.538032865999412,40,ALL_RESOLVED
final_v1,bfs,map2,48,718a8e29bed05af7,30,28,2,0,0.9333333333333333,44,22.571428571428573,21.5,0,36,672,89753,98546,0.46228812094705063,0,0,,0.49449337100304547,45,ALL_RESOLVED
final_v1,ucs,map2,48,718a8e29bed05af7,30,28,2,0,0.9333333333333333,46,23.821428571428573,21.5,0,31,707,123914,132390,0.8515837929990084,0,0,,0.8876031879990478,47,ALL_RESOLVED
final_v1,greedy,map2,48,718a8e29bed05af7,30,28,2,0,0.9333333333333333,57,26.357142857142858,24.5,0,22,778,16854,36035,0.1350108119622746,0,0,,0.16749117700237548,58,ALL_RESOLVED
final_v1,astar,map2,48,718a8e29bed05af7,30,28,2,0,0.9333333333333333,45,23.535714285714285,21.5,0,33,699,42861,54627,0.2916606149810832,0,0,,0.321294116001809,46,ALL_RESOLVED
final_v1,ga,map2,36,718a8e29bed05af7,30,19,3,8,0.6333333333333333,73,32.63157894736842,31,262,13,1415,0,738240,129.98717400003807,24608,738240,0.25,130.15515637299904,74,ALL_RESOLVED
final_v1,bfs,map2,49,718a8e29bed05af7,30,30,0,0,1.0,38,23.3,23.5,0,124,729,80611,90418,0.3754140470009588,0,0,,0.4098633610010438,39,ALL_RESOLVED
final_v1,ucs,map2,49,718a8e29bed05af7,30,30,0,0,1.0,38,23.3,23.5,0,74,729,123779,133072,1.0987697380514874,0,0,,1.1483146820028196,39,ALL_RESOLVED
final_v1,greedy,map2,49,718a8e29bed05af7,30,29,1,0,0.9666666666666667,39,23.724137931034484,24,0,105,725,9114,21937,0.13581795999562019,0,0,,0.18735085200023605,40,ALL_RESOLVED
final_v1,astar,map2,49,718a8e29bed05af7,30,30,0,0,1.0,41,23.4,23.5,0,79,732,38912,51201,0.4412761580570077,0,0,,0.48859381700094673,42,ALL_RESOLVED
final_v1,ga,map2,42,718a8e29bed05af7,30,8,3,19,0.26666666666666666,33,19.375,19.5,135,0,633,0,329670,70.73691372800386,10989,329670,0.25,70.81175962800262,34,ALL_RESOLVED
final_v1,bfs,map2,50,718a8e29bed05af7,30,30,0,0,1.0,38,23.5,23.5,0,96,735,89843,99660,0.6687541889405111,0,0,,0.7218401789978088,39,ALL_RESOLVED
final_v1,ucs,map2,50,718a8e29bed05af7,30,29,1,0,0.9666666666666667,39,23.137931034482758,23,0,45,704,127442,136063,1.4352544890207355,0,0,,1.4926774560008198,40,ALL_RESOLVED
final_v1,greedy,map2,50,718a8e29bed05af7,30,29,1,0,0.9666666666666667,42,24.17241379310345,23,0,21,734,11679,27062,0.1776724309202109,0,0,,0.22576108499924885,43,ALL_RESOLVED
final_v1,astar,map2,50,718a8e29bed05af7,30,29,1,0,0.9666666666666667,39,23.137931034482758,23,0,49,704,40075,52955,0.4921386930109293,0,0,,0.5456487580013345,40,ALL_RESOLVED
final_v1,ga,map2,38,718a8e29bed05af7,30,27,1,2,0.9,96,45.111111111111114,47,272,14,1415,0,696120,128.7105832561101,23204,696120,0.25,128.89062763699985,97,ALL_RESOLVED
final_v1,bfs,map2,51,718a8e29bed05af7,30,20,7,3,0.6666666666666666,27,17.5,17.5,0,75,636,76929,86237,0.5662842729907425,0,0,,0.613074543998664,34,ALL_RESOLVED
final_v1,ucs,map2,51,718a8e29bed05af7,30,22,5,3,0.7333333333333333,31,18.59090909090909,18.5,0,56,669,117755,126203,1.3171175789793779,0,0,,1.3696558010014996,34,ALL_RESOLVED
final_v1,greedy,map2,51,718a8e29bed05af7,30,26,3,1,0.8666666666666667,33,20.5,20.5,0,84,687,8836,21041,0.1342961830450804,0,0,,0.17879463699864573,34,ALL_RESOLVED
final_v1,astar,map2,51,718a8e29bed05af7,30,21,6,3,0.7,31,18.142857142857142,18,0,54,666,34561,45103,0.4142113750349381,0,0,,0.4592151760007255,34,ALL_RESOLVED
final_v1,ga,map2,43,718a8e29bed05af7,30,8,3,19,0.26666666666666666,30,21.75,20.5,165,6,732,0,372840,78.66453744798855,12428,372840,0.25,78.75263394400099,31,ALL_RESOLVED
final_v1,bfs,map2,52,718a8e29bed05af7,30,30,0,0,1.0,37,22.5,22.5,0,112,705,76080,84461,0.35293070495390566,0,0,,0.38767642400125624,38,ALL_RESOLVED
final_v1,ucs,map2,52,718a8e29bed05af7,30,30,0,0,1.0,40,22.6,22.5,0,83,708,110923,119012,0.8411130669956037,0,0,,0.8890652199988835,41,ALL_RESOLVED
final_v1,greedy,map2,52,718a8e29bed05af7,30,30,0,0,1.0,37,22.5,22.5,0,54,705,9522,22425,0.14283614602027228,0,0,,0.18850618799842778,38,ALL_RESOLVED
final_v1,astar,map2,52,718a8e29bed05af7,30,30,0,0,1.0,37,22.5,22.5,0,90,705,31524,42375,0.384408587928192,0,0,,0.43464404200130957,38,ALL_RESOLVED
final_v1,ga,map2,41,718a8e29bed05af7,30,29,1,0,0.9666666666666667,98,49.3448275862069,51,296,16,1522,0,747540,128.22770493987628,24918,747540,0.25,128.4120131799973,99,ALL_RESOLVED
final_v1,bfs,map2,53,718a8e29bed05af7,30,10,3,17,0.3333333333333333,21,16.2,16.5,0,19,608,101284,110411,0.7250515209816513,0,0,,0.7590653529987321,22,ALL_RESOLVED
final_v1,ga,map2,44,718a8e29bed05af7,30,23,6,1,0.7666666666666667,70,42.26086956521739,41,265,11,1222,0,582330,100.57657707093313,19411,582330,0.25,100.71816812399993,80,ALL_RESOLVED
final_v1,greedy,map2,53,718a8e29bed05af7,30,10,4,16,0.3333333333333333,21,16.2,16.5,0,14,608,11091,25151,0.16396311700009392,0,0,,0.19356597799924202,22,ALL_RESOLVED
final_v1,ucs,map2,53,718a8e29bed05af7,30,10,1,19,0.3333333333333333,21,16.2,16.5,0,18,608,140508,147710,1.547426729077415,0,0,,1.5854360570010613,22,ALL_RESOLVED
final_v1,astar,map2,53,718a8e29bed05af7,30,9,3,18,0.3,21,15.777777777777779,16,0,17,603,41571,54567,0.5134422929841094,0,0,,0.5467082899995148,22,ALL_RESOLVED
final_v1,bfs,map2,54,718a8e29bed05af7,30,30,0,0,1.0,38,23.4,23.5,0,69,732,97506,107117,0.7186024550028378,0,0,,0.7713353660001303,39,ALL_RESOLVED
final_v1,ucs,map2,54,718a8e29bed05af7,30,30,0,0,1.0,52,24.566666666666666,23.5,0,28,767,143190,152910,1.5579925410092983,0,0,,1.62131026499992,53,ALL_RESOLVED
final_v1,greedy,map2,54,718a8e29bed05af7,30,27,2,1,0.9,52,23.48148148148148,24,0,21,729,11515,27430,0.1699066039727768,0,0,,0.2236500530016201,53,ALL_RESOLVED
final_v1,astar,map2,54,718a8e29bed05af7,30,30,0,0,1.0,52,24.266666666666666,23.5,0,29,758,45443,59302,0.5433076560511836,0,0,,0.6010518780021812,53,ALL_RESOLVED
final_v1,ga,map2,50,718a8e29bed05af7,30,25,3,2,0.8333333333333334,91,37.84,35,178,17,1075,0,511740,65.11025366900867,17058,511740,0.25,65.21394048000002,92,ALL_RESOLVED
final_v1,bfs,map2,55,718a8e29bed05af7,30,30,0,0,1.0,36,21.5,21.5,0,107,675,69485,77665,0.30044165994695504,0,0,,0.32928973299931386,37,ALL_RESOLVED
final_v1,ucs,map2,55,718a8e29bed05af7,30,30,0,0,1.0,36,21.5,21.5,0,79,675,110551,118569,1.1816167279685033,0,0,,1.2321120230008091,37,ALL_RESOLVED
final_v1,greedy,map2,55,718a8e29bed05af7,30,30,0,0,1.0,39,21.6,21.5,0,86,678,8159,19635,0.12214202501490945,0,0,,0.17014528299841913,40,ALL_RESOLVED
final_v1,astar,map2,55,718a8e29bed05af7,30,30,0,0,1.0,36,21.5,21.5,0,89,675,33859,44479,0.35822604995701113,0,0,,0.39439056099945446,37,ALL_RESOLVED
final_v1,ga,map2,45,718a8e29bed05af7,30,20,4,6,0.6666666666666666,48,29.05,31.0,175,10,963,0,467970,86.99923870701605,15599,467970,0.25,87.10433949599974,50,ALL_RESOLVED
final_v1,bfs,map2,56,718a8e29bed05af7,30,29,1,0,0.9666666666666667,36,21.96551724137931,22,0,80,690,83316,91677,0.6126709440140985,0,0,,0.6606399890006287,37,ALL_RESOLVED
final_v1,ga,map2,48,718a8e29bed05af7,30,18,5,7,0.6,63,30.88888888888889,30.0,218,6,1016,0,495450,81.86954913798763,16515,495450,0.25,81.97749823399863,74,ALL_RESOLVED
final_v1,greedy,map2,56,718a8e29bed05af7,30,28,2,0,0.9333333333333333,47,22.821428571428573,21.5,0,48,737,11002,25766,0.16117956001471612,0,0,,0.21365422300004866,48,ALL_RESOLVED
final_v1,ucs,map2,56,718a8e29bed05af7,30,28,2,0,0.9333333333333333,36,21.5,21.5,0,51,676,121138,128928,1.3515885939705186,0,0,,1.4024671010010934,37,ALL_RESOLVED
final_v1,astar,map2,56,718a8e29bed05af7,30,29,1,0,0.9666666666666667,44,22.24137931034483,22,0,60,698,39898,52317,0.4802099329972407,0,0,,0.5320118050003657,45,ALL_RESOLVED
final_v1,bfs,map2,57,718a8e29bed05af7,30,18,4,8,0.6,33,22.61111111111111,24.5,0,40,783,123977,135161,0.8648467629936931,0,0,,0.9117596700016293,34,ALL_RESOLVED
final_v1,ucs,map2,57,718a8e29bed05af7,30,18,6,6,0.6,33,22.38888888888889,23.5,0,35,793,156396,165490,1.686531826020655,0,0,,1.7370279649985605,34,ALL_RESOLVED
final_v1,greedy,map2,57,718a8e29bed05af7,30,18,3,9,0.6,33,22.88888888888889,24.5,0,68,808,12821,30414,0.1860283120186068,0,0,,0.2302728050017322,34,ALL_RESOLVED
final_v1,astar,map2,57,718a8e29bed05af7,30,18,4,8,0.6,33,22.27777777777778,23.5,0,27,795,44391,60488,0.5325666169446777,0,0,,0.5775075429992285,34,ALL_RESOLVED
final_v1,ga,map2,47,718a8e29bed05af7,30,19,3,8,0.6333333333333333,57,33.26315789473684,39,250,13,1259,0,646860,93.6717618719922,21562,646860,0.25,93.8080592289989,64,ALL_RESOLVED
final_v1,bfs,map2,58,718a8e29bed05af7,30,15,7,8,0.5,29,19.866666666666667,21,0,23,683,116484,127024,0.49331920101394644,0,0,,0.5188663330009149,32,ALL_RESOLVED
final_v1,ucs,map2,58,718a8e29bed05af7,30,13,6,11,0.43333333333333335,29,19.53846153846154,19,0,40,707,152565,160336,0.9956840360246133,0,0,,1.0250023930020689,32,ALL_RESOLVED
final_v1,greedy,map2,58,718a8e29bed05af7,30,7,10,13,0.23333333333333334,29,15.0,13,0,6,668,18221,37274,0.13932775001376285,0,0,,0.16050606099815923,32,ALL_RESOLVED
final_v1,astar,map2,58,718a8e29bed05af7,30,13,5,12,0.43333333333333335,30,19.846153846153847,19,0,60,713,49285,63504,0.33716126603030716,0,0,,0.3626348349971522,32,ALL_RESOLVED
final_v1,ga,map2,49,718a8e29bed05af7,30,24,5,1,0.8,78,36.25,30.5,215,4,1054,0,503550,88.41954553696633,16785,503550,0.25,88.54717597899798,79,ALL_RESOLVED
final_v1,bfs,map2,59,718a8e29bed05af7,30,30,0,0,1.0,37,22.5,22.5,0,111,705,75327,84364,0.3345950069888204,0,0,,0.36471962399809854,38,ALL_RESOLVED
final_v1,ucs,map2,59,718a8e29bed05af7,30,30,0,0,1.0,38,22.533333333333335,22.5,0,60,706,116907,125503,0.7579554039512004,0,0,,0.7911911650007823,39,ALL_RESOLVED
final_v1,greedy,map2,59,718a8e29bed05af7,30,30,0,0,1.0,37,22.5,22.5,0,59,705,9388,22381,0.08688890996199916,0,0,,0.11590837000039755,38,ALL_RESOLVED
final_v1,astar,map2,59,718a8e29bed05af7,30,30,0,0,1.0,37,22.5,22.5,0,73,705,34863,46378,0.25295377702786936,0,0,,0.28218485600154963,38,ALL_RESOLVED
final_v1,ga,map2,51,718a8e29bed05af7,30,9,3,18,0.3,21,14.0,13,143,9,763,0,393540,75.8906457380217,13118,393540,0.25,75.97538427600011,34,ALL_RESOLVED
final_v1,bfs,map2,60,718a8e29bed05af7,30,17,4,9,0.5666666666666667,29,18.764705882352942,18,0,16,606,89794,98067,0.38780168897574185,0,0,,0.4119605810010398,30,ALL_RESOLVED
final_v1,ucs,map2,60,718a8e29bed05af7,30,14,4,12,0.4666666666666667,26,16.928571428571427,16.5,0,13,609,114308,121656,1.1556886420112278,0,0,,1.1930382890022884,30,ALL_RESOLVED
final_v1,greedy,map2,60,718a8e29bed05af7,30,16,5,9,0.5333333333333333,29,17.9375,17.5,0,6,625,10387,24159,0.1529821300318872,0,0,,0.18593867600066005,30,ALL_RESOLVED
final_v1,astar,map2,60,718a8e29bed05af7,30,15,4,11,0.5,28,17.533333333333335,17,0,10,606,31962,43360,0.390531750919763,0,0,,0.42537778000041726,30,ALL_RESOLVED
final_v1,ga,map2,53,718a8e29bed05af7,30,0,2,28,0.0,,,,129,3,636,0,348870,73.1231904719898,11629,348870,0.0625,73.19206040499921,22,ALL_RESOLVED
final_v1,bfs,map2,61,718a8e29bed05af7,30,30,0,0,1.0,38,23.5,23.5,0,134,735,76261,85463,0.5613931479929306,0,0,,0.6140292339987354,39,ALL_RESOLVED
final_v1,ucs,map2,61,718a8e29bed05af7,30,30,0,0,1.0,38,23.5,23.5,0,94,735,120813,129854,1.3564178809501755,0,0,,1.4128611480009567,39,ALL_RESOLVED
final_v1,greedy,map2,61,718a8e29bed05af7,30,30,0,0,1.0,38,23.5,23.5,0,112,735,8902,21443,0.1357612779866031,0,0,,0.18642620200262172,39,ALL_RESOLVED
final_v1,astar,map2,61,718a8e29bed05af7,30,30,0,0,1.0,38,23.5,23.5,0,90,735,36301,48200,0.44086005603458034,0,0,,0.49085361499965074,39,ALL_RESOLVED
final_v1,ga,map2,52,718a8e29bed05af7,30,18,4,8,0.6,50,26.22222222222222,22.0,236,10,1158,0,596190,113.56365601895232,19873,596190,0.25,113.70214601500265,60,ALL_RESOLVED
final_v1,bfs,map2,62,718a8e29bed05af7,30,30,0,0,1.0,40,25.4,25.5,0,169,792,82184,92628,0.6083753390303173,0,0,,0.6629728580010124,41,ALL_RESOLVED
final_v1,ucs,map2,62,718a8e29bed05af7,30,30,0,0,1.0,40,25.4,25.5,0,113,792,125069,135179,1.4076503409814904,0,0,,1.46546800500073,41,ALL_RESOLVED
final_v1,greedy,map2,62,718a8e29bed05af7,30,30,0,0,1.0,41,26.3,26.5,0,142,819,10173,24426,0.15390659293552744,0,0,,0.2099101210005756,42,ALL_RESOLVED
final_v1,astar,map2,62,718a8e29bed05af7,30,30,0,0,1.0,40,25.4,25.5,0,105,792,33666,46718,0.4174852529904456,0,0,,0.46934896100356127,41,ALL_RESOLVED
final_v1,ga,map2,46,718a8e29bed05af7,30,15,3,12,0.5,62,44.53333333333333,51,318,4,1519,0,812580,158.78205778909978,27086,812580,0.25,158.95304771500014,64,ALL_RESOLVED
final_v1,bfs,map2,63,718a8e29bed05af7,30,26,4,0,0.8666666666666667,38,24.76923076923077,25.5,0,111,802,109146,120273,0.4728566520207096,0,0,,0.5055567079980392,39,ALL_RESOLVED
final_v1,ucs,map2,63,718a8e29bed05af7,30,26,3,1,0.8666666666666667,38,24.76923076923077,25.5,0,77,822,148291,158359,1.0713679370019236,0,0,,1.1123530340009893,40,ALL_RESOLVED
final_v1,greedy,map2,63,718a8e29bed05af7,30,24,6,0,0.8,37,24.541666666666668,25.5,0,75,819,12270,29153,0.11986168598741642,0,0,,0.15478893899853574,40,ALL_RESOLVED
final_v1,astar,map2,63,718a8e29bed05af7,30,27,3,0,0.9,39,25.296296296296298,26,0,80,822,37538,52158,0.3160940269517596,0,0,,0.35404130299866665,40,ALL_RESOLVED
final_v1,ga,map2,58,718a8e29bed05af7,30,2,4,24,0.06666666666666667,16,13.5,13.5,145,0,743,0,414900,68.61578987603934,13830,414900,0.25,68.6954429030011,30,ALL_RESOLVED
final_v1,bfs,map2,64,718a8e29bed05af7,30,23,7,0,0.7666666666666667,35,22.043478260869566,22,0,156,722,71920,80947,0.5204426079362747,0,0,,0.5718927739981154,36,ALL_RESOLVED
final_v1,ucs,map2,64,718a8e29bed05af7,30,24,6,0,0.8,35,22.416666666666668,22.5,0,130,728,106486,114481,1.2600022240512772,0,0,,1.3119754110011854,36,ALL_RESOLVED
final_v1,greedy,map2,64,718a8e29bed05af7,30,22,7,1,0.7333333333333333,35,21.5,21.5,0,139,721,8802,21042,0.1284960039629368,0,0,,0.1812613380025141,36,ALL_RESOLVED
final_v1,astar,map2,64,718a8e29bed05af7,30,24,6,0,0.8,35,22.5,22.5,0,125,736,32096,43196,0.3885324170405511,0,0,,0.43414761500025634,36,ALL_RESOLVED
final_v1,ga,map2,60,718a8e29bed05af7,30,9,3,18,0.3,26,17.88888888888889,18,125,3,706,0,367590,71.43112394305354,12253,367590,0.25,71.51089157399838,30,ALL_RESOLVED
final_v1,bfs,map2,65,718a8e29bed05af7,30,25,2,3,0.8333333333333334,44,26.96,28,0,10,727,121969,132683,0.8583091159889591,0,0,,0.9068467079996481,45,ALL_RESOLVED
final_v1,ucs,map2,65,718a8e29bed05af7,30,25,2,3,0.8333333333333334,51,29.24,30,0,13,784,149701,158610,1.6150518199465296,0,0,,1.6709254279994639,52,ALL_RESOLVED
final_v1,greedy,map2,65,718a8e29bed05af7,30,22,4,4,0.7333333333333333,58,32.77272727272727,27.5,0,12,917,26093,52911,0.3441962280230655,0,0,,0.39725838599770213,59,ALL_RESOLVED
final_v1,astar,map2,65,718a8e29bed05af7,30,25,2,3,0.8333333333333334,51,28.6,26,0,16,794,54078,69853,0.6402064120338764,0,0,,0.6911255340019125,52,ALL_RESOLVED
final_v1,ga,map2,55,718a8e29bed05af7,30,27,2,1,0.9,114,40.666666666666664,29,230,6,1297,0,634620,100.35425032997591,21154,634620,0.25,100.51977386200087,115,ALL_RESOLVED
final_v1,bfs,map2,66,718a8e29bed05af7,30,30,0,0,1.0,40,25.266666666666666,25.5,0,117,788,100622,111456,0.4599550080456538,0,0,,0.4982554500020342,41,ALL_RESOLVED
final_v1,ucs,map2,66,718a8e29bed05af7,30,30,0,0,1.0,40,25.266666666666666,25.5,0,71,788,140481,149963,0.9867958040340454,0,0,,1.028147455999715,41,ALL_RESOLVED
final_v1,greedy,map2,66,718a8e29bed05af7,30,30,0,0,1.0,41,26.3,26.5,0,76,819,11989,28704,0.12079845987682347,0,0,,0.15722933700089925,42,ALL_RESOLVED
final_v1,astar,map2,66,718a8e29bed05af7,30,30,0,0,1.0,41,25.366666666666667,25.5,0,68,791,44878,59501,0.3473415439220844,0,0,,0.3841831620011362,42,ALL_RESOLVED
final_v1,ga,map2,54,718a8e29bed05af7,30,14,3,13,0.4666666666666667,56,28.428571428571427,30.5,257,8,1258,0,659790,127.41034612401563,21993,659790,0.25,127.55338866599777,57,ALL_RESOLVED
final_v1,ga,map2,57,718a8e29bed05af7,30,4,1,25,0.13333333333333333,32,22.0,23.0,180,3,936,0,516570,99.23811387703972,17219,516570,0.25,99.33726469199974,34,ALL_RESOLVED
final_v1,bfs,map2,67,718a8e29bed05af7,30,7,0,23,0.23333333333333334,15,11.285714285714286,11,0,18,362,82024,87793,0.6071298600363662,0,0,,0.6288798770001449,16,ALL_RESOLVED
final_v1,greedy,map2,67,718a8e29bed05af7,30,7,0,23,0.23333333333333334,17,11.571428571428571,11,0,2,364,14815,28032,0.20118949301104294,0,0,,0.21955473600246478,18,ALL_RESOLVED
final_v1,ucs,map2,67,718a8e29bed05af7,30,7,0,23,0.23333333333333334,15,11.285714285714286,11,0,12,362,93734,96982,0.7314846010012843,0,0,,0.749228826000035,16,ALL_RESOLVED
final_v1,astar,map2,67,718a8e29bed05af7,30,7,0,23,0.23333333333333334,15,11.285714285714286,11,0,12,362,44929,54046,0.5537486440480279,0,0,,0.5749472120005521,16,ALL_RESOLVED
final_v1,bfs,map2,68,718a8e29bed05af7,30,29,1,0,0.9666666666666667,39,24.551724137931036,25,0,84,775,102604,113187,0.739451568977529,0,0,,0.7903557330027979,40,ALL_RESOLVED
final_v1,ucs,map2,68,718a8e29bed05af7,30,25,4,1,0.8333333333333334,37,23.44,24,0,42,789,141883,151488,1.5402869469908183,0,0,,1.5915967830005684,38,ALL_RESOLVED
final_v1,greedy,map2,68,718a8e29bed05af7,30,28,2,0,0.9333333333333333,39,24.785714285714285,25.5,0,69,790,11424,27318,0.17076995393290417,0,0,,0.21639114400022663,40,ALL_RESOLVED
final_v1,astar,map2,68,718a8e29bed05af7,30,26,2,2,0.8666666666666667,36,23.0,23.5,0,28,772,43510,57452,0.5154805950405716,0,0,,0.5602296709985239,38,ALL_RESOLVED
final_v1,ga,map2,56,718a8e29bed05af7,30,14,0,16,0.4666666666666667,36,21.357142857142858,18.0,226,9,1081,0,564840,114.68446576991482,18828,564840,0.25,114.812792110999,48,ALL_RESOLVED
final_v1,bfs,map2,69,718a8e29bed05af7,30,30,0,0,1.0,38,23.433333333333334,23.5,0,112,733,86694,96338,0.6422445010284719,0,0,,0.6935412479979277,39,ALL_RESOLVED
final_v1,ucs,map2,69,718a8e29bed05af7,30,30,0,0,1.0,38,23.433333333333334,23.5,0,52,733,132674,142015,1.4720407590612012,0,0,,1.5278916870011017,39,ALL_RESOLVED
final_v1,greedy,map2,69,718a8e29bed05af7,30,30,0,0,1.0,38,23.433333333333334,23.5,0,72,733,9713,23265,0.14861595989350462,0,0,,0.19690887500109966,39,ALL_RESOLVED
final_v1,astar,map2,69,718a8e29bed05af7,30,30,0,0,1.0,38,23.433333333333334,23.5,0,66,733,37156,49662,0.4585318139725132,0,0,,0.5085504710004898,39,ALL_RESOLVED
final_v1,ga,map2,59,718a8e29bed05af7,30,28,1,1,0.9333333333333333,111,41.785714285714285,33.5,236,8,1332,0,646500,103.11132724298295,21550,646500,0.25,103.2760415949997,112,ALL_RESOLVED
final_v1,bfs,map2,70,718a8e29bed05af7,30,14,3,13,0.4666666666666667,20,13.5,13.5,0,17,427,69673,74937,0.5121141160088882,0,0,,0.5365818760001275,21,ALL_RESOLVED
final_v1,ucs,map2,70,718a8e29bed05af7,30,14,2,14,0.4666666666666667,21,14.357142857142858,14.5,0,23,439,83658,88026,0.9626976779873075,0,0,,0.9901945450001222,22,ALL_RESOLVED
final_v1,greedy,map2,70,718a8e29bed05af7,30,13,2,15,0.43333333333333335,21,14.538461538461538,15,0,22,440,8474,18402,0.1259371580053994,0,0,,0.14827073000196833,22,ALL_RESOLVED
final_v1,astar,map2,70,718a8e29bed05af7,30,14,2,14,0.4666666666666667,21,14.357142857142858,14.5,0,23,439,27060,35481,0.34089521899659303,0,0,,0.36499177500081714,22,ALL_RESOLVED
final_v1,ga,map2,67,718a8e29bed05af7,30,1,1,28,0.03333333333333333,7,7.0,7,76,0,360,0,195270,31.0828582260001,6509,195270,0.25,31.11671530699823,16,ALL_RESOLVED
final_v1,bfs,map2,71,718a8e29bed05af7,30,30,0,0,1.0,39,23.966666666666665,24.5,0,79,749,98595,108750,0.42865800399522413,0,0,,0.46226204599952325,40,ALL_RESOLVED
final_v1,ucs,map2,71,718a8e29bed05af7,30,30,0,0,1.0,40,24.6,25.5,0,58,768,136478,146891,0.9271867179340916,0,0,,0.9636176900021383,41,ALL_RESOLVED
final_v1,greedy,map2,71,718a8e29bed05af7,30,30,0,0,1.0,40,24.7,25.5,0,63,771,10904,26125,0.10709322004549904,0,0,,0.1449172289976559,41,ALL_RESOLVED
final_v1,astar,map2,71,718a8e29bed05af7,30,30,0,0,1.0,40,24.6,25.5,0,58,768,38921,52595,0.32979606697699637,0,0,,0.36674411300191423,41,ALL_RESOLVED
final_v1,ga,map2,64,718a8e29bed05af7,30,12,1,17,0.4,30,20.916666666666668,21.5,163,7,843,0,418200,72.55897681605347,13940,418200,0.25,72.64618611900005,34,ALL_RESOLVED
final_v1,bfs,map2,72,718a8e29bed05af7,30,28,1,1,0.9333333333333333,39,23.75,23.5,1,19,702,100934,109680,0.7704969999322202,0,0,,0.8206271529998048,40,ALL_RESOLVED
final_v1,ucs,map2,72,718a8e29bed05af7,30,28,1,1,0.9333333333333333,41,24.428571428571427,23.5,1,11,725,134444,143736,1.5892083770413592,0,0,,1.647290149001492,42,ALL_RESOLVED
final_v1,greedy,map2,72,718a8e29bed05af7,30,29,0,1,0.9666666666666667,40,25.82758620689655,26,1,62,779,11159,26951,0.1830297190208512,0,0,,0.23516114800077048,41,ALL_RESOLVED
final_v1,astar,map2,72,718a8e29bed05af7,30,28,1,1,0.9333333333333333,40,24.428571428571427,23.5,1,11,725,40916,56074,0.5361028670522501,0,0,,0.585366860999784,41,ALL_RESOLVED
final_v1,ga,map2,61,718a8e29bed05af7,30,27,0,3,0.9,96,45.81481481481482,44,258,13,1400,0,691410,114.81672232205528,23047,691410,0.25,114.97601888099962,97,ALL_RESOLVED
final_v1,bfs,map2,73,718a8e29bed05af7,30,29,1,0,0.9666666666666667,37,22.862068965517242,23,0,85,696,77247,84994,0.5555635829732637,0,0,,0.6016761479986599,38,ALL_RESOLVED
final_v1,ucs,map2,73,718a8e29bed05af7,30,26,4,0,0.8666666666666667,35,21.615384615384617,21.5,0,56,644,99110,106214,1.1038730070758902,0,0,,1.1499716880025517,36,ALL_RESOLVED
final_v1,greedy,map2,73,718a8e29bed05af7,30,29,1,0,0.9666666666666667,38,23.379310344827587,24,0,74,711,9500,22430,0.13997281198680867,0,0,,0.1829852450027829,39,ALL_RESOLVED
final_v1,astar,map2,73,718a8e29bed05af7,30,28,2,0,0.9333333333333333,37,22.678571428571427,22.5,0,65,671,31595,42049,0.3790179910720326,0,0,,0.4221625819991459,38,ALL_RESOLVED
final_v1,ga,map2,70,718a8e29bed05af7,30,9,1,20,0.3,29,14.555555555555555,15,92,1,446,0,220650,46.99400473897549,7355,220650,0.25,47.04670124600307,30,ALL_RESOLVED
final_v1,bfs,map2,74,718a8e29bed05af7,30,30,0,0,1.0,39,24.5,24.5,0,105,765,94302,104371,0.6905779889675614,0,0,,0.744073224002932,40,ALL_RESOLVED
final_v1,ucs,map2,74,718a8e29bed05af7,30,30,0,0,1.0,42,24.633333333333333,24.5,0,55,769,141331,150995,1.5848551499293535,0,0,,1.6453998750002938,43,ALL_RESOLVED
final_v1,greedy,map2,74,718a8e29bed05af7,30,30,0,0,1.0,40,25.466666666666665,25.5,0,80,794,11110,26719,0.1703800770410453,0,0,,0.22251401800167514,41,ALL_RESOLVED
final_v1,astar,map2,74,718a8e29bed05af7,30,30,0,0,1.0,39,24.5,24.5,0,53,765,42752,56582,0.5233833219244843,0,0,,0.5757665919991268,40,ALL_RESOLVED
final_v1,ga,map2,63,718a8e29bed05af7,30,4,2,24,0.13333333333333333,28,19.25,19.5,217,14,1081,0,596820,110.48987913005112,19894,596820,0.25,110.6090911909996,40,ALL_RESOLVED
final_v1,bfs,map2,75,718a8e29bed05af7,30,23,4,3,0.7666666666666667,45,20.391304347826086,20,0,23,540,72827,80052,0.31204320094548166,0,0,,0.3412149600007979,46,ALL_RESOLVED
final_v1,ucs,map2,75,718a8e29bed05af7,30,22,5,3,0.7333333333333333,45,21.045454545454547,21.0,0,20,539,93256,99900,0.6011947120059631,0,0,,0.6344459020001523,46,ALL_RESOLVED
final_v1,greedy,map2,75,718a8e29bed05af7,30,22,5,3,0.7333333333333333,49,22.0,21.5,0,22,596,10526,23641,0.08445977305382257,0,0,,0.11283103299865616,50,ALL_RESOLVED
final_v1,astar,map2,75,718a8e29bed05af7,30,23,4,3,0.7666666666666667,45,21.47826086956522,22,0,24,565,28826,38349,0.20499650095734978,0,0,,0.23396955400312436,46,ALL_RESOLVED
final_v1,ga,map2,65,718a8e29bed05af7,30,8,9,13,0.26666666666666666,46,34.375,33.5,237,3,973,0,524940,102.30966280699431,17498,524940,0.25,102.42363199700048,56,ALL_RESOLVED
final_v1,bfs,map2,76,718a8e29bed05af7,30,28,0,2,0.9333333333333333,36,21.535714285714285,21.5,0,33,635,77569,84952,0.3356328150293848,0,0,,0.36276872899907175,37,ALL_RESOLVED
final_v1,ucs,map2,76,718a8e29bed05af7,30,27,1,2,0.9,37,21.77777777777778,21,0,26,629,105115,112912,0.6903254269600438,0,0,,0.7203373519987508,38,ALL_RESOLVED
final_v1,greedy,map2,76,718a8e29bed05af7,30,28,0,2,0.9333333333333333,36,21.535714285714285,21.5,0,27,635,8758,21153,0.07804764097818406,0,0,,0.1024993139981234,37,ALL_RESOLVED
final_v1,astar,map2,76,718a8e29bed05af7,30,27,1,2,0.9,37,21.814814814814813,21,0,27,630,32132,42941,0.2409282739754417,0,0,,0.26768119799817214,38,ALL_RESOLVED
final_v1,ga,map2,62,718a8e29bed05af7,30,27,2,1,0.9,85,52.592592592592595,52,343,23,1681,0,835620,141.53171669695075,27854,835620,0.25,141.73048554999696,110,ALL_RESOLVED
final_v1,bfs,map2,77,718a8e29bed05af7,30,30,0,0,1.0,36,21.5,21.5,0,66,675,80511,88851,0.5835017319805047,0,0,,0.6320243679983832,37,ALL_RESOLVED
final_v1,ucs,map2,77,718a8e29bed05af7,30,30,0,0,1.0,38,22.533333333333335,23.0,0,49,706,119392,128015,1.3133005180170585,0,0,,1.366274889001943,39,ALL_RESOLVED
final_v1,greedy,map2,77,718a8e29bed05af7,30,30,0,0,1.0,38,22.8,22.5,0,63,714,9685,22998,0.1439998899695638,0,0,,0.18942543199955253,39,ALL_RESOLVED
final_v1,astar,map2,77,718a8e29bed05af7,30,30,0,0,1.0,38,22.533333333333335,23.0,0,45,706,34156,45954,0.4109148110183014,0,0,,0.45831272499708575,39,ALL_RESOLVED
final_v1,ga,map2,68,718a8e29bed05af7,30,8,4,18,0.26666666666666666,36,22.625,24.0,182,2,917,0,499020,102.09782173298663,16634,499020,0.25,102.20562519400119,38,ALL_RESOLVED
final_v1,bfs,map2,78,718a8e29bed05af7,30,30,0,0,1.0,43,25.266666666666666,26.5,0,25,788,131224,142304,0.9366990939743118,0,0,,0.9899206959998992,44,ALL_RESOLVED
final_v1,ucs,map2,78,718a8e29bed05af7,30,29,1,0,0.9666666666666667,44,26.93103448275862,29,0,36,822,158106,166354,1.735858745956648,0,0,,1.7950479770006496,45,ALL_RESOLVED
final_v1,greedy,map2,78,718a8e29bed05af7,30,25,5,0,0.8333333333333334,49,28.36,25,0,17,870,25871,51663,0.3393723109802522,0,0,,0.3906777920019522,50,ALL_RESOLVED
final_v1,astar,map2,78,718a8e29bed05af7,30,29,1,0,0.9666666666666667,47,26.96551724137931,30,0,29,823,65200,81938,0.7714823379756126,0,0,,0.8249454739998328,48,ALL_RESOLVED
final_v1,ga,map2,66,718a8e29bed05af7,30,21,3,6,0.7,84,37.57142857142857,33,240,12,1328,0,659760,115.81749886692342,21992,659760,0.25,115.97414272400056,86,ALL_RESOLVED
final_v1,bfs,map2,79,718a8e29bed05af7,30,30,0,0,1.0,39,24.4,24.5,0,104,762,93629,103205,0.6789679650210019,0,0,,0.7326703280014044,40,ALL_RESOLVED
final_v1,ucs,map2,79,718a8e29bed05af7,30,29,1,0,0.9666666666666667,39,23.93103448275862,24,0,52,729,131516,140409,1.4517734929613653,0,0,,1.5078105559987307,40,ALL_RESOLVED
final_v1,greedy,map2,79,718a8e29bed05af7,30,30,0,0,1.0,40,25.4,25.5,0,94,792,10726,25645,0.1609949880366912,0,0,,0.2132034520000161,41,ALL_RESOLVED
final_v1,astar,map2,79,718a8e29bed05af7,30,29,1,0,0.9666666666666667,39,23.93103448275862,24,0,52,729,38088,50719,0.4634605619830836,0,0,,0.5138442370007397,40,ALL_RESOLVED
final_v1,ga,map2,69,718a8e29bed05af7,30,29,0,1,0.9666666666666667,95,43.10344827586207,39,258,10,1367,0,665190,107.12296244998288,22173,665190,0.25,107.28530710500127,96,ALL_RESOLVED
final_v1,bfs,map2,80,718a8e29bed05af7,30,30,0,0,1.0,38,23.5,23.5,0,95,735,89806,99464,0.659107471950847,0,0,,0.7105169570022554,39,ALL_RESOLVED
final_v1,ucs,map2,80,718a8e29bed05af7,30,30,0,0,1.0,45,23.866666666666667,23.5,0,44,746,137479,147151,1.5340406390387216,0,0,,1.5959224549987994,46,ALL_RESOLVED
final_v1,greedy,map2,80,718a8e29bed05af7,30,30,0,0,1.0,39,24.366666666666667,24.5,0,63,761,10599,25458,0.16431428500436596,0,0,,0.21385062099943752,40,ALL_RESOLVED
final_v1,astar,map2,80,718a8e29bed05af7,30,30,0,0,1.0,42,23.7,23.5,0,49,741,41572,54710,0.5076766380443587,0,0,,0.5617012549992069,43,ALL_RESOLVED
final_v1,ga,map2,73,718a8e29bed05af7,30,11,4,15,0.36666666666666664,36,19.09090909090909,19,141,2,717,0,366060,70.0101336120133,12202,366060,0.25,70.09367765800198,37,ALL_RESOLVED
final_v1,bfs,map2,81,718a8e29bed05af7,30,29,0,1,0.9666666666666667,40,21.20689655172414,21,0,64,650,80685,88943,0.5882959170085087,0,0,,0.6405304219988466,41,ALL_RESOLVED
final_v1,ucs,map2,81,718a8e29bed05af7,30,27,2,1,0.9,42,21.925925925925927,20,0,48,689,122906,131080,1.353057229975093,0,0,,1.4104583320004167,43,ALL_RESOLVED
final_v1,greedy,map2,81,718a8e29bed05af7,30,21,6,3,0.7,41,18.333333333333332,17,0,36,662,11941,26824,0.1666373350271897,0,0,,0.214599607999844,42,ALL_RESOLVED
final_v1,astar,map2,81,718a8e29bed05af7,30,26,3,1,0.8666666666666667,41,21.03846153846154,19.5,0,47,683,38754,50015,0.46314056700794026,0,0,,0.513845104000211,42,ALL_RESOLVED
final_v1,ga,map2,75,718a8e29bed05af7,30,15,3,12,0.5,52,31.333333333333332,35,217,6,987,0,491400,77.27923491697948,16380,491400,0.25,77.3856406820014,53,ALL_RESOLVED
final_v1,bfs,map2,82,718a8e29bed05af7,30,30,0,0,1.0,39,24.366666666666667,24.5,0,85,761,101795,112069,0.6319535059628834,0,0,,0.6678908390022116,40,ALL_RESOLVED
final_v1,ucs,map2,82,718a8e29bed05af7,30,29,1,0,0.9666666666666667,39,24.586206896551722,25,0,55,776,144472,153618,1.0189658180497645,0,0,,1.054564553000091,40,ALL_RESOLVED
final_v1,greedy,map2,82,718a8e29bed05af7,30,26,4,0,0.8666666666666667,36,23.03846153846154,23.5,0,58,759,10951,26506,0.09687451998252072,0,0,,0.12562405900098383,37,ALL_RESOLVED
final_v1,astar,map2,82,718a8e29bed05af7,30,28,0,2,0.9333333333333333,38,23.964285714285715,24.5,0,47,771,46113,60605,0.3480708749521,0,0,,0.3802326010008983,39,ALL_RESOLVED
final_v1,ga,map2,72,718a8e29bed05af7,30,17,3,10,0.5666666666666667,71,39.35294117647059,42,251,8,1193,0,618210,108.59855256401352,20607,618210,0.25,108.73297838599683,72,ALL_RESOLVED
final_v1,bfs,map2,83,718a8e29bed05af7,30,30,0,0,1.0,38,23.066666666666666,23.5,0,85,722,89519,98902,0.6401942919692374,0,0,,0.6907108140003402,39,ALL_RESOLVED
final_v1,ucs,map2,83,718a8e29bed05af7,30,30,0,0,1.0,38,23.066666666666666,23.5,0,49,722,132317,141424,1.5052849539388262,0,0,,1.5576480110030388,39,ALL_RESOLVED
final_v1,greedy,map2,83,718a8e29bed05af7,30,30,0,0,1.0,38,23.066666666666666,23.5,0,49,722,9962,23764,0.1599543799420644,0,0,,0.20736969700010377,39,ALL_RESOLVED
final_v1,astar,map2,83,718a8e29bed05af7,30,30,0,0,1.0,38,23.066666666666666,23.5,0,51,722,39182,51497,0.46310566002648557,0,0,,0.5128045489982469,39,ALL_RESOLVED
final_v1,ga,map2,71,718a8e29bed05af7,30,13,2,15,0.43333333333333335,52,26.76923076923077,23,267,14,1323,0,698730,135.97027648699077,23291,698730,0.25,136.13540113499766,58,ALL_RESOLVED
final_v1,bfs,map2,84,718a8e29bed05af7,30,30,0,0,1.0,38,23.366666666666667,23.5,0,87,731,87627,97187,0.6412330589992052,0,0,,0.6911971580011596,39,ALL_RESOLVED
final_v1,ucs,map2,84,718a8e29bed05af7,30,30,0,0,1.0,42,23.5,23.5,0,47,735,124813,134173,1.4329074890301854,0,0,,1.4910111389981466,43,ALL_RESOLVED
final_v1,greedy,map2,84,718a8e29bed05af7,30,30,0,0,1.0,39,24.333333333333332,24.5,0,60,760,10691,25182,0.15992230900155846,0,0,,0.20831883400023798,40,ALL_RESOLVED
final_v1,astar,map2,84,718a8e29bed05af7,30,30,0,0,1.0,38,23.366666666666667,23.5,0,49,731,34336,46284,0.415460940948833,0,0,,0.4641868969993084,39,ALL_RESOLVED
final_v1,ga,map2,74,718a8e29bed05af7,30,22,2,6,0.7333333333333333,64,38.18181818181818,38.5,242,13,1346,0,686400,117.81338675500956,22880,686400,0.25,117.96511810700031,66,ALL_RESOLVED
final_v1,bfs,map2,85,718a8e29bed05af7,30,6,6,18,0.2,17,13.0,12.5,0,15,540,117556,125928,0.8618981109466404,0,0,,0.8949233130006178,20,ALL_RESOLVED
final_v1,ga,map2,76,718a8e29bed05af7,30,18,4,8,0.6,57,33.72222222222222,34.0,232,4,1061,0,543000,93.61388238606378,18100,543000,0.25,93.72921818500254,58,ALL_RESOLVED
final_v1,greedy,map2,85,718a8e29bed05af7,30,5,4,21,0.16666666666666666,16,13.4,14,0,7,554,24394,45384,0.1888078409829177,0,0,,0.20699764899836737,20,ALL_RESOLVED
final_v1,astar,map2,85,718a8e29bed05af7,30,6,5,19,0.2,17,13.0,12.5,0,15,546,60010,72321,0.4385293300074409,0,0,,0.45866701600243687,20,ALL_RESOLVED
final_v1,ucs,map2,85,718a8e29bed05af7,30,6,5,19,0.2,17,13.0,12.5,0,12,546,136744,142188,1.5662420780463435,0,0,,1.6025621700027841,20,ALL_RESOLVED
final_v1,ga,map2,77,718a8e29bed05af7,30,24,4,2,0.8,102,38.208333333333336,33.5,211,10,1077,0,512400,84.83185259202583,17080,512400,0.25,84.96719082999698,103,ALL_RESOLVED
final_v1,bfs,map2,86,718a8e29bed05af7,30,28,2,0,0.9333333333333333,38,23.571428571428573,24.5,0,26,706,97848,105565,0.6806952109000122,0,0,,0.7251479010010371,39,ALL_RESOLVED
final_v1,greedy,map2,86,718a8e29bed05af7,30,28,2,0,0.9333333333333333,39,24.75,24.5,0,49,739,11030,26278,0.1630836430376803,0,0,,0.2068623960003606,40,ALL_RESOLVED
final_v1,astar,map2,86,718a8e29bed05af7,30,29,1,0,0.9666666666666667,42,24.310344827586206,25,0,14,742,46357,60195,0.5419536560002598,0,0,,0.5880164469999727,43,ALL_RESOLVED
final_v1,ucs,map2,86,718a8e29bed05af7,30,29,1,0,0.9666666666666667,42,24.75862068965517,25,0,13,755,130089,139041,1.4030466200274532,0,0,,1.454007250002178,43,ALL_RESOLVED
final_v1,bfs,map2,87,718a8e29bed05af7,30,7,1,22,0.23333333333333334,18,14.0,15,0,9,563,117621,126746,0.8578135619754903,0,0,,0.8902957099999185,20,ALL_RESOLVED
final_v1,ucs,map2,87,718a8e29bed05af7,30,5,3,22,0.16666666666666666,17,13.0,14,0,6,560,140001,147428,1.2509442209920962,0,0,,1.2820717619979405,20,ALL_RESOLVED
final_v1,greedy,map2,87,718a8e29bed05af7,30,7,2,21,0.23333333333333334,19,15.285714285714286,16,0,9,572,13560,29388,0.12597374096367275,0,0,,0.1447590579991811,20,ALL_RESOLVED
final_v1,astar,map2,87,718a8e29bed05af7,30,5,5,20,0.16666666666666666,17,13.0,14,0,15,560,47378,60175,0.3629460620213649,0,0,,0.38563994400101365,20,ALL_RESOLVED
final_v1,ga,map2,81,718a8e29bed05af7,30,13,1,16,0.43333333333333335,35,18.53846153846154,14,177,14,876,0,450480,88.594355860012,15016,450480,0.25,88.69982117199834,42,ALL_RESOLVED
final_v1,bfs,map2,88,718a8e29bed05af7,30,19,4,7,0.6333333333333333,29,18.0,18,0,35,667,100519,109929,0.7159484819894715,0,0,,0.7579731969999557,30,ALL_RESOLVED
final_v1,ucs,map2,88,718a8e29bed05af7,30,18,6,6,0.6,29,18.055555555555557,17.5,0,32,679,136790,144698,1.5285200900143536,0,0,,1.575586936000036,30,ALL_RESOLVED
final_v1,greedy,map2,88,718a8e29bed05af7,30,20,4,6,0.6666666666666666,29,18.7,18.5,0,21,670,10289,24672,0.15699206903082086,0,0,,0.19398871500015957,30,ALL_RESOLVED
final_v1,astar,map2,88,718a8e29bed05af7,30,18,4,8,0.6,29,18.055555555555557,17.5,0,30,679,40478,54558,0.49359424800786655,0,0,,0.5341335060002166,30,ALL_RESOLVED
final_v1,ga,map2,79,718a8e29bed05af7,30,21,5,4,0.7,75,41.76190476190476,39,258,2,1264,0,645150,111.80558655698769,21505,645150,0.25,111.9538120670004,76,ALL_RESOLVED
final_v1,bfs,map2,89,718a8e29bed05af7,30,4,2,24,0.13333333333333333,14,10.5,10.5,0,5,412,101047,107060,0.738233474039589,0,0,,0.7625540459994227,16,ALL_RESOLVED
final_v1,ucs,map2,89,718a8e29bed05af7,30,4,3,23,0.13333333333333333,14,10.5,10.5,0,3,412,110980,114855,1.2700279840537405,0,0,,1.296194459999242,16,ALL_RESOLVED
final_v1,greedy,map2,89,718a8e29bed05af7,30,4,1,25,0.13333333333333333,14,10.5,10.5,0,1,412,17016,31851,0.23015122998913284,0,0,,0.25056786599816405,16,ALL_RESOLVED
final_v1,astar,map2,89,718a8e29bed05af7,30,4,3,23,0.13333333333333333,14,10.5,10.5,0,3,412,49472,59841,0.6432170449661498,0,0,,0.6675038930006849,16,ALL_RESOLVED
final_v1,ga,map2,80,718a8e29bed05af7,30,23,5,2,0.7666666666666667,71,40.56521739130435,38,250,7,1342,0,675570,117.08301063306862,22519,675570,0.25,117.23374955100007,72,ALL_RESOLVED
final_v1,ga,map2,78,718a8e29bed05af7,30,11,6,13,0.36666666666666664,55,27.636363636363637,19,250,14,1111,0,589890,131.86407690806664,19663,589890,0.25,132.00226635999934,56,ALL_RESOLVED
final_v1,bfs,map2,90,718a8e29bed05af7,30,30,0,0,1.0,41,26.3,26.5,0,114,819,109527,120440,0.8199355180222483,0,0,,0.8796260729977803,42,ALL_RESOLVED
final_v1,greedy,map2,90,718a8e29bed05af7,30,30,0,0,1.0,41,26.3,26.5,0,46,819,12544,30072,0.19355961606561323,0,0,,0.246705823999946,42,ALL_RESOLVED
final_v1,astar,map2,90,718a8e29bed05af7,30,30,0,0,1.0,41,26.3,26.5,0,70,819,47735,62983,0.5989781909520389,0,0,,0.6579352480002854,42,ALL_RESOLVED
final_v1,ga,map2,85,718a8e29bed05af7,30,2,4,24,0.06666666666666667,18,15.5,15.5,132,5,575,0,310350,55.45255270503549,10345,310350,0.25,55.51345492999826,20,ALL_RESOLVED
final_v1,ucs,map2,90,718a8e29bed05af7,30,30,0,0,1.0,41,26.3,26.5,0,64,819,154722,164729,1.7407612940005492,0,0,,1.8043380150011217,42,ALL_RESOLVED
final_v1,bfs,map2,91,718a8e29bed05af7,30,30,0,0,1.0,39,24.233333333333334,24.5,0,93,757,100784,110911,0.45197522196758655,0,0,,0.48834913999962737,40,ALL_RESOLVED
final_v1,greedy,map2,91,718a8e29bed05af7,30,30,0,0,1.0,39,24.233333333333334,24.5,0,37,757,11083,26836,0.12104307999106823,0,0,,0.15665799400085234,40,ALL_RESOLVED
final_v1,astar,map2,91,718a8e29bed05af7,30,30,0,0,1.0,41,24.733333333333334,24.5,0,50,772,43399,57649,0.4671618620559457,0,0,,0.513837421000062,42,ALL_RESOLVED
final_v1,ucs,map2,91,718a8e29bed05af7,30,30,0,0,1.0,43,24.766666666666666,24.5,0,49,773,144757,154579,1.5897239509904466,0,0,,1.6508679689977726,44,ALL_RESOLVED
final_v1,bfs,map2,92,718a8e29bed05af7,30,30,0,0,1.0,37,22.5,22.5,0,52,705,87330,95491,0.6291642109754321,0,0,,0.6769609729999502,38,ALL_RESOLVED
final_v1,ucs,map2,92,718a8e29bed05af7,30,30,0,0,1.0,39,22.833333333333332,22.5,0,40,715,127524,136072,1.401760824948724,0,0,,1.4562033980000706,40,ALL_RESOLVED
final_v1,greedy,map2,92,718a8e29bed05af7,30,30,0,0,1.0,38,22.633333333333333,22.5,0,46,709,9848,23580,0.14865789696705178,0,0,,0.193429675000516,39,ALL_RESOLVED
final_v1,astar,map2,92,718a8e29bed05af7,30,30,0,0,1.0,38,22.533333333333335,22.5,0,39,706,43298,56307,0.5179454540375446,0,0,,0.5650677350022306,39,ALL_RESOLVED
final_v1,ga,map2,82,718a8e29bed05af7,30,8,0,22,0.26666666666666666,32,18.75,18.0,189,5,950,0,508770,90.54744534588099,16959,508770,0.25,90.6492099729985,36,ALL_RESOLVED
final_v1,bfs,map2,93,718a8e29bed05af7,30,18,2,10,0.6,29,20.333333333333332,20.5,0,95,734,98400,108872,0.4366107510177244,0,0,,0.46887698199861916,30,ALL_RESOLVED
final_v1,ucs,map2,93,718a8e29bed05af7,30,18,6,6,0.6,29,20.333333333333332,20.5,0,58,728,140353,148960,0.9758958820530097,0,0,,1.0092727949995606,30,ALL_RESOLVED
final_v1,greedy,map2,93,718a8e29bed05af7,30,18,2,10,0.6,29,20.333333333333332,20.5,0,70,744,10782,25598,0.10808451403136132,0,0,,0.13616903699949034,30,ALL_RESOLVED
final_v1,astar,map2,93,718a8e29bed05af7,30,18,2,10,0.6,29,20.333333333333332,20.5,0,64,744,43150,56571,0.3761995329950878,0,0,,0.4082614420003665,30,ALL_RESOLVED
final_v1,ga,map2,87,718a8e29bed05af7,30,2,2,26,0.06666666666666667,14,13.0,13.0,116,0,550,0,307020,64.42198282801837,10234,307020,0.25,64.48957753600189,20,ALL_RESOLVED
final_v1,bfs,map2,94,718a8e29bed05af7,30,30,0,0,1.0,39,24.4,24.5,0,110,762,90058,100199,0.40798918998916633,0,0,,0.4407977459995891,40,ALL_RESOLVED
final_v1,ucs,map2,94,718a8e29bed05af7,30,30,0,0,1.0,39,24.4,24.5,0,62,762,127666,137841,0.9717507249952178,0,0,,1.017374317998474,40,ALL_RESOLVED
final_v1,greedy,map2,94,718a8e29bed05af7,30,30,0,0,1.0,40,25.366666666666667,25.5,0,85,791,10749,25645,0.16509807899274165,0,0,,0.2174003990003257,41,ALL_RESOLVED
final_v1,astar,map2,94,718a8e29bed05af7,30,30,0,0,1.0,39,24.4,24.5,0,70,762,33429,46435,0.425631607973628,0,0,,0.47737573999984306,40,ALL_RESOLVED
final_v1,ga,map2,86,718a8e29bed05af7,30,12,3,15,0.4,44,26.416666666666668,23.5,183,2,979,0,515550,84.68959002799602,17185,515550,0.25,84.79520587200022,52,ALL_RESOLVED
final_v1,bfs,map2,95,718a8e29bed05af7,30,30,0,0,1.0,40,25.366666666666667,25.5,0,154,791,81248,90330,0.35993613299069693,0,0,,0.39602904000275885,41,ALL_RESOLVED
final_v1,ucs,map2,95,718a8e29bed05af7,30,29,1,0,0.9666666666666667,42,24.96551724137931,25,0,93,763,117155,126001,0.7963912009981868,0,0,,0.8321140759981063,43,ALL_RESOLVED
final_v1,greedy,map2,95,718a8e29bed05af7,30,30,0,0,1.0,40,25.4,25.5,0,131,792,9736,23405,0.09263973802808323,0,0,,0.1282221319997916,41,ALL_RESOLVED
final_v1,astar,map2,95,718a8e29bed05af7,30,29,1,0,0.9666666666666667,42,24.96551724137931,25,0,103,763,38335,50785,0.3540727390172833,0,0,,0.40093673600131297,43,ALL_RESOLVED
final_v1,ga,map2,89,718a8e29bed05af7,30,2,0,28,0.06666666666666667,10,8.5,8.5,94,0,411,0,231960,53.59383604403047,7732,231960,0.25,53.64376468900082,14,ALL_RESOLVED
final_v1,bfs,map2,96,718a8e29bed05af7,30,30,0,0,1.0,37,22.5,22.5,0,97,705,81128,90128,0.594378753026831,0,0,,0.645212752999214,38,ALL_RESOLVED
final_v1,ucs,map2,96,718a8e29bed05af7,30,30,0,0,1.0,37,22.5,22.5,0,61,705,123734,132553,1.3723921880082344,0,0,,1.4276259489997756,38,ALL_RESOLVED
final_v1,greedy,map2,96,718a8e29bed05af7,30,30,0,0,1.0,37,22.5,22.5,0,63,705,9190,22280,0.13742212501892936,0,0,,0.18461828400177183,38,ALL_RESOLVED
final_v1,astar,map2,96,718a8e29bed05af7,30,30,0,0,1.0,37,22.5,22.5,0,71,705,38088,49817,0.46180499691763544,0,0,,0.5112434710026719,38,ALL_RESOLVED
final_v1,ga,map2,83,718a8e29bed05af7,30,22,4,4,0.7333333333333333,83,39.81818181818182,40.5,297,21,1534,0,789960,125.47379427398846,26332,789960,0.25,125.65657169899714,92,ALL_RESOLVED
final_v1,ga,map2,84,718a8e29bed05af7,30,13,2,15,0.43333333333333335,41,24.076923076923077,24,264,3,1228,0,637470,120.37675209799636,21249,637470,0.25,120.5197895809979,56,ALL_RESOLVED
final_v1,bfs,map2,97,718a8e29bed05af7,30,30,0,0,1.0,38,23.5,23.5,0,55,735,98882,108529,0.7369390859239502,0,0,,0.7887319080000452,39,ALL_RESOLVED
final_v1,greedy,map2,97,718a8e29bed05af7,30,28,2,0,0.9333333333333333,38,23.571428571428573,23.5,0,32,724,11150,26537,0.17045849295755033,0,0,,0.2148685159991146,39,ALL_RESOLVED
final_v1,ucs,map2,97,718a8e29bed05af7,30,30,0,0,1.0,41,24.2,24.5,0,38,756,137024,146159,0.9308467169903452,0,0,,0.9658649360026175,42,ALL_RESOLVED
final_v1,astar,map2,97,718a8e29bed05af7,30,30,0,0,1.0,43,24.233333333333334,24.5,0,37,757,42453,56616,0.5225551229741541,0,0,,0.5739433470007498,44,ALL_RESOLVED
final_v1,bfs,map2,98,718a8e29bed05af7,30,1,1,28,0.03333333333333333,8,8.0,8,0,3,283,64678,69124,0.48037673001817893,0,0,,0.4965200400001777,10,ALL_RESOLVED
final_v1,ucs,map2,98,718a8e29bed05af7,30,1,1,28,0.03333333333333333,8,8.0,8,0,1,283,70915,73931,0.8242613279944635,0,0,,0.841706127001089,10,ALL_RESOLVED
final_v1,greedy,map2,98,718a8e29bed05af7,30,1,1,28,0.03333333333333333,8,8.0,8,0,1,283,9181,17818,0.1243409720082127,0,0,,0.1379479179995542,10,ALL_RESOLVED
final_v1,astar,map2,98,718a8e29bed05af7,30,1,1,28,0.03333333333333333,8,8.0,8,0,1,283,23867,30277,0.30132900996977696,0,0,,0.31596191200151225,10,ALL_RESOLVED
final_v1,ga,map2,88,718a8e29bed05af7,30,7,5,18,0.23333333333333334,19,13.428571428571429,13,147,5,769,0,399960,78.54588905900528,13332,399960,0.25,78.63315784099905,30,ALL_RESOLVED
final_v1,bfs,map2,99,718a8e29bed05af7,30,30,0,0,1.0,39,24.3,24.5,0,104,759,92754,103347,0.6828389019538008,0,0,,0.7361146080002072,40,ALL_RESOLVED
final_v1,ucs,map2,99,718a8e29bed05af7,30,30,0,0,1.0,40,24.333333333333332,24.5,0,49,760,134398,144434,1.5018672670048545,0,0,,1.5597664870001609,41,ALL_RESOLVED
final_v1,greedy,map2,99,718a8e29bed05af7,30,30,0,0,1.0,40,25.233333333333334,25.5,0,62,787,11373,26945,0.1694293190339522,0,0,,0.21931272900110343,41,ALL_RESOLVED
final_v1,astar,map2,99,718a8e29bed05af7,30,30,0,0,1.0,40,24.366666666666667,24.5,0,42,761,38027,51343,0.46593363297142787,0,0,,0.5167345180016127,41,ALL_RESOLVED
final_v1,ga,map2,98,718a8e29bed05af7,30,0,2,28,0.0,,,,52,0,284,0,157800,36.53172411302876,5260,157800,0.14285714285714285,36.56526996100001,10,ALL_RESOLVED
final_v1,bfs,map2,100,718a8e29bed05af7,30,30,0,0,1.0,39,24.366666666666667,24.5,0,103,761,99537,110342,0.7264881840274029,0,0,,0.7822164890021668,40,ALL_RESOLVED
final_v1,ucs,map2,100,718a8e29bed05af7,30,30,0,0,1.0,39,24.366666666666667,24.5,0,63,761,137721,146456,1.5377412210327748,0,0,,1.5969647519996215,40,ALL_RESOLVED
final_v1,greedy,map2,100,718a8e29bed05af7,30,30,0,0,1.0,40,25.3,25.5,0,63,789,11425,27067,0.17064893015412963,0,0,,0.2213275190006243,41,ALL_RESOLVED
final_v1,astar,map2,100,718a8e29bed05af7,30,30,0,0,1.0,39,24.366666666666667,24.5,0,75,761,41856,55605,0.50910816301257,0,0,,0.5617577000011806,40,ALL_RESOLVED
final_v1,ga,map2,93,718a8e29bed05af7,30,3,2,25,0.1,19,18.0,18,171,5,841,0,449580,84.88068373800343,14986,449580,0.25,84.9719849639987,30,ALL_RESOLVED
final_v1,bfs,map2,101,718a8e29bed05af7,30,22,5,3,0.7333333333333333,29,18.5,18.5,0,39,651,90321,99451,0.6562786210524791,0,0,,0.6992139670001052,30,ALL_RESOLVED
final_v1,ucs,map2,101,718a8e29bed05af7,30,21,0,9,0.7,29,18.285714285714285,18,0,32,675,129669,137463,1.4335996849513322,0,0,,1.4808275499999581,30,ALL_RESOLVED
final_v1,greedy,map2,101,718a8e29bed05af7,30,20,2,8,0.6666666666666666,28,17.75,17.5,0,25,659,11423,25850,0.16515909098961856,0,0,,0.20350857299854397,30,ALL_RESOLVED
final_v1,astar,map2,101,718a8e29bed05af7,30,21,0,9,0.7,29,18.285714285714285,18,0,33,675,39223,50855,0.46743615394007065,0,0,,0.5083658870025829,30,ALL_RESOLVED
final_v1,ga,map2,92,718a8e29bed05af7,30,16,6,8,0.5333333333333333,56,32.5,36.5,251,7,1138,0,583020,100.81404232494242,19434,583020,0.25,100.94033944699913,68,ALL_RESOLVED
final_v1,bfs,map2,102,718a8e29bed05af7,30,28,0,2,0.9333333333333333,36,22.428571428571427,22.5,2,108,658,65717,74044,0.4837675930248224,0,0,,0.5300103000008676,37,ALL_RESOLVED
final_v1,ucs,map2,102,718a8e29bed05af7,30,27,1,2,0.9,36,21.962962962962962,22,2,77,628,93058,100670,1.0381258280285692,0,0,,1.087331520000589,37,ALL_RESOLVED
final_v1,greedy,map2,102,718a8e29bed05af7,30,28,0,2,0.9333333333333333,45,23.071428571428573,22.5,2,72,676,9049,21372,0.13557682704777108,0,0,,0.18840395100050955,46,ALL_RESOLVED
final_v1,astar,map2,102,718a8e29bed05af7,30,28,0,2,0.9333333333333333,36,22.428571428571427,22.5,2,82,658,30436,40597,0.3706207519790041,0,0,,0.41692840199903003,37,ALL_RESOLVED
final_v1,ga,map2,91,718a8e29bed05af7,30,20,4,6,0.6666666666666666,79,34.85,33.5,250,8,1275,0,642270,122.32303026697991,21409,642270,0.25,122.48103709899806,90,ALL_RESOLVED
final_v1,bfs,map2,103,718a8e29bed05af7,30,29,1,0,0.9666666666666667,37,22.79310344827586,23,0,65,696,83230,92331,0.3743155080010183,0,0,,0.4041873409987602,38,ALL_RESOLVED
final_v1,ga,map2,95,718a8e29bed05af7,30,18,5,7,0.6,49,29.5,29.5,193,6,987,0,499080,91.19014005896315,16636,499080,0.25,91.30917429300098,62,ALL_RESOLVED
final_v1,greedy,map2,103,718a8e29bed05af7,30,29,1,0,0.9666666666666667,38,23.413793103448278,24,0,49,714,10117,24034,0.15412710096279625,0,0,,0.19745022400093148,39,ALL_RESOLVED
final_v1,astar,map2,103,718a8e29bed05af7,30,29,1,0,0.9666666666666667,38,23.413793103448278,24,0,49,714,35490,47523,0.4350328109721886,0,0,,0.48082353299832903,39,ALL_RESOLVED
final_v1,ucs,map2,103,718a8e29bed05af7,30,29,1,0,0.9666666666666667,38,23.413793103448278,24,0,51,714,121485,130802,0.9221349479994387,0,0,,0.9617492949982989,39,ALL_RESOLVED
final_v1,bfs,map2,104,718a8e29bed05af7,30,30,0,0,1.0,39,24.366666666666667,24.5,0,146,761,80066,89828,0.5430723689823935,0,0,,0.6028079140014597,40,ALL_RESOLVED
final_v1,ga,map2,94,718a8e29bed05af7,30,15,4,11,0.5,54,34.46666666666667,35,273,7,1246,0,645210,110.79788253496372,21507,645210,0.25,110.93599629500022,55,ALL_RESOLVED
final_v1,ucs,map2,104,718a8e29bed05af7,30,30,0,0,1.0,39,24.366666666666667,24.5,0,104,761,120859,130235,1.407059155018942,0,0,,1.4662550310022198,40,ALL_RESOLVED
final_v1,greedy,map2,104,718a8e29bed05af7,30,30,0,0,1.0,40,25.333333333333332,25.5,0,133,790,9752,23484,0.14820590800081845,0,0,,0.20607063900024514,41,ALL_RESOLVED
final_v1,astar,map2,104,718a8e29bed05af7,30,30,0,0,1.0,39,24.366666666666667,24.5,0,102,761,35237,47702,0.4404508650623029,0,0,,0.49290353399919695,40,ALL_RESOLVED
final_v1,bfs,map2,105,718a8e29bed05af7,30,21,3,6,0.7,29,18.0,18,0,54,645,78832,87590,0.5896714059927035,0,0,,0.6299533099991095,30,ALL_RESOLVED
final_v1,ucs,map2,105,718a8e29bed05af7,30,21,3,6,0.7,29,17.857142857142858,18,0,28,642,115146,122964,0.8678555519800284,0,0,,0.9005914310000662,30,ALL_RESOLVED
final_v1,greedy,map2,105,718a8e29bed05af7,30,21,3,6,0.7,29,18.238095238095237,19,0,33,650,9365,21838,0.08860161399570643,0,0,,0.1142802410031436,30,ALL_RESOLVED
final_v1,astar,map2,105,718a8e29bed05af7,30,21,4,5,0.7,29,17.857142857142858,18,0,24,630,33778,44225,0.2793384939795942,0,0,,0.3067994829980307,30,ALL_RESOLVED
final_v1,ga,map2,96,718a8e29bed05af7,30,22,4,4,0.7333333333333333,70,32.36363636363637,30.5,211,7,1178,0,591060,96.90501039899391,19702,591060,0.25,97.04719705300158,71,ALL_RESOLVED
final_v1,bfs,map2,106,718a8e29bed05af7,30,30,0,0,1.0,40,25.033333333333335,25.5,0,101,781,101476,111945,0.7458876409727964,0,0,,0.7999927769997157,41,ALL_RESOLVED
final_v1,ucs,map2,106,718a8e29bed05af7,30,30,0,0,1.0,41,25.866666666666667,26.5,0,52,806,144985,155436,1.362787828024011,0,0,,1.4193602519990236,42,ALL_RESOLVED
final_v1,greedy,map2,106,718a8e29bed05af7,30,30,0,0,1.0,42,26.966666666666665,27.5,0,101,839,11588,27831,0.12746427907404723,0,0,,0.17171061499902862,43,ALL_RESOLVED
final_v1,astar,map2,106,718a8e29bed05af7,30,30,0,0,1.0,41,25.866666666666667,26.5,0,76,806,37274,51825,0.46654933398531284,0,0,,0.518877506001445,42,ALL_RESOLVED
final_v1,ga,map2,97,718a8e29bed05af7,30,15,8,7,0.5,51,30.4,27,158,5,989,0,506250,95.09813983411004,16875,506250,0.25,95.22211443999913,54,ALL_RESOLVED
final_v1,bfs,map2,107,718a8e29bed05af7,30,17,0,13,0.5666666666666667,25,16.058823529411764,16,0,44,602,112536,120279,0.7478462969593238,0,0,,0.7850709409976844,26,ALL_RESOLVED
final_v1,ucs,map2,107,718a8e29bed05af7,30,17,0,13,0.5666666666666667,25,16.11764705882353,16,0,34,603,127267,132659,0.9839719910851272,0,0,,1.014480662997812,26,ALL_RESOLVED
final_v1,greedy,map2,107,718a8e29bed05af7,30,14,1,15,0.4666666666666667,25,15.071428571428571,14.5,0,39,609,26226,48640,0.22286555001846864,0,0,,0.24835692499982542,26,ALL_RESOLVED
final_v1,astar,map2,107,718a8e29bed05af7,30,17,0,13,0.5666666666666667,25,16.11764705882353,16,0,34,603,60176,72725,0.4388057830037724,0,0,,0.46332554900072864,26,ALL_RESOLVED
final_v1,ga,map2,90,718a8e29bed05af7,30,17,5,8,0.5666666666666667,69,41.294117647058826,40,305,6,1561,0,825210,164.35663178608957,27507,825210,0.25,164.549608592999,76,ALL_RESOLVED
final_v1,bfs,map2,108,718a8e29bed05af7,30,30,0,0,1.0,39,24.366666666666667,24.5,0,130,761,86781,96355,0.6304205400192586,0,0,,0.6826521229995706,40,ALL_RESOLVED
final_v1,ucs,map2,108,718a8e29bed05af7,30,30,0,0,1.0,39,24.366666666666667,24.5,0,82,761,131044,140643,1.4524992750230012,0,0,,1.5083448449986463,40,ALL_RESOLVED
final_v1,greedy,map2,108,718a8e29bed05af7,30,30,0,0,1.0,40,25.3,25.5,0,100,789,10504,25035,0.15719285404702532,0,0,,0.20961263299977873,41,ALL_RESOLVED
final_v1,astar,map2,108,718a8e29bed05af7,30,30,0,0,1.0,39,24.366666666666667,24.5,0,76,761,38672,51643,0.4648472409535316,0,0,,0.5155237430008128,40,ALL_RESOLVED
final_v1,ga,map2,101,718a8e29bed05af7,30,9,2,19,0.3,26,17.333333333333332,19,152,2,775,0,397140,73.90845688695845,13238,397140,0.25,73.99363948099926,30,ALL_RESOLVED
final_v1,bfs,map2,109,718a8e29bed05af7,30,30,0,0,1.0,38,23.233333333333334,23.5,0,79,727,95077,105293,0.6872812709952996,0,0,,0.7364839389992994,39,ALL_RESOLVED
final_v1,ucs,map2,109,718a8e29bed05af7,30,30,0,0,1.0,39,23.8,24.5,0,56,744,135534,145478,1.4992007640066731,0,0,,1.5535337700021046,40,ALL_RESOLVED
final_v1,greedy,map2,109,718a8e29bed05af7,30,30,0,0,1.0,40,24.633333333333333,25.5,0,65,769,10856,25807,0.16111295500013512,0,0,,0.21007662700139917,41,ALL_RESOLVED
final_v1,astar,map2,109,718a8e29bed05af7,30,30,0,0,1.0,42,23.366666666666667,23.5,0,39,731,38444,51498,0.4674494100145239,0,0,,0.518243837999762,43,ALL_RESOLVED
final_v1,ga,map2,102,718a8e29bed05af7,30,24,3,3,0.8,71,38.375,41.5,199,8,1073,0,516660,79.15703299206143,17222,516660,0.25,79.26449276100175,72,ALL_RESOLVED
final_v1,bfs,map2,110,718a8e29bed05af7,30,4,5,21,0.13333333333333333,12,10.5,10.5,2,10,468,85009,92227,0.36936527998841484,0,0,,0.3865553520008689,18,ALL_RESOLVED
final_v1,ucs,map2,110,718a8e29bed05af7,30,4,4,22,0.13333333333333333,12,10.5,10.5,2,14,468,106836,112270,0.7185240640501434,0,0,,0.7373053949995665,18,ALL_RESOLVED
final_v1,greedy,map2,110,718a8e29bed05af7,30,5,5,20,0.16666666666666666,17,11.8,11,2,6,470,9889,21132,0.08637955997255631,0,0,,0.10143288199833478,18,ALL_RESOLVED
final_v1,astar,map2,110,718a8e29bed05af7,30,5,4,21,0.16666666666666666,17,11.8,11,2,11,470,30534,39992,0.22493289998237742,0,0,,0.24067979399842443,18,ALL_RESOLVED
final_v1,ga,map2,99,718a8e29bed05af7,30,24,4,2,0.8,74,42.958333333333336,41.5,286,13,1427,0,707070,126.02347316192026,23569,707070,0.25,126.19410006999897,100,ALL_RESOLVED
final_v1,bfs,map2,111,718a8e29bed05af7,30,8,2,20,0.26666666666666666,17,12.625,12.5,0,12,497,96383,104730,0.6942097560058755,0,0,,0.7223164489987539,18,ALL_RESOLVED
final_v1,ucs,map2,111,718a8e29bed05af7,30,7,1,22,0.23333333333333334,16,12.0,12,0,9,497,118343,124867,1.3408668329611828,0,0,,1.3714711829998123,18,ALL_RESOLVED
final_v1,greedy,map2,111,718a8e29bed05af7,30,8,2,20,0.26666666666666666,17,12.75,13.0,0,6,506,9308,21499,0.14346115599619225,0,0,,0.16775774499910767,18,ALL_RESOLVED
final_v1,astar,map2,111,718a8e29bed05af7,30,8,1,21,0.26666666666666666,17,12.625,12.5,0,9,497,39278,50090,0.4784804840164725,0,0,,0.5046608859993285,18,ALL_RESOLVED
final_v1,ga,map2,105,718a8e29bed05af7,30,6,2,22,0.2,24,12.666666666666666,11.5,155,3,706,0,372510,69.7134464709452,12417,372510,0.25,69.79089124900202,30,ALL_RESOLVED
final_v1,bfs,map2,112,718a8e29bed05af7,30,30,0,0,1.0,39,24.433333333333334,24.5,0,106,763,81753,90403,0.5886017650191206,0,0,,0.6373286859998188,40,ALL_RESOLVED
final_v1,ucs,map2,112,718a8e29bed05af7,30,30,0,0,1.0,39,24.433333333333334,24.5,0,76,763,116491,125262,1.2810671269799059,0,0,,1.3325034949994006,40,ALL_RESOLVED
final_v1,greedy,map2,112,718a8e29bed05af7,30,30,0,0,1.0,40,25.433333333333334,25.5,0,108,793,10255,24547,0.15564543992149993,0,0,,0.20446270300089964,41,ALL_RESOLVED
final_v1,astar,map2,112,718a8e29bed05af7,30,30,0,0,1.0,39,24.433333333333334,24.5,0,86,763,40080,52594,0.47962665796876536,0,0,,0.5261562699997739,40,ALL_RESOLVED
final_v1,ga,map2,100,718a8e29bed05af7,30,13,1,16,0.43333333333333335,40,24.153846153846153,21,174,10,1073,0,558240,110.58400545195764,18608,558240,0.25,110.70986835800068,44,ALL_RESOLVED
final_v1,bfs,map2,113,718a8e29bed05af7,30,30,0,0,1.0,40,24.866666666666667,25.5,0,106,776,102367,113364,0.7403129109989095,0,0,,0.7924970370004303,41,ALL_RESOLVED
final_v1,ucs,map2,113,718a8e29bed05af7,30,30,0,0,1.0,41,24.9,25.5,0,47,777,143769,153866,1.5886706549681548,0,0,,1.644003662000614,42,ALL_RESOLVED
final_v1,greedy,map2,113,718a8e29bed05af7,30,29,1,0,0.9666666666666667,42,24.724137931034484,25,0,36,752,11495,26905,0.1690599089670286,0,0,,0.21477388000130304,43,ALL_RESOLVED
final_v1,astar,map2,113,718a8e29bed05af7,30,30,0,0,1.0,40,24.866666666666667,25.5,0,54,776,42688,56473,0.5289143309855717,0,0,,0.5791822569990472,41,ALL_RESOLVED
final_v1,ga,map2,107,718a8e29bed05af7,30,7,0,23,0.23333333333333334,25,12.571428571428571,11,148,8,639,0,332100,59.2811340509943,11070,332100,0.25,59.34302429300078,26,ALL_RESOLVED
final_v1,bfs,map2,114,718a8e29bed05af7,30,29,1,0,0.9666666666666667,36,21.862068965517242,22,0,146,669,56521,64613,0.251205314991239,0,0,,0.27895490800074185,37,ALL_RESOLVED
final_v1,ucs,map2,114,718a8e29bed05af7,30,29,1,0,0.9666666666666667,36,21.862068965517242,22,0,126,669,91144,98861,0.6108314770135621,0,0,,0.6419074199984607,37,ALL_RESOLVED
final_v1,greedy,map2,114,718a8e29bed05af7,30,29,0,1,0.9666666666666667,36,21.862068965517242,22,0,112,669,7772,18649,0.06757893193207565,0,0,,0.09491859799891245,37,ALL_RESOLVED
final_v1,astar,map2,114,718a8e29bed05af7,30,29,1,0,0.9666666666666667,36,21.862068965517242,22,0,124,669,26636,36260,0.19819765205829754,0,0,,0.22562304499660968,37,ALL_RESOLVED
final_v1,ga,map2,104,718a8e29bed05af7,30,22,5,3,0.7333333333333333,58,34.0,31.5,210,10,1160,0,572820,87.36501615302768,19094,572820,0.25,87.47947216199827,62,ALL_RESOLVED
final_v1,bfs,map2,115,718a8e29bed05af7,30,12,7,11,0.4,24,14.916666666666666,15.5,0,12,541,89132,97215,0.37646983900413034,0,0,,0.39822439999989,26,ALL_RESOLVED
final_v1,ucs,map2,115,718a8e29bed05af7,30,12,6,12,0.4,24,14.916666666666666,15.5,0,5,541,109639,116318,0.7066250960124307,0,0,,0.7287493589974474,26,ALL_RESOLVED
final_v1,greedy,map2,115,718a8e29bed05af7,30,13,6,11,0.43333333333333335,24,16.153846153846153,17,0,19,567,9918,23104,0.08946384203591151,0,0,,0.10922170800040476,26,ALL_RESOLVED
final_v1,astar,map2,115,718a8e29bed05af7,30,12,6,12,0.4,24,15.25,16.0,0,5,545,31751,42890,0.22047778103660676,0,0,,0.23952923199976794,26,ALL_RESOLVED
final_v1,ga,map2,103,718a8e29bed05af7,30,19,5,6,0.6333333333333333,72,35.89473684210526,37,216,5,1081,0,543840,98.37240428097721,18128,543840,0.25,98.48974930999975,73,ALL_RESOLVED
final_v1,bfs,map2,116,718a8e29bed05af7,30,30,0,0,1.0,39,24.266666666666666,24.5,0,142,758,79919,89610,0.34195157299473067,0,0,,0.3724574070001836,40,ALL_RESOLVED
final_v1,ucs,map2,116,718a8e29bed05af7,30,30,0,0,1.0,39,24.266666666666666,24.5,0,108,758,116205,125621,0.7418431329824671,0,0,,0.7729675450027571,40,ALL_RESOLVED
final_v1,greedy,map2,116,718a8e29bed05af7,30,30,0,0,1.0,40,25.233333333333334,25.5,0,123,787,9757,23419,0.08123580401661457,0,0,,0.11145917399699101,41,ALL_RESOLVED
final_v1,astar,map2,116,718a8e29bed05af7,30,30,0,0,1.0,39,24.266666666666666,24.5,0,108,758,31144,43197,0.2184794510176289,0,0,,0.24809375699987868,40,ALL_RESOLVED
final_v1,ga,map2,110,718a8e29bed05af7,30,2,0,28,0.06666666666666667,12,11.5,11.5,125,2,495,0,273840,48.950759833063785,9128,273840,0.25,48.99849366000126,18,ALL_RESOLVED
final_v1,bfs,map2,117,718a8e29bed05af7,30,28,1,1,0.9333333333333333,37,23.428571428571427,23.5,0,123,700,72676,81223,0.5219347630081757,0,0,,0.5669417380013329,38,ALL_RESOLVED
final_v1,ucs,map2,117,718a8e29bed05af7,30,28,1,1,0.9333333333333333,37,23.428571428571427,23.5,0,53,700,114384,122795,1.2300286950594455,0,0,,1.2762549489998491,38,ALL_RESOLVED
final_v1,greedy,map2,117,718a8e29bed05af7,30,28,1,1,0.9333333333333333,38,24.392857142857142,24.5,0,122,727,8876,21214,0.1300717139529297,0,0,,0.17560000299999956,39,ALL_RESOLVED
final_v1,astar,map2,117,718a8e29bed05af7,30,27,2,1,0.9,41,23.11111111111111,23,0,64,685,32331,43262,0.2967140680702869,0,0,,0.3274836159980623,42,ALL_RESOLVED
final_v1,ga,map2,111,718a8e29bed05af7,30,4,1,25,0.13333333333333333,13,10.75,11.5,124,2,507,0,273960,56.90269592197728,9132,273960,0.25,56.95330926399765,18,ALL_RESOLVED
final_v1,bfs,map2,118,718a8e29bed05af7,30,30,0,0,1.0,39,24.266666666666666,24.5,0,85,758,101636,111940,0.7426515578954422,0,0,,0.7963941449997947,40,ALL_RESOLVED
final_v1,ucs,map2,118,718a8e29bed05af7,30,30,0,0,1.0,42,24.466666666666665,24.5,0,57,764,143427,153239,1.607527397962258,0,0,,1.6660081050031295,43,ALL_RESOLVED
final_v1,greedy,map2,118,718a8e29bed05af7,30,30,0,0,1.0,39,24.266666666666666,24.5,0,33,758,11373,27400,0.1746109610903659,0,0,,0.22196739399805665,40,ALL_RESOLVED
final_v1,astar,map2,118,718a8e29bed05af7,30,30,0,0,1.0,41,24.333333333333332,24.5,0,55,760,42654,57181,0.5199102370097535,0,0,,0.5732686150004156,42,ALL_RESOLVED
final_v1,ga,map2,106,718a8e29bed05af7,30,8,5,17,0.26666666666666666,36,22.75,21.5,246,20,1198,0,638190,113.42972902001202,21273,638190,0.25,113.54599145500106,46,ALL_RESOLVED
final_v1,bfs,map2,119,718a8e29bed05af7,30,6,5,19,0.2,15,12.5,12.5,0,18,449,83205,89462,0.5951440010467195,0,0,,0.6200862229998165,16,ALL_RESOLVED
final_v1,ucs,map2,119,718a8e29bed05af7,30,6,3,21,0.2,15,12.5,12.5,0,15,453,102929,107538,1.1410018609785766,0,0,,1.1683152320001682,16,ALL_RESOLVED
final_v1,greedy,map2,119,718a8e29bed05af7,30,5,2,23,0.16666666666666666,15,13.0,13,0,10,450,12272,23474,0.15884113098945818,0,0,,0.18032215600032941,16,ALL_RESOLVED
final_v1,astar,map2,119,718a8e29bed05af7,30,6,3,21,0.2,15,12.5,12.5,0,15,453,35129,43421,0.4134274439966248,0,0,,0.4373605069995392,16,ALL_RESOLVED
final_v1,ga,map2,115,718a8e29bed05af7,30,5,4,21,0.16666666666666666,21,13.8,13,128,10,622,0,339360,66.9665587130221,11312,339360,0.25,67.0319821310004,26,ALL_RESOLVED
final_v1,bfs,map2,120,718a8e29bed05af7,30,30,0,0,1.0,36,21.5,21.5,0,71,675,79959,88923,0.583652546061785,0,0,,0.6297229619995051,37,ALL_RESOLVED
final_v1,ucs,map2,120,718a8e29bed05af7,30,30,0,0,1.0,37,22.1,22.5,0,59,693,117944,126565,1.307322992979607,0,0,,1.3576571110024815,38,ALL_RESOLVED
final_v1,greedy,map2,120,718a8e29bed05af7,30,29,1,0,0.9666666666666667,37,22.620689655172413,23,0,64,719,9573,22791,0.14308552103466354,0,0,,0.18978094200065243,38,ALL_RESOLVED
final_v1,astar,map2,120,718a8e29bed05af7,30,29,1,0,0.9666666666666667,36,21.586206896551722,22,0,52,685,33442,44663,0.40367880299527314,0,0,,0.44836626300093485,37,ALL_RESOLVED
final_v1,ga,map2,108,718a8e29bed05af7,30,18,0,12,0.6,58,30.833333333333332,29.5,255,20,1365,0,697770,120.5171828960265,23259,697770,0.25,120.65619551499913,66,ALL_RESOLVED
final_v1,bfs,map2,121,718a8e29bed05af7,30,20,1,9,0.6666666666666666,36,20.45,20.5,0,26,729,130015,138992,0.9183916859765304,0,0,,0.963629920999665,37,ALL_RESOLVED
final_v1,ucs,map2,121,718a8e29bed05af7,30,20,1,9,0.6666666666666666,36,20.45,20.5,0,22,729,151798,159918,1.6857765469867445,0,0,,1.735050710998621,37,ALL_RESOLVED
final_v1,greedy,map2,121,718a8e29bed05af7,30,22,5,3,0.7333333333333333,38,22.454545454545453,22.5,0,20,716,12026,28248,0.18264200702833477,0,0,,0.22196347499993863,39,ALL_RESOLVED
final_v1,astar,map2,121,718a8e29bed05af7,30,20,2,8,0.6666666666666666,36,20.45,20.5,0,20,729,50791,66281,0.6022042010517907,0,0,,0.644163960001606,37,ALL_RESOLVED
final_v1,ga,map2,114,718a8e29bed05af7,30,29,0,1,0.9666666666666667,112,41.41379310344828,37,221,37,1236,0,570240,83.54184554696985,19008,570240,0.25,83.67770607800048,113,ALL_RESOLVED
final_v1,bfs,map2,122,718a8e29bed05af7,30,25,1,4,0.8333333333333334,34,21.6,22,0,36,657,97457,106397,0.7139751110080397,0,0,,0.7564856800017878,35,ALL_RESOLVED
final_v1,ga,map2,112,718a8e29bed05af7,30,12,6,12,0.4,47,23.583333333333332,20.5,179,4,889,0,464640,90.84711502895516,15488,464640,0.25,90.94081045100029,48,ALL_RESOLVED
final_v1,greedy,map2,122,718a8e29bed05af7,30,22,3,5,0.7333333333333333,41,23.0,22.5,0,24,694,15157,32607,0.15339489705002052,0,0,,0.18259047100218595,42,ALL_RESOLVED
final_v1,astar,map2,122,718a8e29bed05af7,30,26,1,3,0.8666666666666667,42,22.615384615384617,22.5,0,18,680,39793,52429,0.28023729201959213,0,0,,0.3060902770012035,43,ALL_RESOLVED
final_v1,ucs,map2,122,718a8e29bed05af7,30,25,2,3,0.8333333333333334,39,21.88,22,0,17,668,120039,127790,1.3122162809486326,0,0,,1.357306535999669,40,ALL_RESOLVED
final_v1,bfs,map2,123,718a8e29bed05af7,30,13,5,12,0.43333333333333335,27,18.153846153846153,18,0,40,649,122302,133140,0.8860104880004656,0,0,,0.9272537309989275,28,ALL_RESOLVED
final_v1,ucs,map2,123,718a8e29bed05af7,30,12,3,15,0.4,27,18.666666666666668,20.0,0,50,682,158432,165737,1.9235851589946833,0,0,,1.9788225259981118,28,ALL_RESOLVED
final_v1,greedy,map2,123,718a8e29bed05af7,30,8,5,17,0.26666666666666666,27,18.125,19.5,0,37,685,20789,41428,0.2727246609829308,0,0,,0.31486582399884355,28,ALL_RESOLVED
final_v1,astar,map2,123,718a8e29bed05af7,30,12,3,15,0.4,27,18.666666666666668,20.0,0,45,682,61351,75940,0.7345245249853178,0,0,,0.7768186389985203,28,ALL_RESOLVED
final_v1,ga,map2,117,718a8e29bed05af7,30,22,4,4,0.7333333333333333,65,36.09090909090909,35.5,201,12,1096,0,533190,64.4494843309767,17773,533190,0.25,64.53937988399775,66,ALL_RESOLVED
final_v1,bfs,map2,124,718a8e29bed05af7,30,28,1,1,0.9333333333333333,37,23.464285714285715,23.5,0,78,697,88648,97826,0.40377962302954984,0,0,,0.436799308998161,38,ALL_RESOLVED
final_v1,ucs,map2,124,718a8e29bed05af7,30,28,1,1,0.9333333333333333,39,23.964285714285715,23.5,0,48,711,128840,138119,1.0916654860011477,0,0,,1.1329989439982455,40,ALL_RESOLVED
final_v1,greedy,map2,124,718a8e29bed05af7,30,28,0,2,0.9333333333333333,38,24.035714285714285,24.5,0,38,713,10598,25169,0.09719778993530781,0,0,,0.1265637920005247,39,ALL_RESOLVED
final_v1,astar,map2,124,718a8e29bed05af7,30,28,1,1,0.9333333333333333,38,23.928571428571427,23.5,0,43,710,36902,49510,0.28523721000237856,0,0,,0.31772975899730227,39,ALL_RESOLVED
final_v1,ga,map2,119,718a8e29bed05af7,30,2,2,26,0.06666666666666667,13,11.0,11.0,113,12,458,0,245820,50.562696024975594,8194,245820,0.25,50.612074635999306,16,ALL_RESOLVED
final_v1,ga,map2,109,718a8e29bed05af7,30,29,0,1,0.9666666666666667,114,50.51724137931034,47,278,19,1548,0,761310,133.45343724194754,25377,761310,0.25,133.63848073799818,115,ALL_RESOLVED
final_v1,bfs,map2,125,718a8e29bed05af7,30,30,0,0,1.0,38,23.433333333333334,23.5,0,111,733,84343,93717,0.6178641710430384,0,0,,0.6696375149986125,39,ALL_RESOLVED
final_v1,greedy,map2,125,718a8e29bed05af7,30,30,0,0,1.0,38,23.433333333333334,23.5,0,49,733,10310,24774,0.15475529808463762,0,0,,0.20155936400260543,39,ALL_RESOLVED
final_v1,astar,map2,125,718a8e29bed05af7,30,30,0,0,1.0,38,23.433333333333334,23.5,0,75,733,37968,50298,0.4604439830145566,0,0,,0.5100278009995236,39,ALL_RESOLVED
final_v1,ucs,map2,125,718a8e29bed05af7,30,30,0,0,1.0,40,23.633333333333333,23.5,0,69,739,128276,137411,1.4153874759394967,0,0,,1.4730920149995654,41,ALL_RESOLVED
final_v1,bfs,map2,126,718a8e29bed05af7,30,5,4,21,0.16666666666666666,15,12.4,13,0,10,403,79953,86283,0.5848210599506274,0,0,,0.6081784490015707,16,ALL_RESOLVED
final_v1,ucs,map2,126,718a8e29bed05af7,30,5,3,22,0.16666666666666666,15,12.4,13,0,14,403,92495,96745,1.058547775985062,0,0,,1.0844406239993987,16,ALL_RESOLVED
final_v1,greedy,map2,126,718a8e29bed05af7,30,5,2,23,0.16666666666666666,15,12.4,13,0,5,403,11619,23482,0.15992551503222785,0,0,,0.17951360999722965,16,ALL_RESOLVED
final_v1,astar,map2,126,718a8e29bed05af7,30,5,4,21,0.16666666666666666,15,12.4,13,0,12,403,34408,43260,0.4213884220152977,0,0,,0.44379353700060165,16,ALL_RESOLVED
final_v1,ga,map2,113,718a8e29bed05af7,30,24,3,3,0.8,80,44.5,45.5,260,16,1396,0,694530,114.30758959706873,23151,694530,0.25,114.44044813100118,84,ALL_RESOLVED
final_v1,bfs,map2,127,718a8e29bed05af7,30,28,0,2,0.9333333333333333,37,22.642857142857142,23.5,0,48,712,98969,108291,0.5859405671180866,0,0,,0.6265790249999554,46,ALL_RESOLVED
final_v1,ucs,map2,127,718a8e29bed05af7,30,26,2,2,0.8666666666666667,43,22.5,23.5,0,21,735,136479,145884,0.933302029970946,0,0,,0.9735520829999587,46,ALL_RESOLVED
final_v1,greedy,map2,127,718a8e29bed05af7,30,29,0,1,0.9666666666666667,39,24.448275862068964,25,0,42,742,10827,25887,0.09367985101562226,0,0,,0.12148051199983456,40,ALL_RESOLVED
final_v1,astar,map2,127,718a8e29bed05af7,30,28,0,2,0.9333333333333333,38,23.392857142857142,24.5,0,29,733,37474,50989,0.3163566239854845,0,0,,0.3540696250020119,46,ALL_RESOLVED
final_v1,ga,map2,126,718a8e29bed05af7,30,1,0,29,0.03333333333333333,15,15.0,15,95,4,414,0,232800,50.49135793398091,7760,232800,0.25,50.53800917400076,16,ALL_RESOLVED
final_v1,bfs,map2,128,718a8e29bed05af7,30,30,0,0,1.0,39,24.4,24.5,0,147,762,79900,89837,0.5906537140035653,0,0,,0.643357498000114,40,ALL_RESOLVED
final_v1,ucs,map2,128,718a8e29bed05af7,30,30,0,0,1.0,39,24.4,24.5,0,111,762,119987,129114,1.3546084570516541,0,0,,1.4103545119978662,40,ALL_RESOLVED
final_v1,ga,map2,116,718a8e29bed05af7,30,29,0,1,0.9666666666666667,125,52.03448275862069,48,318,17,1646,0,816900,141.7208524340058,27230,816900,0.25,141.9163641289997,126,ALL_RESOLVED
final_v1,greedy,map2,128,718a8e29bed05af7,30,30,0,0,1.0,41,26.333333333333332,26.5,0,139,820,10521,25222,0.16025878301661578,0,0,,0.21711329600293539,42,ALL_RESOLVED
final_v1,ga,map2,122,718a8e29bed05af7,30,12,4,14,0.4,47,28.666666666666668,26.0,165,5,818,0,419940,73.11776176698186,13998,419940,0.25,73.21238297400123,56,ALL_RESOLVED
final_v1,astar,map2,128,718a8e29bed05af7,30,30,0,0,1.0,40,24.433333333333334,24.5,0,106,763,37207,50016,0.4592004700243706,0,0,,0.5104331639995507,41,ALL_RESOLVED
final_v1,bfs,map2,129,718a8e29bed05af7,30,30,0,0,1.0,38,23.5,23.5,0,124,735,78857,88297,0.5886044199432945,0,0,,0.6396015640020778,39,ALL_RESOLVED
final_v1,greedy,map2,129,718a8e29bed05af7,30,30,0,0,1.0,38,23.5,23.5,0,80,735,9487,22795,0.1460137740104983,0,0,,0.19492868200177327,39,ALL_RESOLVED
final_v1,astar,map2,129,718a8e29bed05af7,30,30,0,0,1.0,38,23.5,23.5,0,88,735,36466,48332,0.4420986650766281,0,0,,0.4918453319987748,39,ALL_RESOLVED
final_v1,ucs,map2,129,718a8e29bed05af7,30,30,0,0,1.0,38,23.5,23.5,0,82,735,120215,129476,1.3578890839744417,0,0,,1.4123208000019076,39,ALL_RESOLVED
final_v1,bfs,map2,130,718a8e29bed05af7,30,30,0,0,1.0,38,23.333333333333332,23.5,0,101,730,84795,94482,0.623503507951682,0,0,,0.6741962640007841,39,ALL_RESOLVED
final_v1,ucs,map2,130,718a8e29bed05af7,30,30,0,0,1.0,38,23.333333333333332,23.5,0,57,730,123524,132880,1.4220713489376067,0,0,,1.4812256430013804,39,ALL_RESOLVED
final_v1,greedy,map2,130,718a8e29bed05af7,30,30,0,0,1.0,40,25.133333333333333,25.5,0,105,784,10127,24225,0.15202126492658863,0,0,,0.20432828300181427,41,ALL_RESOLVED
final_v1,astar,map2,130,718a8e29bed05af7,30,30,0,0,1.0,38,23.333333333333332,23.5,0,61,730,35287,47777,0.4283738580197678,0,0,,0.47671940899817855,39,ALL_RESOLVED
final_v1,ga,map2,123,718a8e29bed05af7,30,3,2,25,0.1,16,11.666666666666666,10,147,0,704,0,391110,73.91441827097879,13037,391110,0.25,73.98708301899751,26,ALL_RESOLVED
final_v1,bfs,map2,131,718a8e29bed05af7,30,29,1,0,0.9666666666666667,37,22.448275862068964,22,0,46,688,83352,90615,0.35259011802918394,0,0,,0.37897941199844354,38,ALL_RESOLVED
final_v1,ucs,map2,131,718a8e29bed05af7,30,29,1,0,0.9666666666666667,39,23.03448275862069,22,0,39,705,113407,121593,1.2627600600244477,0,0,,1.3106608890011557,40,ALL_RESOLVED
final_v1,greedy,map2,131,718a8e29bed05af7,30,29,1,0,0.9666666666666667,40,23.79310344827586,22,0,65,727,10361,24266,0.15372970604585134,0,0,,0.19615369600069243,41,ALL_RESOLVED
final_v1,astar,map2,131,718a8e29bed05af7,30,29,1,0,0.9666666666666667,38,22.82758620689655,22,0,39,699,37581,49685,0.4509431070291612,0,0,,0.493409316000907,39,ALL_RESOLVED
final_v1,ga,map2,121,718a8e29bed05af7,30,6,2,22,0.2,31,18.5,17.5,163,5,811,0,446790,83.4916501170228,14893,446790,0.25,83.5770049419989,34,ALL_RESOLVED
final_v1,bfs,map2,132,718a8e29bed05af7,30,28,2,0,0.9333333333333333,36,22.25,22.5,0,39,671,93221,102232,0.6721107659286645,0,0,,0.7169040869994205,37,ALL_RESOLVED
final_v1,ucs,map2,132,718a8e29bed05af7,30,26,4,0,0.8666666666666667,37,22.0,21.5,0,23,656,110899,117853,1.229681418997643,0,0,,1.2768929089979792,38,ALL_RESOLVED
final_v1,greedy,map2,132,718a8e29bed05af7,30,24,6,0,0.8,57,24.583333333333332,22.5,0,29,672,15091,31457,0.20371187108321465,0,0,,0.25274566499865614,58,ALL_RESOLVED
final_v1,astar,map2,132,718a8e29bed05af7,30,28,2,0,0.9333333333333333,40,23.214285714285715,22.5,0,29,696,39217,52088,0.47630764399218606,0,0,,0.5216725860009319,41,ALL_RESOLVED
final_v1,ga,map2,118,718a8e29bed05af7,30,27,3,0,0.9,98,48.111111111111114,44,295,9,1580,0,796620,132.83688837496084,26554,796620,0.25,133.0319955399973,120,ALL_RESOLVED
final_v1,bfs,map2,133,718a8e29bed05af7,30,10,8,12,0.3333333333333333,25,18.0,17.5,0,46,702,111914,124000,0.8001440579791961,0,0,,0.8411042529987753,26,ALL_RESOLVED
final_v1,ucs,map2,133,718a8e29bed05af7,30,8,6,16,0.26666666666666666,23,16.375,16.5,0,33,703,146378,155669,1.61837220804955,0,0,,1.662168765997194,26,ALL_RESOLVED
final_v1,greedy,map2,133,718a8e29bed05af7,30,12,8,10,0.4,26,19.333333333333332,20.5,0,12,700,11769,27371,0.17675833601970226,0,0,,0.21019195900225895,27,ALL_RESOLVED
final_v1,astar,map2,133,718a8e29bed05af7,30,8,6,16,0.26666666666666666,23,16.375,16.5,0,38,703,39983,54075,0.4856432980559475,0,0,,0.523516245000792,26,ALL_RESOLVED
final_v1,ga,map2,120,718a8e29bed05af7,30,12,2,16,0.4,33,20.166666666666668,21.5,225,8,1010,0,528810,109.84993440404651,17627,528810,0.25,109.96916323299956,42,ALL_RESOLVED
final_v1,bfs,map2,134,718a8e29bed05af7,30,21,6,3,0.7,35,21.80952380952381,21,0,34,755,128562,139620,0.938376642014191,0,0,,0.9858833769976627,36,ALL_RESOLVED
final_v1,ga,map2,124,718a8e29bed05af7,30,24,3,3,0.8,85,44.625,46.5,252,8,1303,0,646110,91.33781661804096,21537,646110,0.25,91.46935585100073,86,ALL_RESOLVED
final_v1,ucs,map2,134,718a8e29bed05af7,30,20,6,4,0.6666666666666666,35,21.75,21.5,0,31,769,163987,171185,1.8364948850321525,0,0,,1.88884429600148,36,ALL_RESOLVED
final_v1,greedy,map2,134,718a8e29bed05af7,30,12,8,10,0.4,34,19.916666666666668,17.5,0,22,803,23748,47279,0.183974553943699,0,0,,0.21148669999820413,36,ALL_RESOLVED
final_v1,astar,map2,134,718a8e29bed05af7,30,20,4,6,0.6666666666666666,35,21.95,22.0,0,37,789,67905,84325,0.8111469549512549,0,0,,0.8584442930005025,36,ALL_RESOLVED
final_v1,bfs,map2,135,718a8e29bed05af7,30,30,0,0,1.0,39,24.433333333333334,24.5,0,134,763,83606,93277,0.6091218110304908,0,0,,0.6612846790012554,40,ALL_RESOLVED
final_v1,ucs,map2,135,718a8e29bed05af7,30,30,0,0,1.0,46,25.0,24.5,0,95,780,124346,132685,1.3622489840126946,0,0,,1.4217215339995164,47,ALL_RESOLVED
final_v1,greedy,map2,135,718a8e29bed05af7,30,28,2,0,0.9333333333333333,56,27.0,24.5,0,105,842,13480,30878,0.18629874499310972,0,0,,0.24555065499953344,57,ALL_RESOLVED
final_v1,astar,map2,135,718a8e29bed05af7,30,30,0,0,1.0,41,24.733333333333334,24.5,0,99,772,42636,55555,0.5080926729860948,0,0,,0.560109073001513,42,ALL_RESOLVED
final_v1,ga,map2,127,718a8e29bed05af7,30,12,1,17,0.4,45,28.333333333333332,27.0,237,9,1138,0,596580,98.10669187597159,19886,596580,0.25,98.21763246699993,46,ALL_RESOLVED
final_v1,bfs,map2,136,718a8e29bed05af7,30,29,1,0,0.9666666666666667,39,23.586206896551722,23,0,42,729,96259,104710,0.690767036012403,0,0,,0.7386533680000866,40,ALL_RESOLVED
final_v1,ucs,map2,136,718a8e29bed05af7,30,29,1,0,0.9666666666666667,40,23.79310344827586,23,0,36,735,129064,137964,1.431402141970466,0,0,,1.4840972169986344,41,ALL_RESOLVED
final_v1,greedy,map2,136,718a8e29bed05af7,30,29,1,0,0.9666666666666667,39,23.448275862068964,23,0,22,725,11181,26515,0.16705132906281506,0,0,,0.20986210599949118,40,ALL_RESOLVED
final_v1,astar,map2,136,718a8e29bed05af7,30,29,1,0,0.9666666666666667,39,23.586206896551722,23,0,34,729,44446,58030,0.5318363369478902,0,0,,0.578182780998759,40,ALL_RESOLVED
final_v1,ga,map2,130,718a8e29bed05af7,30,25,4,1,0.8333333333333334,90,34.96,30,197,8,1111,0,541170,72.74209906008036,18039,541170,0.25,72.86247499900128,91,ALL_RESOLVED
final_v1,bfs,map2,137,718a8e29bed05af7,30,14,2,14,0.4666666666666667,20,13.5,13.5,0,23,533,84027,92006,0.6105784929604852,0,0,,0.6440721589970053,22,ALL_RESOLVED
final_v1,ucs,map2,137,718a8e29bed05af7,30,14,2,14,0.4666666666666667,20,13.5,13.5,0,20,541,110337,116374,1.2240427270553482,0,0,,1.2601273079999373,22,ALL_RESOLVED
final_v1,greedy,map2,137,718a8e29bed05af7,30,15,2,13,0.5,21,14.0,14,0,14,543,8761,20742,0.13023809600053937,0,0,,0.1584380690001126,22,ALL_RESOLVED
final_v1,astar,map2,137,718a8e29bed05af7,30,15,1,14,0.5,21,14.0,14,0,21,543,36824,47084,0.4396086819724587,0,0,,0.4705146820015216,22,ALL_RESOLVED
final_v1,ga,map2,131,718a8e29bed05af7,30,16,3,11,0.5333333333333333,41,25.0,23.5,182,4,832,0,406230,73.32099240005118,13541,406230,0.25,73.4106528379998,52,ALL_RESOLVED
final_v1,ga,map2,125,718a8e29bed05af7,30,23,1,6,0.7666666666666667,72,40.82608695652174,38,279,18,1478,0,745500,137.46990733893472,24850,745500,0.25,137.64636092100045,82,ALL_RESOLVED
final_v1,bfs,map2,138,718a8e29bed05af7,30,17,10,3,0.5666666666666667,27,18.764705882352942,19,1,47,625,81995,90920,0.4181209090129414,0,0,,0.4463842980003392,28,ALL_RESOLVED
final_v1,greedy,map2,138,718a8e29bed05af7,30,15,10,5,0.5,27,17.866666666666667,18,1,24,630,10060,23409,0.09902558597605093,0,0,,0.12309373100288212,28,ALL_RESOLVED
final_v1,astar,map2,138,718a8e29bed05af7,30,15,10,5,0.5,27,17.866666666666667,18,1,31,640,32763,43811,0.25213377498221234,0,0,,0.27766125299967825,28,ALL_RESOLVED
final_v1,ucs,map2,138,718a8e29bed05af7,30,15,10,5,0.5,27,17.866666666666667,18,1,34,638,121963,129667,1.349507495011494,0,0,,1.3929572550005105,28,ALL_RESOLVED
final_v1,ga,map2,128,718a8e29bed05af7,30,25,3,2,0.8333333333333334,59,35.12,36,213,7,1129,0,537930,83.41309657009697,17931,537930,0.25,83.53019434500311,62,ALL_RESOLVED
final_v1,bfs,map2,139,718a8e29bed05af7,30,30,0,0,1.0,36,21.5,21.5,0,59,675,82691,91609,0.5995338989814627,0,0,,0.648078969999915,37,ALL_RESOLVED
final_v1,greedy,map2,139,718a8e29bed05af7,30,30,0,0,1.0,38,22.366666666666667,22.5,0,43,701,9682,23173,0.1430084159837861,0,0,,0.18937164800081518,39,ALL_RESOLVED
final_v1,astar,map2,139,718a8e29bed05af7,30,30,0,0,1.0,37,21.666666666666668,21.5,0,34,680,34833,46870,0.4217031120460888,0,0,,0.4679892239983019,38,ALL_RESOLVED
final_v1,ucs,map2,139,718a8e29bed05af7,30,30,0,0,1.0,37,21.6,21.5,0,30,678,117929,126806,1.310909560019354,0,0,,1.3637197370007925,38,ALL_RESOLVED
final_v1,bfs,map2,140,718a8e29bed05af7,30,29,0,1,0.9666666666666667,35,21.0,21,0,96,642,66996,74859,0.48863840106059797,0,0,,0.5355271949993039,36,ALL_RESOLVED
final_v1,ucs,map2,140,718a8e29bed05af7,30,29,0,1,0.9666666666666667,39,21.20689655172414,21,0,62,648,106656,114038,1.1798271969564667,0,0,,1.2337752860003093,40,ALL_RESOLVED
final_v1,greedy,map2,140,718a8e29bed05af7,30,29,0,1,0.9666666666666667,35,21.0,21,0,62,642,8142,19527,0.12069187097222311,0,0,,0.16294356100115692,36,ALL_RESOLVED
final_v1,astar,map2,140,718a8e29bed05af7,30,29,0,1,0.9666666666666667,37,21.06896551724138,21,0,70,644,33321,43626,0.399644649005495,0,0,,0.44679101000292576,38,ALL_RESOLVED
final_v1,ga,map2,132,718a8e29bed05af7,30,15,4,11,0.5,55,28.6,27,185,2,976,0,487800,96.59501705508228,16260,487800,0.25,96.71278178000284,70,ALL_RESOLVED
final_v1,bfs,map2,141,718a8e29bed05af7,30,30,0,0,1.0,43,22.8,22.5,0,86,714,79848,88971,0.5816910959474626,0,0,,0.6312580760022684,44,ALL_RESOLVED
final_v1,ga,map2,129,718a8e29bed05af7,30,27,3,0,0.9,108,41.03703703703704,37,242,4,1267,0,601080,107.68854950202513,20036,601080,0.25,107.85088287500184,109,ALL_RESOLVED
final_v1,greedy,map2,141,718a8e29bed05af7,30,30,0,0,1.0,55,24.9,23.5,0,61,777,14421,31477,0.20552724102526554,0,0,,0.2584008220001124,56,ALL_RESOLVED
final_v1,ucs,map2,141,718a8e29bed05af7,30,29,1,0,0.9666666666666667,45,22.79310344827586,22,0,53,698,109675,117731,1.2333271309471456,0,0,,1.2860614659985004,46,ALL_RESOLVED
final_v1,astar,map2,141,718a8e29bed05af7,30,29,1,0,0.9666666666666667,45,22.79310344827586,22,0,53,698,38478,49915,0.45888522598397685,0,0,,0.506799778999266,46,ALL_RESOLVED
final_v1,bfs,map2,142,718a8e29bed05af7,30,30,0,0,1.0,39,24.5,24.5,0,173,765,71433,80646,0.5305311089578026,0,0,,0.5840550690008968,40,ALL_RESOLVED
final_v1,ucs,map2,142,718a8e29bed05af7,30,30,0,0,1.0,39,24.5,24.5,0,105,765,119228,128554,1.332217776991456,0,0,,1.3889824180005235,40,ALL_RESOLVED
final_v1,greedy,map2,142,718a8e29bed05af7,30,30,0,0,1.0,39,24.5,24.5,0,131,765,9079,21568,0.13392549400305143,0,0,,0.18587949900029344,40,ALL_RESOLVED
final_v1,astar,map2,142,718a8e29bed05af7,30,30,0,0,1.0,39,24.5,24.5,0,113,765,31215,42442,0.37496192596881883,0,0,,0.4254598760016961,40,ALL_RESOLVED
final_v1,ga,map2,133,718a8e29bed05af7,30,1,1,28,0.03333333333333333,10,10.0,10,159,4,729,0,414150,92.8324638840204,13805,414150,0.25,92.91851518099793,26,ALL_RESOLVED
final_v1,bfs,map2,143,718a8e29bed05af7,30,29,0,1,0.9666666666666667,37,22.96551724137931,23,0,70,701,87962,97405,0.647856506959215,0,0,,0.6959026619988435,38,ALL_RESOLVED
final_v1,ucs,map2,143,718a8e29bed05af7,30,29,0,1,0.9666666666666667,40,23.689655172413794,23,0,49,722,122290,130883,1.3559395199663413,0,0,,1.4085835320001934,41,ALL_RESOLVED
final_v1,greedy,map2,143,718a8e29bed05af7,30,25,4,1,0.8333333333333334,43,22.68,22,0,53,674,10742,25087,0.13887392497781548,0,0,,0.17272073699859902,44,ALL_RESOLVED
final_v1,astar,map2,143,718a8e29bed05af7,30,29,0,1,0.9666666666666667,41,23.75862068965517,23,0,45,724,39471,52401,0.47475101805321174,0,0,,0.5213105809998524,42,ALL_RESOLVED
final_v1,ga,map2,137,718a8e29bed05af7,30,6,0,24,0.2,17,10.5,9.5,124,5,569,0,297180,55.59301249300188,9906,297180,0.25,55.65718423599901,22,ALL_RESOLVED
final_v1,bfs,map2,144,718a8e29bed05af7,30,30,0,0,1.0,39,24.5,24.5,0,126,765,89233,99208,0.6540837459797331,0,0,,0.7089671069988981,40,ALL_RESOLVED
final_v1,ucs,map2,144,718a8e29bed05af7,30,30,0,0,1.0,39,24.5,24.5,0,82,765,136094,145821,1.5186340960972302,0,0,,1.5777706029984984,40,ALL_RESOLVED
final_v1,greedy,map2,144,718a8e29bed05af7,30,30,0,0,1.0,39,24.5,24.5,0,78,765,10353,24574,0.15482390001488966,0,0,,0.20643003000077442,40,ALL_RESOLVED
final_v1,ga,map2,134,718a8e29bed05af7,30,4,3,23,0.13333333333333333,26,20.5,20.5,199,5,952,0,518820,106.77045676196212,17294,518820,0.25,106.87703907800096,36,ALL_RESOLVED
final_v1,astar,map2,144,718a8e29bed05af7,30,30,0,0,1.0,39,24.5,24.5,0,88,765,38847,51634,0.4716316920093959,0,0,,0.5236631899970234,40,ALL_RESOLVED
final_v1,bfs,map2,145,718a8e29bed05af7,30,30,0,0,1.0,39,24.433333333333334,24.5,0,162,763,74028,83270,0.5468012338933477,0,0,,0.60008004699921,40,ALL_RESOLVED
final_v1,ucs,map2,145,718a8e29bed05af7,30,30,0,0,1.0,40,24.466666666666665,24.5,0,121,764,116121,124523,1.2999658129956515,0,0,,1.3572313909971854,41,ALL_RESOLVED
final_v1,greedy,map2,145,718a8e29bed05af7,30,30,0,0,1.0,39,24.433333333333334,24.5,0,130,763,9111,22204,0.13647199704792,0,0,,0.1893625989978318,40,ALL_RESOLVED
final_v1,astar,map2,145,718a8e29bed05af7,30,30,0,0,1.0,40,24.466666666666665,24.5,0,123,764,39314,51862,0.4756634080076765,0,0,,0.5280366850020073,41,ALL_RESOLVED
final_v1,ga,map2,136,718a8e29bed05af7,30,14,4,12,0.4666666666666667,49,26.357142857142858,21.5,187,14,929,0,474240,89.74496654995528,15808,474240,0.25,89.85160675699808,50,ALL_RESOLVED
final_v1,bfs,map2,146,718a8e29bed05af7,30,28,1,1,0.9333333333333333,36,21.357142857142858,20.5,1,35,633,79776,86685,0.3411357189070259,0,0,,0.3658648180025921,37,ALL_RESOLVED
final_v1,ucs,map2,146,718a8e29bed05af7,30,26,3,1,0.8666666666666667,36,20.807692307692307,19.5,1,24,618,103166,109896,0.6831842050560226,0,0,,0.7108320970000932,37,ALL_RESOLVED
final_v1,greedy,map2,146,718a8e29bed05af7,30,29,0,1,0.9666666666666667,37,22.06896551724138,22,1,37,670,9172,21808,0.08320345094034565,0,0,,0.10679711899865652,38,ALL_RESOLVED
final_v1,astar,map2,146,718a8e29bed05af7,30,26,3,1,0.8666666666666667,36,20.692307692307693,19.5,1,25,615,33467,44317,0.23955090500749066,0,0,,0.2637409269991622,37,ALL_RESOLVED
final_v1,ga,map2,135,718a8e29bed05af7,30,19,2,9,0.6333333333333333,65,35.78947368421053,36,220,4,1155,0,579810,113.5377659470796,19327,579810,0.25,113.67326511599822,66,ALL_RESOLVED
final_v1,bfs,map2,147,718a8e29bed05af7,30,25,3,2,0.8333333333333334,43,22.56,21,0,36,657,95124,103193,0.6721211649710312,0,0,,0.7194802750018425,44,ALL_RESOLVED
final_v1,ucs,map2,147,718a8e29bed05af7,30,24,5,1,0.8,43,22.833333333333332,21.0,0,21,652,124783,132248,0.902026765023038,0,0,,0.9380492589989444,44,ALL_RESOLVED
final_v1,greedy,map2,147,718a8e29bed05af7,30,28,2,0,0.9333333333333333,39,23.607142857142858,24.5,0,24,705,10687,25801,0.11103682593602571,0,0,,0.14258728499771678,40,ALL_RESOLVED
final_v1,astar,map2,147,718a8e29bed05af7,30,24,5,1,0.8,43,22.833333333333332,21.0,0,21,652,43476,56066,0.3251408399992215,0,0,,0.35829907600054867,44,ALL_RESOLVED
final_v1,ga,map2,138,718a8e29bed05af7,30,5,1,24,0.16666666666666666,24,16.8,16,177,8,762,0,402240,71.04134674401939,13408,402240,0.25,71.12192905499978,28,ALL_RESOLVED
final_v1,bfs,map2,148,718a8e29bed05af7,30,28,0,2,0.9333333333333333,38,23.392857142857142,24.5,2,68,685,87877,96407,0.38170570398506243,0,0,,0.4115534459997434,39,ALL_RESOLVED
final_v1,ucs,map2,148,718a8e29bed05af7,30,28,0,2,0.9333333333333333,39,24.035714285714285,25.5,2,38,703,123251,131832,0.8025785869285755,0,0,,0.8359561580000445,40,ALL_RESOLVED
final_v1,greedy,map2,148,718a8e29bed05af7,30,28,0,2,0.9333333333333333,39,24.071428571428573,25.5,2,47,704,9981,23903,0.09298786502040457,0,0,,0.12232934100029524,40,ALL_RESOLVED
final_v1,astar,map2,148,718a8e29bed05af7,30,28,0,2,0.9333333333333333,40,24.535714285714285,26.0,2,56,717,35316,47499,0.25250181396040716,0,0,,0.2834001349983737,41,ALL_RESOLVED
final_v1,ga,map2,140,718a8e29bed05af7,30,22,3,5,0.7333333333333333,65,27.272727272727273,23.0,154,5,940,0,451920,78.85620260997166,15064,451920,0.25,78.97367590100112,66,ALL_RESOLVED
final_v1,bfs,map2,149,718a8e29bed05af7,30,3,5,22,0.1,12,11.0,11,0,15,510,110020,118488,0.8035172950294509,0,0,,0.8339842880013748,18,ALL_RESOLVED
final_v1,ucs,map2,149,718a8e29bed05af7,30,3,3,24,0.1,12,11.0,11,0,15,510,120786,127444,1.3755062019663455,0,0,,1.4085696629990707,18,ALL_RESOLVED
final_v1,greedy,map2,149,718a8e29bed05af7,30,3,4,23,0.1,15,12.666666666666666,13,0,13,519,12364,26816,0.18335548296090565,0,0,,0.210082870999031,18,ALL_RESOLVED
final_v1,astar,map2,149,718a8e29bed05af7,30,3,3,24,0.1,12,11.0,11,0,15,510,35251,46771,0.44023854598708567,0,0,,0.46823455600315356,18,ALL_RESOLVED
final_v1,ga,map2,141,718a8e29bed05af7,30,20,6,4,0.6666666666666666,64,31.3,29.0,208,7,964,0,466290,83.63654947601026,15543,466290,0.25,83.74899220600128,65,ALL_RESOLVED
final_v1,bfs,map2,150,718a8e29bed05af7,30,30,0,0,1.0,39,24.333333333333332,24.5,0,132,760,83276,92720,0.6282881559309317,0,0,,0.6809225270008028,40,ALL_RESOLVED
final_v1,ucs,map2,150,718a8e29bed05af7,30,30,0,0,1.0,39,24.333333333333332,24.5,0,86,760,120959,130127,1.3742047410232772,0,0,,1.430233818002307,40,ALL_RESOLVED
final_v1,greedy,map2,150,718a8e29bed05af7,30,30,0,0,1.0,39,24.333333333333332,24.5,0,84,760,10006,23948,0.15280222907313146,0,0,,0.20301338600256713,40,ALL_RESOLVED
final_v1,astar,map2,150,718a8e29bed05af7,30,30,0,0,1.0,39,24.333333333333332,24.5,0,94,760,35142,47489,0.4357530569905066,0,0,,0.485865251001087,40,ALL_RESOLVED
final_v1,ga,map2,142,718a8e29bed05af7,30,26,3,1,0.8666666666666667,77,36.57692307692308,31.5,207,11,1183,0,562830,91.15432944100394,18761,562830,0.25,91.29278150999744,78,ALL_RESOLVED
final_v1,ga,map2,139,718a8e29bed05af7,30,25,0,5,0.8333333333333334,71,38.4,39,243,9,1355,0,673920,119.62439796102262,22464,673920,0.25,119.78281884500029,74,ALL_RESOLVED
final_v1,bfs,map2,151,718a8e29bed05af7,30,27,1,2,0.9,36,22.22222222222222,22,2,60,635,71974,79167,0.516753147039708,0,0,,0.5591449690000445,37,ALL_RESOLVED
final_v1,greedy,map2,151,718a8e29bed05af7,30,28,0,2,0.9333333333333333,37,23.5,23.5,2,76,688,8784,20996,0.13156227395302267,0,0,,0.17348113600019133,38,ALL_RESOLVED
final_v1,ucs,map2,151,718a8e29bed05af7,30,27,1,2,0.9,36,22.11111111111111,22,2,47,632,98960,106534,0.6783876220251841,0,0,,0.7085813190024055,37,ALL_RESOLVED
final_v1,astar,map2,151,718a8e29bed05af7,30,27,1,2,0.9,35,22.0,22,2,46,629,30152,40556,0.36341606397763826,0,0,,0.4046595999971032,36,ALL_RESOLVED
final_v1,bfs,map2,152,718a8e29bed05af7,30,28,1,1,0.9333333333333333,37,23.321428571428573,23.5,0,77,721,86693,94561,0.614278926022962,0,0,,0.6601754590010387,38,ALL_RESOLVED
final_v1,ucs,map2,152,718a8e29bed05af7,30,26,2,2,0.8666666666666667,35,22.307692307692307,22.5,0,50,710,115849,123008,1.2693672999666887,0,0,,1.316687615999399,38,ALL_RESOLVED
final_v1,greedy,map2,152,718a8e29bed05af7,30,28,1,1,0.9333333333333333,37,23.321428571428573,23.5,0,67,721,9652,23051,0.14542105104555958,0,0,,0.18711977999919327,38,ALL_RESOLVED
final_v1,ga,map2,143,718a8e29bed05af7,30,19,3,8,0.6333333333333333,81,34.1578947368421,32,206,7,1016,0,499050,88.97166786005982,16635,499050,0.25,89.0960352760012,84,ALL_RESOLVED
final_v1,astar,map2,152,718a8e29bed05af7,30,27,2,1,0.9,36,22.814814814814813,23,0,42,705,42923,55023,0.5066846749396063,0,0,,0.5484516289980093,37,ALL_RESOLVED
final_v1,bfs,map2,153,718a8e29bed05af7,30,14,0,16,0.4666666666666667,20,13.5,13.5,0,27,555,94017,102182,0.6690615930019703,0,0,,0.7023254369996721,22,ALL_RESOLVED
final_v1,ucs,map2,153,718a8e29bed05af7,30,15,0,15,0.5,21,14.0,14,0,19,555,124008,130206,1.3852335390220105,0,0,,1.4223161789996084,22,ALL_RESOLVED
final_v1,greedy,map2,153,718a8e29bed05af7,30,15,0,15,0.5,21,14.0,14,0,17,555,9623,22639,0.14454770001248107,0,0,,0.17369658399911714,22,ALL_RESOLVED
final_v1,astar,map2,153,718a8e29bed05af7,30,15,0,15,0.5,21,14.0,14,0,20,555,43373,55293,0.5255525780121388,0,0,,0.5588826579987654,22,ALL_RESOLVED
final_v1,ga,map2,146,718a8e29bed05af7,30,11,3,16,0.36666666666666664,36,16.636363636363637,16,154,2,765,0,401340,64.45282940896504,13378,401340,0.25,64.53088906300036,37,ALL_RESOLVED
final_v1,bfs,map2,154,718a8e29bed05af7,30,14,3,13,0.4666666666666667,25,16.785714285714285,16.5,0,19,653,101636,111158,0.4516659660184814,0,0,,0.4761041150013625,26,ALL_RESOLVED
final_v1,ucs,map2,154,718a8e29bed05af7,30,14,1,15,0.4666666666666667,25,16.785714285714285,16.5,0,14,653,134473,142354,0.9311471470500692,0,0,,0.959809469000902,26,ALL_RESOLVED
final_v1,greedy,map2,154,718a8e29bed05af7,30,14,3,13,0.4666666666666667,25,18.357142857142858,18.5,0,42,687,11018,25997,0.10017693904592306,0,0,,0.12312469799871906,26,ALL_RESOLVED
final_v1,astar,map2,154,718a8e29bed05af7,30,14,3,13,0.4666666666666667,25,16.785714285714285,16.5,0,19,653,39420,52192,0.2937562700280978,0,0,,0.3163861370012455,26,ALL_RESOLVED
final_v1,ga,map2,144,718a8e29bed05af7,30,23,2,5,0.7666666666666667,73,36.17391304347826,35,244,4,1295,0,649140,90.68425950799792,21638,649140,0.25,90.82296870500068,74,ALL_RESOLVED
final_v1,bfs,map2,155,718a8e29bed05af7,30,29,0,1,0.9666666666666667,38,23.93103448275862,24,0,97,733,87164,97134,0.4246786470430379,0,0,,0.45872418400176684,39,ALL_RESOLVED
final_v1,ucs,map2,155,718a8e29bed05af7,30,28,1,1,0.9333333333333333,37,23.428571428571427,23.5,0,60,700,116661,125618,1.0720400661011809,0,0,,1.1134864529994957,38,ALL_RESOLVED
final_v1,greedy,map2,155,718a8e29bed05af7,30,28,1,1,0.9333333333333333,38,24.357142857142858,24.5,0,80,726,9740,23300,0.1158704860281432,0,0,,0.15014297399829957,39,ALL_RESOLVED
final_v1,astar,map2,155,718a8e29bed05af7,30,28,1,1,0.9333333333333333,37,23.428571428571427,23.5,0,62,700,32486,44521,0.26268047897610813,0,0,,0.29357703600180685,38,ALL_RESOLVED
final_v1,ga,map2,149,718a8e29bed05af7,30,0,3,27,0.0,,,,114,1,528,0,295920,69.55674066997017,9864,295920,0.1,69.61978585999896,18,ALL_RESOLVED
final_v1,bfs,map2,156,718a8e29bed05af7,30,30,0,0,1.0,38,23.5,23.5,0,150,735,70800,79979,0.5261641330362181,0,0,,0.5774327029976121,39,ALL_RESOLVED
final_v1,ucs,map2,156,718a8e29bed05af7,30,30,0,0,1.0,41,23.7,23.5,0,86,741,120814,129607,1.3448313169938046,0,0,,1.4009333700014395,42,ALL_RESOLVED
final_v1,greedy,map2,156,718a8e29bed05af7,30,30,0,0,1.0,39,24.4,24.5,0,147,762,8727,21024,0.12927923090319382,0,0,,0.18149615000220365,40,ALL_RESOLVED
final_v1,ga,map2,147,718a8e29bed05af7,30,10,2,18,0.3333333333333333,43,27.0,25.0,208,6,1012,0,538380,89.63504754696987,17946,538380,0.25,89.74084689799929,44,ALL_RESOLVED
final_v1,astar,map2,156,718a8e29bed05af7,30,29,1,0,0.9666666666666667,37,23.0,23,0,105,710,31277,41950,0.38664071595849236,0,0,,0.4341886420006631,38,ALL_RESOLVED
final_v1,bfs,map2,157,718a8e29bed05af7,30,30,0,0,1.0,37,22.3,22.5,0,89,699,82936,92011,0.6072915539916721,0,0,,0.6574647879970144,38,ALL_RESOLVED
final_v1,ucs,map2,157,718a8e29bed05af7,30,30,0,0,1.0,40,22.5,22.5,0,51,705,125416,134454,1.4921146850356308,0,0,,1.562473776000843,41,ALL_RESOLVED
final_v1,greedy,map2,157,718a8e29bed05af7,30,30,0,0,1.0,39,22.366666666666667,22.5,0,53,701,9375,22509,0.13985452097767848,0,0,,0.1869416330009699,40,ALL_RESOLVED
final_v1,astar,map2,157,718a8e29bed05af7,30,30,0,0,1.0,37,22.3,22.5,0,55,699,36190,48056,0.4350087040293147,0,0,,0.48317844700068235,38,ALL_RESOLVED
final_v1,ga,map2,145,718a8e29bed05af7,30,22,5,3,0.7333333333333333,77,37.27272727272727,31.5,263,4,1232,0,606870,115.5928277670464,20229,606870,0.25,115.741978672002,78,ALL_RESOLVED
final_v1,bfs,map2,158,718a8e29bed05af7,30,29,1,0,0.9666666666666667,43,22.689655172413794,22,0,54,703,96333,105260,0.596815945009439,0,0,,0.6454465969982266,44,ALL_RESOLVED
final_v1,ga,map2,148,718a8e29bed05af7,30,15,4,11,0.5,51,27.4,25,207,4,1030,0,538380,104.23812053802249,17946,538380,0.25,104.36098856099852,52,ALL_RESOLVED
final_v1,ucs,map2,158,718a8e29bed05af7,30,28,2,0,0.9333333333333333,44,22.464285714285715,21.5,0,31,689,128695,136885,1.3754708580199804,0,0,,1.4269796890002908,45,ALL_RESOLVED
final_v1,greedy,map2,158,718a8e29bed05af7,30,30,0,0,1.0,40,23.033333333333335,22.5,0,39,721,10422,25073,0.15696336099790642,0,0,,0.2040522469978896,41,ALL_RESOLVED
final_v1,astar,map2,158,718a8e29bed05af7,30,28,2,0,0.9333333333333333,44,22.464285714285715,21.5,0,35,689,42079,54586,0.30731833100435324,0,0,,0.34041593199799536,45,ALL_RESOLVED
final_v1,bfs,map2,159,718a8e29bed05af7,30,30,0,0,1.0,39,24.5,24.5,0,174,765,70288,79312,0.30878013401525095,0,0,,0.3391438449980342,40,ALL_RESOLVED
final_v1,ucs,map2,159,718a8e29bed05af7,30,30,0,0,1.0,39,24.5,24.5,0,120,765,113736,122332,1.1694264869438484,0,0,,1.2197944529980305,40,ALL_RESOLVED
final_v1,greedy,map2,159,718a8e29bed05af7,30,30,0,0,1.0,39,24.5,24.5,0,136,765,9004,21480,0.13538150195745402,0,0,,0.1832867859993712,40,ALL_RESOLVED
final_v1,astar,map2,159,718a8e29bed05af7,30,30,0,0,1.0,39,24.5,24.5,0,138,765,33533,45329,0.40640055801486596,0,0,,0.4537759980012197,40,ALL_RESOLVED
final_v1,ga,map2,151,718a8e29bed05af7,30,13,8,9,0.43333333333333335,38,24.692307692307693,25,131,5,786,0,401700,61.68122975098959,13390,401700,0.25,61.76237108100031,42,ALL_RESOLVED
final_v1,bfs,map2,160,718a8e29bed05af7,30,30,0,0,1.0,38,23.433333333333334,23.5,0,86,733,88778,98388,0.6525305909781309,0,0,,0.7020820670004468,39,ALL_RESOLVED
final_v1,ucs,map2,160,718a8e29bed05af7,30,30,0,0,1.0,39,24.266666666666666,24.5,0,69,758,134471,144288,1.5228710070223315,0,0,,1.580454639999516,40,ALL_RESOLVED
final_v1,greedy,map2,160,718a8e29bed05af7,30,30,0,0,1.0,39,24.266666666666666,24.5,0,69,758,10388,24811,0.15455521304465947,0,0,,0.20357607000187272,40,ALL_RESOLVED
final_v1,astar,map2,160,718a8e29bed05af7,30,30,0,0,1.0,40,24.333333333333332,24.5,0,63,760,40265,53880,0.4954130070109386,0,0,,0.5477382159988338,41,ALL_RESOLVED
final_v1,ga,map2,153,718a8e29bed05af7,30,8,3,19,0.26666666666666666,19,12.875,11.5,97,4,563,0,296190,59.569245970997144,9873,296190,0.25,59.63381009099976,22,ALL_RESOLVED
final_v1,bfs,map2,161,718a8e29bed05af7,30,4,1,25,0.13333333333333333,14,11.75,11.5,0,15,363,88267,93658,0.397330821990181,0,0,,0.4107675080012996,15,ALL_RESOLVED
final_v1,ucs,map2,161,718a8e29bed05af7,30,4,1,25,0.13333333333333333,14,11.75,11.5,0,11,363,96520,99771,1.1564353920548456,0,0,,1.185781396998209,15,ALL_RESOLVED
final_v1,greedy,map2,161,718a8e29bed05af7,30,3,1,26,0.1,14,11.666666666666666,11,0,1,358,15006,28133,0.20928004598317784,0,0,,0.22767469999962486,15,ALL_RESOLVED
final_v1,astar,map2,161,718a8e29bed05af7,30,4,1,25,0.13333333333333333,14,11.75,11.5,0,11,363,41739,51118,0.5327740929824358,0,0,,0.5531680869971751,15,ALL_RESOLVED
final_v1,ga,map2,152,718a8e29bed05af7,30,8,8,14,0.26666666666666666,25,16.0,15.5,183,8,834,0,445230,70.90068243806309,14841,445230,0.25,70.98686430499947,38,ALL_RESOLVED
final_v1,bfs,map2,162,718a8e29bed05af7,30,25,2,3,0.8333333333333334,33,20.76,21,0,45,572,69258,76651,0.4980471270173439,0,0,,0.5364016909989004,34,ALL_RESOLVED
final_v1,ucs,map2,162,718a8e29bed05af7,30,25,1,4,0.8333333333333334,35,20.84,21,0,23,576,96257,103515,1.0596904009398713,0,0,,1.102604566996888,36,ALL_RESOLVED
final_v1,greedy,map2,162,718a8e29bed05af7,30,25,2,3,0.8333333333333334,37,21.68,22,0,36,597,8665,20307,0.12907081792582176,0,0,,0.1683380100002978,38,ALL_RESOLVED
final_v1,astar,map2,162,718a8e29bed05af7,30,25,1,4,0.8333333333333334,33,20.76,21,0,31,574,28406,38281,0.3439622429832525,0,0,,0.38263265899877297,34,ALL_RESOLVED
final_v1,ga,map2,154,718a8e29bed05af7,30,4,2,24,0.13333333333333333,17,14.75,14.5,158,5,731,0,391140,72.34303120102413,13038,391140,0.25,72.41956051700254,26,ALL_RESOLVED
final_v1,bfs,map2,163,718a8e29bed05af7,30,27,3,0,0.9,37,23.925925925925927,24,0,37,697,92465,100713,0.6612089270020078,0,0,,0.7123964379970857,38,ALL_RESOLVED
final_v1,ucs,map2,163,718a8e29bed05af7,30,27,3,0,0.9,38,24.814814814814813,25,0,41,721,122723,130838,1.4600973590095236,0,0,,1.5161565540001902,39,ALL_RESOLVED
final_v1,greedy,map2,163,718a8e29bed05af7,30,28,2,0,0.9333333333333333,39,25.035714285714285,25.5,0,59,745,10609,24923,0.13542533404688584,0,0,,0.172027201999299,40,ALL_RESOLVED
final_v1,astar,map2,163,718a8e29bed05af7,30,27,3,0,0.9,40,25.22222222222222,25,0,40,732,38968,51532,0.32926497393418686,0,0,,0.3655712300023879,41,ALL_RESOLVED
final_v1,ga,map2,150,718a8e29bed05af7,30,21,4,5,0.7,70,40.0,39,232,11,1253,0,624060,111.89284025902816,20802,624060,0.25,112.04213959099798,74,ALL_RESOLVED
final_v1,bfs,map2,164,718a8e29bed05af7,30,27,3,0,0.9,36,22.77777777777778,23,0,46,708,95283,104264,0.7186633319688553,0,0,,0.7681157039987738,42,ALL_RESOLVED
final_v1,ucs,map2,164,718a8e29bed05af7,30,27,3,0,0.9,49,23.814814814814813,23,0,15,734,128725,137772,1.4940382349559513,0,0,,1.554173411001102,50,ALL_RESOLVED
final_v1,greedy,map2,164,718a8e29bed05af7,30,30,0,0,1.0,39,24.3,24.5,0,47,759,10807,25887,0.17669461799960118,0,0,,0.227509045998886,40,ALL_RESOLVED
final_v1,astar,map2,164,718a8e29bed05af7,30,27,3,0,0.9,49,23.74074074074074,23,0,21,732,40232,54177,0.49332480801967904,0,0,,0.5419042440007615,50,ALL_RESOLVED
final_v1,ga,map2,161,718a8e29bed05af7,30,2,2,26,0.06666666666666667,14,13.5,13.5,58,0,361,0,202500,46.832042002009985,6750,202500,0.25,46.877293580000696,15,ALL_RESOLVED
final_v1,bfs,map2,165,718a8e29bed05af7,30,30,0,0,1.0,37,22.5,22.5,0,64,705,98620,108468,0.7258354450350453,0,0,,0.7816685510006209,38,ALL_RESOLVED
final_v1,ucs,map2,165,718a8e29bed05af7,30,30,0,0,1.0,43,23.9,24.5,0,52,747,140088,148736,1.4443132820597384,0,0,,1.5061041770022712,44,ALL_RESOLVED
final_v1,greedy,map2,165,718a8e29bed05af7,30,30,0,0,1.0,41,24.933333333333334,24.5,0,59,778,11738,27849,0.18018162497901358,0,0,,0.23273956999764778,42,ALL_RESOLVED
final_v1,astar,map2,165,718a8e29bed05af7,30,30,0,0,1.0,41,23.766666666666666,24.5,0,44,743,43729,57506,0.5499677350162528,0,0,,0.6036140329997579,42,ALL_RESOLVED
final_v1,ga,map2,156,718a8e29bed05af7,30,23,5,2,0.7666666666666667,77,36.91304347826087,31,201,14,1066,0,514710,93.34065753894174,17157,514710,0.25,93.47772732000158,78,ALL_RESOLVED
final_v1,bfs,map2,166,718a8e29bed05af7,30,18,5,7,0.6,25,16.5,16.5,0,46,515,67289,73475,0.48212482996314066,0,0,,0.5146745150013885,26,ALL_RESOLVED
final_v1,ucs,map2,166,718a8e29bed05af7,30,18,5,7,0.6,25,16.5,16.5,0,39,515,83859,89272,0.9438653580109531,0,0,,0.9793549799978791,26,ALL_RESOLVED
final_v1,greedy,map2,166,718a8e29bed05af7,30,16,5,9,0.5333333333333333,23,15.5,15.5,0,26,506,8021,18269,0.11777501103642862,0,0,,0.14602937300151098,24,ALL_RESOLVED
final_v1,astar,map2,166,718a8e29bed05af7,30,18,5,7,0.6,25,16.5,16.5,0,40,515,29295,37906,0.2705530460261798,0,0,,0.2963206230015203,26,ALL_RESOLVED
final_v1,ga,map2,155,718a8e29bed05af7,30,20,5,5,0.6666666666666666,65,38.95,44.0,242,9,1179,0,594510,108.16394939508245,19817,594510,0.25,108.30572748399936,74,ALL_RESOLVED
final_v1,bfs,map2,167,718a8e29bed05af7,30,28,2,0,0.9333333333333333,39,21.928571428571427,21.5,0,108,672,67542,74624,0.48267996901631705,0,0,,0.5275921460015525,40,ALL_RESOLVED
final_v1,ucs,map2,167,718a8e29bed05af7,30,28,2,0,0.9333333333333333,40,22.035714285714285,21.5,0,97,675,94146,100841,1.043636166032229,0,0,,1.0922188080003252,41,ALL_RESOLVED
final_v1,greedy,map2,167,718a8e29bed05af7,30,26,4,0,0.8666666666666667,37,20.653846153846153,20.5,0,87,655,8372,19688,0.12664106798183639,0,0,,0.1676138479997462,38,ALL_RESOLVED
final_v1,ga,map2,157,718a8e29bed05af7,30,25,4,1,0.8333333333333334,77,34.88,34,201,20,1149,0,549390,97.22158839502663,18313,549390,0.25,97.36989928299954,78,ALL_RESOLVED
final_v1,astar,map2,167,718a8e29bed05af7,30,27,3,0,0.9,40,21.666666666666668,21,0,99,666,31835,41833,0.364883794922207,0,0,,0.4082531589992868,41,ALL_RESOLVED
final_v1,bfs,map2,168,718a8e29bed05af7,30,30,0,0,1.0,38,23.5,23.5,0,122,735,84104,93246,0.6289779380094842,0,0,,0.6858698559990444,39,ALL_RESOLVED
final_v1,ucs,map2,168,718a8e29bed05af7,30,30,0,0,1.0,38,23.5,23.5,0,86,735,126770,135470,1.43579278096513,0,0,,1.4961231800007226,39,ALL_RESOLVED
final_v1,greedy,map2,168,718a8e29bed05af7,30,30,0,0,1.0,38,23.5,23.5,0,80,735,9583,22826,0.14653931897191796,0,0,,0.19803637199947843,39,ALL_RESOLVED
final_v1,ga,map2,159,718a8e29bed05af7,30,23,4,3,0.7666666666666667,69,33.43478260869565,25,180,11,1000,0,472290,82.37316332592309,15743,472290,0.25,82.49359103299867,70,ALL_RESOLVED
final_v1,astar,map2,168,718a8e29bed05af7,30,30,0,0,1.0,38,23.5,23.5,0,90,735,36830,48989,0.456839740043506,0,0,,0.5092967330019746,39,ALL_RESOLVED
final_v1,bfs,map2,169,718a8e29bed05af7,30,30,0,0,1.0,38,23.333333333333332,23.5,0,87,730,84088,94004,0.5246986170604941,0,0,,0.5612207310005033,39,ALL_RESOLVED
final_v1,ga,map2,162,718a8e29bed05af7,30,18,4,8,0.6,58,29.055555555555557,24.5,128,5,791,0,385980,65.44696746401314,12866,385980,0.25,65.54883267900004,64,ALL_RESOLVED
final_v1,greedy,map2,169,718a8e29bed05af7,30,29,1,0,0.9666666666666667,38,23.79310344827586,24,0,62,737,10201,24351,0.13365856395103037,0,0,,0.17323506299726432,39,ALL_RESOLVED
final_v1,ucs,map2,169,718a8e29bed05af7,30,30,0,0,1.0,45,23.566666666666666,23.5,0,36,737,118568,128161,1.3344100570357114,0,0,,1.3851405030000024,46,ALL_RESOLVED
final_v1,astar,map2,169,718a8e29bed05af7,30,30,0,0,1.0,38,23.333333333333332,23.5,0,43,730,31910,44169,0.37180180707218824,0,0,,0.41491922800196335,39,ALL_RESOLVED
final_v1,bfs,map2,170,718a8e29bed05af7,30,27,3,0,0.9,40,24.074074074074073,22,0,38,705,103139,111057,0.625856816990563,0,0,,0.6747652439989906,41,ALL_RESOLVED
final_v1,ucs,map2,170,718a8e29bed05af7,30,24,3,3,0.8,37,22.333333333333332,20.5,0,34,688,138084,145864,1.569783515009476,0,0,,1.624879791001149,38,ALL_RESOLVED
final_v1,greedy,map2,170,718a8e29bed05af7,30,28,2,0,0.9333333333333333,40,24.5,24.5,0,35,730,11304,27447,0.17124499996862141,0,0,,0.21565942400047788,41,ALL_RESOLVED
final_v1,astar,map2,170,718a8e29bed05af7,30,24,2,4,0.8,38,22.75,20.5,0,35,698,48439,63384,0.585311286002252,0,0,,0.6329756490013096,39,ALL_RESOLVED
final_v1,ga,map2,158,718a8e29bed05af7,30,17,6,7,0.5666666666666667,51,30.41176470588235,33,228,4,1112,0,567120,107.20540396002252,18904,567120,0.25,107.33677917599925,52,ALL_RESOLVED
final_v1,bfs,map2,171,718a8e29bed05af7,30,30,0,0,1.0,37,22.2,22.5,0,69,696,87950,97039,0.6374621760405716,0,0,,0.6883652429969516,38,ALL_RESOLVED
final_v1,ucs,map2,171,718a8e29bed05af7,30,30,0,0,1.0,41,22.4,22.5,0,47,702,129298,137992,1.4325792159943376,0,0,,1.4901087150028616,42,ALL_RESOLVED
final_v1,greedy,map2,171,718a8e29bed05af7,30,30,0,0,1.0,38,22.866666666666667,23.5,0,31,716,10519,25155,0.15664980304427445,0,0,,0.20234042199808755,39,ALL_RESOLVED
final_v1,astar,map2,171,718a8e29bed05af7,30,30,0,0,1.0,41,22.366666666666667,22.5,0,46,701,42195,54870,0.5081492229546711,0,0,,0.5605304759992578,42,ALL_RESOLVED
final_v1,ga,map2,163,718a8e29bed05af7,30,13,5,12,0.43333333333333335,48,28.076923076923077,28,165,8,876,0,453990,85.76921555896843,15133,453990,0.25,85.87414097800138,49,ALL_RESOLVED
final_v1,bfs,map2,172,718a8e29bed05af7,30,26,4,0,0.8666666666666667,35,22.384615384615383,22.5,0,106,732,84996,95077,0.6375964989965723,0,0,,0.685703499999363,36,ALL_RESOLVED
final_v1,ucs,map2,172,718a8e29bed05af7,30,26,3,1,0.8666666666666667,35,22.384615384615383,22.5,0,70,750,123362,132608,1.3902092160387838,0,0,,1.4420612240028277,36,ALL_RESOLVED
final_v1,greedy,map2,172,718a8e29bed05af7,30,24,6,0,0.8,35,22.875,23.5,0,83,753,10284,24560,0.155007975990884,0,0,,0.20314015800249763,36,ALL_RESOLVED
final_v1,astar,map2,172,718a8e29bed05af7,30,26,3,1,0.8666666666666667,35,22.384615384615383,22.5,0,58,744,34193,46345,0.3704203700108337,0,0,,0.4134731220001413,36,ALL_RESOLVED
final_v1,ga,map2,166,718a8e29bed05af7,30,12,4,14,0.4,29,20.833333333333332,23.5,118,7,586,0,288210,55.3559165059487,9607,288210,0.25,55.427600359998905,30,ALL_RESOLVED
final_v1,bfs,map2,173,718a8e29bed05af7,30,30,0,0,1.0,38,23.366666666666667,23.5,0,81,731,91945,101975,0.6845011699297174,0,0,,0.736258168999484,39,ALL_RESOLVED
final_v1,ucs,map2,173,718a8e29bed05af7,30,30,0,0,1.0,39,24.066666666666666,24.5,0,54,752,126364,135997,1.446357789049216,0,0,,1.5029046259987808,40,ALL_RESOLVED
final_v1,greedy,map2,173,718a8e29bed05af7,30,30,0,0,1.0,39,24.266666666666666,24.5,0,44,758,11025,26039,0.16649781701198663,0,0,,0.21352075899994816,40,ALL_RESOLVED
final_v1,ga,map2,160,718a8e29bed05af7,30,28,2,0,0.9333333333333333,119,48.214285714285715,46.5,292,4,1498,0,742200,125.12681868504296,24740,742200,0.25,125.33458648699889,120,ALL_RESOLVED
final_v1,astar,map2,173,718a8e29bed05af7,30,30,0,0,1.0,39,24.066666666666666,24.5,0,70,752,34767,47449,0.43135667003298295,0,0,,0.48145602400109055,40,ALL_RESOLVED
final_v1,bfs,map2,174,718a8e29bed05af7,30,18,8,4,0.6,31,20.72222222222222,22.5,0,36,741,132647,143663,0.9621850349758461,0,0,,1.010142196999368,32,ALL_RESOLVED
final_v1,ucs,map2,174,718a8e29bed05af7,30,15,4,11,0.5,29,19.266666666666666,21,0,19,736,168116,177410,1.8936615520542546,0,0,,1.944817638999666,30,ALL_RESOLVED
final_v1,greedy,map2,174,718a8e29bed05af7,30,13,8,9,0.43333333333333335,31,18.692307692307693,20,0,6,744,13698,32045,0.20783932997073862,0,0,,0.24666076299763517,32,ALL_RESOLVED
final_v1,astar,map2,174,718a8e29bed05af7,30,15,6,9,0.5,29,19.266666666666666,21,0,21,736,48790,65540,0.6288424969607149,0,0,,0.6732348010009446,30,ALL_RESOLVED
final_v1,ga,map2,164,718a8e29bed05af7,30,11,8,11,0.36666666666666664,42,28.727272727272727,29,193,5,963,0,508500,95.27576912201039,16950,508500,0.25,95.38787558900003,43,ALL_RESOLVED
final_v1,bfs,map2,175,718a8e29bed05af7,30,30,0,0,1.0,36,21.5,21.5,0,79,675,80162,89100,0.5886301820282824,0,0,,0.6368883440009085,37,ALL_RESOLVED
final_v1,ucs,map2,175,718a8e29bed05af7,30,30,0,0,1.0,37,21.533333333333335,21.5,0,44,676,122628,131031,1.3574199339491315,0,0,,1.412855505997868,38,ALL_RESOLVED
final_v1,ga,map2,167,718a8e29bed05af7,30,18,1,11,0.6,41,22.166666666666668,21.0,133,9,743,0,351690,67.21614366896756,11723,351690,0.25,67.3029478599965,42,ALL_RESOLVED
final_v1,greedy,map2,175,718a8e29bed05af7,30,30,0,0,1.0,36,21.5,21.5,0,31,675,9130,22027,0.1407643399797962,0,0,,0.1840778119985771,37,ALL_RESOLVED
final_v1,astar,map2,175,718a8e29bed05af7,30,30,0,0,1.0,41,21.666666666666668,21.5,0,44,680,37666,49563,0.4628343969816342,0,0,,0.5151790039999469,42,ALL_RESOLVED
final_v1,bfs,map2,176,718a8e29bed05af7,30,30,0,0,1.0,37,22.366666666666667,22.5,0,47,701,95675,105411,0.5317653629499546,0,0,,0.567041872000118,38,ALL_RESOLVED
final_v1,ucs,map2,176,718a8e29bed05af7,30,30,0,0,1.0,42,22.933333333333334,22.5,0,22,718,134422,144036,1.0075044599361718,0,0,,1.0469382890005363,43,ALL_RESOLVED
final_v1,greedy,map2,176,718a8e29bed05af7,30,30,0,0,1.0,39,23.633333333333333,24.5,0,45,739,10754,25756,0.10233038401202066,0,0,,0.13603935100036324,40,ALL_RESOLVED
final_v1,astar,map2,176,718a8e29bed05af7,30,30,0,0,1.0,40,23.533333333333335,22.5,0,40,736,41917,54748,0.31846748599855346,0,0,,0.3530329920031363,41,ALL_RESOLVED
final_v1,ga,map2,170,718a8e29bed05af7,30,12,4,14,0.4,33,20.833333333333332,20.0,139,4,718,0,366930,75.65839466594844,12231,366930,0.25,75.74516813999799,34,ALL_RESOLVED
final_v1,bfs,map2,177,718a8e29bed05af7,30,27,0,3,0.9,37,20.51851851851852,20,0,57,653,86396,93790,0.6093306779584964,0,0,,0.6547787550007342,38,ALL_RESOLVED
final_v1,ucs,map2,177,718a8e29bed05af7,30,26,0,4,0.8666666666666667,43,20.153846153846153,19.5,0,50,646,120977,128151,1.3247419549406914,0,0,,1.3752617289974296,44,ALL_RESOLVED
final_v1,ga,map2,169,718a8e29bed05af7,30,17,5,8,0.5666666666666667,56,30.529411764705884,32,161,5,860,0,422430,81.49909709201529,14081,422430,0.25,81.60313906699957,57,ALL_RESOLVED
final_v1,greedy,map2,177,718a8e29bed05af7,30,27,0,3,0.9,38,20.814814814814813,20,0,47,661,10298,24194,0.1558626970545447,0,0,,0.19777952000004007,39,ALL_RESOLVED
final_v1,astar,map2,177,718a8e29bed05af7,30,25,1,4,0.8333333333333334,34,19.24,19,0,54,626,46123,57638,0.540521744023863,0,0,,0.5828284160015755,35,ALL_RESOLVED
final_v1,bfs,map2,178,718a8e29bed05af7,30,28,1,1,0.9333333333333333,38,24.285714285714285,24.5,0,93,716,88503,97984,0.6381826239994552,0,0,,0.6857308199978434,39,ALL_RESOLVED
final_v1,ucs,map2,178,718a8e29bed05af7,30,28,1,1,0.9333333333333333,40,24.357142857142858,24.5,0,65,718,120715,129515,1.334400453037233,0,0,,1.3859614100001636,41,ALL_RESOLVED
final_v1,greedy,map2,178,718a8e29bed05af7,30,26,3,1,0.8666666666666667,46,24.03846153846154,23.5,0,47,685,10327,24424,0.15100516704114852,0,0,,0.19761662300152238,47,ALL_RESOLVED
final_v1,astar,map2,178,718a8e29bed05af7,30,28,1,1,0.9333333333333333,44,24.607142857142858,24.5,0,66,725,36753,49904,0.3260413369316666,0,0,,0.3609467999995104,45,ALL_RESOLVED
final_v1,ga,map2,165,718a8e29bed05af7,30,23,4,3,0.7666666666666667,73,36.91304347826087,37,276,27,1370,0,687390,115.2231088530607,22913,687390,0.25,115.394834884999,86,ALL_RESOLVED
final_v1,bfs,map2,179,718a8e29bed05af7,30,30,0,0,1.0,40,25.4,25.5,0,127,792,95646,105927,0.6960330250149127,0,0,,0.7511998179979855,41,ALL_RESOLVED
final_v1,ucs,map2,179,718a8e29bed05af7,30,30,0,0,1.0,46,25.666666666666668,25.5,0,71,800,143233,153277,1.57236990995807,0,0,,1.6308651299987105,47,ALL_RESOLVED
final_v1,greedy,map2,179,718a8e29bed05af7,30,30,0,0,1.0,40,25.4,25.5,0,73,792,11230,26858,0.10239079199163825,0,0,,0.13258178899923223,41,ALL_RESOLVED
final_v1,astar,map2,179,718a8e29bed05af7,30,30,0,0,1.0,40,25.4,25.5,0,69,792,42057,56048,0.35804320001625456,0,0,,0.3955532479994872,41,ALL_RESOLVED
final_v1,ga,map2,168,718a8e29bed05af7,30,24,4,2,0.8,98,39.416666666666664,33.0,243,9,1216,0,602880,104.24352132301283,20096,602880,0.25,104.39648351299911,99,ALL_RESOLVED
final_v1,bfs,map2,180,718a8e29bed05af7,30,30,0,0,1.0,37,22.5,22.5,0,110,705,78174,87335,0.5520673029932368,0,0,,0.6059435110000777,38,ALL_RESOLVED
final_v1,ucs,map2,180,718a8e29bed05af7,30,30,0,0,1.0,37,22.5,22.5,0,78,705,119050,127601,1.3402423830011685,0,0,,1.395471774001635,38,ALL_RESOLVED
final_v1,greedy,map2,180,718a8e29bed05af7,30,30,0,0,1.0,38,22.566666666666666,22.5,0,64,707,9172,22189,0.13821409603042412,0,0,,0.18486422299974947,39,ALL_RESOLVED
final_v1,astar,map2,180,718a8e29bed05af7,30,30,0,0,1.0,39,22.566666666666666,22.5,0,78,707,37832,49649,0.46589037405283307,0,0,,0.5221910640029819,40,ALL_RESOLVED
final_v1,ga,map2,172,718a8e29bed05af7,30,11,1,18,0.36666666666666664,33,24.545454545454547,24,185,11,925,0,468390,91.53793283396226,15613,468390,0.25,91.63928108600157,34,ALL_RESOLVED
final_v1,ga,map2,171,718a8e29bed05af7,30,23,3,4,0.7666666666666667,96,33.95652173913044,31,214,12,1188,0,591420,100.16736831206435,19714,591420,0.25,100.31841029799762,97,ALL_RESOLVED
final_v1,bfs,map2,181,718a8e29bed05af7,30,4,1,25,0.13333333333333333,14,10.5,10.5,0,12,412,101793,107962,0.672466520962189,0,0,,0.7060280939986114,16,ALL_RESOLVED
final_v1,greedy,map2,181,718a8e29bed05af7,30,3,1,26,0.1,13,9.333333333333334,8,0,2,411,14880,29251,0.13816598403718672,0,0,,0.15365957299945876,16,ALL_RESOLVED
final_v1,ucs,map2,181,718a8e29bed05af7,30,4,1,25,0.13333333333333333,14,10.5,10.5,0,16,412,109363,113276,1.247181351056497,0,0,,1.2747084209986497,16,ALL_RESOLVED
final_v1,astar,map2,181,718a8e29bed05af7,30,4,1,25,0.13333333333333333,14,10.5,10.5,0,12,412,44179,54994,0.5474431539951183,0,0,,0.5713952030018845,16,ALL_RESOLVED
final_v1,bfs,map2,182,718a8e29bed05af7,30,30,0,0,1.0,39,24.466666666666665,24.5,0,95,764,97225,107008,0.7140951979381498,0,0,,0.7668335900016245,40,ALL_RESOLVED
final_v1,ucs,map2,182,718a8e29bed05af7,30,30,0,0,1.0,42,24.633333333333333,24.5,0,44,769,138673,148322,1.5674132489912154,0,0,,1.6290984450024553,43,ALL_RESOLVED
final_v1,greedy,map2,182,718a8e29bed05af7,30,29,0,1,0.9666666666666667,39,25.0,25,0,44,760,11133,26758,0.170818484017218,0,0,,0.21858219600107986,40,ALL_RESOLVED
final_v1,astar,map2,182,718a8e29bed05af7,30,30,0,0,1.0,41,24.733333333333334,24.5,0,51,772,42537,56483,0.5225073420151602,0,0,,0.5754869679985859,42,ALL_RESOLVED
final_v1,ga,map2,177,718a8e29bed05af7,30,19,2,9,0.6333333333333333,54,25.473684210526315,25,137,6,755,0,362340,63.088680323977314,12078,362340,0.25,63.17791162299909,55,ALL_RESOLVED
final_v1,bfs,map2,183,718a8e29bed05af7,30,19,6,5,0.6333333333333333,35,21.31578947368421,23,0,23,740,136956,147149,0.9643845130085538,0,0,,1.0136510570009705,36,ALL_RESOLVED
final_v1,ucs,map2,183,718a8e29bed05af7,30,19,2,9,0.6333333333333333,35,21.736842105263158,23,0,13,792,169760,177089,1.7092553209549806,0,0,,1.761665947997244,36,ALL_RESOLVED
final_v1,greedy,map2,183,718a8e29bed05af7,30,11,6,13,0.36666666666666664,35,18.90909090909091,15,0,33,787,28636,55893,0.37024092498540995,0,0,,0.41823137599931215,36,ALL_RESOLVED
final_v1,ga,map2,174,718a8e29bed05af7,30,5,0,25,0.16666666666666666,22,14.0,14,169,1,825,0,454860,96.15701364702181,15162,454860,0.25,96.2519822610011,30,ALL_RESOLVED
final_v1,astar,map2,183,718a8e29bed05af7,30,19,3,8,0.6333333333333333,35,21.894736842105264,24,0,15,795,71439,87881,0.8296501859476848,0,0,,0.8771295250007825,36,ALL_RESOLVED
final_v1,bfs,map2,184,718a8e29bed05af7,30,29,1,0,0.9666666666666667,36,22.0,22,0,62,671,85636,94519,0.6199938670324627,0,0,,0.6687171390003641,37,ALL_RESOLVED
final_v1,ucs,map2,184,718a8e29bed05af7,30,29,1,0,0.9666666666666667,39,22.689655172413794,23,0,40,691,123052,131510,1.3517493980070867,0,0,,1.4058112029997574,40,ALL_RESOLVED
final_v1,greedy,map2,184,718a8e29bed05af7,30,26,4,0,0.8666666666666667,52,22.115384615384617,20.5,0,26,667,10553,24964,0.15664215099604917,0,0,,0.20858479600065039,53,ALL_RESOLVED
final_v1,astar,map2,184,718a8e29bed05af7,30,29,1,0,0.9666666666666667,41,23.344827586206897,23,0,41,710,39533,51822,0.47011426693643443,0,0,,0.5203178599986131,42,ALL_RESOLVED
final_v1,ga,map2,175,718a8e29bed05af7,30,23,3,4,0.7666666666666667,71,32.391304347826086,26,212,25,1208,0,589590,100.53943302602784,19653,589590,0.25,100.68514637800035,72,ALL_RESOLVED
final_v1,bfs,map2,185,718a8e29bed05af7,30,30,0,0,1.0,41,26.466666666666665,26.5,0,191,824,83182,93730,0.6218405570289178,0,0,,0.6799095909991593,42,ALL_RESOLVED
final_v1,ucs,map2,185,718a8e29bed05af7,30,30,0,0,1.0,41,26.466666666666665,26.5,0,131,824,122042,132064,1.3933466659909755,0,0,,1.4534639269986656,42,ALL_RESOLVED
final_v1,greedy,map2,185,718a8e29bed05af7,30,30,0,0,1.0,42,27.5,27.5,0,174,855,10418,25067,0.15648563900322188,0,0,,0.21757299300224986,43,ALL_RESOLVED
final_v1,astar,map2,185,718a8e29bed05af7,30,30,0,0,1.0,41,26.466666666666665,26.5,0,149,824,33353,46201,0.41349906100003864,0,0,,0.46624557199902483,42,ALL_RESOLVED
final_v1,ga,map2,173,718a8e29bed05af7,30,23,5,2,0.7666666666666667,84,40.34782608695652,37,285,9,1393,0,699240,124.24515611199968,23308,699240,0.25,124.4076651960022,85,ALL_RESOLVED
final_v1,ga,map2,176,718a8e29bed05af7,30,24,4,2,0.8,87,39.833333333333336,32.5,242,6,1270,0,635820,108.03520786299487,21194,635820,0.25,108.19119511600002,88,ALL_RESOLVED
final_v1,bfs,map2,186,718a8e29bed05af7,30,30,0,0,1.0,38,23.5,23.5,0,104,735,88217,97471,0.6488637289621693,0,0,,0.7023403229977703,39,ALL_RESOLVED
final_v1,greedy,map2,186,718a8e29bed05af7,30,30,0,0,1.0,38,23.5,23.5,0,50,735,10427,24691,0.1575914870009001,0,0,,0.20532979799827444,39,ALL_RESOLVED
final_v1,astar,map2,186,718a8e29bed05af7,30,30,0,0,1.0,38,23.5,23.5,0,76,735,40842,53880,0.5039483130385634,0,0,,0.5559182920005696,39,ALL_RESOLVED
final_v1,ucs,map2,186,718a8e29bed05af7,30,30,0,0,1.0,38,23.5,23.5,0,68,735,135118,143853,1.574003238005389,0,0,,1.6350305240011949,39,ALL_RESOLVED
final_v1,bfs,map2,187,718a8e29bed05af7,30,30,0,0,1.0,38,23.333333333333332,23.5,0,107,730,83792,93222,0.7770906950281642,0,0,,0.8382754560007015,39,ALL_RESOLVED
final_v1,ucs,map2,187,718a8e29bed05af7,30,30,0,0,1.0,41,23.433333333333334,23.5,0,68,733,123908,133025,1.4008232990090619,0,0,,1.4625859420011693,42,ALL_RESOLVED
final_v1,greedy,map2,187,718a8e29bed05af7,30,30,0,0,1.0,39,23.366666666666667,23.5,0,70,731,9726,23478,0.1531261900672689,0,0,,0.210440042999835,40,ALL_RESOLVED
final_v1,astar,map2,187,718a8e29bed05af7,30,30,0,0,1.0,38,23.333333333333332,23.5,0,77,730,35547,47978,0.4499725379937445,0,0,,0.5017982550016313,39,ALL_RESOLVED
final_v1,ga,map2,181,718a8e29bed05af7,30,1,1,28,0.03333333333333333,9,9.0,9,99,1,416,0,231570,54.065367401948606,7719,231570,0.25,54.11550861500291,14,ALL_RESOLVED
final_v1,bfs,map2,188,718a8e29bed05af7,30,30,0,0,1.0,39,24.266666666666666,24.5,0,69,758,105415,115778,0.7701269859862805,0,0,,0.82430668500092,40,ALL_RESOLVED
final_v1,ucs,map2,188,718a8e29bed05af7,30,30,0,0,1.0,44,24.433333333333334,24.5,0,24,763,144896,154435,1.628869197989843,0,0,,1.6909954020011355,45,ALL_RESOLVED
final_v1,greedy,map2,188,718a8e29bed05af7,30,30,0,0,1.0,41,25.8,26.5,0,53,804,11955,28919,0.18218423901998904,0,0,,0.23406072500074515,42,ALL_RESOLVED
final_v1,astar,map2,188,718a8e29bed05af7,30,30,0,0,1.0,40,24.3,24.5,0,38,759,45666,60530,0.5552813280010014,0,0,,0.6053745839999465,41,ALL_RESOLVED
final_v1,ga,map2,178,718a8e29bed05af7,30,22,4,4,0.7333333333333333,80,38.40909090909091,40.5,214,16,1163,0,572250,96.94031051908314,19075,572250,0.25,97.07889881699884,81,ALL_RESOLVED
final_v1,bfs,map2,189,718a8e29bed05af7,30,30,0,0,1.0,37,22.466666666666665,22.5,0,55,704,95813,105418,0.7154940689397336,0,0,,0.7680152470020403,38,ALL_RESOLVED
final_v1,ucs,map2,189,718a8e29bed05af7,30,30,0,0,1.0,42,23.166666666666668,23.5,0,40,725,136354,145109,1.5628703370093717,0,0,,1.6254995639974368,43,ALL_RESOLVED
final_v1,greedy,map2,189,718a8e29bed05af7,30,30,0,0,1.0,40,24.433333333333334,25.0,0,50,763,11232,26911,0.16080565099036903,0,0,,0.20963139800005592,41,ALL_RESOLVED
final_v1,astar,map2,189,718a8e29bed05af7,30,30,0,0,1.0,42,23.233333333333334,23.5,0,34,727,43247,57226,0.5600137589754013,0,0,,0.6177553679990524,43,ALL_RESOLVED
final_v1,ga,map2,180,718a8e29bed05af7,30,28,0,2,0.9333333333333333,89,46.214285714285715,43.5,256,20,1488,0,738750,112.96468085193919,24625,738750,0.25,113.13810576099786,90,ALL_RESOLVED
final_v1,bfs,map2,190,718a8e29bed05af7,30,30,0,0,1.0,38,23.5,23.5,0,103,735,88290,97936,0.6462675169677823,0,0,,0.6987870299999486,39,ALL_RESOLVED
final_v1,ucs,map2,190,718a8e29bed05af7,30,30,0,0,1.0,40,23.566666666666666,23.5,0,53,737,135778,145102,1.5342279909928038,0,0,,1.5931670530007978,41,ALL_RESOLVED
final_v1,greedy,map2,190,718a8e29bed05af7,30,30,0,0,1.0,38,23.5,23.5,0,55,735,10040,23778,0.15016064296287368,0,0,,0.19755591099965386,39,ALL_RESOLVED
final_v1,astar,map2,190,718a8e29bed05af7,30,30,0,0,1.0,38,23.5,23.5,0,77,735,36863,49552,0.45387562095129397,0,0,,0.5044481549994089,39,ALL_RESOLVED
final_v1,ga,map2,179,718a8e29bed05af7,30,19,2,9,0.6333333333333333,74,41.73684210526316,46,300,6,1440,0,746730,128.49768736593978,24891,746730,0.25,128.6568276830003,75,ALL_RESOLVED
final_v1,bfs,map2,191,718a8e29bed05af7,30,30,0,0,1.0,39,24.366666666666667,24.5,0,108,761,91445,101620,0.41970440198201686,0,0,,0.4544042100023944,40,ALL_RESOLVED
final_v1,ucs,map2,191,718a8e29bed05af7,30,30,0,0,1.0,39,24.366666666666667,24.5,0,64,761,131789,141444,0.9136111480438558,0,0,,0.9525755960021343,40,ALL_RESOLVED
final_v1,greedy,map2,191,718a8e29bed05af7,30,30,0,0,1.0,40,25.266666666666666,25.5,0,83,788,10726,25642,0.10021357102232287,0,0,,0.13749411599928862,41,ALL_RESOLVED
final_v1,astar,map2,191,718a8e29bed05af7,30,30,0,0,1.0,39,24.366666666666667,24.5,0,64,761,37626,50904,0.2884781909524463,0,0,,0.32243988199843443,40,ALL_RESOLVED
final_v1,ga,map2,184,718a8e29bed05af7,30,18,7,5,0.6,68,30.444444444444443,28.0,225,10,1130,0,564120,96.78624672297883,18804,564120,0.25,96.92065672800163,78,ALL_RESOLVED
final_v1,bfs,map2,192,718a8e29bed05af7,30,30,0,0,1.0,39,24.2,24.5,0,116,756,88392,98118,0.6470777000031376,0,0,,0.7007880390010541,40,ALL_RESOLVED
final_v1,ucs,map2,192,718a8e29bed05af7,30,30,0,0,1.0,39,24.2,24.5,0,62,756,130210,139909,1.3175311910781602,0,0,,1.3734559650001756,40,ALL_RESOLVED
final_v1,greedy,map2,192,718a8e29bed05af7,30,30,0,0,1.0,39,24.4,24.5,0,82,762,10136,24153,0.15043993994549965,0,0,,0.20024292200105265,40,ALL_RESOLVED
final_v1,astar,map2,192,718a8e29bed05af7,30,30,0,0,1.0,39,24.2,24.5,0,70,756,36081,49078,0.3066058519289072,0,0,,0.3463267110018933,40,ALL_RESOLVED
final_v1,ga,map2,183,718a8e29bed05af7,30,7,3,20,0.23333333333333334,27,17.285714285714285,15,191,13,916,0,490440,106.70829539397891,16348,490440,0.25,106.81994104499972,36,ALL_RESOLVED
final_v1,bfs,map2,193,718a8e29bed05af7,30,30,0,0,1.0,37,22.366666666666667,22.5,0,79,701,82665,91938,0.606654967959912,0,0,,0.656927246000123,38,ALL_RESOLVED
final_v1,ucs,map2,193,718a8e29bed05af7,30,30,0,0,1.0,37,22.366666666666667,22.5,0,43,701,123763,133132,1.377992335932504,0,0,,1.4322144790021412,38,ALL_RESOLVED
final_v1,greedy,map2,193,718a8e29bed05af7,30,30,0,0,1.0,39,22.433333333333334,22.5,0,35,703,9885,23429,0.14927206003631,0,0,,0.19591754599969136,40,ALL_RESOLVED
final_v1,astar,map2,193,718a8e29bed05af7,30,30,0,0,1.0,37,22.366666666666667,22.5,0,47,701,34843,46375,0.41986239500693046,0,0,,0.4674035499992897,38,ALL_RESOLVED
final_v1,ga,map2,182,718a8e29bed05af7,30,15,3,12,0.5,57,33.8,33,274,9,1368,0,714600,138.53179566402468,23820,714600,0.25,138.69730658299886,62,ALL_RESOLVED
final_v1,bfs,map2,194,718a8e29bed05af7,30,30,0,0,1.0,38,23.466666666666665,23.5,0,114,734,82242,91600,0.6050796409908799,0,0,,0.6563621940003941,39,ALL_RESOLVED
final_v1,ucs,map2,194,718a8e29bed05af7,30,30,0,0,1.0,40,23.533333333333335,23.5,0,72,736,124251,133370,1.391489332956553,0,0,,1.4488175209990004,41,ALL_RESOLVED
final_v1,greedy,map2,194,718a8e29bed05af7,30,30,0,0,1.0,38,23.466666666666665,23.5,0,64,734,9907,23550,0.14725736097170739,0,0,,0.1939443539995409,39,ALL_RESOLVED
final_v1,astar,map2,194,718a8e29bed05af7,30,30,0,0,1.0,38,23.466666666666665,23.5,0,82,734,37624,49684,0.4549481050344184,0,0,,0.504309561001719,39,ALL_RESOLVED
final_v1,ga,map2,185,718a8e29bed05af7,30,25,5,0,0.8333333333333334,86,42.6,39,244,8,1310,0,637170,114.83104100400669,21239,637170,0.25,114.99525790700136,87,ALL_RESOLVED
final_v1,bfs,map2,195,718a8e29bed05af7,30,30,0,0,1.0,41,26.5,26.5,0,170,825,91896,102582,0.6776136680891796,0,0,,0.7358743120021245,42,ALL_RESOLVED
final_v1,ga,map2,186,718a8e29bed05af7,30,29,1,0,0.9666666666666667,98,46.3448275862069,45,257,9,1427,0,700350,107.53309710205576,23345,700350,0.25,107.69421012499879,99,ALL_RESOLVED
final_v1,greedy,map2,195,718a8e29bed05af7,30,30,0,0,1.0,41,26.5,26.5,0,118,825,11014,26375,0.15281498104013735,0,0,,0.20885513900066144,42,ALL_RESOLVED
final_v1,astar,map2,195,718a8e29bed05af7,30,30,0,0,1.0,41,26.5,26.5,0,114,825,40024,53557,0.4877472749867593,0,0,,0.5415728440020757,42,ALL_RESOLVED
final_v1,ucs,map2,195,718a8e29bed05af7,30,30,0,0,1.0,41,26.5,26.5,0,126,825,139937,149393,1.5488618489398505,0,0,,1.6086793499998748,42,ALL_RESOLVED
final_v1,bfs,map2,196,718a8e29bed05af7,30,19,4,7,0.6333333333333333,29,19.842105263157894,20,0,28,634,97227,104714,0.6775034660204255,0,0,,0.715168722999806,30,ALL_RESOLVED
final_v1,ucs,map2,196,718a8e29bed05af7,30,18,7,5,0.6,29,19.38888888888889,19.5,0,22,627,113489,120160,1.224754012968333,0,0,,1.2650232379965018,30,ALL_RESOLVED
final_v1,greedy,map2,196,718a8e29bed05af7,30,21,2,7,0.7,33,21.61904761904762,21,0,32,699,11785,27426,0.17211202394537395,0,0,,0.20821648700075457,34,ALL_RESOLVED
final_v1,astar,map2,196,718a8e29bed05af7,30,19,4,7,0.6333333333333333,30,19.94736842105263,20,0,21,636,35892,48160,0.4309148749925953,0,0,,0.46755997099899105,31,ALL_RESOLVED
final_v1,ga,map2,187,718a8e29bed05af7,30,28,2,0,0.9333333333333333,90,49.57142857142857,47.5,323,10,1582,0,794070,135.42569772500792,26469,794070,0.25,135.60513397400064,92,ALL_RESOLVED
final_v1,bfs,map2,197,718a8e29bed05af7,30,30,0,0,1.0,38,23.4,23.5,0,84,732,88829,97990,0.40255775803598226,0,0,,0.43375292899872875,39,ALL_RESOLVED
final_v1,ucs,map2,197,718a8e29bed05af7,30,30,0,0,1.0,38,23.4,23.5,0,54,732,128420,137452,0.8680749250052031,0,0,,0.9021406130013929,39,ALL_RESOLVED
final_v1,greedy,map2,197,718a8e29bed05af7,30,30,0,0,1.0,39,24.233333333333334,24.5,0,55,757,10764,25468,0.09963222393707838,0,0,,0.1299137480018544,40,ALL_RESOLVED
final_v1,astar,map2,197,718a8e29bed05af7,30,30,0,0,1.0,40,23.466666666666665,23.5,0,50,734,38091,50376,0.27756386797409505,0,0,,0.3085002620027808,41,ALL_RESOLVED
final_v1,ga,map2,189,718a8e29bed05af7,30,22,6,2,0.7333333333333333,82,39.45454545454545,31.5,301,10,1454,0,745770,130.2674801920657,24859,745770,0.25,130.4392616699988,84,ALL_RESOLVED
final_v1,bfs,map2,198,718a8e29bed05af7,30,25,2,3,0.8333333333333334,41,22.32,20,0,31,611,79585,86432,0.5511210720542294,0,0,,0.5938118519989075,42,ALL_RESOLVED
final_v1,ucs,map2,198,718a8e29bed05af7,30,27,1,2,0.9,42,23.25925925925926,24,0,20,667,104825,111819,1.1212230839955737,0,0,,1.167786542999238,43,ALL_RESOLVED
final_v1,greedy,map2,198,718a8e29bed05af7,30,26,1,3,0.8666666666666667,39,23.46153846153846,23.5,0,18,652,10332,24229,0.1522783200161939,0,0,,0.19168994700157782,40,ALL_RESOLVED
final_v1,astar,map2,198,718a8e29bed05af7,30,27,1,2,0.9,43,23.74074074074074,24,0,19,680,34505,46510,0.4060242760206165,0,0,,0.44963856899994425,44,ALL_RESOLVED
final_v1,ga,map2,188,718a8e29bed05af7,30,21,4,5,0.7,69,40.857142857142854,45,304,10,1513,0,780180,142.81740791804623,26006,780180,0.25,142.99689914999908,88,ALL_RESOLVED
final_v1,bfs,map2,199,718a8e29bed05af7,30,10,3,17,0.3333333333333333,22,14.2,14.5,0,27,534,105193,114293,0.7705316969913838,0,0,,0.8033400360000087,23,ALL_RESOLVED
final_v1,ucs,map2,199,718a8e29bed05af7,30,10,5,15,0.3333333333333333,22,14.2,14.5,0,24,534,128625,134022,1.4710119289702561,0,0,,1.5073009679981624,23,ALL_RESOLVED
final_v1,greedy,map2,199,718a8e29bed05af7,30,7,5,18,0.23333333333333334,22,13.428571428571429,13,0,13,541,18330,35423,0.24706129302285262,0,0,,0.27569056100037415,23,ALL_RESOLVED
final_v1,astar,map2,199,718a8e29bed05af7,30,10,5,15,0.3333333333333333,22,14.2,14.5,0,21,534,55974,67798,0.6678407439467264,0,0,,0.6991700789985771,23,ALL_RESOLVED
final_v1,ga,map2,191,718a8e29bed05af7,30,22,4,4,0.7333333333333333,74,37.45454545454545,36.0,261,19,1296,0,645990,107.02353327890887,21533,645990,0.25,107.17098585799977,76,ALL_RESOLVED
final_v1,bfs,map3,0,718a8e29bed05af7,30,30,0,0,1.0,37,22.5,22.5,0,135,705,86841,97666,0.6213958060397999,0,0,,0.6716360959981102,38,ALL_RESOLVED
final_v1,ga,map2,190,718a8e29bed05af7,30,28,2,0,0.9333333333333333,79,42.17857142857143,35.5,241,9,1345,0,666000,112.10867060999226,22200,666000,0.25,112.25577007899847,80,ALL_RESOLVED
final_v1,greedy,map3,0,718a8e29bed05af7,30,30,0,0,1.0,37,22.5,22.5,0,135,705,7380,18254,0.06460345305822557,0,0,,0.09240453999882448,38,ALL_RESOLVED
final_v1,astar,map3,0,718a8e29bed05af7,30,30,0,0,1.0,37,22.5,22.5,0,107,705,29426,43967,0.23134842399667832,0,0,,0.26032470499922056,38,ALL_RESOLVED
final_v1,ucs,map3,0,718a8e29bed05af7,30,30,0,0,1.0,37,22.5,22.5,0,99,705,128481,140223,1.5793534769873077,0,0,,1.6336348519980675,38,ALL_RESOLVED
final_v1,bfs,map3,1,718a8e29bed05af7,30,30,0,0,1.0,39,24.266666666666666,24.5,0,188,758,83953,95670,0.6148864559690992,0,0,,0.6669261089991778,40,ALL_RESOLVED
final_v1,ucs,map3,1,718a8e29bed05af7,30,30,0,0,1.0,39,24.266666666666666,24.5,0,128,758,133283,146364,1.623317819008662,0,0,,1.6782113339977514,40,ALL_RESOLVED
final_v1,greedy,map3,1,718a8e29bed05af7,30,30,0,0,1.0,39,24.266666666666666,24.5,0,188,758,7722,19106,0.11877424902195344,0,0,,0.1682854969985783,40,ALL_RESOLVED
final_v1,astar,map3,1,718a8e29bed05af7,30,30,0,0,1.0,39,24.266666666666666,24.5,0,138,758,29731,44768,0.40245797500756453,0,0,,0.4520203819993185,40,ALL_RESOLVED
final_v1,ga,map3,0,718a8e29bed05af7,30,30,0,0,1.0,38,23.466666666666665,23.5,26,97,734,0,214050,21.402986106011667,7135,214050,0.25,21.470097936999082,39,ALL_RESOLVED
final_v1,bfs,map3,2,718a8e29bed05af7,30,28,2,0,0.9333333333333333,36,22.5,22.5,0,112,676,87038,96764,0.6269936730568588,0,0,,0.676234258000477,37,ALL_RESOLVED
final_v1,ucs,map3,2,718a8e29bed05af7,30,28,2,0,0.9333333333333333,36,22.5,22.5,0,86,676,129603,140788,1.6124051709921332,0,0,,1.665918321999925,37,ALL_RESOLVED
final_v1,greedy,map3,2,718a8e29bed05af7,30,28,2,0,0.9333333333333333,36,22.5,22.5,0,112,676,7608,18057,0.11621006203495199,0,0,,0.1616022519992839,37,ALL_RESOLVED
final_v1,astar,map3,2,718a8e29bed05af7,30,28,2,0,0.9333333333333333,36,22.5,22.5,0,90,676,30406,44744,0.41696294001303613,0,0,,0.46393706500020926,37,ALL_RESOLVED
final_v1,ga,map2,194,718a8e29bed05af7,30,23,5,2,0.7666666666666667,70,35.0,30,194,19,1106,0,535530,88.70140567500493,17851,535530,0.25,88.82272631600063,71,ALL_RESOLVED
final_v1,bfs,map3,3,718a8e29bed05af7,30,30,0,0,1.0,36,21.5,21.5,0,117,675,84965,95475,0.6091198100693873,0,0,,0.6581384589990193,37,ALL_RESOLVED
final_v1,ucs,map3,3,718a8e29bed05af7,30,30,0,0,1.0,36,21.5,21.5,0,91,675,126315,137783,1.5649208340182668,0,0,,1.6177949550001358,37,ALL_RESOLVED
final_v1,greedy,map3,3,718a8e29bed05af7,30,30,0,0,1.0,36,21.5,21.5,0,117,675,7219,17747,0.11477240300519043,0,0,,0.16226067499883357,37,ALL_RESOLVED
final_v1,astar,map3,3,718a8e29bed05af7,30,30,0,0,1.0,36,21.5,21.5,0,91,675,28272,42327,0.3944010299965157,0,0,,0.4413069909969636,37,ALL_RESOLVED
final_v1,ga,map3,1,718a8e29bed05af7,30,30,0,0,1.0,40,25.1,25.5,56,129,783,0,223830,29.166918580009224,7461,223830,0.25,29.24591068600057,41,ALL_RESOLVED
final_v1,ga,map2,196,718a8e29bed05af7,30,8,4,18,0.26666666666666666,29,18.75,18.5,130,3,730,0,388290,81.8996470080092,12943,388290,0.25,81.98136039199744,44,ALL_RESOLVED
final_v1,bfs,map3,4,718a8e29bed05af7,30,30,0,0,1.0,38,23.133333333333333,23.5,0,106,724,100541,111768,0.7252441230484692,0,0,,0.7748414300003788,39,ALL_RESOLVED
final_v1,greedy,map3,4,718a8e29bed05af7,30,30,0,0,1.0,38,23.133333333333333,23.5,0,106,724,8320,20508,0.1312864819810784,0,0,,0.176954389000457,39,ALL_RESOLVED
final_v1,ga,map2,192,718a8e29bed05af7,30,26,4,0,0.8666666666666667,92,47.96153846153846,43.5,295,9,1511,0,759210,116.69087445000696,25307,759210,0.25,116.84861791300136,93,ALL_RESOLVED
final_v1,astar,map3,4,718a8e29bed05af7,30,30,0,0,1.0,38,23.133333333333333,23.5,0,76,724,30020,45734,0.4142716789683618,0,0,,0.46203306399911526,39,ALL_RESOLVED
final_v1,bfs,map3,5,718a8e29bed05af7,30,30,0,0,1.0,37,22.466666666666665,22.5,0,141,704,81646,92313,0.5930325230074232,0,0,,0.6412134419988433,38,ALL_RESOLVED
final_v1,ucs,map3,4,718a8e29bed05af7,30,30,0,0,1.0,38,23.133333333333333,23.5,0,76,724,140008,152523,1.7093855420098407,0,0,,1.7635980439990817,39,ALL_RESOLVED
final_v1,greedy,map3,5,718a8e29bed05af7,30,30,0,0,1.0,37,22.466666666666665,22.5,0,141,704,7219,17770,0.11215436901329667,0,0,,0.15692613500141306,38,ALL_RESOLVED
final_v1,astar,map3,5,718a8e29bed05af7,30,29,1,0,0.9666666666666667,36,21.96551724137931,22,0,104,676,26963,40750,0.3679184930078918,0,0,,0.41355542999735917,37,ALL_RESOLVED
final_v1,ucs,map3,5,718a8e29bed05af7,30,29,1,0,0.9666666666666667,36,21.96551724137931,22,0,92,676,118394,129668,1.4568563059656299,0,0,,1.5078917600003479,37,ALL_RESOLVED
final_v1,bfs,map3,6,718a8e29bed05af7,30,24,5,1,0.8,33,21.375,21.5,0,72,675,104490,116434,0.7556263249243784,0,0,,0.8017316949990345,34,ALL_RESOLVED
final_v1,ucs,map3,6,718a8e29bed05af7,30,24,5,1,0.8,33,21.375,21.5,0,48,659,139000,150430,1.7146186049758398,0,0,,1.7641998050021357,34,ALL_RESOLVED
final_v1,greedy,map3,6,718a8e29bed05af7,30,24,6,0,0.8,33,21.375,21.5,0,88,661,8324,20230,0.13030933095069486,0,0,,0.17256531299790367,34,ALL_RESOLVED
final_v1,astar,map3,6,718a8e29bed05af7,30,24,6,0,0.8,33,21.375,21.5,0,46,629,27825,42023,0.3828031089178694,0,0,,0.4248548159994243,34,ALL_RESOLVED
final_v1,ga,map3,2,718a8e29bed05af7,30,28,2,0,0.9333333333333333,37,22.928571428571427,22.5,42,30,692,0,208500,18.652944016979745,6950,208500,0.25,18.704110980001133,38,ALL_RESOLVED
final_v1,bfs,map3,7,718a8e29bed05af7,30,30,0,0,1.0,36,21.5,21.5,0,161,675,64264,73013,0.27604507504656794,0,0,,0.307429995998973,37,ALL_RESOLVED
final_v1,ucs,map3,7,718a8e29bed05af7,30,30,0,0,1.0,36,21.5,21.5,0,115,675,102522,114247,0.7282438710244605,0,0,,0.7601808050021646,37,ALL_RESOLVED
final_v1,greedy,map3,7,718a8e29bed05af7,30,30,0,0,1.0,36,21.5,21.5,0,161,675,6305,14694,0.05517568699360709,0,0,,0.08389334700041218,37,ALL_RESOLVED
final_v1,astar,map3,7,718a8e29bed05af7,30,30,0,0,1.0,36,21.5,21.5,0,131,675,23860,35909,0.1889630969526479,0,0,,0.21680741499949363,37,ALL_RESOLVED
final_v1,ga,map2,193,718a8e29bed05af7,30,28,1,1,0.9333333333333333,94,46.714285714285715,40.5,252,10,1446,0,707100,122.77099217603245,23570,707100,0.25,122.94409040000028,95,ALL_RESOLVED
final_v1,bfs,map3,8,718a8e29bed05af7,30,2,2,26,0.06666666666666667,11,9.0,9.0,0,2,354,90630,97216,0.6502838459782652,0,0,,0.6709087639974314,12,ALL_RESOLVED
final_v1,ucs,map3,8,718a8e29bed05af7,30,2,2,26,0.06666666666666667,11,9.0,9.0,0,3,354,100557,106709,1.0918135500323842,0,0,,1.1111396320011409,12,ALL_RESOLVED
final_v1,greedy,map3,8,718a8e29bed05af7,30,2,2,26,0.06666666666666667,11,9.0,9.0,0,2,354,6713,15984,0.061860055051511154,0,0,,0.07199417399897357,12,ALL_RESOLVED
final_v1,astar,map3,8,718a8e29bed05af7,30,2,2,26,0.06666666666666667,11,9.0,9.0,0,4,354,18055,28015,0.14669655493707978,0,0,,0.15745615000196267,12,ALL_RESOLVED
final_v1,ga,map3,3,718a8e29bed05af7,30,30,0,0,1.0,43,25.6,25.5,79,121,798,0,228390,30.020019713971124,7613,228390,0.25,30.10467590299959,44,ALL_RESOLVED
final_v1,bfs,map3,9,718a8e29bed05af7,30,25,5,0,0.8333333333333334,32,19.96,20,0,71,596,86114,96463,0.6305399090488208,0,0,,0.675087227999029,33,ALL_RESOLVED
final_v1,ucs,map3,9,718a8e29bed05af7,30,24,6,0,0.8,31,19.458333333333332,19.5,0,44,589,119656,129777,1.5059921650099568,0,0,,1.554101054000057,32,ALL_RESOLVED
final_v1,greedy,map3,9,718a8e29bed05af7,30,25,5,0,0.8333333333333334,32,19.96,20,0,71,596,6920,17051,0.11013929900582298,0,0,,0.14991628200004925,33,ALL_RESOLVED
final_v1,astar,map3,9,718a8e29bed05af7,30,24,6,0,0.8,31,19.458333333333332,19.5,0,50,589,25374,38658,0.3599574739637319,0,0,,0.40158747600071365,32,ALL_RESOLVED
final_v1,ga,map2,197,718a8e29bed05af7,30,18,3,9,0.6,53,28.944444444444443,27.5,236,6,1155,0,578970,79.58974103197397,19299,578970,0.25,79.69569439900079,54,ALL_RESOLVED
final_v1,bfs,map3,10,718a8e29bed05af7,30,30,0,0,1.0,37,22.4,22.5,0,107,702,90084,101102,0.6562643390789162,0,0,,0.7080359349965875,38,ALL_RESOLVED
final_v1,ga,map2,199,718a8e29bed05af7,30,3,0,27,0.1,18,12.666666666666666,13,128,2,581,0,318090,68.32370490396352,10603,318090,0.25,68.38583112799824,20,ALL_RESOLVED
final_v1,greedy,map3,10,718a8e29bed05af7,30,30,0,0,1.0,37,22.4,22.5,0,107,702,7882,19288,0.07463734505290631,0,0,,0.1048807150000357,38,ALL_RESOLVED
final_v1,astar,map3,10,718a8e29bed05af7,30,30,0,0,1.0,37,22.4,22.5,0,85,702,29615,44238,0.2489427479704318,0,0,,0.2805707900006382,38,ALL_RESOLVED
final_v1,ga,map3,7,718a8e29bed05af7,30,30,0,0,1.0,36,21.5,21.5,46,71,675,0,190650,18.749346880980738,6355,190650,0.25,18.81450230900009,37,ALL_RESOLVED
final_v1,ucs,map3,10,718a8e29bed05af7,30,30,0,0,1.0,37,22.4,22.5,0,85,702,130656,142812,1.636156848995597,0,0,,1.6921916380015318,38,ALL_RESOLVED
final_v1,ga,map3,4,718a8e29bed05af7,30,30,0,0,1.0,41,25.6,26.5,36,93,798,0,233880,29.137568124981044,7796,233880,0.25,29.220786777998,42,ALL_RESOLVED
final_v1,bfs,map3,11,718a8e29bed05af7,30,30,0,0,1.0,37,22.466666666666665,22.5,0,167,704,71226,80992,0.48987228499390767,0,0,,0.5283469780006271,38,ALL_RESOLVED
final_v1,greedy,map3,11,718a8e29bed05af7,30,30,0,0,1.0,37,22.466666666666665,22.5,0,167,704,6670,16457,0.06892007201895467,0,0,,0.10661863299901597,38,ALL_RESOLVED
final_v1,astar,map3,11,718a8e29bed05af7,30,29,1,0,0.9666666666666667,36,21.96551724137931,22,0,117,676,23048,35953,0.20512492000489146,0,0,,0.23498119799842243,37,ALL_RESOLVED
final_v1,ucs,map3,11,718a8e29bed05af7,30,29,1,0,0.9666666666666667,36,21.96551724137931,22,0,117,676,109397,120677,1.0588071210186172,0,0,,1.0962619139972958,37,ALL_RESOLVED
final_v1,ga,map3,5,718a8e29bed05af7,30,30,0,0,1.0,39,24.3,24.5,37,123,759,0,217410,28.20886381800301,7247,217410,0.25,28.28726169500078,40,ALL_RESOLVED
final_v1,bfs,map3,12,718a8e29bed05af7,30,28,2,0,0.9333333333333333,35,21.5,21.5,0,107,654,91493,102688,0.478116584046802,0,0,,0.5230059630011965,36,ALL_RESOLVED
final_v1,greedy,map3,12,718a8e29bed05af7,30,28,2,0,0.9333333333333333,35,21.5,21.5,0,107,654,7272,18210,0.11321006894650054,0,0,,0.1584276570029033,36,ALL_RESOLVED
final_v1,astar,map3,12,718a8e29bed05af7,30,28,2,0,0.9333333333333333,35,21.5,21.5,0,77,654,27147,41695,0.37750954900548095,0,0,,0.423276720001013,36,ALL_RESOLVED
final_v1,ucs,map3,12,718a8e29bed05af7,30,28,2,0,0.9333333333333333,35,21.5,21.5,0,75,654,127678,138684,0.9643133419995138,0,0,,0.9971796710015042,36,ALL_RESOLVED
final_v1,bfs,map3,13,718a8e29bed05af7,30,29,1,0,0.9666666666666667,38,23.689655172413794,24,0,58,722,116121,126541,0.8190013240346161,0,0,,0.8683074430009583,39,ALL_RESOLVED
final_v1,greedy,map3,13,718a8e29bed05af7,30,28,2,0,0.9333333333333333,37,23.178571428571427,23.5,0,45,697,9836,23013,0.14707805302168708,0,0,,0.18996998500006157,38,ALL_RESOLVED
final_v1,ucs,map3,13,718a8e29bed05af7,30,29,1,0,0.9666666666666667,39,24.06896551724138,24,0,49,733,154939,166515,1.1243141619816015,0,0,,1.1610294009988138,40,ALL_RESOLVED
final_v1,astar,map3,13,718a8e29bed05af7,30,28,2,0,0.9333333333333333,37,23.178571428571427,23.5,0,35,691,35035,50577,0.4657803840309498,0,0,,0.511706110999512,38,ALL_RESOLVED
final_v1,bfs,map3,14,718a8e29bed05af7,30,14,10,6,0.4666666666666667,23,15.428571428571429,15.5,0,28,534,95659,104633,0.6835575560144207,0,0,,0.7180201099981787,24,ALL_RESOLVED
final_v1,ga,map3,8,718a8e29bed05af7,30,1,1,28,0.03333333333333333,7,7.0,7,43,3,354,0,140070,19.564272702049493,4669,140070,0.25,19.597520518997044,12,ALL_RESOLVED
final_v1,greedy,map3,14,718a8e29bed05af7,30,14,11,5,0.4666666666666667,23,15.428571428571429,15.5,0,28,522,7731,18092,0.11827098596768337,0,0,,0.14810578800097574,24,ALL_RESOLVED
final_v1,ucs,map3,14,718a8e29bed05af7,30,13,10,7,0.43333333333333335,23,15.0,15,0,18,544,127855,136026,1.5735752920081723,0,0,,1.6117427780009166,24,ALL_RESOLVED
final_v1,ga,map3,6,718a8e29bed05af7,30,20,10,0,0.6666666666666666,33,23.2,23.5,34,105,750,0,225480,28.948977654032205,7516,225480,0.25,29.024362107000343,34,ALL_RESOLVED
final_v1,astar,map3,14,718a8e29bed05af7,30,13,10,7,0.43333333333333335,23,15.0,15,0,23,532,28353,41244,0.38489539895090275,0,0,,0.4171562109986553,24,ALL_RESOLVED
final_v1,bfs,map3,15,718a8e29bed05af7,30,25,5,0,0.8333333333333334,33,20.4,21,0,39,571,83929,92139,0.34445924295141594,0,0,,0.3700479399994947,34,ALL_RESOLVED
final_v1,greedy,map3,15,718a8e29bed05af7,30,25,5,0,0.8333333333333334,33,20.4,21,0,39,571,7221,16852,0.06575472400072613,0,0,,0.0904719659993134,34,ALL_RESOLVED
final_v1,astar,map3,15,718a8e29bed05af7,30,28,2,0,0.9333333333333333,36,21.964285714285715,22.5,0,43,655,27600,40880,0.23664840004130383,0,0,,0.26512166099928436,37,ALL_RESOLVED
final_v1,ucs,map3,15,718a8e29bed05af7,30,28,2,0,0.9333333333333333,36,21.964285714285715,22.5,0,43,655,125925,136672,1.358654484978615,0,0,,1.399715194998862,37,ALL_RESOLVED
final_v1,ga,map2,198,718a8e29bed05af7,30,10,3,17,0.3333333333333333,41,20.5,19.5,165,8,831,0,436710,86.4543075139809,14557,436710,0.25,86.55480739400082,48,ALL_RESOLVED
final_v1,bfs,map3,16,718a8e29bed05af7,30,28,2,0,0.9333333333333333,35,21.214285714285715,21.5,0,87,640,85733,95633,0.372459012985928,0,0,,0.4024422929978755,36,ALL_RESOLVED
final_v1,greedy,map3,16,718a8e29bed05af7,30,28,2,0,0.9333333333333333,35,21.214285714285715,21.5,0,87,640,7347,18201,0.06816377495852066,0,0,,0.09529846900113625,36,ALL_RESOLVED
final_v1,astar,map3,16,718a8e29bed05af7,30,28,2,0,0.9333333333333333,35,21.214285714285715,21.5,0,71,640,26537,40061,0.2266498530334502,0,0,,0.25763936300063506,36,ALL_RESOLVED
final_v1,ucs,map3,16,718a8e29bed05af7,30,28,2,0,0.9333333333333333,35,21.214285714285715,21.5,0,71,640,120048,130635,1.5053934849893267,0,0,,1.5566019390025758,36,ALL_RESOLVED
final_v1,bfs,map3,17,718a8e29bed05af7,30,30,0,0,1.0,38,23.133333333333333,23.5,0,116,724,93679,104478,0.5965022499367478,0,0,,0.6462935820018174,39,ALL_RESOLVED
final_v1,ucs,map3,17,718a8e29bed05af7,30,30,0,0,1.0,38,23.133333333333333,23.5,0,96,724,133075,145593,1.6178536470470135,0,0,,1.673673527999199,39,ALL_RESOLVED
final_v1,greedy,map3,17,718a8e29bed05af7,30,30,0,0,1.0,38,23.133333333333333,23.5,0,116,724,8134,19812,0.12769173894048436,0,0,,0.17478942500019912,39,ALL_RESOLVED
final_v1,astar,map3,17,718a8e29bed05af7,30,30,0,0,1.0,38,23.133333333333333,23.5,0,96,724,29646,44666,0.41253137702369713,0,0,,0.4622809579996101,39,ALL_RESOLVED
final_v1,ga,map2,195,718a8e29bed05af7,30,21,7,2,0.7,72,40.23809523809524,32,277,5,1392,0,710550,133.85868639998444,23685,710550,0.25,134.01989699399928,78,ALL_RESOLVED
final_v1,bfs,map3,18,718a8e29bed05af7,30,28,2,0,0.9333333333333333,35,21.214285714285715,21.5,0,107,646,81089,91257,0.6093852649828477,0,0,,0.6564749790013593,36,ALL_RESOLVED
final_v1,ga,map3,9,718a8e29bed05af7,30,27,3,0,0.9,35,21.77777777777778,22,44,54,723,0,217590,24.0138997009999,7253,217590,0.25,24.080813458000193,36,ALL_RESOLVED
final_v1,greedy,map3,18,718a8e29bed05af7,30,27,3,0,0.9,34,20.703703703703702,21,0,105,624,6745,16509,0.06594103604948032,0,0,,0.09111987899814267,35,ALL_RESOLVED
final_v1,ucs,map3,18,718a8e29bed05af7,30,28,2,0,0.9333333333333333,35,21.214285714285715,21.5,0,83,646,120606,131136,1.4971287359803682,0,0,,1.5487107910012128,36,ALL_RESOLVED
final_v1,astar,map3,18,718a8e29bed05af7,30,28,2,0,0.9333333333333333,35,21.214285714285715,21.5,0,85,646,26036,39516,0.21784878298058175,0,0,,0.2464609290000226,36,ALL_RESOLVED
final_v1,bfs,map3,19,718a8e29bed05af7,30,27,3,0,0.9,33,20.0,20,0,89,609,77072,86284,0.3302611830185924,0,0,,0.35842996000064886,34,ALL_RESOLVED
final_v1,ucs,map3,19,718a8e29bed05af7,30,29,1,0,0.9666666666666667,35,21.0,21,0,93,664,123823,135024,0.9089401389792329,0,0,,0.9447003700006462,36,ALL_RESOLVED
final_v1,greedy,map3,19,718a8e29bed05af7,30,27,3,0,0.9,33,20.0,20,0,89,609,6642,16009,0.05961862195908907,0,0,,0.08564711000144598,34,ALL_RESOLVED
final_v1,astar,map3,19,718a8e29bed05af7,30,29,1,0,0.9666666666666667,35,21.0,21,0,95,664,28269,41793,0.22828221094459877,0,0,,0.2588025889999699,36,ALL_RESOLVED
final_v1,ga,map3,11,718a8e29bed05af7,30,28,2,0,0.9333333333333333,37,23.357142857142858,23.5,53,125,754,0,219540,25.37952378002592,7318,219540,0.25,25.460230125001544,48,ALL_RESOLVED
final_v1,bfs,map3,20,718a8e29bed05af7,30,27,3,0,0.9,33,20.0,20,0,74,591,78035,86545,0.5589240500084998,0,0,,0.6031473490002099,34,ALL_RESOLVED
final_v1,ga,map3,12,718a8e29bed05af7,30,30,0,0,1.0,43,25.2,25.5,39,104,786,0,234390,25.714271942008054,7813,234390,0.25,25.793474162001075,44,ALL_RESOLVED
final_v1,greedy,map3,20,718a8e29bed05af7,30,27,3,0,0.9,33,20.0,20,0,74,591,6774,16318,0.10312942495875177,0,0,,0.143166713998653,34,ALL_RESOLVED
final_v1,astar,map3,20,718a8e29bed05af7,30,28,2,0,0.9333333333333333,35,20.535714285714285,20.5,0,68,617,28193,41530,0.3784218310356664,0,0,,0.42319255500115105,36,ALL_RESOLVED
final_v1,ucs,map3,20,718a8e29bed05af7,30,28,2,0,0.9333333333333333,35,20.535714285714285,20.5,0,66,617,117894,127785,1.4552035290216736,0,0,,1.5070243760019366,36,ALL_RESOLVED
final_v1,bfs,map3,21,718a8e29bed05af7,30,27,3,0,0.9,34,21.0,21,0,143,614,61970,69978,0.45159403299112455,0,0,,0.4969287180028914,35,ALL_RESOLVED
final_v1,ga,map3,10,718a8e29bed05af7,30,30,0,0,1.0,43,24.333333333333332,24.5,41,81,760,0,219990,29.886827640038973,7333,219990,0.25,29.97395490100098,44,ALL_RESOLVED
final_v1,ucs,map3,21,718a8e29bed05af7,30,27,3,0,0.9,34,21.0,21,0,123,614,98121,107995,1.2066119390110543,0,0,,1.2561966059984115,35,ALL_RESOLVED
final_v1,greedy,map3,21,718a8e29bed05af7,30,27,3,0,0.9,34,21.0,21,0,143,614,5854,14287,0.08891102498819237,0,0,,0.13121352900270722,35,ALL_RESOLVED
final_v1,astar,map3,21,718a8e29bed05af7,30,27,3,0,0.9,34,21.0,21,0,121,614,21955,33674,0.2523142950158217,0,0,,0.2851028779987246,35,ALL_RESOLVED
final_v1,bfs,map3,22,718a8e29bed05af7,30,30,0,0,1.0,36,21.5,21.5,0,124,675,77353,87648,0.3157888470013859,0,0,,0.34480683599758777,37,ALL_RESOLVED
final_v1,ucs,map3,22,718a8e29bed05af7,30,30,0,0,1.0,36,21.5,21.5,0,88,675,121584,133067,0.898132387039368,0,0,,0.9328342659973714,37,ALL_RESOLVED
final_v1,greedy,map3,22,718a8e29bed05af7,30,30,0,0,1.0,36,21.5,21.5,0,124,675,7070,16799,0.06350081500568194,0,0,,0.09290986799896928,37,ALL_RESOLVED
final_v1,astar,map3,22,718a8e29bed05af7,30,30,0,0,1.0,36,21.5,21.5,0,92,675,29216,42585,0.24159045904889354,0,0,,0.2725431920007395,37,ALL_RESOLVED
final_v1,ga,map3,17,718a8e29bed05af7,30,30,0,0,1.0,46,25.0,25.5,43,75,780,0,234180,23.544584202001715,7806,234180,0.25,23.613971425998898,47,ALL_RESOLVED
final_v1,bfs,map3,23,718a8e29bed05af7,30,30,0,0,1.0,37,22.5,22.5,0,127,705,89389,100747,0.4091856740451476,0,0,,0.44354910800029757,38,ALL_RESOLVED
final_v1,ucs,map3,23,718a8e29bed05af7,30,30,0,0,1.0,37,22.5,22.5,0,89,705,129285,141078,1.4477626350308128,0,0,,1.501607228001376,38,ALL_RESOLVED
final_v1,greedy,map3,23,718a8e29bed05af7,30,30,0,0,1.0,37,22.5,22.5,0,127,705,7527,18734,0.11915743803183432,0,0,,0.16731377999894903,38,ALL_RESOLVED
final_v1,astar,map3,23,718a8e29bed05af7,30,30,0,0,1.0,37,22.5,22.5,0,101,705,29250,44082,0.4042175129725365,0,0,,0.4533453960029874,38,ALL_RESOLVED
final_v1,ga,map3,15,718a8e29bed05af7,30,20,9,1,0.6666666666666666,37,20.5,21.5,50,4,566,0,194550,32.086589312977594,6485,194550,0.25,32.15583729899663,38,ALL_RESOLVED
final_v1,ga,map3,16,718a8e29bed05af7,30,30,0,0,1.0,40,24.9,25.5,43,82,777,0,227640,30.972461791021487,7588,227640,0.25,31.061714008999843,41,ALL_RESOLVED
final_v1,bfs,map3,24,718a8e29bed05af7,30,27,3,0,0.9,36,22.814814814814813,23,0,97,667,88198,98290,0.6463133420293161,0,0,,0.6933020379983645,37,ALL_RESOLVED
final_v1,greedy,map3,24,718a8e29bed05af7,30,27,3,0,0.9,36,22.814814814814813,23,0,97,667,7797,18995,0.12134606600739062,0,0,,0.16376638100337004,37,ALL_RESOLVED
final_v1,astar,map3,24,718a8e29bed05af7,30,28,2,0,0.9333333333333333,39,23.392857142857142,23.5,0,81,699,27670,42501,0.37917153401940595,0,0,,0.4291073749991483,40,ALL_RESOLVED
final_v1,ucs,map3,24,718a8e29bed05af7,30,28,2,0,0.9333333333333333,39,23.392857142857142,23.5,0,75,699,129535,141246,1.6121604850159201,0,0,,1.6684092100003909,40,ALL_RESOLVED
final_v1,bfs,map3,25,718a8e29bed05af7,30,30,0,0,1.0,37,22.466666666666665,22.5,0,103,704,90286,100304,0.6485336910045589,0,0,,0.6989815939996333,38,ALL_RESOLVED
final_v1,ucs,map3,25,718a8e29bed05af7,30,30,0,0,1.0,37,22.466666666666665,22.5,0,67,704,126295,138205,1.5593869190306577,0,0,,1.6142866340014734,38,ALL_RESOLVED
final_v1,greedy,map3,25,718a8e29bed05af7,30,30,0,0,1.0,37,22.466666666666665,22.5,0,103,704,8029,19032,0.12151099499169504,0,0,,0.1671899510001822,38,ALL_RESOLVED
final_v1,astar,map3,25,718a8e29bed05af7,30,30,0,0,1.0,37,22.466666666666665,22.5,0,91,704,30787,45095,0.42278153805455077,0,0,,0.4722102209998411,38,ALL_RESOLVED
final_v1,ga,map3,19,718a8e29bed05af7,30,30,0,0,1.0,43,23.666666666666668,23.5,52,89,740,0,216540,23.415691555983358,7218,216540,0.25,23.494827009999426,44,ALL_RESOLVED
final_v1,ga,map3,14,718a8e29bed05af7,30,7,9,14,0.23333333333333334,22,15.714285714285714,15,81,7,559,0,229860,40.96477792696169,7662,229860,0.25,41.026521145002334,23,ALL_RESOLVED
final_v1,bfs,map3,26,718a8e29bed05af7,30,27,2,1,0.9,35,21.37037037037037,21,0,43,700,110323,120125,0.7672379110408656,0,0,,0.8125646879998385,36,ALL_RESOLVED
final_v1,greedy,map3,26,718a8e29bed05af7,30,27,2,1,0.9,35,21.37037037037037,21,0,43,700,10873,24896,0.15966070803551702,0,0,,0.1998027000008733,36,ALL_RESOLVED
final_v1,ga,map3,18,718a8e29bed05af7,30,28,2,0,0.9333333333333333,36,22.107142857142858,22.5,48,54,693,0,204870,27.024627076018078,6829,204870,0.25,27.098777778999647,37,ALL_RESOLVED
final_v1,astar,map3,26,718a8e29bed05af7,30,24,2,4,0.8,33,19.708333333333332,19.5,0,26,679,30288,43846,0.4165135639523214,0,0,,0.46326366900029825,34,ALL_RESOLVED
final_v1,ucs,map3,26,718a8e29bed05af7,30,24,2,4,0.8,33,19.708333333333332,19.5,0,24,679,137461,147159,1.6766578720453253,0,0,,1.7253764440029045,34,ALL_RESOLVED
final_v1,bfs,map3,27,718a8e29bed05af7,30,30,0,0,1.0,36,21.5,21.5,0,88,675,86785,96263,0.6212380180040782,0,0,,0.673175361000176,37,ALL_RESOLVED
final_v1,greedy,map3,27,718a8e29bed05af7,30,30,0,0,1.0,36,21.5,21.5,0,88,675,7578,18147,0.1177448819980782,0,0,,0.16213610799968592,37,ALL_RESOLVED
final_v1,astar,map3,27,718a8e29bed05af7,30,30,0,0,1.0,36,21.5,21.5,0,74,675,26713,40539,0.36858482304160134,0,0,,0.4165639349994308,37,ALL_RESOLVED
final_v1,ucs,map3,27,718a8e29bed05af7,30,30,0,0,1.0,36,21.5,21.5,0,74,675,121979,133556,1.5084746660286328,0,0,,1.5627250529978483,37,ALL_RESOLVED
final_v1,bfs,map3,28,718a8e29bed05af7,30,24,6,0,0.8,31,18.708333333333332,18.5,0,36,527,79447,86960,0.5537820289828232,0,0,,0.5945081009995192,32,ALL_RESOLVED
final_v1,ucs,map3,28,718a8e29bed05af7,30,26,4,0,0.8666666666666667,33,19.76923076923077,19.5,0,36,570,115969,124840,1.3809158919757465,0,0,,1.4289180349987873,34,ALL_RESOLVED
final_v1,ga,map3,20,718a8e29bed05af7,30,30,0,0,1.0,40,22.6,22.5,39,48,708,0,212190,24.506262061011512,7073,212190,0.25,24.578831135000655,41,ALL_RESOLVED
final_v1,ga,map3,22,718a8e29bed05af7,30,29,1,0,0.9666666666666667,43,22.06896551724138,22,47,57,677,0,200310,20.423437403009302,6677,200310,0.25,20.49488907200066,44,ALL_RESOLVED
final_v1,greedy,map3,28,718a8e29bed05af7,30,24,6,0,0.8,31,18.708333333333332,18.5,0,36,527,6780,16170,0.10158082291673054,0,0,,0.13856339799895068,32,ALL_RESOLVED
final_v1,astar,map3,28,718a8e29bed05af7,30,26,4,0,0.8666666666666667,33,19.76923076923077,19.5,0,36,570,29318,41736,0.3852184120005404,0,0,,0.4268877620015701,34,ALL_RESOLVED
final_v1,bfs,map3,29,718a8e29bed05af7,30,29,1,0,0.9666666666666667,37,22.724137931034484,23,0,87,692,95185,106042,0.6789026099322655,0,0,,0.7276244460008456,38,ALL_RESOLVED
final_v1,greedy,map3,29,718a8e29bed05af7,30,28,2,0,0.9333333333333333,36,22.214285714285715,22.5,0,80,666,7956,19501,0.12362946798748453,0,0,,0.16665579599794,37,ALL_RESOLVED
final_v1,astar,map3,29,718a8e29bed05af7,30,29,1,0,0.9666666666666667,37,22.724137931034484,23,0,71,692,30941,46853,0.4217989140852296,0,0,,0.46869767300086096,38,ALL_RESOLVED
final_v1,ucs,map3,29,718a8e29bed05af7,30,29,1,0,0.9666666666666667,37,22.724137931034484,23,0,71,692,137601,148493,1.6648924469736812,0,0,,1.718839092001872,38,ALL_RESOLVED
final_v1,bfs,map3,30,718a8e29bed05af7,30,10,9,11,0.3333333333333333,16,11.5,11.5,0,22,445,87904,95243,0.6134617329844332,0,0,,0.6423561420015176,18,ALL_RESOLVED
final_v1,ucs,map3,30,718a8e29bed05af7,30,10,8,12,0.3333333333333333,16,11.5,11.5,0,17,439,103912,109909,1.2580070840012922,0,0,,1.2893904589982412,18,ALL_RESOLVED
final_v1,greedy,map3,30,718a8e29bed05af7,30,10,9,11,0.3333333333333333,16,11.5,11.5,0,22,445,9790,20614,0.13520144792710198,0,0,,0.16045296000083908,18,ALL_RESOLVED
final_v1,astar,map3,30,718a8e29bed05af7,30,10,7,13,0.3333333333333333,16,11.5,11.5,0,19,445,28464,38137,0.36468338697886793,0,0,,0.39160595900102635,18,ALL_RESOLVED
final_v1,ga,map3,21,718a8e29bed05af7,30,30,0,0,1.0,38,23.466666666666665,23.5,53,99,734,0,215160,28.07910724803878,7172,215160,0.25,28.157339778001187,39,ALL_RESOLVED
final_v1,bfs,map3,31,718a8e29bed05af7,30,28,2,0,0.9333333333333333,34,20.5,20.5,0,82,614,72040,79801,0.5120828059989435,0,0,,0.5553421580007125,35,ALL_RESOLVED
final_v1,ucs,map3,31,718a8e29bed05af7,30,28,2,0,0.9333333333333333,34,20.5,20.5,0,78,614,104298,113897,1.2707439719888498,0,0,,1.3186664460008615,35,ALL_RESOLVED
final_v1,greedy,map3,31,718a8e29bed05af7,30,28,2,0,0.9333333333333333,34,20.5,20.5,0,82,614,6695,15682,0.09955636398080969,0,0,,0.13987864399678074,35,ALL_RESOLVED
final_v1,astar,map3,31,718a8e29bed05af7,30,28,2,0,0.9333333333333333,34,20.5,20.5,0,78,614,25859,37827,0.3488233500320348,0,0,,0.3913154330002726,35,ALL_RESOLVED
final_v1,ga,map3,23,718a8e29bed05af7,30,30,0,0,1.0,38,23.3,23.5,37,73,729,0,216000,22.33175380004832,7200,216000,0.25,22.395740470998135,39,ALL_RESOLVED
final_v1,bfs,map3,32,718a8e29bed05af7,30,30,0,0,1.0,39,23.966666666666665,24.5,0,113,749,93862,104136,0.4270808859691897,0,0,,0.46102430400060257,40,ALL_RESOLVED
final_v1,ga,map3,13,718a8e29bed05af7,30,19,10,1,0.6333333333333333,47,25.57894736842105,23,91,5,785,0,316890,58.74682611601747,10563,316890,0.25,58.84038694300034,48,ALL_RESOLVED
final_v1,greedy,map3,32,718a8e29bed05af7,30,30,0,0,1.0,39,23.966666666666665,24.5,0,113,749,8788,20207,0.13026999999419786,0,0,,0.17543876000127057,40,ALL_RESOLVED
final_v1,ucs,map3,32,718a8e29bed05af7,30,30,0,0,1.0,39,23.966666666666665,24.5,0,107,749,135974,147935,1.0358620429578878,0,0,,1.0752424399979645,40,ALL_RESOLVED
final_v1,astar,map3,32,718a8e29bed05af7,30,30,0,0,1.0,39,23.966666666666665,24.5,0,107,749,35023,50192,0.4721616809911211,0,0,,0.5204405770018639,40,ALL_RESOLVED
final_v1,ga,map3,24,718a8e29bed05af7,30,27,3,0,0.9,38,24.59259259259259,25,49,67,733,0,222150,22.498695415011753,7405,222150,0.25,22.566806048002036,39,ALL_RESOLVED
final_v1,bfs,map3,33,718a8e29bed05af7,30,30,0,0,1.0,37,22.433333333333334,22.5,0,131,703,80550,90722,0.5888252620097774,0,0,,0.6388634350005304,38,ALL_RESOLVED
final_v1,greedy,map3,33,718a8e29bed05af7,30,30,0,0,1.0,37,22.433333333333334,22.5,0,131,703,7221,17319,0.1100707459518162,0,0,,0.1558383759984281,38,ALL_RESOLVED
final_v1,astar,map3,33,718a8e29bed05af7,30,30,0,0,1.0,37,22.433333333333334,22.5,0,81,703,26235,40140,0.36093032803182723,0,0,,0.4091992530011339,38,ALL_RESOLVED
final_v1,ucs,map3,33,718a8e29bed05af7,30,30,0,0,1.0,37,22.433333333333334,22.5,0,75,703,127002,139024,1.5822878469989519,0,0,,1.6388563690015872,38,ALL_RESOLVED
final_v1,bfs,map3,34,718a8e29bed05af7,30,9,7,14,0.3,16,11.222222222222221,11,0,7,470,92506,100905,0.6910013529450225,0,0,,0.7196173839984112,18,ALL_RESOLVED
final_v1,ucs,map3,34,718a8e29bed05af7,30,8,6,16,0.26666666666666666,17,10.875,10.5,0,7,471,113026,120893,1.418476712933625,0,0,,1.4512136170014855,18,ALL_RESOLVED
final_v1,greedy,map3,34,718a8e29bed05af7,30,9,7,14,0.3,16,11.222222222222221,11,0,7,470,8647,19437,0.13069604096381227,0,0,,0.15541189400028088,18,ALL_RESOLVED
final_v1,astar,map3,34,718a8e29bed05af7,30,8,6,16,0.26666666666666666,15,10.625,10.5,0,7,469,22978,34108,0.19244049794360762,0,0,,0.20906099900093977,18,ALL_RESOLVED
final_v1,ga,map3,25,718a8e29bed05af7,30,27,3,0,0.9,39,23.11111111111111,23,54,51,707,0,225180,29.74747798403405,7506,225180,0.25,29.822152736000135,40,ALL_RESOLVED
final_v1,bfs,map3,35,718a8e29bed05af7,30,26,4,0,0.8666666666666667,32,19.5,19.5,0,37,595,86765,95169,0.6134950559644494,0,0,,0.6570978079980705,33,ALL_RESOLVED
final_v1,ucs,map3,35,718a8e29bed05af7,30,28,2,0,0.9333333333333333,35,20.535714285714285,20.5,0,48,633,117901,127314,1.462193527018826,0,0,,1.5139491030022327,36,ALL_RESOLVED
final_v1,greedy,map3,35,718a8e29bed05af7,30,24,5,1,0.8,31,18.791666666666668,18.5,0,30,609,8903,20360,0.1302382969770406,0,0,,0.17854290200193645,36,ALL_RESOLVED
final_v1,astar,map3,35,718a8e29bed05af7,30,28,2,0,0.9333333333333333,35,20.535714285714285,20.5,0,48,633,29951,42433,0.40396024395886343,0,0,,0.4492490419979731,36,ALL_RESOLVED
final_v1,ga,map3,28,718a8e29bed05af7,30,27,3,0,0.9,41,22.77777777777778,23,65,26,710,0,226620,26.627193213989813,7554,226620,0.25,26.70074390100126,42,ALL_RESOLVED
final_v1,bfs,map3,36,718a8e29bed05af7,30,28,2,0,0.9333333333333333,36,22.5,22.5,0,138,676,80916,90430,0.5743044049922901,0,0,,0.6234538659991813,37,ALL_RESOLVED
final_v1,ga,map3,27,718a8e29bed05af7,30,30,0,0,1.0,48,23.6,23.5,45,50,738,0,214920,30.159206169057143,7164,214920,0.25,30.248020332001033,49,ALL_RESOLVED
final_v1,greedy,map3,36,718a8e29bed05af7,30,28,2,0,0.9333333333333333,36,22.5,22.5,0,138,676,7047,17179,0.10615550502916449,0,0,,0.15102699199997005,37,ALL_RESOLVED
final_v1,astar,map3,36,718a8e29bed05af7,30,29,1,0,0.9666666666666667,37,23.0,23,0,105,702,26621,40171,0.35609569197913515,0,0,,0.4032656050003425,38,ALL_RESOLVED
final_v1,ucs,map3,36,718a8e29bed05af7,30,29,1,0,0.9666666666666667,37,23.0,23,0,111,702,120086,131747,1.4658714580036758,0,0,,1.5208262689993717,38,ALL_RESOLVED
final_v1,bfs,map3,37,718a8e29bed05af7,30,30,0,0,1.0,37,22.5,22.5,0,122,705,95448,107079,0.6840164639797877,0,0,,0.7364746989987907,38,ALL_RESOLVED
final_v1,ucs,map3,37,718a8e29bed05af7,30,30,0,0,1.0,37,22.5,22.5,0,86,705,138990,151159,1.7317065630450088,0,0,,1.789470452000387,38,ALL_RESOLVED
final_v1,greedy,map3,37,718a8e29bed05af7,30,30,0,0,1.0,37,22.5,22.5,0,122,705,7659,19206,0.12262881601418485,0,0,,0.1703218510010629,38,ALL_RESOLVED
final_v1,ga,map3,29,718a8e29bed05af7,30,27,3,0,0.9,39,22.925925925925927,23,51,30,698,0,213720,30.413999342945317,7124,213720,0.25,30.4908929589983,40,ALL_RESOLVED
final_v1,astar,map3,37,718a8e29bed05af7,30,30,0,0,1.0,37,22.5,22.5,0,90,705,29040,44277,0.4018076710126479,0,0,,0.451516958000866,38,ALL_RESOLVED
final_v1,bfs,map3,38,718a8e29bed05af7,30,29,1,0,0.9666666666666667,37,22.96551724137931,23,0,135,699,80723,90984,0.5972460539815074,0,0,,0.6452064479999535,38,ALL_RESOLVED
final_v1,ucs,map3,38,718a8e29bed05af7,30,29,1,0,0.9666666666666667,37,22.96551724137931,23,0,123,699,119618,131681,1.505510755967407,0,0,,1.5586562249991402,38,ALL_RESOLVED
final_v1,greedy,map3,38,718a8e29bed05af7,30,29,1,0,0.9666666666666667,37,22.96551724137931,23,0,135,699,7268,17784,0.11399561999496655,0,0,,0.15808050699706655,38,ALL_RESOLVED
final_v1,astar,map3,38,718a8e29bed05af7,30,29,1,0,0.9666666666666667,37,22.96551724137931,23,0,123,699,26378,40336,0.36913834398365,0,0,,0.415500022998458,38,ALL_RESOLVED
final_v1,ga,map3,32,718a8e29bed05af7,30,28,2,0,0.9333333333333333,61,25.928571428571427,25.5,74,61,794,0,249840,25.08407429003273,8328,249840,0.25,25.158247609000682,62,ALL_RESOLVED
final_v1,bfs,map3,39,718a8e29bed05af7,30,30,0,0,1.0,36,21.5,21.5,0,114,675,77949,87396,0.36008411398142925,0,0,,0.3921465540006466,37,ALL_RESOLVED
final_v1,ga,map3,34,718a8e29bed05af7,30,7,5,18,0.23333333333333334,14,10.857142857142858,11,54,7,483,0,164190,21.12284351901326,5473,164190,0.25,21.164961993999896,18,ALL_RESOLVED
final_v1,greedy,map3,39,718a8e29bed05af7,30,30,0,0,1.0,36,21.5,21.5,0,114,675,7227,16988,0.06494302900682669,0,0,,0.09177227200052585,37,ALL_RESOLVED
final_v1,astar,map3,39,718a8e29bed05af7,30,30,0,0,1.0,36,21.5,21.5,0,92,675,30764,44168,0.3004306050243031,0,0,,0.3401473710000573,37,ALL_RESOLVED
final_v1,ucs,map3,39,718a8e29bed05af7,30,30,0,0,1.0,36,21.5,21.5,0,98,675,120617,131846,0.9664735219994327,0,0,,1.0026655109977582,37,ALL_RESOLVED
final_v1,bfs,map3,40,718a8e29bed05af7,30,30,0,0,1.0,36,21.5,21.5,0,135,675,71046,80827,0.3263084060054098,0,0,,0.359357381999871,37,ALL_RESOLVED
final_v1,ucs,map3,40,718a8e29bed05af7,30,30,0,0,1.0,36,21.5,21.5,0,95,675,116144,127028,0.9198967939591967,0,0,,0.9554560289980145,37,ALL_RESOLVED
final_v1,greedy,map3,40,718a8e29bed05af7,30,30,0,0,1.0,36,21.5,21.5,0,135,675,6625,16121,0.06374267596402206,0,0,,0.09350551700117649,37,ALL_RESOLVED
final_v1,astar,map3,40,718a8e29bed05af7,30,30,0,0,1.0,36,21.5,21.5,0,95,675,26157,39485,0.22333196303952718,0,0,,0.2536188750018482,37,ALL_RESOLVED
final_v1,ga,map3,30,718a8e29bed05af7,30,6,7,17,0.2,15,10.5,10.0,64,0,453,0,191790,35.971786962018086,6393,191790,0.25,36.02220968999973,18,ALL_RESOLVED
final_v1,ga,map3,31,718a8e29bed05af7,30,26,4,0,0.8666666666666667,41,22.076923076923077,20.5,68,18,668,0,219240,32.682953143015766,7308,219240,0.25,32.75959102100023,48,ALL_RESOLVED
final_v1,bfs,map3,41,718a8e29bed05af7,30,29,1,0,0.9666666666666667,36,22.0,22,0,96,673,96328,107631,0.6931936129731184,0,0,,0.7429145669993886,37,ALL_RESOLVED
final_v1,greedy,map3,41,718a8e29bed05af7,30,29,1,0,0.9666666666666667,36,22.0,22,0,96,673,7754,19680,0.12242345107733854,0,0,,0.1674131319996377,37,ALL_RESOLVED
final_v1,ga,map3,33,718a8e29bed05af7,30,30,0,0,1.0,39,24.133333333333333,24.5,51,70,754,0,224340,30.40087902393134,7478,224340,0.25,30.484900047002156,40,ALL_RESOLVED
final_v1,astar,map3,41,718a8e29bed05af7,30,29,1,0,0.9666666666666667,36,22.0,22,0,76,673,31595,47913,0.4360860229608079,0,0,,0.4836966089969792,37,ALL_RESOLVED
final_v1,ucs,map3,41,718a8e29bed05af7,30,29,1,0,0.9666666666666667,36,22.0,22,0,78,673,138166,148868,1.7040943749743747,0,0,,1.7583689659986703,37,ALL_RESOLVED
final_v1,bfs,map3,42,718a8e29bed05af7,30,30,0,0,1.0,36,21.5,21.5,0,126,675,82431,92784,0.5867988180652901,0,0,,0.6366416849996313,37,ALL_RESOLVED
final_v1,greedy,map3,42,718a8e29bed05af7,30,30,0,0,1.0,36,21.5,21.5,0,126,675,7199,17696,0.11037232501621475,0,0,,0.1558211459996528,37,ALL_RESOLVED
final_v1,astar,map3,42,718a8e29bed05af7,30,30,0,0,1.0,36,21.5,21.5,0,96,675,31897,46186,0.3607137249200605,0,0,,0.39731880800172803,37,ALL_RESOLVED
final_v1,ucs,map3,42,718a8e29bed05af7,30,30,0,0,1.0,36,21.5,21.5,0,96,675,128159,139240,1.5727299189347832,0,0,,1.6283539159994689,37,ALL_RESOLVED
final_v1,bfs,map3,43,718a8e29bed05af7,30,5,11,14,0.16666666666666666,16,12.8,13,0,28,553,127923,139497,0.9094302560224605,0,0,,0.9463492340000812,22,ALL_RESOLVED
final_v1,ga,map3,26,718a8e29bed05af7,30,17,4,9,0.5666666666666667,27,18.88235294117647,19,82,21,730,0,295500,50.807276367024315,9850,295500,0.25,50.8877323730012,32,ALL_RESOLVED
final_v1,greedy,map3,43,718a8e29bed05af7,30,5,11,14,0.16666666666666666,16,12.8,13,0,27,559,10228,24020,0.15531285096221836,0,0,,0.18641865300014615,22,ALL_RESOLVED
final_v1,astar,map3,43,718a8e29bed05af7,30,6,8,16,0.2,17,13.5,13.5,0,18,577,29520,45145,0.4167348550508905,0,0,,0.45028740799898515,22,ALL_RESOLVED
final_v1,ucs,map3,43,718a8e29bed05af7,30,6,9,15,0.2,17,13.5,13.5,0,17,571,154371,164251,1.9331756690407929,0,0,,1.974552912000945,22,ALL_RESOLVED
final_v1,bfs,map3,44,718a8e29bed05af7,30,28,2,0,0.9333333333333333,34,20.5,20.5,0,86,632,84316,94930,0.6144690949950018,0,0,,0.6597738290001871,35,ALL_RESOLVED
final_v1,ucs,map3,44,718a8e29bed05af7,30,26,4,0,0.8666666666666667,32,19.5,19.5,0,41,579,111835,120885,1.3792264239600627,0,0,,1.4250737319998734,33,ALL_RESOLVED
final_v1,greedy,map3,44,718a8e29bed05af7,30,29,1,0,0.9666666666666667,35,21.0,21,0,87,648,7277,18444,0.11567233998357551,0,0,,0.15788222199989832,36,ALL_RESOLVED
final_v1,astar,map3,44,718a8e29bed05af7,30,26,4,0,0.8666666666666667,32,19.5,19.5,0,41,579,24660,37338,0.3389536990252964,0,0,,0.3789800720005587,33,ALL_RESOLVED
final_v1,ga,map3,42,718a8e29bed05af7,30,30,0,0,1.0,41,22.3,22.5,39,66,699,0,201720,16.577685035925242,6724,201720,0.25,16.63401210899974,42,ALL_RESOLVED
final_v1,bfs,map3,45,718a8e29bed05af7,30,30,0,0,1.0,36,21.5,21.5,0,120,675,79245,89278,0.3456443840150314,0,0,,0.3770453919969441,37,ALL_RESOLVED
final_v1,ga,map3,39,718a8e29bed05af7,30,25,5,0,0.8333333333333334,33,20.36,20,35,43,602,0,184500,25.14453113903801,6150,184500,0.25,25.21083790099874,34,ALL_RESOLVED
final_v1,ucs,map3,45,718a8e29bed05af7,30,29,1,0,0.9666666666666667,35,21.0,21,0,95,650,121668,132314,0.9054339419526514,0,0,,0.9397062320022087,36,ALL_RESOLVED
final_v1,greedy,map3,45,718a8e29bed05af7,30,30,0,0,1.0,36,21.5,21.5,0,120,675,7186,17543,0.11032103403340443,0,0,,0.15495687299699057,37,ALL_RESOLVED
final_v1,ga,map3,36,718a8e29bed05af7,30,22,7,1,0.7333333333333333,39,20.318181818181817,19.5,60,22,625,0,216300,33.734288612955424,7210,216300,0.25,33.80746539900065,46,ALL_RESOLVED
final_v1,ga,map3,37,718a8e29bed05af7,30,30,0,0,1.0,39,24.3,24.5,30,110,759,0,223950,29.876881505944766,7465,223950,0.25,29.962999205003143,40,ALL_RESOLVED
final_v1,astar,map3,45,718a8e29bed05af7,30,29,1,0,0.9666666666666667,35,21.0,21,0,95,650,29810,43760,0.2543594490416581,0,0,,0.28378895000059856,36,ALL_RESOLVED
final_v1,greedy,map3,46,718a8e29bed05af7,30,11,7,12,0.36666666666666664,21,15.272727272727273,16,0,44,553,7895,19809,0.07189485894195968,0,0,,0.08987419000186492,22,ALL_RESOLVED
final_v1,astar,map3,46,718a8e29bed05af7,30,12,5,13,0.4,21,15.083333333333334,15.5,0,21,577,26439,41188,0.2710184249881422,0,0,,0.2974113229975046,22,ALL_RESOLVED
final_v1,bfs,map3,46,718a8e29bed05af7,30,11,6,13,0.36666666666666664,21,15.272727272727273,16,0,53,567,106605,118732,0.5885225050260487,0,0,,0.6237010040022142,22,ALL_RESOLVED
final_v1,ga,map3,41,718a8e29bed05af7,30,29,1,0,0.9666666666666667,40,24.413793103448278,25,44,80,749,0,227310,20.45133925598202,7577,227310,0.25,20.525016195999342,41,ALL_RESOLVED
final_v1,bfs,map3,47,718a8e29bed05af7,30,29,1,0,0.9666666666666667,35,21.0,21,0,152,660,65575,74368,0.481757276065764,0,0,,0.5321413220008253,36,ALL_RESOLVED
final_v1,greedy,map3,47,718a8e29bed05af7,30,29,1,0,0.9666666666666667,35,21.0,21,0,152,660,6259,15115,0.09663833292142954,0,0,,0.1439990780017979,36,ALL_RESOLVED
final_v1,astar,map3,47,718a8e29bed05af7,30,28,2,0,0.9333333333333333,34,20.5,20.5,0,129,646,23178,35142,0.31668023594102124,0,0,,0.36269725099919015,35,ALL_RESOLVED
final_v1,ucs,map3,46,718a8e29bed05af7,30,12,5,13,0.4,21,15.083333333333334,15.5,0,21,577,141989,152126,1.766799136017653,0,0,,1.8087285500005237,22,ALL_RESOLVED
final_v1,ucs,map3,47,718a8e29bed05af7,30,28,2,0,0.9333333333333333,34,20.5,20.5,0,121,646,103842,114743,1.2859759000784834,0,0,,1.3389796420015045,35,ALL_RESOLVED
final_v1,bfs,map3,48,718a8e29bed05af7,30,30,0,0,1.0,36,21.5,21.5,0,174,675,64683,74561,0.4428439050243469,0,0,,0.47964171700004954,37,ALL_RESOLVED
final_v1,greedy,map3,48,718a8e29bed05af7,30,30,0,0,1.0,36,21.5,21.5,0,174,675,6087,15234,0.05277171999478014,0,0,,0.08001061200047843,37,ALL_RESOLVED
final_v1,astar,map3,48,718a8e29bed05af7,30,30,0,0,1.0,36,21.5,21.5,0,136,675,26416,39401,0.2302450610222877,0,0,,0.26226547799888067,37,ALL_RESOLVED
final_v1,ga,map3,40,718a8e29bed05af7,30,28,2,0,0.9333333333333333,39,24.428571428571427,25.5,44,161,788,0,224190,26.33179139101776,7473,224190,0.25,26.41629428700253,40,ALL_RESOLVED
final_v1,ucs,map3,48,718a8e29bed05af7,30,30,0,0,1.0,36,21.5,21.5,0,130,675,113559,125109,0.9988089410180692,0,0,,1.0357433530007256,37,ALL_RESOLVED
final_v1,ga,map3,38,718a8e29bed05af7,30,29,1,0,0.9666666666666667,60,25.620689655172413,24,55,76,786,0,242490,30.109751225085347,8083,242490,0.25,30.20122598099988,61,ALL_RESOLVED
final_v1,greedy,map3,49,718a8e29bed05af7,30,25,5,0,0.8333333333333334,34,21.92,22,0,99,649,7285,18303,0.11550416197133018,0,0,,0.16022782700019889,35,ALL_RESOLVED
final_v1,bfs,map3,49,718a8e29bed05af7,30,25,5,0,0.8333333333333334,34,21.92,22,0,99,649,93166,104531,0.6826023820322007,0,0,,0.731205787997169,35,ALL_RESOLVED
final_v1,astar,map3,49,718a8e29bed05af7,30,25,5,0,0.8333333333333334,34,21.92,22,0,68,655,26077,40645,0.3632559290017525,0,0,,0.40938094499870203,35,ALL_RESOLVED
final_v1,ucs,map3,49,718a8e29bed05af7,30,25,5,0,0.8333333333333334,34,21.92,22,0,68,655,134386,145693,0.995119634004368,0,0,,1.0314440409965755,35,ALL_RESOLVED
final_v1,bfs,map3,50,718a8e29bed05af7,30,27,3,0,0.9,35,22.0,22,0,109,639,80328,88771,0.5696290350351774,0,0,,0.6165004600006796,36,ALL_RESOLVED
final_v1,greedy,map3,50,718a8e29bed05af7,30,27,3,0,0.9,35,22.0,22,0,109,639,7109,17231,0.10892056803277228,0,0,,0.15174704099990777,36,ALL_RESOLVED
final_v1,astar,map3,50,718a8e29bed05af7,30,28,2,0,0.9333333333333333,36,22.5,22.5,0,96,670,29319,43430,0.3932304890367959,0,0,,0.4389477770018857,37,ALL_RESOLVED
final_v1,ucs,map3,50,718a8e29bed05af7,30,28,2,0,0.9333333333333333,36,22.5,22.5,0,92,670,120680,131568,1.2046228400467953,0,0,,1.2532350460023736,37,ALL_RESOLVED
final_v1,bfs,map3,51,718a8e29bed05af7,30,18,8,4,0.6,27,18.11111111111111,18.5,0,60,576,75418,84889,0.5326298509462504,0,0,,0.5713598100010131,28,ALL_RESOLVED
final_v1,ucs,map3,51,718a8e29bed05af7,30,18,9,3,0.6,27,18.11111111111111,18.5,0,31,538,99234,108573,1.1933085070195375,0,0,,1.2348041709992685,28,ALL_RESOLVED
final_v1,greedy,map3,51,718a8e29bed05af7,30,18,11,1,0.6,27,18.11111111111111,18.5,0,60,540,6731,15310,0.09799151200422784,0,0,,0.13209562900010496,28,ALL_RESOLVED
final_v1,astar,map3,51,718a8e29bed05af7,30,18,11,1,0.6,27,18.11111111111111,18.5,0,31,522,19097,28750,0.252432556993881,0,0,,0.28709777199765085,28,ALL_RESOLVED
final_v1,ga,map3,35,718a8e29bed05af7,30,16,8,6,0.5333333333333333,31,17.25,15.5,87,8,704,0,285930,51.4936797329392,9531,285930,0.25,51.578370346000156,38,ALL_RESOLVED
final_v1,bfs,map3,52,718a8e29bed05af7,30,29,1,0,0.9666666666666667,36,22.0,22,0,117,673,82924,92923,0.6381693899747916,0,0,,0.6918890900014958,37,ALL_RESOLVED
final_v1,ga,map3,44,718a8e29bed05af7,30,22,6,2,0.7333333333333333,30,18.863636363636363,18.5,45,42,625,0,206310,27.637004642019747,6877,206310,0.25,27.702788749997126,38,ALL_RESOLVED
final_v1,greedy,map3,52,718a8e29bed05af7,30,29,1,0,0.9666666666666667,36,22.0,22,0,117,673,7265,17768,0.07072673201037105,0,0,,0.10075867599880439,37,ALL_RESOLVED
final_v1,astar,map3,52,718a8e29bed05af7,30,29,1,0,0.9666666666666667,36,22.0,22,0,95,673,29183,43168,0.25229451505219913,0,0,,0.2863182799992501,37,ALL_RESOLVED
final_v1,ucs,map3,52,718a8e29bed05af7,30,29,1,0,0.9666666666666667,36,22.0,22,0,95,673,124147,135434,1.5341214120307995,0,0,,1.5890039219993923,37,ALL_RESOLVED
final_v1,bfs,map3,53,718a8e29bed05af7,30,29,1,0,0.9666666666666667,38,24.0,24,0,141,743,98097,109637,0.7123779339672183,0,0,,0.7675460940008634,39,ALL_RESOLVED
final_v1,ucs,map3,53,718a8e29bed05af7,30,28,2,0,0.9333333333333333,37,23.5,23.5,0,102,722,144466,156652,1.8477073380199727,0,0,,1.9085354150010971,38,ALL_RESOLVED
final_v1,greedy,map3,53,718a8e29bed05af7,30,29,1,0,0.9666666666666667,38,24.0,24,0,141,743,8224,19950,0.1289212430056068,0,0,,0.17942355799823417,39,ALL_RESOLVED
final_v1,astar,map3,53,718a8e29bed05af7,30,28,2,0,0.9333333333333333,37,23.5,23.5,0,102,722,32444,48367,0.46401770004740683,0,0,,0.5160258460018667,38,ALL_RESOLVED
final_v1,ga,map3,45,718a8e29bed05af7,30,28,2,0,0.9333333333333333,37,20.75,20.5,37,31,623,0,182130,22.020877730032225,6071,182130,0.25,22.088850648997322,38,ALL_RESOLVED
final_v1,ga,map3,48,718a8e29bed05af7,30,30,0,0,1.0,36,21.5,21.5,27,107,675,0,187920,19.259080890977202,6264,187920,0.25,19.331979703001707,37,ALL_RESOLVED
final_v1,bfs,map3,54,718a8e29bed05af7,30,30,0,0,1.0,36,21.5,21.5,0,118,675,82806,93383,0.6040207270380051,0,0,,0.6551874200013117,37,ALL_RESOLVED
final_v1,greedy,map3,54,718a8e29bed05af7,30,30,0,0,1.0,36,21.5,21.5,0,118,675,7120,17670,0.11023522297909949,0,0,,0.15900148099899525,37,ALL_RESOLVED
final_v1,ga,map3,46,718a8e29bed05af7,30,9,4,17,0.3,21,14.88888888888889,15,39,62,589,0,190650,22.751339773989457,6355,190650,0.25,22.804712434000976,22,ALL_RESOLVED
final_v1,astar,map3,54,718a8e29bed05af7,30,30,0,0,1.0,36,21.5,21.5,0,80,675,27428,41297,0.37002945303174783,0,0,,0.4190422360006778,37,ALL_RESOLVED
final_v1,ga,map3,43,718a8e29bed05af7,30,4,6,20,0.13333333333333333,17,13.5,13.0,66,48,580,0,232530,38.02095881202695,7751,232530,0.25,38.08483052700103,22,ALL_RESOLVED
final_v1,ucs,map3,54,718a8e29bed05af7,30,30,0,0,1.0,36,21.5,21.5,0,80,675,128432,139906,1.6146566510433331,0,0,,1.6717683780007064,37,ALL_RESOLVED
final_v1,bfs,map3,55,718a8e29bed05af7,30,30,0,0,1.0,37,22.5,22.5,0,190,705,61521,70422,0.45820211799946264,0,0,,0.5084228199993959,38,ALL_RESOLVED
final_v1,greedy,map3,55,718a8e29bed05af7,30,30,0,0,1.0,37,22.5,22.5,0,190,705,6419,15346,0.09672088200750295,0,0,,0.1440347789975931,38,ALL_RESOLVED
final_v1,astar,map3,55,718a8e29bed05af7,30,30,0,0,1.0,37,22.5,22.5,0,164,705,26819,39370,0.3563197929470334,0,0,,0.40548956299971906,38,ALL_RESOLVED
final_v1,ucs,map3,55,718a8e29bed05af7,30,30,0,0,1.0,37,22.5,22.5,0,164,705,109730,121427,1.3317610690792208,0,0,,1.387364989001071,38,ALL_RESOLVED
final_v1,bfs,map3,56,718a8e29bed05af7,30,11,8,11,0.36666666666666664,19,13.909090909090908,14,0,17,516,89759,98517,0.6361028320388868,0,0,,0.6673177199991187,20,ALL_RESOLVED
final_v1,greedy,map3,56,718a8e29bed05af7,30,11,8,11,0.36666666666666664,19,13.909090909090908,14,0,17,516,8726,18991,0.12509792401033337,0,0,,0.15222924000045168,20,ALL_RESOLVED
final_v1,astar,map3,56,718a8e29bed05af7,30,11,7,12,0.36666666666666664,19,13.909090909090908,14,0,13,522,30794,42285,0.4023681609942287,0,0,,0.43185870700108353,20,ALL_RESOLVED
final_v1,ga,map3,47,718a8e29bed05af7,30,30,0,0,1.0,38,22.533333333333335,22.5,46,96,706,0,195660,24.17702502204338,6522,195660,0.25,24.254385141000967,39,ALL_RESOLVED
final_v1,ucs,map3,56,718a8e29bed05af7,30,11,7,12,0.36666666666666664,19,13.909090909090908,14,0,13,522,118085,125885,1.4531853530061198,0,0,,1.4889574109984096,20,ALL_RESOLVED
final_v1,bfs,map3,57,718a8e29bed05af7,30,24,6,0,0.8,31,19.041666666666668,19.5,0,55,607,96644,107535,0.6909482740084059,0,0,,0.7343440339973313,32,ALL_RESOLVED
final_v1,greedy,map3,57,718a8e29bed05af7,30,24,6,0,0.8,31,19.041666666666668,19.5,0,55,607,7487,18830,0.11812573895076639,0,0,,0.15699156600021524,32,ALL_RESOLVED
final_v1,astar,map3,57,718a8e29bed05af7,30,24,6,0,0.8,31,19.041666666666668,19.5,0,25,573,24417,37808,0.34407663502861396,0,0,,0.3833839210019505,32,ALL_RESOLVED
final_v1,ucs,map3,57,718a8e29bed05af7,30,24,6,0,0.8,31,19.041666666666668,19.5,0,25,573,123338,133011,1.5296157139782736,0,0,,1.5756950449977012,32,ALL_RESOLVED
final_v1,bfs,map3,58,718a8e29bed05af7,30,30,0,0,1.0,37,22.466666666666665,22.5,0,142,704,80053,90350,0.5845965170301497,0,0,,0.6338097479965654,38,ALL_RESOLVED
final_v1,ucs,map3,58,718a8e29bed05af7,30,30,0,0,1.0,37,22.466666666666665,22.5,0,114,704,125117,136882,1.552715757061378,0,0,,1.6079049079999095,38,ALL_RESOLVED
final_v1,greedy,map3,58,718a8e29bed05af7,30,30,0,0,1.0,37,22.466666666666665,22.5,0,142,704,7108,17553,0.1109110800716735,0,0,,0.15642366999963997,38,ALL_RESOLVED
final_v1,astar,map3,58,718a8e29bed05af7,30,30,0,0,1.0,37,22.466666666666665,22.5,0,114,704,27584,41783,0.3331151439815585,0,0,,0.3697518820008554,38,ALL_RESOLVED
final_v1,ga,map3,51,718a8e29bed05af7,30,19,6,5,0.6333333333333333,27,18.0,18,58,29,601,0,187500,26.598758350024582,6250,187500,0.25,26.66303208300087,28,ALL_RESOLVED
final_v1,ga,map3,49,718a8e29bed05af7,30,26,3,1,0.8666666666666667,37,23.846153846153847,24.5,45,106,788,0,230400,31.107623117055482,7680,230400,0.25,31.197965086001204,38,ALL_RESOLVED
final_v1,bfs,map3,59,718a8e29bed05af7,30,30,0,0,1.0,38,23.5,23.5,0,129,735,97759,109467,0.7120783000063966,0,0,,0.7670561000013549,39,ALL_RESOLVED
final_v1,ga,map3,50,718a8e29bed05af7,30,25,5,0,0.8333333333333334,47,21.56,21,44,32,646,0,210900,29.98321605397723,7030,210900,0.25,30.062023795999266,48,ALL_RESOLVED
final_v1,greedy,map3,59,718a8e29bed05af7,30,30,0,0,1.0,38,23.5,23.5,0,129,735,8253,20423,0.1306910599123512,0,0,,0.18122298099842737,39,ALL_RESOLVED
final_v1,astar,map3,59,718a8e29bed05af7,30,30,0,0,1.0,38,23.5,23.5,0,97,735,33019,49240,0.4541688849858474,0,0,,0.5065759579993028,39,ALL_RESOLVED
final_v1,ucs,map3,59,718a8e29bed05af7,30,30,0,0,1.0,38,23.5,23.5,0,91,735,145107,157285,1.8111088119621854,0,0,,1.8721333670000604,39,ALL_RESOLVED
final_v1,bfs,map3,60,718a8e29bed05af7,30,18,5,7,0.6,25,16.166666666666668,16.5,0,41,579,92915,101781,0.6597459189906658,0,0,,0.69783362799717,26,ALL_RESOLVED
final_v1,greedy,map3,60,718a8e29bed05af7,30,18,5,7,0.6,25,16.166666666666668,16.5,0,41,579,8227,19525,0.12551557001279434,0,0,,0.15936910399977933,26,ALL_RESOLVED
final_v1,astar,map3,60,718a8e29bed05af7,30,18,8,4,0.6,25,16.166666666666668,16.5,0,34,569,26747,38790,0.3648148200591095,0,0,,0.40093478100243374,26,ALL_RESOLVED
final_v1,ucs,map3,60,718a8e29bed05af7,30,18,8,4,0.6,25,16.166666666666668,16.5,0,30,569,116444,124910,1.4245760869671358,0,0,,1.4661653750008554,26,ALL_RESOLVED
final_v1,ga,map3,52,718a8e29bed05af7,30,30,0,0,1.0,40,24.133333333333333,24.5,44,76,754,0,219840,22.399979200978123,7328,219840,0.25,22.4720526409983,41,ALL_RESOLVED
final_v1,bfs,map3,61,718a8e29bed05af7,30,3,5,22,0.1,13,11.333333333333334,11,0,0,399,100475,107904,0.7141053460036346,0,0,,0.7388397970025835,14,ALL_RESOLVED
final_v1,greedy,map3,61,718a8e29bed05af7,30,3,7,20,0.1,13,11.333333333333334,11,0,1,395,8780,19726,0.1332415799915907,0,0,,0.15249800799938384,14,ALL_RESOLVED
final_v1,astar,map3,61,718a8e29bed05af7,30,3,7,20,0.1,13,11.333333333333334,11,0,0,393,22561,32343,0.31146907996662776,0,0,,0.3316905690007843,14,ALL_RESOLVED
final_v1,ucs,map3,61,718a8e29bed05af7,30,3,5,22,0.1,13,11.333333333333334,11,0,0,397,107962,114700,1.3571417140228732,0,0,,1.3829516169971612,14,ALL_RESOLVED
final_v1,bfs,map3,62,718a8e29bed05af7,30,30,0,0,1.0,36,21.5,21.5,0,140,675,70848,80322,0.5161858420324279,0,0,,0.5638930140012235,37,ALL_RESOLVED
final_v1,ga,map3,53,718a8e29bed05af7,30,30,0,0,1.0,40,25.266666666666666,25.5,42,88,788,0,231000,22.122302850992128,7700,231000,0.25,22.18968334099918,41,ALL_RESOLVED
final_v1,greedy,map3,62,718a8e29bed05af7,30,30,0,0,1.0,36,21.5,21.5,0,140,675,6662,16236,0.058775152032467304,0,0,,0.08518912699946668,37,ALL_RESOLVED
final_v1,ucs,map3,62,718a8e29bed05af7,30,30,0,0,1.0,36,21.5,21.5,0,98,675,112738,124199,1.3945058871031506,0,0,,1.4478454570016766,37,ALL_RESOLVED
final_v1,astar,map3,62,718a8e29bed05af7,30,30,0,0,1.0,36,21.5,21.5,0,118,675,27399,40113,0.21017408798070392,0,0,,0.23737617599908845,37,ALL_RESOLVED
final_v1,bfs,map3,63,718a8e29bed05af7,30,30,0,0,1.0,36,21.5,21.5,0,138,675,74890,84416,0.2987678269673779,0,0,,0.32621519299937063,37,ALL_RESOLVED
final_v1,ucs,map3,63,718a8e29bed05af7,30,30,0,0,1.0,36,21.5,21.5,0,112,675,115199,126334,0.7796455879906716,0,0,,0.8102819029991224,37,ALL_RESOLVED
final_v1,greedy,map3,63,718a8e29bed05af7,30,30,0,0,1.0,36,21.5,21.5,0,138,675,6668,16411,0.05701024099471397,0,0,,0.08345373300107894,37,ALL_RESOLVED
final_v1,astar,map3,63,718a8e29bed05af7,30,30,0,0,1.0,36,21.5,21.5,0,112,675,26075,39256,0.19321057301931432,0,0,,0.22059721299956436,37,ALL_RESOLVED
final_v1,ga,map3,54,718a8e29bed05af7,30,30,0,0,1.0,38,23.233333333333334,23.5,40,92,727,0,207360,25.191532291977637,6912,207360,0.25,25.264873211999657,39,ALL_RESOLVED
final_v1,bfs,map3,64,718a8e29bed05af7,30,30,0,0,1.0,36,21.5,21.5,0,113,675,85037,94528,0.6020469539653277,0,0,,0.6492547250018106,37,ALL_RESOLVED
final_v1,ga,map3,55,718a8e29bed05af7,30,30,0,0,1.0,37,22.5,22.5,52,93,705,0,203280,26.518949999946926,6776,203280,0.25,26.59300328899917,38,ALL_RESOLVED
final_v1,greedy,map3,64,718a8e29bed05af7,30,30,0,0,1.0,36,21.5,21.5,0,113,675,7206,17559,0.10980631903294125,0,0,,0.15317785599836498,37,ALL_RESOLVED
final_v1,ucs,map3,64,718a8e29bed05af7,30,30,0,0,1.0,36,21.5,21.5,0,77,675,125326,136422,1.5157592510513496,0,0,,1.5676004309971177,37,ALL_RESOLVED
final_v1,astar,map3,64,718a8e29bed05af7,30,30,0,0,1.0,36,21.5,21.5,0,95,675,27994,41868,0.3787347959187173,0,0,,0.4245546109996212,37,ALL_RESOLVED
final_v1,bfs,map3,65,718a8e29bed05af7,30,30,0,0,1.0,37,22.5,22.5,0,90,705,95593,106171,0.6939130569589906,0,0,,0.7422909910019371,38,ALL_RESOLVED
final_v1,ucs,map3,65,718a8e29bed05af7,30,30,0,0,1.0,37,22.5,22.5,0,66,705,133525,145535,1.6663502540286572,0,0,,1.7192568559985375,38,ALL_RESOLVED
final_v1,greedy,map3,65,718a8e29bed05af7,30,30,0,0,1.0,37,22.5,22.5,0,90,705,8130,19440,0.1245605789918045,0,0,,0.16852398199989693,38,ALL_RESOLVED
final_v1,astar,map3,65,718a8e29bed05af7,30,30,0,0,1.0,37,22.5,22.5,0,68,705,30189,45293,0.4198061729548499,0,0,,0.46602166799857514,38,ALL_RESOLVED
final_v1,ga,map3,57,718a8e29bed05af7,30,22,4,4,0.7333333333333333,31,20.272727272727273,20.5,46,46,716,0,219000,29.923897163007496,7300,219000,0.25,29.993076613001904,32,ALL_RESOLVED
final_v1,bfs,map3,66,718a8e29bed05af7,30,30,0,0,1.0,37,22.433333333333334,22.5,0,113,703,84986,94655,0.6148218679700221,0,0,,0.6628366930017364,38,ALL_RESOLVED
final_v1,ga,map3,56,718a8e29bed05af7,30,2,9,19,0.06666666666666667,12,10.0,10.0,91,2,544,0,237750,32.59629153199057,7925,237750,0.25,32.6439118720009,20,ALL_RESOLVED
final_v1,greedy,map3,66,718a8e29bed05af7,30,30,0,0,1.0,37,22.433333333333334,22.5,0,113,703,7712,18602,0.11871692196655204,0,0,,0.16339649700239534,38,ALL_RESOLVED
final_v1,astar,map3,66,718a8e29bed05af7,30,30,0,0,1.0,37,22.433333333333334,22.5,0,97,703,30082,44371,0.40886014296120265,0,0,,0.45555558600244694,38,ALL_RESOLVED
final_v1,ga,map3,59,718a8e29bed05af7,30,30,0,0,1.0,39,24.466666666666665,24.5,36,74,764,0,227490,23.78710969101303,7583,227490,0.25,23.847559478999756,40,ALL_RESOLVED
final_v1,bfs,map3,67,718a8e29bed05af7,30,9,8,13,0.3,15,11.0,11,0,8,408,79308,86718,0.314744552000775,0,0,,0.32905738100089366,16,ALL_RESOLVED
final_v1,ucs,map3,66,718a8e29bed05af7,30,30,0,0,1.0,38,22.466666666666665,22.5,0,72,704,127297,139072,1.5750090189976618,0,0,,1.6288387870008592,39,ALL_RESOLVED
final_v1,ga,map3,58,718a8e29bed05af7,30,30,0,0,1.0,40,25.466666666666665,25.5,42,135,794,0,226590,28.815744948056818,7553,226590,0.25,28.897060938001232,41,ALL_RESOLVED
final_v1,ga,map3,63,718a8e29bed05af7,30,29,1,0,0.9666666666666667,36,22.0,22,51,61,677,0,198360,15.76550686401606,6612,198360,0.25,15.814991711999028,37,ALL_RESOLVED
final_v1,greedy,map3,67,718a8e29bed05af7,30,9,7,14,0.3,15,11.0,11,0,9,400,6888,15758,0.10282192899467191,0,0,,0.12387236300128279,16,ALL_RESOLVED
final_v1,astar,map3,67,718a8e29bed05af7,30,9,8,13,0.3,15,11.0,11,0,4,414,20818,30892,0.28773973600618774,0,0,,0.3097706170010497,16,ALL_RESOLVED
final_v1,ucs,map3,67,718a8e29bed05af7,30,9,8,13,0.3,15,11.0,11,0,6,414,97833,105262,0.681408487020235,0,0,,0.6979694599976938,16,ALL_RESOLVED
final_v1,greedy,map3,68,718a8e29bed05af7,30,30,0,0,1.0,38,23.033333333333335,23.5,0,109,721,8283,20150,0.07090894699285855,0,0,,0.0974177440002677,39,ALL_RESOLVED
final_v1,bfs,map3,68,718a8e29bed05af7,30,30,0,0,1.0,38,23.033333333333335,23.5,0,109,721,97558,108551,0.700960524052789,0,0,,0.7505968519981252,39,ALL_RESOLVED
final_v1,astar,map3,68,718a8e29bed05af7,30,30,0,0,1.0,38,23.033333333333335,23.5,0,81,721,28349,43254,0.2184643729669915,0,0,,0.24640188199919066,39,ALL_RESOLVED
final_v1,bfs,map3,69,718a8e29bed05af7,30,28,2,0,0.9333333333333333,36,22.428571428571427,22.5,0,153,670,74890,84980,0.30582904400580446,0,0,,0.335114233999775,37,ALL_RESOLVED
final_v1,ucs,map3,68,718a8e29bed05af7,30,30,0,0,1.0,38,23.033333333333335,23.5,0,81,721,136039,148195,1.6606887739762897,0,0,,1.7140806579991477,39,ALL_RESOLVED
final_v1,ucs,map3,69,718a8e29bed05af7,30,28,2,0,0.9333333333333333,36,22.428571428571427,22.5,0,101,670,113358,124913,0.7869247519920464,0,0,,0.8178664359984396,37,ALL_RESOLVED
final_v1,greedy,map3,69,718a8e29bed05af7,30,28,2,0,0.9333333333333333,36,22.428571428571427,22.5,0,153,670,6688,16477,0.10216005600887001,0,0,,0.14798071999757667,37,ALL_RESOLVED
final_v1,astar,map3,69,718a8e29bed05af7,30,28,2,0,0.9333333333333333,36,22.428571428571427,22.5,0,119,670,23966,36972,0.1865940410461917,0,0,,0.21423584500007564,37,ALL_RESOLVED
final_v1,bfs,map3,70,718a8e29bed05af7,30,6,12,12,0.2,15,11.0,10.5,0,18,466,98505,108585,0.40096315802657045,0,0,,0.4190970700001344,18,ALL_RESOLVED
final_v1,ucs,map3,70,718a8e29bed05af7,30,6,10,14,0.2,15,11.0,10.5,0,11,468,118132,126806,0.8281299050649977,0,0,,0.8478109210009279,18,ALL_RESOLVED
final_v1,greedy,map3,70,718a8e29bed05af7,30,6,13,11,0.2,15,11.0,10.5,0,18,464,8267,18981,0.06949746798636625,0,0,,0.08426347800195799,18,ALL_RESOLVED
final_v1,astar,map3,70,718a8e29bed05af7,30,6,12,12,0.2,15,11.0,10.5,0,11,466,21218,32345,0.1656621849979274,0,0,,0.18133729200053494,18,ALL_RESOLVED
final_v1,ga,map3,62,718a8e29bed05af7,30,29,1,0,0.9666666666666667,36,21.896551724137932,22,52,84,678,0,197250,25.999012865981058,6575,197250,0.25,26.068655171999126,37,ALL_RESOLVED
final_v1,bfs,map3,71,718a8e29bed05af7,30,30,0,0,1.0,37,22.333333333333332,22.5,0,122,700,82481,92572,0.6009175769650028,0,0,,0.6496591409995744,38,ALL_RESOLVED
final_v1,ucs,map3,71,718a8e29bed05af7,30,30,0,0,1.0,37,22.333333333333332,22.5,0,88,700,124093,136127,1.537153727011173,0,0,,1.5915036770020379,38,ALL_RESOLVED
final_v1,greedy,map3,71,718a8e29bed05af7,30,30,0,0,1.0,37,22.333333333333332,22.5,0,122,700,7383,17907,0.11329972296516644,0,0,,0.1584646880000946,38,ALL_RESOLVED
final_v1,astar,map3,71,718a8e29bed05af7,30,30,0,0,1.0,37,22.333333333333332,22.5,0,92,700,26641,40610,0.36829338294410263,0,0,,0.41636543400090886,38,ALL_RESOLVED
final_v1,ga,map3,64,718a8e29bed05af7,30,27,3,0,0.9,37,22.0,22,47,66,649,0,189060,25.152237794955,6302,189060,0.25,25.22101085900067,38,ALL_RESOLVED
final_v1,ga,map3,61,718a8e29bed05af7,30,0,6,24,0.0,,,,55,3,394,0,173580,36.55616330200064,5786,173580,0.14285714285714285,36.59881626200149,14,ALL_RESOLVED
final_v1,bfs,map3,72,718a8e29bed05af7,30,30,0,0,1.0,36,21.5,21.5,0,122,675,82811,92719,0.5910612880106783,0,0,,0.6394258550026279,37,ALL_RESOLVED
final_v1,ga,map3,67,718a8e29bed05af7,30,8,5,17,0.26666666666666666,15,11.375,11.5,36,10,445,0,159150,16.938193732032232,5305,159150,0.25,16.97102883199841,16,ALL_RESOLVED
final_v1,greedy,map3,72,718a8e29bed05af7,30,30,0,0,1.0,36,21.5,21.5,0,122,675,7208,17742,0.11078090005321428,0,0,,0.15580353399855085,37,ALL_RESOLVED
final_v1,astar,map3,72,718a8e29bed05af7,30,30,0,0,1.0,36,21.5,21.5,0,100,675,31612,45899,0.24690814402492833,0,0,,0.2760783320009068,37,ALL_RESOLVED
final_v1,bfs,map3,73,718a8e29bed05af7,30,30,0,0,1.0,36,21.5,21.5,0,124,675,80050,89619,0.32937709894031286,0,0,,0.35926503099835827,37,ALL_RESOLVED
final_v1,ucs,map3,72,718a8e29bed05af7,30,30,0,0,1.0,36,21.5,21.5,0,92,675,128820,139420,1.5638496550418495,0,0,,1.6169564359988726,37,ALL_RESOLVED
final_v1,greedy,map3,73,718a8e29bed05af7,30,30,0,0,1.0,36,21.5,21.5,0,124,675,6978,16888,0.10601058803877095,0,0,,0.15057473999695503,37,ALL_RESOLVED
final_v1,astar,map3,73,718a8e29bed05af7,30,30,0,0,1.0,36,21.5,21.5,0,92,675,27037,40859,0.36660555797061534,0,0,,0.4129548960008833,37,ALL_RESOLVED
final_v1,ucs,map3,73,718a8e29bed05af7,30,30,0,0,1.0,36,21.5,21.5,0,98,675,123849,135065,0.902517868020368,0,0,,0.9370117260004918,37,ALL_RESOLVED
final_v1,bfs,map3,74,718a8e29bed05af7,30,30,0,0,1.0,36,21.5,21.5,0,132,675,72702,81660,0.3442479939767509,0,0,,0.3785675770013768,37,ALL_RESOLVED
final_v1,ga,map3,60,718a8e29bed05af7,30,15,4,11,0.5,24,16.2,17,66,13,624,0,238380,42.65724215497903,7946,238380,0.25,42.72456693899949,26,ALL_RESOLVED
final_v1,greedy,map3,74,718a8e29bed05af7,30,30,0,0,1.0,36,21.5,21.5,0,132,675,6651,15607,0.10359160497682751,0,0,,0.14936781000142219,37,ALL_RESOLVED
final_v1,ucs,map3,74,718a8e29bed05af7,30,30,0,0,1.0,36,21.5,21.5,0,98,675,110195,121979,1.348353889057762,0,0,,1.4066573509990121,37,ALL_RESOLVED
final_v1,astar,map3,74,718a8e29bed05af7,30,30,0,0,1.0,36,21.5,21.5,0,116,675,24043,36457,0.32455127095090575,0,0,,0.37069313299798523,37,ALL_RESOLVED
final_v1,bfs,map3,75,718a8e29bed05af7,30,30,0,0,1.0,38,23.166666666666668,23.5,0,103,725,99644,110763,0.722678924939828,0,0,,0.7727163559975452,39,ALL_RESOLVED
final_v1,ucs,map3,75,718a8e29bed05af7,30,30,0,0,1.0,38,23.166666666666668,23.5,0,73,725,138092,150159,1.7086016360008216,0,0,,1.7626798509991204,39,ALL_RESOLVED
final_v1,greedy,map3,75,718a8e29bed05af7,30,30,0,0,1.0,38,23.166666666666668,23.5,0,103,725,8422,20370,0.12977209398741252,0,0,,0.17475100700175972,39,ALL_RESOLVED
final_v1,astar,map3,75,718a8e29bed05af7,30,30,0,0,1.0,38,23.166666666666668,23.5,0,75,725,29077,44212,0.3991530120547395,0,0,,0.4457996880009887,39,ALL_RESOLVED
final_v1,ga,map3,70,718a8e29bed05af7,30,4,3,23,0.13333333333333333,15,11.25,10.5,70,22,499,0,204690,22.087249733012868,6823,204690,0.25,22.125232996000705,18,ALL_RESOLVED
final_v1,bfs,map3,76,718a8e29bed05af7,30,21,3,6,0.7,27,17.0,17,0,76,614,83379,91918,0.3621290370065253,0,0,,0.38889690400174004,28,ALL_RESOLVED
final_v1,ucs,map3,76,718a8e29bed05af7,30,21,4,5,0.7,27,17.0,17,0,72,604,119729,128671,0.8639150179951685,0,0,,0.8938502190030704,28,ALL_RESOLVED
final_v1,greedy,map3,76,718a8e29bed05af7,30,21,3,6,0.7,27,17.0,17,0,76,614,8454,19033,0.07311902402943815,0,0,,0.09578757300187135,28,ALL_RESOLVED
final_v1,astar,map3,76,718a8e29bed05af7,30,21,4,5,0.7,27,17.0,17,0,72,604,32312,44649,0.24796711004455574,0,0,,0.27207122800246,28,ALL_RESOLVED
final_v1,ga,map3,65,718a8e29bed05af7,30,30,0,0,1.0,49,25.966666666666665,26.5,54,69,809,0,248970,35.11907924609841,8299,248970,0.25,35.20745703400098,50,ALL_RESOLVED
final_v1,bfs,map3,77,718a8e29bed05af7,30,20,7,3,0.6666666666666666,29,18.85,18.5,0,21,619,106003,116190,0.7687152359831089,0,0,,0.8069889940015855,30,ALL_RESOLVED
final_v1,ga,map3,66,718a8e29bed05af7,30,28,2,0,0.9333333333333333,42,24.035714285714285,24.5,61,77,741,0,226110,31.55164499106104,7537,226110,0.25,31.63002107899956,43,ALL_RESOLVED
final_v1,greedy,map3,77,718a8e29bed05af7,30,20,8,2,0.6666666666666666,29,18.85,18.5,0,21,611,8747,20619,0.13465431506119785,0,0,,0.16823965599905932,30,ALL_RESOLVED
final_v1,astar,map3,77,718a8e29bed05af7,30,17,7,6,0.5666666666666667,26,17.235294117647058,17,0,10,616,28249,41479,0.3879555330167932,0,0,,0.42325864000304136,27,ALL_RESOLVED
final_v1,ga,map3,69,718a8e29bed05af7,30,30,0,0,1.0,44,24.5,24.5,56,95,765,0,225660,29.953386601053353,7522,225660,0.25,30.037635114000295,45,ALL_RESOLVED
final_v1,ucs,map3,77,718a8e29bed05af7,30,17,7,6,0.5666666666666667,26,17.235294117647058,17,0,10,616,135377,145421,1.6961953729842207,0,0,,1.7391909919970203,27,ALL_RESOLVED
final_v1,bfs,map3,78,718a8e29bed05af7,30,30,0,0,1.0,38,23.233333333333334,23.5,0,88,727,106573,117309,0.7697629430622328,0,0,,0.8199626240020734,39,ALL_RESOLVED
final_v1,greedy,map3,78,718a8e29bed05af7,30,30,0,0,1.0,38,23.233333333333334,23.5,0,88,727,8849,21595,0.14193827202325338,0,0,,0.1887930890006828,39,ALL_RESOLVED
final_v1,astar,map3,78,718a8e29bed05af7,30,30,0,0,1.0,38,23.233333333333334,23.5,0,70,727,33192,49476,0.4457899709996127,0,0,,0.48674295599994366,39,ALL_RESOLVED
final_v1,ucs,map3,78,718a8e29bed05af7,30,30,0,0,1.0,38,23.233333333333334,23.5,0,66,727,144546,156724,1.8012484540049627,0,0,,1.8577497839978605,39,ALL_RESOLVED
final_v1,bfs,map3,79,718a8e29bed05af7,30,29,1,0,0.9666666666666667,38,23.655172413793103,24,0,115,721,89628,98827,0.6356864449990098,0,0,,0.6857935879997967,39,ALL_RESOLVED
final_v1,ga,map3,68,718a8e29bed05af7,30,30,0,0,1.0,43,27.366666666666667,28.5,54,116,851,0,253170,34.678358415945695,8439,253170,0.25,34.76500993300215,44,ALL_RESOLVED
final_v1,greedy,map3,79,718a8e29bed05af7,30,28,2,0,0.9333333333333333,37,23.142857142857142,23.5,0,111,694,7994,18377,0.11735085705367965,0,0,,0.16224207299819682,38,ALL_RESOLVED
final_v1,astar,map3,79,718a8e29bed05af7,30,28,2,0,0.9333333333333333,37,23.142857142857142,23.5,0,87,688,28903,42011,0.39049756600070396,0,0,,0.43695045899949037,38,ALL_RESOLVED
final_v1,ucs,map3,79,718a8e29bed05af7,30,28,2,0,0.9333333333333333,37,23.142857142857142,23.5,0,75,688,119578,130820,1.4693998099937744,0,0,,1.5224018979970424,38,ALL_RESOLVED
final_v1,bfs,map3,80,718a8e29bed05af7,30,16,7,7,0.5333333333333333,23,15.5,15.5,0,30,504,80533,87423,0.5628423370253586,0,0,,0.5974418730002071,24,ALL_RESOLVED
final_v1,ga,map3,74,718a8e29bed05af7,30,30,0,0,1.0,37,22.5,22.5,58,70,705,0,203850,17.2891600730145,6795,203850,0.25,17.344910456002253,38,ALL_RESOLVED
final_v1,greedy,map3,80,718a8e29bed05af7,30,15,7,8,0.5,22,15.0,15,0,30,504,7910,17708,0.07293319697055267,0,0,,0.09293695099768229,24,ALL_RESOLVED
final_v1,astar,map3,80,718a8e29bed05af7,30,16,9,5,0.5333333333333333,23,15.5,15.5,0,28,530,28287,38565,0.26732404199356097,0,0,,0.2941148219979368,24,ALL_RESOLVED
final_v1,ucs,map3,80,718a8e29bed05af7,30,16,9,5,0.5333333333333333,23,15.5,15.5,0,28,530,107121,114241,1.2740578340308275,0,0,,1.312393840002187,24,ALL_RESOLVED
final_v1,bfs,map3,81,718a8e29bed05af7,30,30,0,0,1.0,37,22.433333333333334,22.5,0,143,703,75256,84372,0.5439673990258598,0,0,,0.5965110319993983,38,ALL_RESOLVED
final_v1,ucs,map3,81,718a8e29bed05af7,30,30,0,0,1.0,37,22.433333333333334,22.5,0,127,703,115361,127110,1.415706375020818,0,0,,1.4706392619991675,38,ALL_RESOLVED
final_v1,greedy,map3,81,718a8e29bed05af7,30,30,0,0,1.0,37,22.433333333333334,22.5,0,143,703,7289,16952,0.10797495197766693,0,0,,0.15730185500069638,38,ALL_RESOLVED
final_v1,astar,map3,81,718a8e29bed05af7,30,30,0,0,1.0,37,22.433333333333334,22.5,0,131,703,27879,41033,0.37958755600629956,0,0,,0.4302226459985832,38,ALL_RESOLVED
final_v1,ga,map3,71,718a8e29bed05af7,30,30,0,0,1.0,41,25.633333333333333,26.5,53,119,799,0,235830,30.828007627005718,7861,235830,0.25,30.914846342999226,42,ALL_RESOLVED
final_v1,bfs,map3,82,718a8e29bed05af7,30,20,4,6,0.6666666666666666,27,17.5,17.5,0,70,638,93489,104005,0.684694813007809,0,0,,0.7261341299999913,28,ALL_RESOLVED
final_v1,ucs,map3,82,718a8e29bed05af7,30,19,4,7,0.6333333333333333,27,17.526315789473685,18,0,55,644,139267,148671,1.7079880460478307,0,0,,1.7528996260007261,28,ALL_RESOLVED
final_v1,greedy,map3,82,718a8e29bed05af7,30,20,4,6,0.6666666666666666,27,17.5,17.5,0,68,638,7777,19294,0.12368129302558373,0,0,,0.15989403200001107,28,ALL_RESOLVED
final_v1,astar,map3,82,718a8e29bed05af7,30,19,6,5,0.6333333333333333,27,17.526315789473685,18,0,50,604,27695,41543,0.3826153419249749,0,0,,0.4200388879980892,28,ALL_RESOLVED
final_v1,ga,map3,72,718a8e29bed05af7,30,26,1,3,0.8666666666666667,34,21.5,21.5,39,100,737,0,216570,28.920396004989016,7219,216570,0.25,28.998875689998385,38,ALL_RESOLVED
final_v1,ga,map3,73,718a8e29bed05af7,30,28,2,0,0.9333333333333333,37,22.714285714285715,23.5,42,85,688,0,202560,27.514630292029324,6752,202560,0.25,27.589454305998515,38,ALL_RESOLVED
final_v1,bfs,map3,83,718a8e29bed05af7,30,16,6,8,0.5333333333333333,25,17.5,17.5,0,63,622,101275,112639,0.7345146349689458,0,0,,0.7752844800015737,26,ALL_RESOLVED
final_v1,greedy,map3,83,718a8e29bed05af7,30,16,5,9,0.5333333333333333,25,17.5,17.5,0,64,652,9580,22322,0.14548633704907843,0,0,,0.1822771080005623,26,ALL_RESOLVED
final_v1,astar,map3,83,718a8e29bed05af7,30,16,6,8,0.5333333333333333,25,17.5,17.5,0,27,606,30455,44462,0.4214468989994202,0,0,,0.4575266640022164,26,ALL_RESOLVED
final_v1,ucs,map3,83,718a8e29bed05af7,30,16,6,8,0.5333333333333333,25,17.5,17.5,0,20,606,135261,145947,1.6925465859712858,0,0,,1.7357530430017505,26,ALL_RESOLVED
final_v1,bfs,map3,84,718a8e29bed05af7,30,30,0,0,1.0,37,22.5,22.5,0,180,705,76601,86612,0.5539440640277462,0,0,,0.607214688003296,38,ALL_RESOLVED
final_v1,ucs,map3,84,718a8e29bed05af7,30,30,0,0,1.0,37,22.5,22.5,0,136,705,129070,140288,1.560944291031774,0,0,,1.6174319650017424,38,ALL_RESOLVED
final_v1,greedy,map3,84,718a8e29bed05af7,30,30,0,0,1.0,37,22.5,22.5,0,180,705,6765,16917,0.10528596802760148,0,0,,0.15307798399953754,38,ALL_RESOLVED
final_v1,astar,map3,84,718a8e29bed05af7,30,30,0,0,1.0,37,22.5,22.5,0,138,705,34718,50004,0.4591290419375582,0,0,,0.5092535259973374,38,ALL_RESOLVED
final_v1,ga,map3,75,718a8e29bed05af7,30,29,1,0,0.9666666666666667,43,24.310344827586206,24,50,37,742,0,226380,27.86109730296812,7546,226380,0.25,27.931695707000472,44,ALL_RESOLVED
final_v1,bfs,map3,85,718a8e29bed05af7,30,30,0,0,1.0,38,23.4,23.5,0,161,732,87966,99590,0.3870266159538005,0,0,,0.42212418700000853,39,ALL_RESOLVED
final_v1,ucs,map3,85,718a8e29bed05af7,30,30,0,0,1.0,38,23.4,23.5,0,121,732,135208,147980,1.1035913290106691,0,0,,1.1532154739979887,39,ALL_RESOLVED
final_v1,greedy,map3,85,718a8e29bed05af7,30,30,0,0,1.0,38,23.4,23.5,0,161,732,7537,18630,0.07732689407202997,0,0,,0.1127921459992649,39,ALL_RESOLVED
final_v1,astar,map3,85,718a8e29bed05af7,30,30,0,0,1.0,38,23.4,23.5,0,123,732,28414,43525,0.2579524319990014,0,0,,0.29119113700289745,39,ALL_RESOLVED
final_v1,ga,map3,76,718a8e29bed05af7,30,16,6,8,0.5333333333333333,25,14.6875,14.5,56,21,605,0,221790,26.56106955600262,7393,221790,0.25,26.615496256999904,28,ALL_RESOLVED
final_v1,bfs,map3,86,718a8e29bed05af7,30,30,0,0,1.0,39,24.3,24.5,0,137,759,104866,117110,0.4648491890038713,0,0,,0.500764196000091,40,ALL_RESOLVED
final_v1,ucs,map3,86,718a8e29bed05af7,30,30,0,0,1.0,39,24.3,24.5,0,89,759,147816,160996,1.4691783580892661,0,0,,1.5254819369984034,40,ALL_RESOLVED
final_v1,greedy,map3,86,718a8e29bed05af7,30,30,0,0,1.0,39,24.3,24.5,0,137,759,8755,21215,0.13606530903052771,0,0,,0.18610689900015132,40,ALL_RESOLVED
final_v1,astar,map3,86,718a8e29bed05af7,30,30,0,0,1.0,39,24.3,24.5,0,89,759,30369,46746,0.4268313009524718,0,0,,0.47914145899994764,40,ALL_RESOLVED
final_v1,ga,map3,78,718a8e29bed05af7,30,27,3,0,0.9,45,24.85185185185185,25,33,77,726,0,220290,28.955670248964452,7343,220290,0.25,29.03022157700252,46,ALL_RESOLVED
final_v1,bfs,map3,87,718a8e29bed05af7,30,28,2,0,0.9333333333333333,37,22.964285714285715,23.5,0,74,685,101696,112026,0.6367661980693811,0,0,,0.672579415000655,38,ALL_RESOLVED
final_v1,ucs,map3,87,718a8e29bed05af7,30,28,2,0,0.9333333333333333,38,23.642857142857142,24.5,0,63,704,131443,143279,0.9366295009676833,0,0,,0.9693516499974066,39,ALL_RESOLVED
final_v1,greedy,map3,87,718a8e29bed05af7,30,28,2,0,0.9333333333333333,37,22.964285714285715,23.5,0,74,685,8586,20313,0.0729950179993466,0,0,,0.09870105799927842,38,ALL_RESOLVED
final_v1,astar,map3,87,718a8e29bed05af7,30,28,2,0,0.9333333333333333,38,23.642857142857142,24.5,0,63,704,27597,42514,0.22078358100407058,0,0,,0.24964024600194534,39,ALL_RESOLVED
final_v1,ga,map3,80,718a8e29bed05af7,30,11,8,11,0.36666666666666664,21,14.636363636363637,16,68,6,542,0,225630,29.076726003993826,7521,225630,0.25,29.12591332900047,24,ALL_RESOLVED
final_v1,bfs,map3,88,718a8e29bed05af7,30,13,8,9,0.43333333333333335,21,13.615384615384615,13,0,25,506,81048,90176,0.36614557502252865,0,0,,0.3878860490003717,22,ALL_RESOLVED
final_v1,ucs,map3,88,718a8e29bed05af7,30,13,8,9,0.43333333333333335,21,13.615384615384615,13,0,21,506,111043,119701,0.8679935800246312,0,0,,0.8945071480011393,22,ALL_RESOLVED
final_v1,greedy,map3,88,718a8e29bed05af7,30,13,10,7,0.43333333333333335,21,13.615384615384615,13,0,25,502,6879,16319,0.07016876693523955,0,0,,0.09011626600113232,22,ALL_RESOLVED
final_v1,astar,map3,88,718a8e29bed05af7,30,13,9,8,0.43333333333333335,21,13.615384615384615,13,0,21,504,22560,33460,0.18812724801318836,0,0,,0.2082213520006917,22,ALL_RESOLVED
final_v1,ga,map3,81,718a8e29bed05af7,30,30,0,0,1.0,43,23.6,23.5,50,87,738,0,220860,29.57768812496579,7362,220860,0.25,29.66200525199747,44,ALL_RESOLVED
final_v1,bfs,map3,89,718a8e29bed05af7,30,30,0,0,1.0,37,22.433333333333334,22.5,0,113,703,85030,94808,0.6132837019176804,0,0,,0.6621467229997506,38,ALL_RESOLVED
final_v1,ucs,map3,89,718a8e29bed05af7,30,30,0,0,1.0,37,22.433333333333334,22.5,0,85,703,118242,130163,1.4644000570078788,0,0,,1.518604189997859,38,ALL_RESOLVED
final_v1,greedy,map3,89,718a8e29bed05af7,30,30,0,0,1.0,37,22.433333333333334,22.5,0,113,703,7642,18056,0.11704931092754123,0,0,,0.16295173199978308,38,ALL_RESOLVED
final_v1,astar,map3,89,718a8e29bed05af7,30,30,0,0,1.0,37,22.433333333333334,22.5,0,97,703,26937,40282,0.36868672995842644,0,0,,0.4157567270012805,38,ALL_RESOLVED
final_v1,ga,map3,84,718a8e29bed05af7,30,30,0,0,1.0,37,22.5,22.5,37,112,705,0,196320,22.89475331597714,6544,196320,0.25,22.970545432002837,38,ALL_RESOLVED
final_v1,bfs,map3,90,718a8e29bed05af7,30,29,1,0,0.9666666666666667,35,21.0,21,0,112,644,71401,79823,0.5101103759880061,0,0,,0.555812631999288,36,ALL_RESOLVED
final_v1,ga,map3,79,718a8e29bed05af7,30,28,2,0,0.9333333333333333,42,25.964285714285715,26.5,77,37,791,0,263070,39.55623822697089,8769,263070,0.25,39.6369024279993,43,ALL_RESOLVED
final_v1,ucs,map3,90,718a8e29bed05af7,30,29,1,0,0.9666666666666667,35,21.0,21,0,84,644,103281,114059,1.250356655997166,0,0,,1.3024564250008552,36,ALL_RESOLVED
final_v1,greedy,map3,90,718a8e29bed05af7,30,29,1,0,0.9666666666666667,35,21.0,21,0,112,644,6599,15687,0.060182138015079545,0,0,,0.08816357500109007,36,ALL_RESOLVED
final_v1,astar,map3,90,718a8e29bed05af7,30,29,1,0,0.9666666666666667,35,21.0,21,0,88,644,23001,34582,0.3234388430028048,0,0,,0.368591466001817,36,ALL_RESOLVED
final_v1,bfs,map3,91,718a8e29bed05af7,30,29,1,0,0.9666666666666667,35,21.0,21,0,123,644,71178,80285,0.5145437239698367,0,0,,0.561865317999036,36,ALL_RESOLVED
final_v1,ucs,map3,91,718a8e29bed05af7,30,29,1,0,0.9666666666666667,35,21.0,21,0,87,644,112235,123223,1.604899811991345,0,0,,1.6761889320005139,36,ALL_RESOLVED
final_v1,ga,map3,82,718a8e29bed05af7,30,17,2,11,0.5666666666666667,27,17.647058823529413,18,57,53,669,0,226440,33.13860514298358,7548,226440,0.25,33.20640480200018,28,ALL_RESOLVED
final_v1,greedy,map3,91,718a8e29bed05af7,30,29,1,0,0.9666666666666667,35,21.0,21,0,123,644,6556,16046,0.14447626903347555,0,0,,0.21730671099794563,36,ALL_RESOLVED
final_v1,astar,map3,91,718a8e29bed05af7,30,29,1,0,0.9666666666666667,35,21.0,21,0,107,644,27063,40037,0.43798999698628904,0,0,,0.4956626140010485,36,ALL_RESOLVED
final_v1,bfs,map3,92,718a8e29bed05af7,30,25,2,3,0.8333333333333334,31,19.0,19,0,59,660,94776,103149,0.6927694689402415,0,0,,0.7436633450015506,32,ALL_RESOLVED
final_v1,ga,map3,83,718a8e29bed05af7,30,13,5,12,0.43333333333333335,25,18.76923076923077,19,62,49,691,0,218910,33.57841616808582,7297,218910,0.25,33.6472591779966,26,ALL_RESOLVED
final_v1,greedy,map3,92,718a8e29bed05af7,30,25,2,3,0.8333333333333334,31,19.0,19,0,59,660,9006,20303,0.08385300197915058,0,0,,0.11109391499849153,32,ALL_RESOLVED
final_v1,ucs,map3,92,718a8e29bed05af7,30,25,3,2,0.8333333333333334,31,19.0,19,0,51,656,127609,136850,1.2592636159388348,0,0,,1.3001068249977834,32,ALL_RESOLVED
final_v1,astar,map3,92,718a8e29bed05af7,30,25,3,2,0.8333333333333334,31,19.0,19,0,53,656,35019,48445,0.4271644520194968,0,0,,0.469441437999194,32,ALL_RESOLVED
final_v1,bfs,map3,93,718a8e29bed05af7,30,29,0,1,0.9666666666666667,35,21.0,21,0,107,668,85163,94865,0.6092505859778612,0,0,,0.6578778019975289,36,ALL_RESOLVED
final_v1,ga,map3,85,718a8e29bed05af7,30,30,0,0,1.0,41,25.833333333333332,26.5,45,129,805,0,232560,29.293670340044628,7752,232560,0.25,29.38463412800047,42,ALL_RESOLVED
final_v1,greedy,map3,93,718a8e29bed05af7,30,29,0,1,0.9666666666666667,35,21.0,21,0,103,668,7587,18609,0.11696747396490537,0,0,,0.16162923600131762,36,ALL_RESOLVED
final_v1,ucs,map3,93,718a8e29bed05af7,30,26,3,1,0.8666666666666667,32,19.5,19.5,0,69,639,122382,131702,1.4908631640028034,0,0,,1.5433116739986872,36,ALL_RESOLVED
final_v1,astar,map3,93,718a8e29bed05af7,30,28,1,1,0.9333333333333333,34,20.5,20.5,0,76,636,30536,44500,0.4044780670410546,0,0,,0.44993811400127015,35,ALL_RESOLVED
final_v1,bfs,map3,94,718a8e29bed05af7,30,30,0,0,1.0,36,21.5,21.5,0,148,675,74401,84969,0.5391372589729144,0,0,,0.5895319270020991,37,ALL_RESOLVED
final_v1,ga,map3,77,718a8e29bed05af7,30,9,4,17,0.3,22,15.666666666666666,15,91,24,678,0,293730,53.76741038297769,9791,293730,0.25,53.84860476799804,26,ALL_RESOLVED
final_v1,greedy,map3,94,718a8e29bed05af7,30,30,0,0,1.0,36,21.5,21.5,0,148,675,6548,16122,0.10165426696403301,0,0,,0.14922298099918407,37,ALL_RESOLVED
final_v1,astar,map3,94,718a8e29bed05af7,30,30,0,0,1.0,36,21.5,21.5,0,112,675,26718,39755,0.3556669540339499,0,0,,0.40389546699952916,37,ALL_RESOLVED
final_v1,ucs,map3,94,718a8e29bed05af7,30,30,0,0,1.0,36,21.5,21.5,0,110,675,121168,133046,1.4656602370232577,0,0,,1.520542636000755,37,ALL_RESOLVED
final_v1,bfs,map3,95,718a8e29bed05af7,30,30,0,0,1.0,38,23.5,23.5,0,150,735,85501,95398,0.6165620739739097,0,0,,0.6697268550014996,39,ALL_RESOLVED
final_v1,ga,map3,86,718a8e29bed05af7,30,29,1,0,0.9666666666666667,41,26.724137931034484,27,58,110,812,0,240750,30.80907634700634,8025,240750,0.25,30.893436865000695,42,ALL_RESOLVED
final_v1,greedy,map3,95,718a8e29bed05af7,30,30,0,0,1.0,38,23.5,23.5,0,150,735,7696,18537,0.0888350569512113,0,0,,0.12513564300024882,39,ALL_RESOLVED
final_v1,astar,map3,95,718a8e29bed05af7,30,30,0,0,1.0,38,23.5,23.5,0,142,735,29696,45084,0.4082723620267643,0,0,,0.46084749800138525,39,ALL_RESOLVED
final_v1,ucs,map3,95,718a8e29bed05af7,30,30,0,0,1.0,38,23.5,23.5,0,142,735,135666,147826,1.6534273919314728,0,0,,1.7064886839980318,39,ALL_RESOLVED
final_v1,bfs,map3,96,718a8e29bed05af7,30,24,6,0,0.8,31,19.5,19.5,0,45,604,89162,98016,0.39769845398768666,0,0,,0.42576541699963855,32,ALL_RESOLVED
final_v1,ucs,map3,96,718a8e29bed05af7,30,23,6,1,0.7666666666666667,31,19.608695652173914,20,0,32,580,116606,125851,0.8591986049650586,0,0,,0.8883580559995607,32,ALL_RESOLVED
final_v1,greedy,map3,96,718a8e29bed05af7,30,24,6,0,0.8,31,19.5,19.5,0,40,600,7718,18842,0.1032627559870889,0,0,,0.13954274999923655,32,ALL_RESOLVED
final_v1,astar,map3,96,718a8e29bed05af7,30,23,6,1,0.7666666666666667,31,19.608695652173914,20,0,32,580,28090,40982,0.3417390289250761,0,0,,0.3789429950011254,32,ALL_RESOLVED
final_v1,ga,map3,87,718a8e29bed05af7,30,28,2,0,0.9333333333333333,44,25.285714285714285,25.5,50,48,772,0,241080,28.58512646202871,8036,241080,0.25,28.667551206999633,45,ALL_RESOLVED
final_v1,bfs,map3,97,718a8e29bed05af7,30,27,3,0,0.9,36,22.88888888888889,23,0,127,669,89022,99480,0.6398358040423773,0,0,,0.6912835440016352,37,ALL_RESOLVED
final_v1,ga,map3,88,718a8e29bed05af7,30,13,4,13,0.43333333333333335,21,14.153846153846153,14,57,7,557,0,186660,25.78358152301007,6222,186660,0.25,25.837590131999605,22,ALL_RESOLVED
final_v1,greedy,map3,97,718a8e29bed05af7,30,27,3,0,0.9,36,22.88888888888889,23,0,127,669,7465,18416,0.11537584502366371,0,0,,0.1620329019970086,37,ALL_RESOLVED
final_v1,astar,map3,97,718a8e29bed05af7,30,27,3,0,0.9,36,22.88888888888889,23,0,78,675,30513,45509,0.3277104570370284,0,0,,0.36669340500156977,37,ALL_RESOLVED
final_v1,ucs,map3,97,718a8e29bed05af7,30,27,3,0,0.9,36,22.88888888888889,23,0,76,675,136458,147292,1.657732571955421,0,0,,1.7129612719982106,37,ALL_RESOLVED
final_v1,bfs,map3,98,718a8e29bed05af7,30,29,1,0,0.9666666666666667,40,25.517241379310345,26,0,143,781,114406,127538,0.8528142719987954,0,0,,0.9105489800022042,41,ALL_RESOLVED
final_v1,ucs,map3,98,718a8e29bed05af7,30,27,3,0,0.9,38,24.48148148148148,25,0,87,722,142637,154845,1.7824981609701354,0,0,,1.8405042620033782,39,ALL_RESOLVED
final_v1,greedy,map3,98,718a8e29bed05af7,30,29,1,0,0.9666666666666667,40,25.517241379310345,26,0,139,781,9417,23024,0.08772512706491398,0,0,,0.11801095600094413,41,ALL_RESOLVED
final_v1,ga,map3,91,718a8e29bed05af7,30,29,1,0,0.9666666666666667,36,21.896551724137932,22,44,72,674,0,194040,20.413911334002478,6468,194040,0.25,20.479356515999825,37,ALL_RESOLVED
final_v1,astar,map3,98,718a8e29bed05af7,30,27,3,0,0.9,38,24.48148148148148,25,0,87,722,29372,45127,0.4066035319810908,0,0,,0.45631851000143797,39,ALL_RESOLVED
final_v1,bfs,map3,99,718a8e29bed05af7,30,29,1,0,0.9666666666666667,35,21.0,21,0,64,646,96973,106732,0.6913442870572908,0,0,,0.7393884049997723,36,ALL_RESOLVED
final_v1,ucs,map3,99,718a8e29bed05af7,30,28,2,0,0.9333333333333333,35,21.071428571428573,21.5,0,58,648,134624,144803,1.6799193820079381,0,0,,1.7345137199990859,36,ALL_RESOLVED
final_v1,greedy,map3,99,718a8e29bed05af7,30,29,1,0,0.9666666666666667,35,21.0,21,0,64,646,7743,18860,0.1203606719536765,0,0,,0.16465692100246088,36,ALL_RESOLVED
final_v1,astar,map3,99,718a8e29bed05af7,30,28,2,0,0.9333333333333333,35,21.071428571428573,21.5,0,58,648,30584,45245,0.4211674589787435,0,0,,0.4671958219987573,36,ALL_RESOLVED
final_v1,ga,map3,90,718a8e29bed05af7,30,30,0,0,1.0,43,25.233333333333334,25.5,52,100,787,0,236850,29.507769197014568,7895,236850,0.25,29.593860829998448,44,ALL_RESOLVED
final_v1,bfs,map3,100,718a8e29bed05af7,30,15,6,9,0.5,21,14.0,14,0,30,525,82296,90572,0.5600909689965192,0,0,,0.5917925099965942,22,ALL_RESOLVED
final_v1,ga,map3,89,718a8e29bed05af7,30,30,0,0,1.0,41,26.266666666666666,26.5,69,91,818,0,244590,32.26301010109819,8153,244590,0.25,32.35062885699881,42,ALL_RESOLVED
final_v1,greedy,map3,100,718a8e29bed05af7,30,15,6,9,0.5,21,14.0,14,0,30,525,7070,16504,0.07047575694014085,0,0,,0.09057755799949518,22,ALL_RESOLVED
final_v1,astar,map3,100,718a8e29bed05af7,30,15,6,9,0.5,21,14.0,14,0,19,521,25661,36866,0.22381190004671225,0,0,,0.24532845800058567,22,ALL_RESOLVED
final_v1,ucs,map3,100,718a8e29bed05af7,30,15,6,9,0.5,21,14.0,14,0,19,521,110320,118794,1.2763175960135413,0,0,,1.3132630420004716,22,ALL_RESOLVED
final_v1,bfs,map3,101,718a8e29bed05af7,30,10,7,13,0.3333333333333333,23,14.0,12.5,0,15,528,109445,119505,0.7787140149484912,0,0,,0.8142192249979416,24,ALL_RESOLVED
final_v1,ucs,map3,101,718a8e29bed05af7,30,11,8,11,0.36666666666666664,23,14.454545454545455,13,0,9,524,129061,137503,1.4806191049901827,0,0,,1.5173325370014936,24,ALL_RESOLVED
final_v1,greedy,map3,101,718a8e29bed05af7,30,10,7,13,0.3333333333333333,23,14.0,12.5,0,15,528,9546,21896,0.09782382904813858,0,0,,0.11930310700336122,24,ALL_RESOLVED
final_v1,astar,map3,101,718a8e29bed05af7,30,11,8,11,0.36666666666666664,23,14.454545454545455,13,0,9,524,30172,42608,0.25643246297113365,0,0,,0.2776829629983695,24,ALL_RESOLVED
final_v1,ga,map3,93,718a8e29bed05af7,30,27,2,1,0.9,35,21.14814814814815,22,49,45,680,0,214230,26.664025424051943,7141,214230,0.25,26.732336888002465,36,ALL_RESOLVED
final_v1,ga,map3,94,718a8e29bed05af7,30,30,0,0,1.0,39,22.366666666666667,22.5,31,92,701,0,207390,25.359243929931836,6913,207390,0.25,25.43877891399825,40,ALL_RESOLVED
final_v1,bfs,map3,102,718a8e29bed05af7,30,27,3,0,0.9,36,22.962962962962962,23,0,140,677,84581,94528,0.6214194859603595,0,0,,0.6735109059991373,37,ALL_RESOLVED
final_v1,greedy,map3,102,718a8e29bed05af7,30,27,3,0,0.9,36,22.962962962962962,23,0,140,677,7230,17846,0.11364373795731808,0,0,,0.16086881699811784,37,ALL_RESOLVED
final_v1,astar,map3,102,718a8e29bed05af7,30,28,2,0,0.9333333333333333,37,23.464285714285715,23.5,0,120,713,28490,43094,0.4015975630172761,0,0,,0.4520982469985029,38,ALL_RESOLVED
final_v1,ucs,map3,102,718a8e29bed05af7,30,28,2,0,0.9333333333333333,37,23.464285714285715,23.5,0,122,713,129280,140540,1.6065891900361748,0,0,,1.6632119719979528,38,ALL_RESOLVED
final_v1,bfs,map3,103,718a8e29bed05af7,30,29,1,0,0.9666666666666667,37,23.0,23,0,121,702,90505,101749,0.6619852920921403,0,0,,0.7132452000005287,38,ALL_RESOLVED
final_v1,ucs,map3,103,718a8e29bed05af7,30,27,3,0,0.9,35,22.0,22,0,97,647,122666,133067,1.5223314329778077,0,0,,1.5747611189981399,36,ALL_RESOLVED
final_v1,greedy,map3,103,718a8e29bed05af7,30,29,1,0,0.9666666666666667,37,23.0,23,0,121,702,7686,19226,0.12245514796450152,0,0,,0.16938490699976683,38,ALL_RESOLVED
final_v1,astar,map3,103,718a8e29bed05af7,30,27,3,0,0.9,35,22.0,22,0,97,647,26676,41207,0.37087000695464667,0,0,,0.4163454860026832,36,ALL_RESOLVED
final_v1,ga,map3,95,718a8e29bed05af7,30,30,0,0,1.0,39,24.433333333333334,24.5,43,75,763,0,225570,28.18861321001168,7519,225570,0.25,28.27106319000086,40,ALL_RESOLVED
final_v1,bfs,map3,104,718a8e29bed05af7,30,26,4,0,0.8666666666666667,35,22.26923076923077,22.5,0,85,707,106266,117310,0.8319936680309183,0,0,,0.8814237850019708,36,ALL_RESOLVED
final_v1,ucs,map3,104,718a8e29bed05af7,30,26,4,0,0.8666666666666667,35,22.26923076923077,22.5,0,65,707,144221,156356,1.8119293090130668,0,0,,1.8668644329991366,36,ALL_RESOLVED
final_v1,greedy,map3,104,718a8e29bed05af7,30,26,4,0,0.8666666666666667,35,22.26923076923077,22.5,0,85,707,8662,21055,0.13915290804288816,0,0,,0.18355968600008055,36,ALL_RESOLVED
final_v1,astar,map3,104,718a8e29bed05af7,30,26,4,0,0.8666666666666667,35,22.26923076923077,22.5,0,67,707,31715,47426,0.4462110269450932,0,0,,0.49322957299955306,36,ALL_RESOLVED
final_v1,ga,map3,97,718a8e29bed05af7,30,28,0,2,0.9333333333333333,37,23.428571428571427,23.5,56,46,752,0,229320,29.25589191605468,7644,229320,0.25,29.335578960999555,50,ALL_RESOLVED
final_v1,ga,map3,96,718a8e29bed05af7,30,18,6,6,0.6,30,19.444444444444443,20.0,69,20,668,0,227730,34.33836575004898,7591,227730,0.25,34.41179463899971,32,ALL_RESOLVED
final_v1,bfs,map3,105,718a8e29bed05af7,30,27,3,0,0.9,33,20.0,20,0,96,649,78949,87231,0.3862521979644953,0,0,,0.4268633579995367,34,ALL_RESOLVED
final_v1,greedy,map3,105,718a8e29bed05af7,30,27,3,0,0.9,33,20.0,20,0,96,649,7364,17120,0.06106852603625157,0,0,,0.08594881799945142,34,ALL_RESOLVED
final_v1,astar,map3,105,718a8e29bed05af7,30,27,3,0,0.9,33,20.0,20,0,65,627,31311,43909,0.2560130849815323,0,0,,0.28485190300125396,34,ALL_RESOLVED
final_v1,ucs,map3,105,718a8e29bed05af7,30,27,2,1,0.9,33,20.0,20,0,69,649,116908,126319,1.4462509440309077,0,0,,1.5005295659975673,34,ALL_RESOLVED
final_v1,bfs,map3,106,718a8e29bed05af7,30,30,0,0,1.0,39,24.366666666666667,24.5,0,176,761,93140,105156,0.6738760110310977,0,0,,0.7346232230011083,40,ALL_RESOLVED
final_v1,ucs,map3,106,718a8e29bed05af7,30,30,0,0,1.0,40,24.4,24.5,0,103,762,140057,153190,1.118055731021741,0,0,,1.159506332998717,41,ALL_RESOLVED
final_v1,greedy,map3,106,718a8e29bed05af7,30,30,0,0,1.0,39,24.366666666666667,24.5,0,176,761,7891,19893,0.0757176370061643,0,0,,0.10913891100062756,40,ALL_RESOLVED
final_v1,astar,map3,106,718a8e29bed05af7,30,30,0,0,1.0,39,24.366666666666667,24.5,0,140,761,29179,44815,0.2452066529840522,0,0,,0.27909412500230246,40,ALL_RESOLVED
final_v1,ga,map3,92,718a8e29bed05af7,30,16,4,10,0.5333333333333333,26,16.0,15.5,90,8,698,0,274170,48.09316048707842,9139,274170,0.25,48.171955838999565,32,ALL_RESOLVED
final_v1,bfs,map3,107,718a8e29bed05af7,30,29,1,0,0.9666666666666667,35,21.0,21,0,153,642,58938,67535,0.4333547759888461,0,0,,0.48105643799863174,36,ALL_RESOLVED
final_v1,ga,map3,99,718a8e29bed05af7,30,30,0,0,1.0,38,23.233333333333334,23.5,38,50,727,0,221490,27.957315681032924,7383,221490,0.25,28.031569913000567,39,ALL_RESOLVED
final_v1,greedy,map3,107,718a8e29bed05af7,30,29,1,0,0.9666666666666667,35,21.0,21,0,153,642,5933,14677,0.09113905893536867,0,0,,0.1353542059987376,36,ALL_RESOLVED
final_v1,ucs,map3,107,718a8e29bed05af7,30,29,1,0,0.9666666666666667,35,21.0,21,0,121,642,97507,107521,1.199501924962533,0,0,,1.2518919450012618,36,ALL_RESOLVED
final_v1,astar,map3,107,718a8e29bed05af7,30,29,1,0,0.9666666666666667,35,21.0,21,0,123,642,23769,35772,0.33423463703365996,0,0,,0.3807752579996304,36,ALL_RESOLVED
final_v1,bfs,map3,108,718a8e29bed05af7,30,16,8,6,0.5333333333333333,23,15.375,15.5,0,52,588,88743,99059,0.645914319979056,0,0,,0.6851336930012621,24,ALL_RESOLVED
final_v1,ga,map3,100,718a8e29bed05af7,30,13,3,14,0.43333333333333335,21,14.0,14,61,25,557,0,192330,26.90721043301164,6411,192330,0.25,26.96280288900016,22,ALL_RESOLVED
final_v1,greedy,map3,108,718a8e29bed05af7,30,16,12,2,0.5333333333333333,23,15.375,15.5,0,52,540,7189,16995,0.11079162901296513,0,0,,0.14411961699806852,24,ALL_RESOLVED
final_v1,ucs,map3,108,718a8e29bed05af7,30,16,9,5,0.5333333333333333,23,15.375,15.5,0,32,574,122849,132824,1.5160934629384428,0,0,,1.5581925330006925,24,ALL_RESOLVED
final_v1,astar,map3,108,718a8e29bed05af7,30,16,11,3,0.5333333333333333,23,15.375,15.5,0,32,552,23157,34957,0.32063689896676806,0,0,,0.35490635099995416,24,ALL_RESOLVED
final_v1,ga,map3,98,718a8e29bed05af7,30,29,1,0,0.9666666666666667,43,28.379310344827587,29,41,112,872,0,262350,34.991905205974035,8745,262350,0.25,35.08325606800281,44,ALL_RESOLVED
final_v1,bfs,map3,109,718a8e29bed05af7,30,16,8,6,0.5333333333333333,32,20.3125,19.5,0,11,589,111013,120805,0.697063403968059,0,0,,0.7313430920003157,34,ALL_RESOLVED
final_v1,greedy,map3,109,718a8e29bed05af7,30,17,8,5,0.5666666666666667,32,20.41176470588235,20,0,14,596,10276,23386,0.15247134696983267,0,0,,0.19015248300274834,33,ALL_RESOLVED
final_v1,astar,map3,109,718a8e29bed05af7,30,17,7,6,0.5666666666666667,32,20.88235294117647,20,0,8,602,29161,42978,0.39810064099219744,0,0,,0.43757176700091804,34,ALL_RESOLVED
final_v1,ucs,map3,109,718a8e29bed05af7,30,17,7,6,0.5666666666666667,32,20.88235294117647,20,0,8,602,133731,142668,1.2622289980172354,0,0,,1.2995047100012016,34,ALL_RESOLVED
final_v1,bfs,map3,110,718a8e29bed05af7,30,22,4,4,0.7333333333333333,29,18.5,18.5,0,33,645,101667,110578,0.5113863990118261,0,0,,0.5433203879983921,30,ALL_RESOLVED
final_v1,ucs,map3,110,718a8e29bed05af7,30,21,5,4,0.7,29,18.571428571428573,19,0,37,651,129191,138648,1.1037588749568386,0,0,,1.1408299270005955,30,ALL_RESOLVED
final_v1,greedy,map3,110,718a8e29bed05af7,30,22,4,4,0.7333333333333333,29,18.5,18.5,0,33,645,9228,21223,0.09761156100285007,0,0,,0.12549253899851465,30,ALL_RESOLVED
final_v1,astar,map3,110,718a8e29bed05af7,30,21,5,4,0.7,29,18.571428571428573,19,0,37,651,31178,44388,0.2693147040299664,0,0,,0.2977430850005476,30,ALL_RESOLVED
final_v1,ga,map3,102,718a8e29bed05af7,30,26,4,0,0.8666666666666667,36,23.5,23.5,38,92,741,0,223140,29.97799120594209,7438,223140,0.25,30.058964600000763,38,ALL_RESOLVED
final_v1,bfs,map3,111,718a8e29bed05af7,30,30,0,0,1.0,37,22.5,22.5,0,163,705,71006,81109,0.5203884419643146,0,0,,0.5687337439994735,38,ALL_RESOLVED
final_v1,ga,map3,103,718a8e29bed05af7,30,29,1,0,0.9666666666666667,39,25.0,25,47,95,760,0,217320,27.71504943902255,7244,217320,0.25,27.798235181002383,40,ALL_RESOLVED
final_v1,greedy,map3,111,718a8e29bed05af7,30,30,0,0,1.0,37,22.5,22.5,0,163,705,6777,16874,0.10489509397666552,0,0,,0.14970315000027767,38,ALL_RESOLVED
final_v1,ucs,map3,111,718a8e29bed05af7,30,30,0,0,1.0,37,22.5,22.5,0,131,705,112302,124100,1.3802243749887566,0,0,,1.433213545999024,38,ALL_RESOLVED
final_v1,astar,map3,111,718a8e29bed05af7,30,30,0,0,1.0,37,22.5,22.5,0,131,705,24006,37296,0.3280066470615566,0,0,,0.3750627590015938,38,ALL_RESOLVED
final_v1,bfs,map3,112,718a8e29bed05af7,30,21,4,5,0.7,27,17.0,17,0,26,608,98334,108531,0.7038494849839481,0,0,,0.7451982869970379,28,ALL_RESOLVED
final_v1,ucs,map3,112,718a8e29bed05af7,30,21,3,6,0.7,27,17.0,17,0,22,616,133152,142442,1.611154488986358,0,0,,1.6567195019997598,28,ALL_RESOLVED
final_v1,greedy,map3,112,718a8e29bed05af7,30,21,7,2,0.7,27,17.0,17,0,15,564,8557,19889,0.12819094402948394,0,0,,0.16236689500146895,28,ALL_RESOLVED
final_v1,astar,map3,112,718a8e29bed05af7,30,21,5,4,0.7,27,17.0,17,0,22,598,29426,42875,0.4029431629933242,0,0,,0.44106338799974765,28,ALL_RESOLVED
final_v1,ga,map3,101,718a8e29bed05af7,30,10,2,18,0.3333333333333333,21,13.1,12.5,73,26,575,0,236100,38.51665817499452,7870,236100,0.25,38.57758017299784,22,ALL_RESOLVED
final_v1,bfs,map3,113,718a8e29bed05af7,30,25,5,0,0.8333333333333334,33,21.0,21,0,102,640,82807,92509,0.5968410140048945,0,0,,0.6428104639999219,34,ALL_RESOLVED
final_v1,ucs,map3,113,718a8e29bed05af7,30,26,4,0,0.8666666666666667,34,21.5,21.5,0,65,643,122087,132558,1.5145426310773473,0,0,,1.5683883220008283,35,ALL_RESOLVED
final_v1,greedy,map3,113,718a8e29bed05af7,30,25,5,0,0.8333333333333334,33,21.0,21,0,102,630,7058,16983,0.1090679600565636,0,0,,0.15127875699909055,34,ALL_RESOLVED
final_v1,astar,map3,113,718a8e29bed05af7,30,26,4,0,0.8666666666666667,35,21.53846153846154,21.5,0,58,644,28085,41503,0.39054838804440806,0,0,,0.43666629400104284,36,ALL_RESOLVED
final_v1,ga,map3,104,718a8e29bed05af7,30,24,4,2,0.8,35,23.166666666666668,23.5,62,44,786,0,240330,32.92891653006154,8011,240330,0.25,33.00869806400078,36,ALL_RESOLVED
final_v1,bfs,map3,114,718a8e29bed05af7,30,30,0,0,1.0,39,24.2,24.5,0,173,756,84014,95214,0.6198330219995114,0,0,,0.6737706310013891,40,ALL_RESOLVED
final_v1,ga,map3,106,718a8e29bed05af7,30,30,0,0,1.0,39,24.4,24.5,27,111,762,0,217950,25.604148820068076,7265,217950,0.25,25.687157861997548,40,ALL_RESOLVED
final_v1,greedy,map3,114,718a8e29bed05af7,30,30,0,0,1.0,39,24.2,24.5,0,173,756,7712,18636,0.11876921596558532,0,0,,0.16883862699978636,40,ALL_RESOLVED
final_v1,astar,map3,114,718a8e29bed05af7,30,30,0,0,1.0,39,24.2,24.5,0,131,756,25751,39916,0.358993204037688,0,0,,0.4099080349988071,40,ALL_RESOLVED
final_v1,ucs,map3,114,718a8e29bed05af7,30,30,0,0,1.0,39,24.2,24.5,0,135,756,126088,139423,1.5772388530203898,0,0,,1.6367637590010418,40,ALL_RESOLVED
final_v1,ga,map3,105,718a8e29bed05af7,30,20,5,5,0.6666666666666666,27,17.4,17.5,60,40,648,0,230310,30.780175239982782,7677,230310,0.25,30.849522206000984,34,ALL_RESOLVED
final_v1,bfs,map3,115,718a8e29bed05af7,30,26,4,0,0.8666666666666667,33,19.53846153846154,19.5,0,54,622,87416,96448,0.6239740849487134,0,0,,0.6704438280030445,34,ALL_RESOLVED
final_v1,greedy,map3,115,718a8e29bed05af7,30,26,4,0,0.8666666666666667,33,19.53846153846154,19.5,0,54,622,7884,18441,0.12233626000306685,0,0,,0.16398281500005396,34,ALL_RESOLVED
final_v1,ga,map3,107,718a8e29bed05af7,30,27,2,1,0.9,38,21.074074074074073,21,53,61,652,0,196740,25.822403554964694,6558,196740,0.25,25.89654847699785,40,ALL_RESOLVED
final_v1,astar,map3,115,718a8e29bed05af7,30,27,3,0,0.9,33,20.0,20,0,48,621,26034,37846,0.34543947395286523,0,0,,0.38918873200236703,34,ALL_RESOLVED
final_v1,ucs,map3,115,718a8e29bed05af7,30,27,3,0,0.9,33,20.0,20,0,48,621,116438,125928,1.2468177450464282,0,0,,1.296210816999519,34,ALL_RESOLVED
final_v1,bfs,map3,116,718a8e29bed05af7,30,30,0,0,1.0,36,21.5,21.5,0,110,675,87491,98161,0.6391272980290523,0,0,,0.6928742159980175,37,ALL_RESOLVED
final_v1,greedy,map3,116,718a8e29bed05af7,30,30,0,0,1.0,36,21.5,21.5,0,110,675,7323,18190,0.11581490098978975,0,0,,0.16340863599907607,37,ALL_RESOLVED
final_v1,astar,map3,116,718a8e29bed05af7,30,30,0,0,1.0,36,21.5,21.5,0,78,675,32161,47127,0.4354583060412551,0,0,,0.48479716300062137,37,ALL_RESOLVED
final_v1,ucs,map3,116,718a8e29bed05af7,30,30,0,0,1.0,36,21.5,21.5,0,78,675,135152,146277,1.4561447999731172,0,0,,1.5108859140018467,37,ALL_RESOLVED
final_v1,bfs,map3,117,718a8e29bed05af7,30,30,0,0,1.0,37,22.466666666666665,22.5,0,178,704,71758,81661,0.5201383169878682,0,0,,0.570156654001039,38,ALL_RESOLVED
final_v1,ucs,map3,117,718a8e29bed05af7,30,30,0,0,1.0,37,22.466666666666665,22.5,0,156,704,117199,129326,1.4451681859900418,0,0,,1.5008000800007721,38,ALL_RESOLVED
final_v1,greedy,map3,117,718a8e29bed05af7,30,30,0,0,1.0,37,22.466666666666665,22.5,0,178,704,6529,16209,0.10273827403216274,0,0,,0.14828842299903044,38,ALL_RESOLVED
final_v1,ga,map3,108,718a8e29bed05af7,30,16,8,6,0.5333333333333333,23,15.4375,15.5,43,12,565,0,183360,28.08053716395807,6112,183360,0.25,28.139971392000007,24,ALL_RESOLVED
final_v1,astar,map3,117,718a8e29bed05af7,30,30,0,0,1.0,37,22.466666666666665,22.5,0,160,704,26342,39850,0.3605893140047556,0,0,,0.4088267850020202,38,ALL_RESOLVED
final_v1,bfs,map3,118,718a8e29bed05af7,30,27,3,0,0.9,34,20.962962962962962,21,0,71,623,87954,97541,0.6368819959971006,0,0,,0.6826984670005913,35,ALL_RESOLVED
final_v1,ucs,map3,118,718a8e29bed05af7,30,28,2,0,0.9333333333333333,35,21.464285714285715,21.5,0,59,647,127685,138349,1.2936909570053103,0,0,,1.33498905200031,36,ALL_RESOLVED
final_v1,greedy,map3,118,718a8e29bed05af7,30,27,3,0,0.9,34,20.962962962962962,21,0,69,617,7304,18133,0.07383043500885833,0,0,,0.10184402099912404,35,ALL_RESOLVED
final_v1,astar,map3,118,718a8e29bed05af7,30,28,2,0,0.9333333333333333,35,21.464285714285715,21.5,0,59,647,28702,42899,0.23733695999180782,0,0,,0.26537784300307976,36,ALL_RESOLVED
final_v1,ga,map3,111,718a8e29bed05af7,30,30,0,0,1.0,40,23.466666666666665,23.5,40,106,734,0,206490,25.646807050015923,6883,206490,0.25,25.72742477599968,41,ALL_RESOLVED
final_v1,bfs,map3,119,718a8e29bed05af7,30,29,1,0,0.9666666666666667,36,22.0,22,0,108,673,83737,93652,0.6125812219834188,0,0,,0.6615362289994664,37,ALL_RESOLVED
final_v1,ucs,map3,119,718a8e29bed05af7,30,30,0,0,1.0,37,22.5,22.5,0,81,705,128766,140884,1.532613811945339,0,0,,1.5862657530014985,38,ALL_RESOLVED
final_v1,greedy,map3,119,718a8e29bed05af7,30,29,1,0,0.9666666666666667,36,22.0,22,0,108,673,7286,17792,0.11461896299078944,0,0,,0.1590911809980753,37,ALL_RESOLVED
final_v1,astar,map3,119,718a8e29bed05af7,30,30,0,0,1.0,37,22.5,22.5,0,81,705,29451,43927,0.40440584694806603,0,0,,0.45220904999951017,38,ALL_RESOLVED
final_v1,ga,map3,112,718a8e29bed05af7,30,15,5,10,0.5,23,15.733333333333333,16,51,11,617,0,212190,28.97341149802378,7073,212190,0.25,29.035400463999395,28,ALL_RESOLVED
final_v1,ga,map3,113,718a8e29bed05af7,30,25,4,1,0.8333333333333334,34,22.0,22,52,101,737,0,220470,24.83841787201891,7349,220470,0.25,24.908820659999037,36,ALL_RESOLVED
final_v1,bfs,map3,120,718a8e29bed05af7,30,29,1,0,0.9666666666666667,36,21.96551724137931,22,0,113,672,77844,86848,0.5627684560531634,0,0,,0.6111355339999136,37,ALL_RESOLVED
final_v1,greedy,map3,120,718a8e29bed05af7,30,29,1,0,0.9666666666666667,36,21.96551724137931,22,0,113,672,7312,17310,0.11167821003618883,0,0,,0.15569831699758652,37,ALL_RESOLVED
final_v1,astar,map3,120,718a8e29bed05af7,30,29,1,0,0.9666666666666667,36,21.96551724137931,22,0,101,672,29462,42693,0.3909969420164998,0,0,,0.4362901679996867,37,ALL_RESOLVED
final_v1,ucs,map3,120,718a8e29bed05af7,30,29,1,0,0.9666666666666667,36,21.96551724137931,22,0,97,672,116337,127373,1.4184874429738557,0,0,,1.4704352139997354,37,ALL_RESOLVED
final_v1,bfs,map3,121,718a8e29bed05af7,30,30,0,0,1.0,36,21.5,21.5,0,186,675,57726,66251,0.42210143999182037,0,0,,0.4710744080002769,37,ALL_RESOLVED
final_v1,ucs,map3,121,718a8e29bed05af7,30,30,0,0,1.0,36,21.5,21.5,0,126,675,98157,109515,1.2141259660129435,0,0,,1.2663573209974857,37,ALL_RESOLVED
final_v1,greedy,map3,121,718a8e29bed05af7,30,30,0,0,1.0,36,21.5,21.5,0,186,675,5929,14187,0.0893913839936431,0,0,,0.13558591900073225,37,ALL_RESOLVED
final_v1,ga,map3,116,718a8e29bed05af7,30,30,0,0,1.0,44,21.933333333333334,21.5,42,39,688,0,200820,21.60723748799137,6694,200820,0.25,21.68173264500001,45,ALL_RESOLVED
final_v1,astar,map3,121,718a8e29bed05af7,30,30,0,0,1.0,36,21.5,21.5,0,146,675,22694,34565,0.3060633390159637,0,0,,0.3524944749988208,37,ALL_RESOLVED
final_v1,bfs,map3,122,718a8e29bed05af7,30,30,0,0,1.0,38,23.433333333333334,23.5,0,106,733,102278,113084,0.739345308040356,0,0,,0.792634231998818,39,ALL_RESOLVED
final_v1,ga,map3,117,718a8e29bed05af7,30,29,1,0,0.9666666666666667,37,22.0,22,29,111,671,0,183720,21.13043492205543,6124,183720,0.25,21.19269955299751,38,ALL_RESOLVED
final_v1,greedy,map3,122,718a8e29bed05af7,30,30,0,0,1.0,38,23.433333333333334,23.5,0,106,733,8635,20976,0.08564822304106201,0,0,,0.1184806059973198,39,ALL_RESOLVED
final_v1,ucs,map3,122,718a8e29bed05af7,30,30,0,0,1.0,38,23.433333333333334,23.5,0,82,733,147844,160017,1.8302298899798188,0,0,,1.8883139440004015,39,ALL_RESOLVED
final_v1,astar,map3,122,718a8e29bed05af7,30,30,0,0,1.0,38,23.433333333333334,23.5,0,82,733,35575,52240,0.31192474895578925,0,0,,0.3478424360000645,39,ALL_RESOLVED
final_v1,bfs,map3,123,718a8e29bed05af7,30,30,0,0,1.0,36,21.5,21.5,0,147,675,76928,87231,0.34772553402217454,0,0,,0.38048906499898294,37,ALL_RESOLVED
final_v1,ucs,map3,123,718a8e29bed05af7,30,30,0,0,1.0,36,21.5,21.5,0,109,675,127131,138171,1.0493643800364225,0,0,,1.0943642199999886,37,ALL_RESOLVED
final_v1,greedy,map3,123,718a8e29bed05af7,30,30,0,0,1.0,36,21.5,21.5,0,147,675,6577,16787,0.10405137499401462,0,0,,0.1496739610010991,37,ALL_RESOLVED
final_v1,ga,map3,114,718a8e29bed05af7,30,30,0,0,1.0,40,25.166666666666668,25.5,54,107,785,0,223350,29.8901068819614,7445,223350,0.25,29.97534303499924,41,ALL_RESOLVED
final_v1,ga,map3,110,718a8e29bed05af7,30,15,6,9,0.5,28,17.733333333333334,19,80,10,683,0,273420,47.86555114699149,9114,273420,0.25,47.94282818300053,30,ALL_RESOLVED
final_v1,astar,map3,123,718a8e29bed05af7,30,30,0,0,1.0,36,21.5,21.5,0,121,675,29112,44087,0.39715634000094724,0,0,,0.44492920599805075,37,ALL_RESOLVED
final_v1,bfs,map3,124,718a8e29bed05af7,30,12,10,8,0.4,19,13.416666666666666,13.5,0,22,513,102923,111537,0.7179117009764013,0,0,,0.7521703089987568,22,ALL_RESOLVED
final_v1,greedy,map3,124,718a8e29bed05af7,30,12,13,5,0.4,19,13.416666666666666,13.5,0,24,511,8808,20322,0.1299746359582059,0,0,,0.15979897899887874,22,ALL_RESOLVED
final_v1,astar,map3,124,718a8e29bed05af7,30,12,13,5,0.4,19,13.416666666666666,13.5,0,23,515,29322,41325,0.3833420740229485,0,0,,0.4150566110001819,22,ALL_RESOLVED
final_v1,ucs,map3,124,718a8e29bed05af7,30,12,11,7,0.4,19,13.416666666666666,13.5,0,23,517,126502,134312,1.52618655702463,0,0,,1.564270029997715,22,ALL_RESOLVED
final_v1,bfs,map3,125,718a8e29bed05af7,30,30,0,0,1.0,38,23.433333333333334,23.5,0,137,733,95848,107084,0.6974371620308375,0,0,,0.7493719510021037,39,ALL_RESOLVED
final_v1,ga,map3,109,718a8e29bed05af7,30,8,11,11,0.26666666666666666,25,18.125,18.5,100,7,709,0,308730,53.82863542499763,10291,308730,0.25,53.90922143699936,34,ALL_RESOLVED
final_v1,greedy,map3,125,718a8e29bed05af7,30,30,0,0,1.0,38,23.433333333333334,23.5,0,137,733,7843,19615,0.1246538959312602,0,0,,0.17210262099979445,39,ALL_RESOLVED
final_v1,ucs,map3,125,718a8e29bed05af7,30,30,0,0,1.0,38,23.433333333333334,23.5,0,107,733,141013,153557,1.7545725069467153,0,0,,1.8111257829987153,39,ALL_RESOLVED
final_v1,astar,map3,125,718a8e29bed05af7,30,30,0,0,1.0,38,23.433333333333334,23.5,0,109,733,29310,45522,0.4111182780616218,0,0,,0.46100813199882396,39,ALL_RESOLVED
final_v1,bfs,map3,126,718a8e29bed05af7,30,30,0,0,1.0,38,23.133333333333333,23.5,0,120,724,95213,106016,0.6982420809981704,0,0,,0.7489609080002992,39,ALL_RESOLVED
final_v1,ucs,map3,126,718a8e29bed05af7,30,30,0,0,1.0,38,23.133333333333333,23.5,0,100,724,130856,143525,1.4710951650122297,0,0,,1.5142506350020994,39,ALL_RESOLVED
final_v1,greedy,map3,126,718a8e29bed05af7,30,30,0,0,1.0,38,23.133333333333333,23.5,0,120,724,8001,19493,0.0706883970015042,0,0,,0.0976052139994863,39,ALL_RESOLVED
final_v1,astar,map3,126,718a8e29bed05af7,30,30,0,0,1.0,38,23.133333333333333,23.5,0,108,724,24921,39473,0.22695738801485277,0,0,,0.259971969997423,39,ALL_RESOLVED
final_v1,ga,map3,115,718a8e29bed05af7,30,18,6,6,0.6,29,18.055555555555557,17.5,86,12,707,0,282870,38.659466801000235,9429,282870,0.25,38.72742914399714,34,ALL_RESOLVED
final_v1,bfs,map3,127,718a8e29bed05af7,30,29,1,0,0.9666666666666667,35,21.0,21,0,129,648,75148,85245,0.32410443897606456,0,0,,0.35457168699940667,36,ALL_RESOLVED
final_v1,ga,map3,119,718a8e29bed05af7,30,28,1,1,0.9333333333333333,40,23.642857142857142,23.5,53,69,708,0,205110,24.202102434086555,6837,205110,0.25,24.276737439999124,41,ALL_RESOLVED
final_v1,ucs,map3,127,718a8e29bed05af7,30,30,0,0,1.0,39,21.6,21.5,0,94,678,124328,134913,1.067970303902257,0,0,,1.1141472300005262,40,ALL_RESOLVED
final_v1,greedy,map3,127,718a8e29bed05af7,30,29,1,0,0.9666666666666667,35,21.0,21,0,129,648,6540,16712,0.10775836597531452,0,0,,0.15124401499997475,36,ALL_RESOLVED
final_v1,astar,map3,127,718a8e29bed05af7,30,30,0,0,1.0,36,21.5,21.5,0,95,675,27501,42418,0.3798286089768226,0,0,,0.42952551399866934,37,ALL_RESOLVED
final_v1,bfs,map3,128,718a8e29bed05af7,30,1,5,24,0.03333333333333333,9,9.0,9,0,1,290,71624,77203,0.5172653109948442,0,0,,0.5345790100000158,10,ALL_RESOLVED
final_v1,ucs,map3,128,718a8e29bed05af7,30,1,5,24,0.03333333333333333,9,9.0,9,0,1,290,80342,85529,1.0368710210059362,0,0,,1.0570524549984839,10,ALL_RESOLVED
final_v1,greedy,map3,128,718a8e29bed05af7,30,1,5,24,0.03333333333333333,9,9.0,9,0,1,290,5684,13244,0.08990698595880531,0,0,,0.10381812899868237,10,ALL_RESOLVED
final_v1,astar,map3,128,718a8e29bed05af7,30,1,5,24,0.03333333333333333,9,9.0,9,0,1,290,15437,23738,0.22680009500618326,0,0,,0.2419848230019852,10,ALL_RESOLVED
final_v1,ga,map3,118,718a8e29bed05af7,30,22,8,0,0.7333333333333333,44,21.136363636363637,20.5,61,32,675,0,236070,36.712020821003534,7869,236070,0.25,36.7922924179984,60,ALL_RESOLVED
final_v1,bfs,map3,129,718a8e29bed05af7,30,29,1,0,0.9666666666666667,36,22.0,22,0,170,677,71353,81582,0.30368605202966137,0,0,,0.3343555680003192,37,ALL_RESOLVED
final_v1,ucs,map3,129,718a8e29bed05af7,30,29,1,0,0.9666666666666667,36,22.0,22,0,132,677,116763,128160,0.878951823036914,0,0,,0.9145973199993023,37,ALL_RESOLVED
final_v1,greedy,map3,129,718a8e29bed05af7,30,29,1,0,0.9666666666666667,36,22.0,22,0,170,677,6366,16113,0.06370398103899788,0,0,,0.09477853899807087,37,ALL_RESOLVED
final_v1,astar,map3,129,718a8e29bed05af7,30,29,1,0,0.9666666666666667,36,22.0,22,0,134,677,24965,38247,0.21312688402394997,0,0,,0.24480897299872595,37,ALL_RESOLVED
final_v1,ga,map3,121,718a8e29bed05af7,30,30,0,0,1.0,37,22.333333333333332,22.5,43,115,700,0,190890,23.72196979401633,6363,190890,0.25,23.795060421001835,38,ALL_RESOLVED
final_v1,bfs,map3,130,718a8e29bed05af7,30,28,2,0,0.9333333333333333,34,20.5,20.5,0,87,616,76375,85560,0.550290785060497,0,0,,0.5954870319983456,35,ALL_RESOLVED
final_v1,ga,map3,120,718a8e29bed05af7,30,28,2,0,0.9333333333333333,46,22.857142857142858,22.5,61,67,714,0,219720,27.03050640699439,7324,219720,0.25,27.105424266999762,47,ALL_RESOLVED
final_v1,greedy,map3,130,718a8e29bed05af7,30,28,2,0,0.9333333333333333,34,20.5,20.5,0,87,616,6735,16208,0.1014144379987556,0,0,,0.14253902199925506,35,ALL_RESOLVED
final_v1,astar,map3,130,718a8e29bed05af7,30,27,3,0,0.9,33,20.0,20,0,75,593,25148,37568,0.34250862590488396,0,0,,0.38511564600048587,34,ALL_RESOLVED
final_v1,ucs,map3,130,718a8e29bed05af7,30,27,3,0,0.9,33,20.0,20,0,73,593,108883,118548,1.3395058340211108,0,0,,1.3882089409999026,34,ALL_RESOLVED
final_v1,ga,map3,123,718a8e29bed05af7,30,30,0,0,1.0,37,22.5,22.5,27,91,705,0,199350,21.195823752968863,6645,199350,0.25,21.265843446999497,38,ALL_RESOLVED
final_v1,bfs,map3,131,718a8e29bed05af7,30,24,6,0,0.8,31,19.083333333333332,19.5,0,63,618,96405,107016,0.6811623280482308,0,0,,0.7241580810004962,32,ALL_RESOLVED
final_v1,greedy,map3,131,718a8e29bed05af7,30,24,6,0,0.8,31,19.083333333333332,19.5,0,63,618,7579,18822,0.11946593797983951,0,0,,0.15812709900274058,32,ALL_RESOLVED
final_v1,astar,map3,131,718a8e29bed05af7,30,24,5,1,0.8,31,19.083333333333332,19.5,0,50,630,28855,43125,0.4009087280028325,0,0,,0.44174549099989235,32,ALL_RESOLVED
final_v1,ucs,map3,131,718a8e29bed05af7,30,24,6,0,0.8,31,19.333333333333332,19.5,0,39,630,131418,141498,1.5962654321083392,0,0,,1.6434803180018207,32,ALL_RESOLVED
final_v1,bfs,map3,132,718a8e29bed05af7,30,11,7,12,0.36666666666666664,19,14.0,14,0,25,513,108607,116938,0.7495414009972592,0,0,,0.7846005430001242,22,ALL_RESOLVED
final_v1,ga,map3,122,718a8e29bed05af7,30,30,0,0,1.0,40,24.833333333333332,24.5,46,69,775,0,234300,25.935421528036386,7810,234300,0.25,26.00452255399796,41,ALL_RESOLVED
final_v1,greedy,map3,132,718a8e29bed05af7,30,11,7,12,0.36666666666666664,19,14.0,14,0,26,509,10326,22898,0.08971142600421445,0,0,,0.11004906399830361,22,ALL_RESOLVED
final_v1,astar,map3,132,718a8e29bed05af7,30,11,4,15,0.36666666666666664,19,14.0,14,0,16,539,34201,46192,0.2710824589848926,0,0,,0.2930529690020194,22,ALL_RESOLVED
final_v1,ucs,map3,132,718a8e29bed05af7,30,11,4,15,0.36666666666666664,19,14.0,14,0,16,539,136316,144550,1.6481737999783945,0,0,,1.687354306999623,22,ALL_RESOLVED
final_v1,bfs,map3,133,718a8e29bed05af7,30,29,1,0,0.9666666666666667,37,22.75862068965517,23,0,132,697,85668,96470,0.6277334980150044,0,0,,0.6784953799979121,38,ALL_RESOLVED
final_v1,ucs,map3,133,718a8e29bed05af7,30,28,2,0,0.9333333333333333,36,22.25,22.5,0,88,667,123385,134841,1.5349360890286334,0,0,,1.5873249500000384,37,ALL_RESOLVED
final_v1,greedy,map3,133,718a8e29bed05af7,30,29,1,0,0.9666666666666667,37,22.75862068965517,23,0,132,697,7378,18298,0.11681635301647475,0,0,,0.16299954100031755,38,ALL_RESOLVED
final_v1,astar,map3,133,718a8e29bed05af7,30,28,2,0,0.9333333333333333,36,22.25,22.5,0,82,667,26239,40423,0.36640224699658575,0,0,,0.4154751390015008,37,ALL_RESOLVED
final_v1,ga,map3,128,718a8e29bed05af7,30,2,1,27,0.06666666666666667,9,8.5,8.5,35,6,293,0,108600,19.044885383980727,3620,108600,0.25,19.075121156001842,10,ALL_RESOLVED
final_v1,bfs,map3,134,718a8e29bed05af7,30,30,0,0,1.0,36,21.5,21.5,0,108,675,80428,90140,0.5841502579351072,0,0,,0.6326858360007463,37,ALL_RESOLVED
final_v1,ucs,map3,134,718a8e29bed05af7,30,30,0,0,1.0,36,21.5,21.5,0,78,675,118734,130774,1.464886022007704,0,0,,1.5198831099987729,37,ALL_RESOLVED
final_v1,ga,map3,125,718a8e29bed05af7,30,30,0,0,1.0,40,25.266666666666666,25.5,62,90,788,0,231870,31.3296075780745,7729,231870,0.25,31.415029348001553,41,ALL_RESOLVED
final_v1,greedy,map3,134,718a8e29bed05af7,30,30,0,0,1.0,36,21.5,21.5,0,108,675,7146,17322,0.11129053993499838,0,0,,0.15639446600107476,37,ALL_RESOLVED
final_v1,astar,map3,134,718a8e29bed05af7,30,30,0,0,1.0,36,21.5,21.5,0,82,675,26217,39484,0.3635804940095113,0,0,,0.411566792998201,37,ALL_RESOLVED
final_v1,ga,map3,126,718a8e29bed05af7,30,29,1,0,0.9666666666666667,38,23.82758620689655,24,52,59,736,0,222360,29.135931286029518,7412,222360,0.25,29.21325537300072,39,ALL_RESOLVED
final_v1,bfs,map3,135,718a8e29bed05af7,30,11,12,7,0.36666666666666664,20,14.0,14,0,9,501,97232,106818,0.6978844840123202,0,0,,0.7309597690000373,22,ALL_RESOLVED
final_v1,greedy,map3,135,718a8e29bed05af7,30,11,11,8,0.36666666666666664,20,14.0,14,0,9,505,8860,19898,0.13047754704166437,0,0,,0.15913265500057605,22,ALL_RESOLVED
final_v1,astar,map3,135,718a8e29bed05af7,30,10,11,9,0.3333333333333333,20,13.7,13.5,0,2,495,22853,34749,0.3156219820411934,0,0,,0.34502572800192866,22,ALL_RESOLVED
final_v1,ga,map3,129,718a8e29bed05af7,30,30,0,0,1.0,40,24.533333333333335,24.5,42,148,766,0,216660,20.38472533004824,7222,216660,0.25,20.45599477200085,41,ALL_RESOLVED
final_v1,ga,map3,127,718a8e29bed05af7,30,28,2,0,0.9333333333333333,36,21.785714285714285,21.5,53,70,694,0,211320,26.00374715503858,7044,211320,0.25,26.078191202999733,37,ALL_RESOLVED
final_v1,ucs,map3,135,718a8e29bed05af7,30,10,11,9,0.3333333333333333,20,13.7,13.5,0,2,495,119772,128557,1.4888075019916869,0,0,,1.5256513559979794,22,ALL_RESOLVED
final_v1,greedy,map3,136,718a8e29bed05af7,30,28,2,0,0.9333333333333333,35,21.392857142857142,21.5,0,94,653,7485,18292,0.11849153397633927,0,0,,0.1624643830000423,36,ALL_RESOLVED
final_v1,bfs,map3,136,718a8e29bed05af7,30,28,2,0,0.9333333333333333,35,21.392857142857142,21.5,0,94,653,84339,93874,0.4566400090188836,0,0,,0.49140738799906103,36,ALL_RESOLVED
final_v1,astar,map3,136,718a8e29bed05af7,30,28,2,0,0.9333333333333333,35,21.392857142857142,21.5,0,78,651,30041,44084,0.4151407400240714,0,0,,0.46163081899794634,36,ALL_RESOLVED
final_v1,bfs,map3,137,718a8e29bed05af7,30,22,8,0,0.7333333333333333,29,18.454545454545453,18.5,0,69,576,72495,81082,0.5158701749569445,0,0,,0.5560889930020494,30,ALL_RESOLVED
final_v1,ucs,map3,136,718a8e29bed05af7,30,28,2,0,0.9333333333333333,35,21.392857142857142,21.5,0,78,651,121422,132100,1.5395988519921957,0,0,,1.593835769999714,36,ALL_RESOLVED
final_v1,greedy,map3,137,718a8e29bed05af7,30,22,8,0,0.7333333333333333,29,18.454545454545453,18.5,0,81,600,6594,16233,0.1022730670265446,0,0,,0.13964803099952405,30,ALL_RESOLVED
final_v1,astar,map3,137,718a8e29bed05af7,30,22,8,0,0.7333333333333333,29,18.454545454545453,18.5,0,62,590,22125,33445,0.3040283219779667,0,0,,0.3436214850007673,30,ALL_RESOLVED
final_v1,ucs,map3,137,718a8e29bed05af7,30,21,9,0,0.7,28,17.952380952380953,18,0,45,556,103610,112891,1.2737552389589837,0,0,,1.3189778279993334,29,ALL_RESOLVED
final_v1,bfs,map3,138,718a8e29bed05af7,30,29,1,0,0.9666666666666667,35,21.0,21,0,94,656,89392,99906,0.6382872019676142,0,0,,0.6860014230005618,36,ALL_RESOLVED
final_v1,ucs,map3,138,718a8e29bed05af7,30,29,1,0,0.9666666666666667,35,21.0,21,0,64,656,132492,143202,1.5645865960723313,0,0,,1.616883673999837,36,ALL_RESOLVED
final_v1,greedy,map3,138,718a8e29bed05af7,30,29,1,0,0.9666666666666667,35,21.0,21,0,94,650,7249,17738,0.1114420990452345,0,0,,0.1547461049995036,36,ALL_RESOLVED
final_v1,astar,map3,138,718a8e29bed05af7,30,29,1,0,0.9666666666666667,35,21.0,21,0,64,656,30154,44166,0.40432207201592973,0,0,,0.4501682320005784,36,ALL_RESOLVED
final_v1,ga,map3,124,718a8e29bed05af7,30,9,6,15,0.3,17,12.0,12,84,5,537,0,232260,42.88343467697268,7742,232260,0.25,42.944824320002226,22,ALL_RESOLVED
final_v1,bfs,map3,139,718a8e29bed05af7,30,30,0,0,1.0,39,24.5,24.5,0,163,765,92322,103679,0.7217925490112975,0,0,,0.7801097319970722,40,ALL_RESOLVED
final_v1,ga,map3,130,718a8e29bed05af7,30,30,0,0,1.0,38,23.233333333333334,23.5,47,73,727,0,213810,25.677287071997853,7127,213810,0.25,25.750430448999396,39,ALL_RESOLVED
final_v1,greedy,map3,139,718a8e29bed05af7,30,30,0,0,1.0,39,24.5,24.5,0,163,765,7985,19711,0.07494987699828926,0,0,,0.10795825999957742,40,ALL_RESOLVED
final_v1,astar,map3,139,718a8e29bed05af7,30,30,0,0,1.0,39,24.5,24.5,0,133,765,28707,44257,0.2463210850764881,0,0,,0.28032518699910725,40,ALL_RESOLVED
final_v1,ucs,map3,139,718a8e29bed05af7,30,30,0,0,1.0,39,24.5,24.5,0,129,765,139231,152585,1.7367806941001618,0,0,,1.7959504669997841,40,ALL_RESOLVED
final_v1,bfs,map3,140,718a8e29bed05af7,30,24,6,0,0.8,34,22.083333333333332,22.5,0,73,610,95077,105012,0.6799455089494586,0,0,,0.7246078370008036,35,ALL_RESOLVED
final_v1,ucs,map3,140,718a8e29bed05af7,30,27,3,0,0.9,37,23.62962962962963,24,0,66,687,132372,144268,1.6431492889678339,0,0,,1.6984045329991204,38,ALL_RESOLVED
final_v1,greedy,map3,140,718a8e29bed05af7,30,24,6,0,0.8,34,22.083333333333332,22.5,0,73,610,7396,18183,0.11616459198194207,0,0,,0.15700600600030157,35,ALL_RESOLVED
final_v1,astar,map3,140,718a8e29bed05af7,30,27,3,0,0.9,37,23.62962962962963,24,0,86,687,25544,39837,0.3425720850282232,0,0,,0.3844477929997083,38,ALL_RESOLVED
final_v1,ga,map3,131,718a8e29bed05af7,30,21,5,4,0.7,31,19.80952380952381,20,40,47,701,0,219840,29.489861198057042,7328,219840,0.25,29.558742907000124,32,ALL_RESOLVED
final_v1,bfs,map3,141,718a8e29bed05af7,30,7,8,15,0.23333333333333334,14,10.142857142857142,10,0,8,416,85174,93286,0.3790783590156934,0,0,,0.39598415499858675,16,ALL_RESOLVED
final_v1,ucs,map3,141,718a8e29bed05af7,30,7,8,15,0.23333333333333334,14,10.142857142857142,10,0,6,420,107226,114326,0.8812664930555911,0,0,,0.9030930520020775,16,ALL_RESOLVED
final_v1,greedy,map3,141,718a8e29bed05af7,30,7,8,15,0.23333333333333334,14,10.142857142857142,10,0,8,416,7730,17422,0.11434931297480944,0,0,,0.13652188500054763,16,ALL_RESOLVED
final_v1,astar,map3,141,718a8e29bed05af7,30,7,8,15,0.23333333333333334,14,10.142857142857142,10,0,6,420,23375,34188,0.3264413810247788,0,0,,0.35052013500171597,16,ALL_RESOLVED
final_v1,ga,map3,133,718a8e29bed05af7,30,30,0,0,1.0,41,26.133333333333333,26.5,50,119,814,0,231120,30.76097565193413,7704,231120,0.25,30.846963645999494,42,ALL_RESOLVED
final_v1,bfs,map3,142,718a8e29bed05af7,30,30,0,0,1.0,36,21.5,21.5,0,89,675,91877,102517,0.647569152944925,0,0,,0.6987927609989129,37,ALL_RESOLVED
final_v1,ucs,map3,142,718a8e29bed05af7,30,30,0,0,1.0,36,21.5,21.5,0,63,675,135851,147254,1.6867224510024244,0,0,,1.7421500169984938,37,ALL_RESOLVED
final_v1,greedy,map3,142,718a8e29bed05af7,30,30,0,0,1.0,36,21.5,21.5,0,89,675,7717,18560,0.11912539796685451,0,0,,0.16443371100103832,37,ALL_RESOLVED
final_v1,astar,map3,142,718a8e29bed05af7,30,30,0,0,1.0,36,21.5,21.5,0,69,675,32607,47404,0.44896907400834607,0,0,,0.497071533001872,37,ALL_RESOLVED
final_v1,ga,map3,136,718a8e29bed05af7,30,27,3,0,0.9,34,21.0,21,40,30,658,0,200880,24.887568457012094,6696,200880,0.25,24.954546638000465,35,ALL_RESOLVED
final_v1,bfs,map3,143,718a8e29bed05af7,30,29,1,0,0.9666666666666667,39,23.724137931034484,25,0,78,737,110396,119980,0.8022027020779205,0,0,,0.8542262029986887,40,ALL_RESOLVED
final_v1,ga,map3,134,718a8e29bed05af7,30,30,0,0,1.0,40,23.6,23.5,44,89,738,0,213510,28.71279830702042,7117,213510,0.25,28.802217359996575,41,ALL_RESOLVED
final_v1,greedy,map3,143,718a8e29bed05af7,30,29,1,0,0.9666666666666667,39,23.724137931034484,25,0,78,737,10131,23674,0.1554340360162314,0,0,,0.20298241599812172,40,ALL_RESOLVED
final_v1,astar,map3,143,718a8e29bed05af7,30,29,1,0,0.9666666666666667,39,23.724137931034484,25,0,62,737,30892,45488,0.4343745589030732,0,0,,0.483854465001059,40,ALL_RESOLVED
final_v1,ucs,map3,143,718a8e29bed05af7,30,29,1,0,0.9666666666666667,39,23.724137931034484,25,0,62,737,133955,144319,1.6807785630880971,0,0,,1.7377537489992392,40,ALL_RESOLVED
final_v1,bfs,map3,144,718a8e29bed05af7,30,20,2,8,0.6666666666666666,27,17.4,17.5,0,60,648,95109,103367,0.5679357689732569,0,0,,0.6061684859996603,28,ALL_RESOLVED
final_v1,ucs,map3,144,718a8e29bed05af7,30,20,3,7,0.6666666666666666,27,17.4,17.5,0,55,634,119228,127782,1.0568013679912838,0,0,,1.0939783199974045,28,ALL_RESOLVED
final_v1,greedy,map3,144,718a8e29bed05af7,30,20,2,8,0.6666666666666666,27,17.4,17.5,0,60,648,9809,22205,0.0990527850590297,0,0,,0.1268700379987422,28,ALL_RESOLVED
final_v1,ga,map3,132,718a8e29bed05af7,30,5,9,16,0.16666666666666666,16,14.0,14,88,6,551,0,249840,43.9195979590404,8328,249840,0.25,43.98053226900083,22,ALL_RESOLVED
final_v1,astar,map3,144,718a8e29bed05af7,30,20,3,7,0.6666666666666666,27,17.4,17.5,0,59,634,29843,42219,0.274852882950654,0,0,,0.30620274800094194,28,ALL_RESOLVED
final_v1,bfs,map3,145,718a8e29bed05af7,30,15,4,11,0.5,21,14.0,14,0,30,531,82591,89925,0.5942865360084397,0,0,,0.6277915869977733,22,ALL_RESOLVED
final_v1,ucs,map3,145,718a8e29bed05af7,30,15,7,8,0.5,21,14.0,14,0,26,521,101405,108766,1.24281740400329,0,0,,1.279106101999787,22,ALL_RESOLVED
final_v1,greedy,map3,145,718a8e29bed05af7,30,15,7,8,0.5,21,14.0,14,0,32,521,7572,17008,0.11166950897677452,0,0,,0.1408785630010243,22,ALL_RESOLVED
final_v1,ga,map3,135,718a8e29bed05af7,30,7,9,14,0.23333333333333334,16,13.0,13,62,9,554,0,212040,33.14379537200875,7068,212040,0.25,33.20267410900124,22,ALL_RESOLVED
final_v1,astar,map3,145,718a8e29bed05af7,30,15,7,8,0.5,21,14.0,14,0,26,521,24246,34343,0.32478525499391253,0,0,,0.356532371002686,22,ALL_RESOLVED
final_v1,ga,map3,137,718a8e29bed05af7,30,18,6,6,0.6,26,16.5,16.5,56,36,635,0,222210,31.15469709397803,7407,222210,0.25,31.223505228997965,30,ALL_RESOLVED
final_v1,bfs,map3,146,718a8e29bed05af7,30,30,0,0,1.0,36,21.5,21.5,0,128,675,75728,85625,0.566629917047976,0,0,,0.6175809970009141,37,ALL_RESOLVED
final_v1,greedy,map3,146,718a8e29bed05af7,30,30,0,0,1.0,36,21.5,21.5,0,128,675,6837,16721,0.11608176599474973,0,0,,0.1629636380021111,37,ALL_RESOLVED
final_v1,astar,map3,146,718a8e29bed05af7,30,30,0,0,1.0,36,21.5,21.5,0,110,675,28138,41962,0.3933153219659289,0,0,,0.44232680999994045,37,ALL_RESOLVED
final_v1,ucs,map3,146,718a8e29bed05af7,30,30,0,0,1.0,36,21.5,21.5,0,110,675,118266,128882,1.61090789807713,0,0,,1.6706373239976529,37,ALL_RESOLVED
final_v1,ga,map3,138,718a8e29bed05af7,30,26,3,1,0.8666666666666667,35,22.23076923076923,22.5,49,80,742,0,220740,30.080013260023406,7358,220740,0.25,30.162405156002933,36,ALL_RESOLVED
final_v1,bfs,map3,147,718a8e29bed05af7,30,30,0,0,1.0,37,22.3,22.5,0,73,699,102179,113097,0.772143812962895,0,0,,0.8221023179976328,38,ALL_RESOLVED
final_v1,greedy,map3,147,718a8e29bed05af7,30,30,0,0,1.0,37,22.3,22.5,0,73,699,8553,20384,0.13658667401614366,0,0,,0.1810080770010245,38,ALL_RESOLVED
final_v1,astar,map3,147,718a8e29bed05af7,30,30,0,0,1.0,39,23.566666666666666,24.5,0,79,737,30908,46193,0.4397353200329235,0,0,,0.4908118849998573,40,ALL_RESOLVED
final_v1,ga,map3,139,718a8e29bed05af7,30,30,0,0,1.0,41,26.433333333333334,26.5,49,110,823,0,238590,28.794941308020498,7953,238590,0.25,28.88669564099837,42,ALL_RESOLVED
final_v1,ucs,map3,147,718a8e29bed05af7,30,30,0,0,1.0,37,22.3,22.5,0,55,699,135544,147279,1.5451332520024152,0,0,,1.595895615999325,38,ALL_RESOLVED
final_v1,bfs,map3,148,718a8e29bed05af7,30,30,0,0,1.0,36,21.5,21.5,0,125,675,79468,89396,0.5766014750261093,0,0,,0.6255513610012713,37,ALL_RESOLVED
final_v1,greedy,map3,148,718a8e29bed05af7,30,30,0,0,1.0,36,21.5,21.5,0,125,675,7075,17399,0.08759045406259247,0,0,,0.12682985100036603,37,ALL_RESOLVED
final_v1,astar,map3,148,718a8e29bed05af7,30,30,0,0,1.0,36,21.5,21.5,0,87,675,28377,42273,0.4065912359947106,0,0,,0.45517486199969426,37,ALL_RESOLVED
final_v1,ucs,map3,148,718a8e29bed05af7,30,30,0,0,1.0,36,21.5,21.5,0,87,675,122197,133483,1.4939155159627262,0,0,,1.547171514997899,37,ALL_RESOLVED
final_v1,bfs,map3,149,718a8e29bed05af7,30,25,5,0,0.8333333333333334,35,22.36,23,0,37,616,96530,105165,0.6030099100062216,0,0,,0.6426900510014093,36,ALL_RESOLVED
final_v1,ucs,map3,149,718a8e29bed05af7,30,25,5,0,0.8333333333333334,35,22.36,23,0,34,620,116421,126054,1.4768949950266688,0,0,,1.5251396380008373,36,ALL_RESOLVED
final_v1,greedy,map3,149,718a8e29bed05af7,30,25,5,0,0.8333333333333334,35,22.36,23,0,37,616,8367,19320,0.12244282702522469,0,0,,0.16061445899686078,36,ALL_RESOLVED
final_v1,astar,map3,149,718a8e29bed05af7,30,25,5,0,0.8333333333333334,35,22.36,23,0,36,620,25271,37725,0.3435290180314041,0,0,,0.38384330999906524,36,ALL_RESOLVED
final_v1,ga,map3,141,718a8e29bed05af7,30,5,7,18,0.16666666666666666,13,10.6,11,45,5,426,0,161490,26.763268570990476,5383,161490,0.25,26.807885531001375,16,ALL_RESOLVED
final_v1,bfs,map3,150,718a8e29bed05af7,30,30,0,0,1.0,39,24.233333333333334,24.5,0,115,757,106442,118571,0.466384157884022,0,0,,0.49933846199928666,40,ALL_RESOLVED
final_v1,ga,map3,140,718a8e29bed05af7,30,29,1,0,0.9666666666666667,41,26.586206896551722,27,48,86,806,0,236790,30.893813322003552,7893,236790,0.25,30.978482271999383,42,ALL_RESOLVED
final_v1,greedy,map3,150,718a8e29bed05af7,30,30,0,0,1.0,39,24.233333333333334,24.5,0,115,757,8966,22231,0.14182106106090941,0,0,,0.1892382820005878,40,ALL_RESOLVED
final_v1,astar,map3,150,718a8e29bed05af7,30,29,1,0,0.9666666666666667,38,23.724137931034484,24,0,83,727,31353,47710,0.4354197309658048,0,0,,0.48200298699885025,39,ALL_RESOLVED
final_v1,ucs,map3,150,718a8e29bed05af7,30,29,1,0,0.9666666666666667,38,23.724137931034484,24,0,79,727,143675,155959,1.708766444986395,0,0,,1.7626268999993044,39,ALL_RESOLVED
final_v1,bfs,map3,151,718a8e29bed05af7,30,30,0,0,1.0,36,21.5,21.5,0,93,675,84901,94522,0.6051909980269556,0,0,,0.6521856640029,37,ALL_RESOLVED
final_v1,ucs,map3,151,718a8e29bed05af7,30,30,0,0,1.0,36,21.5,21.5,0,71,675,122895,134152,1.506093756921473,0,0,,1.5573253179973108,37,ALL_RESOLVED
final_v1,greedy,map3,151,718a8e29bed05af7,30,30,0,0,1.0,36,21.5,21.5,0,93,675,7593,18034,0.11494780591965537,0,0,,0.15837060899866628,37,ALL_RESOLVED
final_v1,astar,map3,151,718a8e29bed05af7,30,30,0,0,1.0,36,21.5,21.5,0,77,675,29469,42984,0.39737234700805857,0,0,,0.4424863109998114,37,ALL_RESOLVED
final_v1,ga,map3,142,718a8e29bed05af7,30,29,1,0,0.9666666666666667,41,21.379310344827587,21,30,39,663,0,197250,27.55650849201993,6575,197250,0.25,27.63292311600162,42,ALL_RESOLVED
final_v1,bfs,map3,152,718a8e29bed05af7,30,30,0,0,1.0,38,23.366666666666667,23.5,0,153,731,84958,95736,0.6212577559745114,0,0,,0.6722225510020507,39,ALL_RESOLVED
final_v1,ucs,map3,152,718a8e29bed05af7,30,30,0,0,1.0,38,23.366666666666667,23.5,0,109,731,127587,140266,1.58815715595847,0,0,,1.6437410990001808,39,ALL_RESOLVED
final_v1,greedy,map3,152,718a8e29bed05af7,30,30,0,0,1.0,38,23.366666666666667,23.5,0,153,731,7576,18619,0.11766515999624971,0,0,,0.1643710309981543,39,ALL_RESOLVED
final_v1,astar,map3,152,718a8e29bed05af7,30,30,0,0,1.0,38,23.366666666666667,23.5,0,119,731,28834,43127,0.3996136129462684,0,0,,0.44935172999976203,39,ALL_RESOLVED
final_v1,ga,map3,146,718a8e29bed05af7,30,29,1,0,0.9666666666666667,36,21.82758620689655,22,33,73,680,0,196470,22.666613205008616,6549,196470,0.25,22.737924832999852,37,ALL_RESOLVED
final_v1,bfs,map3,153,718a8e29bed05af7,30,27,2,1,0.9,34,21.0,21,0,124,632,72565,81338,0.3500845060116262,0,0,,0.38634172299862257,35,ALL_RESOLVED
final_v1,ucs,map3,153,718a8e29bed05af7,30,27,2,1,0.9,34,21.0,21,0,110,632,108128,118001,1.0494295010284986,0,0,,1.0867418730013014,35,ALL_RESOLVED
final_v1,greedy,map3,153,718a8e29bed05af7,30,27,2,1,0.9,34,21.0,21,0,124,632,6507,16250,0.05871582899999339,0,0,,0.08312696400025743,35,ALL_RESOLVED
final_v1,astar,map3,153,718a8e29bed05af7,30,27,2,1,0.9,34,21.0,21,0,110,632,25463,38206,0.20834264098812127,0,0,,0.23637639400112676,35,ALL_RESOLVED
final_v1,ga,map3,148,718a8e29bed05af7,30,29,1,0,0.9666666666666667,42,22.103448275862068,22,45,63,694,0,204390,25.979543320045195,6813,204390,0.25,26.050816573999327,43,ALL_RESOLVED
final_v1,bfs,map3,154,718a8e29bed05af7,30,29,1,0,0.9666666666666667,35,21.0,21,0,106,646,75196,83880,0.5395998489184421,0,0,,0.587526761002664,36,ALL_RESOLVED
final_v1,ga,map3,147,718a8e29bed05af7,30,29,1,0,0.9666666666666667,40,24.379310344827587,26,40,64,746,0,227670,29.112202409029123,7589,227670,0.25,29.189045711998915,41,ALL_RESOLVED
final_v1,greedy,map3,154,718a8e29bed05af7,30,29,1,0,0.9666666666666667,35,21.0,21,0,106,646,6861,16357,0.1031724469976325,0,0,,0.1457288730016444,36,ALL_RESOLVED
final_v1,ucs,map3,154,718a8e29bed05af7,30,29,1,0,0.9666666666666667,35,21.0,21,0,96,646,108937,119246,1.343189171017002,0,0,,1.3933652399973653,36,ALL_RESOLVED
final_v1,astar,map3,154,718a8e29bed05af7,30,29,1,0,0.9666666666666667,35,21.0,21,0,94,646,26312,39009,0.3571787980181398,0,0,,0.4019539220025763,36,ALL_RESOLVED
final_v1,bfs,map3,155,718a8e29bed05af7,30,26,4,0,0.8666666666666667,32,19.5,19.5,0,104,565,69318,77455,0.49932973699833383,0,0,,0.5415099609999743,33,ALL_RESOLVED
final_v1,ucs,map3,155,718a8e29bed05af7,30,27,3,0,0.9,33,20.0,20,0,76,589,111076,120111,1.3421138060220983,0,0,,1.3895064470016223,34,ALL_RESOLVED
final_v1,greedy,map3,155,718a8e29bed05af7,30,26,4,0,0.8666666666666667,32,19.5,19.5,0,104,565,5989,14998,0.09360074898722814,0,0,,0.13229224899987457,33,ALL_RESOLVED
final_v1,astar,map3,155,718a8e29bed05af7,30,27,3,0,0.9,33,20.0,20,0,80,589,26352,39366,0.3531981660053134,0,0,,0.39550748499823385,34,ALL_RESOLVED
final_v1,ga,map3,145,718a8e29bed05af7,30,10,7,13,0.3333333333333333,21,14.6,15.5,72,3,542,0,223650,40.03078691702103,7455,223650,0.25,40.08857223800078,22,ALL_RESOLVED
final_v1,bfs,map3,156,718a8e29bed05af7,30,30,0,0,1.0,37,22.5,22.5,0,136,705,86450,97931,0.6225483219823218,0,0,,0.6723156990010466,38,ALL_RESOLVED
final_v1,ga,map3,150,718a8e29bed05af7,30,30,0,0,1.0,41,25.533333333333335,25.5,39,75,796,0,236190,30.21416522596337,7873,236190,0.25,30.294279837999056,42,ALL_RESOLVED
final_v1,greedy,map3,156,718a8e29bed05af7,30,30,0,0,1.0,37,22.5,22.5,0,136,705,7384,18669,0.11773829693629523,0,0,,0.16401143700204557,38,ALL_RESOLVED
final_v1,astar,map3,156,718a8e29bed05af7,30,30,0,0,1.0,37,22.5,22.5,0,82,705,27014,41775,0.3762864509881183,0,0,,0.4230646380019607,38,ALL_RESOLVED
final_v1,ucs,map3,156,718a8e29bed05af7,30,30,0,0,1.0,37,22.5,22.5,0,98,705,130490,142546,1.610734434936603,0,0,,1.6636771529992984,38,ALL_RESOLVED
final_v1,bfs,map3,157,718a8e29bed05af7,30,26,4,0,0.8666666666666667,32,19.5,19.5,0,69,603,84578,94302,0.6063319480308564,0,0,,0.6504801230003068,33,ALL_RESOLVED
final_v1,ga,map3,151,718a8e29bed05af7,30,27,3,0,0.9,36,22.962962962962962,23,33,84,717,0,224160,29.013431603973004,7472,224160,0.25,29.083862830000726,37,ALL_RESOLVED
final_v1,greedy,map3,157,718a8e29bed05af7,30,26,4,0,0.8666666666666667,32,19.5,19.5,0,69,603,7107,17163,0.10927963002177421,0,0,,0.14963325599819655,33,ALL_RESOLVED
final_v1,astar,map3,157,718a8e29bed05af7,30,28,2,0,0.9333333333333333,34,20.5,20.5,0,78,652,30266,44193,0.4073256489391497,0,0,,0.4529637809973792,35,ALL_RESOLVED
final_v1,ucs,map3,157,718a8e29bed05af7,30,28,2,0,0.9333333333333333,34,20.5,20.5,0,78,652,128749,139240,1.5724929560201417,0,0,,1.6240986339980736,35,ALL_RESOLVED
final_v1,ga,map3,153,718a8e29bed05af7,30,24,4,2,0.8,32,20.458333333333332,20.5,37,77,633,0,188520,18.93261939000149,6284,188520,0.25,18.986152342000423,36,ALL_RESOLVED
final_v1,bfs,map3,158,718a8e29bed05af7,30,8,10,12,0.26666666666666666,21,13.5,12.5,0,13,510,112459,122772,0.7827430930665287,0,0,,0.8159849360017688,22,ALL_RESOLVED
final_v1,greedy,map3,158,718a8e29bed05af7,30,8,10,12,0.26666666666666666,21,13.5,12.5,0,13,510,9248,21523,0.13860784793359926,0,0,,0.16712790399833466,22,ALL_RESOLVED
final_v1,ucs,map3,158,718a8e29bed05af7,30,8,10,12,0.26666666666666666,21,13.5,12.5,0,4,518,134461,142682,1.0498153250227915,0,0,,1.0765003759988758,22,ALL_RESOLVED
final_v1,astar,map3,158,718a8e29bed05af7,30,8,10,12,0.26666666666666666,21,13.5,12.5,0,4,518,27028,40135,0.36898445402039215,0,0,,0.39872709500195924,22,ALL_RESOLVED
final_v1,bfs,map3,159,718a8e29bed05af7,30,9,7,14,0.3,15,11.0,11,0,8,424,79041,86024,0.563666423997347,0,0,,0.588447800000722,16,ALL_RESOLVED
final_v1,ucs,map3,159,718a8e29bed05af7,30,9,9,12,0.3,15,11.0,11,0,8,426,97061,103695,1.1870347779804433,0,0,,1.2150103640015004,16,ALL_RESOLVED
final_v1,greedy,map3,159,718a8e29bed05af7,30,9,9,12,0.3,15,11.0,11,0,8,422,6931,15496,0.102276138986781,0,0,,0.12399466900023981,16,ALL_RESOLVED
final_v1,ga,map3,144,718a8e29bed05af7,30,15,4,11,0.5,27,16.466666666666665,17,92,6,660,0,273420,51.55059785402045,9114,273420,0.25,51.62347043400223,28,ALL_RESOLVED
final_v1,astar,map3,159,718a8e29bed05af7,30,9,7,14,0.3,15,11.0,11,0,8,428,23367,32777,0.3087464289892523,0,0,,0.331755831000919,16,ALL_RESOLVED
final_v1,bfs,map3,160,718a8e29bed05af7,30,30,0,0,1.0,37,22.466666666666665,22.5,0,129,704,82421,92254,0.5974644320667721,0,0,,0.6466906470013782,38,ALL_RESOLVED
final_v1,ga,map3,152,718a8e29bed05af7,30,30,0,0,1.0,41,23.533333333333335,23.5,43,89,736,0,212070,28.687364504043217,7069,212070,0.25,28.76764716300022,42,ALL_RESOLVED
final_v1,ucs,map3,160,718a8e29bed05af7,30,30,0,0,1.0,37,22.466666666666665,22.5,0,91,704,127481,139298,1.5512709570393781,0,0,,1.6058152859986876,38,ALL_RESOLVED
final_v1,greedy,map3,160,718a8e29bed05af7,30,30,0,0,1.0,37,22.466666666666665,22.5,0,129,704,7552,18647,0.1187014269962674,0,0,,0.16484089900041,38,ALL_RESOLVED
final_v1,astar,map3,160,718a8e29bed05af7,30,30,0,0,1.0,37,22.466666666666665,22.5,0,105,704,31454,45993,0.42503751703043235,0,0,,0.47350498299783794,38,ALL_RESOLVED
final_v1,ga,map3,149,718a8e29bed05af7,30,17,10,3,0.5666666666666667,34,21.647058823529413,22,92,6,743,0,289710,43.01544401599676,9657,289710,0.25,43.087330505000864,40,ALL_RESOLVED
final_v1,bfs,map3,161,718a8e29bed05af7,30,30,0,0,1.0,38,23.466666666666665,23.5,0,137,734,82424,92461,0.5987711530251545,0,0,,0.6485812489991076,39,ALL_RESOLVED
final_v1,greedy,map3,161,718a8e29bed05af7,30,30,0,0,1.0,38,23.466666666666665,23.5,0,137,734,7848,18299,0.11780508002630086,0,0,,0.16415617399979965,39,ALL_RESOLVED
final_v1,astar,map3,161,718a8e29bed05af7,30,30,0,0,1.0,38,23.466666666666665,23.5,0,123,734,29364,43104,0.399688120924111,0,0,,0.44834923899907153,39,ALL_RESOLVED
final_v1,ga,map3,154,718a8e29bed05af7,30,30,0,0,1.0,43,22.8,22.5,41,70,714,0,209940,19.695571184984146,6998,209940,0.25,19.753876285998558,44,ALL_RESOLVED
final_v1,ucs,map3,161,718a8e29bed05af7,30,30,0,0,1.0,38,23.466666666666665,23.5,0,121,734,122088,134561,1.509601135050616,0,0,,1.564223896999465,39,ALL_RESOLVED
final_v1,bfs,map3,162,718a8e29bed05af7,30,14,14,2,0.4666666666666667,26,17.0,17.5,0,30,572,102879,115119,0.4406329139674199,0,0,,0.46600780000153463,28,ALL_RESOLVED
final_v1,greedy,map3,162,718a8e29bed05af7,30,14,14,2,0.4666666666666667,26,17.0,17.5,0,28,572,8042,19598,0.07420598902535858,0,0,,0.09615216800011694,28,ALL_RESOLVED
final_v1,astar,map3,162,718a8e29bed05af7,30,15,12,3,0.5,27,18.733333333333334,20,0,14,592,26193,39826,0.21768665399577003,0,0,,0.24061598900152603,28,ALL_RESOLVED
final_v1,ucs,map3,162,718a8e29bed05af7,30,15,12,3,0.5,27,18.733333333333334,20,0,14,592,132501,142992,1.6276833639567485,0,0,,1.6708892409988039,28,ALL_RESOLVED
final_v1,ga,map3,143,718a8e29bed05af7,30,16,10,4,0.5333333333333333,37,18.75,17.5,96,0,752,0,321960,61.579135245934594,10732,321960,0.25,61.66977894500087,42,ALL_RESOLVED
final_v1,bfs,map3,163,718a8e29bed05af7,30,30,0,0,1.0,37,22.3,22.5,0,109,699,90800,101513,0.6626116249972256,0,0,,0.7134787289978703,38,ALL_RESOLVED
final_v1,greedy,map3,163,718a8e29bed05af7,30,30,0,0,1.0,37,22.3,22.5,0,109,699,7681,18889,0.11971580095632817,0,0,,0.16510457799813594,38,ALL_RESOLVED
final_v1,astar,map3,163,718a8e29bed05af7,30,30,0,0,1.0,37,22.3,22.5,0,87,699,29010,43895,0.40168145702045877,0,0,,0.45074618400030886,38,ALL_RESOLVED
final_v1,ucs,map3,163,718a8e29bed05af7,30,30,0,0,1.0,37,22.3,22.5,0,79,699,133405,145359,1.64520379302121,0,0,,1.7081247759997495,38,ALL_RESOLVED
final_v1,bfs,map3,164,718a8e29bed05af7,30,30,0,0,1.0,37,22.5,22.5,0,125,705,97324,109505,0.699228002995369,0,0,,0.7509463160022278,38,ALL_RESOLVED
final_v1,ucs,map3,164,718a8e29bed05af7,30,30,0,0,1.0,37,22.5,22.5,0,95,705,138481,150638,1.6997718069615075,0,0,,1.7555886279988044,38,ALL_RESOLVED
final_v1,greedy,map3,164,718a8e29bed05af7,30,30,0,0,1.0,37,22.5,22.5,0,125,705,7683,19617,0.12176237997118733,0,0,,0.16849109099712223,38,ALL_RESOLVED
final_v1,astar,map3,164,718a8e29bed05af7,30,30,0,0,1.0,37,22.5,22.5,0,95,705,28132,43759,0.38775720302874106,0,0,,0.4368167769971478,38,ALL_RESOLVED
final_v1,ga,map3,155,718a8e29bed05af7,30,28,2,0,0.9333333333333333,34,20.5,20.5,30,68,652,0,191490,25.95261273502183,6383,191490,0.25,26.02119703200151,35,ALL_RESOLVED
final_v1,bfs,map3,165,718a8e29bed05af7,30,3,6,21,0.1,11,10.0,10,0,6,329,79564,85900,0.3296808600243821,0,0,,0.342177869999432,12,ALL_RESOLVED
final_v1,ucs,map3,165,718a8e29bed05af7,30,3,6,21,0.1,11,10.0,10,0,5,329,94175,100108,0.7142096889874665,0,0,,0.7296808390019578,12,ALL_RESOLVED
final_v1,greedy,map3,165,718a8e29bed05af7,30,3,7,20,0.1,11,10.0,10,0,4,329,6631,15361,0.061504941953899106,0,0,,0.0720918189981603,12,ALL_RESOLVED
final_v1,astar,map3,165,718a8e29bed05af7,30,3,6,21,0.1,11,10.0,10,0,5,329,20465,29657,0.161187910962326,0,0,,0.17247355599829461,12,ALL_RESOLVED
final_v1,ga,map3,156,718a8e29bed05af7,30,29,1,0,0.9666666666666667,36,22.0,22,42,66,707,0,213000,26.446652301041468,7100,213000,0.25,26.52005115800057,40,ALL_RESOLVED
final_v1,bfs,map3,166,718a8e29bed05af7,30,27,3,0,0.9,34,20.22222222222222,20,0,28,611,105715,116830,0.7425143470609328,0,0,,0.7871253949997481,35,ALL_RESOLVED
final_v1,ucs,map3,166,718a8e29bed05af7,30,26,4,0,0.8666666666666667,36,21.307692307692307,21.5,0,22,638,148238,158393,1.8067992049946042,0,0,,1.8587099249998573,37,ALL_RESOLVED
final_v1,greedy,map3,166,718a8e29bed05af7,30,27,3,0,0.9,34,20.22222222222222,20,0,28,611,8099,20128,0.12666478098617517,0,0,,0.16677405799782719,35,ALL_RESOLVED
final_v1,astar,map3,166,718a8e29bed05af7,30,26,4,0,0.8666666666666667,35,21.23076923076923,21.5,0,28,636,34569,50596,0.4696955069921387,0,0,,0.5137455629992473,36,ALL_RESOLVED
final_v1,ga,map3,159,718a8e29bed05af7,30,6,4,20,0.2,14,10.833333333333334,11.0,68,2,437,0,175230,23.6926784379757,5841,175230,0.25,23.73004262199902,16,ALL_RESOLVED
final_v1,bfs,map3,167,718a8e29bed05af7,30,28,2,0,0.9333333333333333,35,21.464285714285715,21.5,0,119,671,83006,93804,0.3591197139794531,0,0,,0.3884353879984701,36,ALL_RESOLVED
final_v1,ucs,map3,167,718a8e29bed05af7,30,27,3,0,0.9,35,21.85185185185185,22,0,112,695,122385,133810,0.9698886879305064,0,0,,1.0058465029978834,36,ALL_RESOLVED
final_v1,greedy,map3,167,718a8e29bed05af7,30,27,3,0,0.9,34,20.962962962962962,21,0,106,651,7047,17356,0.06390579095750581,0,0,,0.09299809099684353,35,ALL_RESOLVED
final_v1,astar,map3,167,718a8e29bed05af7,30,27,3,0,0.9,35,21.85185185185185,22,0,114,695,26783,40254,0.23013910497320467,0,0,,0.25964019800085225,36,ALL_RESOLVED
final_v1,ga,map3,157,718a8e29bed05af7,30,29,0,1,0.9666666666666667,39,22.586206896551722,23,56,56,728,0,220620,30.31996540799082,7354,220620,0.25,30.401211170999886,44,ALL_RESOLVED
final_v1,bfs,map3,168,718a8e29bed05af7,30,30,0,0,1.0,36,21.5,21.5,0,139,675,70894,80232,0.5168023820115195,0,0,,0.5655029100016691,37,ALL_RESOLVED
final_v1,ucs,map3,168,718a8e29bed05af7,30,30,0,0,1.0,36,21.5,21.5,0,119,675,113411,124884,1.395711352048238,0,0,,1.44848292000097,37,ALL_RESOLVED
final_v1,greedy,map3,168,718a8e29bed05af7,30,30,0,0,1.0,36,21.5,21.5,0,139,675,6659,15979,0.10145675402964116,0,0,,0.14631878599902848,37,ALL_RESOLVED
final_v1,astar,map3,168,718a8e29bed05af7,30,30,0,0,1.0,36,21.5,21.5,0,123,675,27392,40384,0.3717172040123842,0,0,,0.4201471209998999,37,ALL_RESOLVED
final_v1,ga,map3,160,718a8e29bed05af7,30,24,6,0,0.8,39,20.958333333333332,20.5,46,33,613,0,194580,27.89332125002693,6486,194580,0.25,27.958041886999126,40,ALL_RESOLVED
final_v1,bfs,map3,169,718a8e29bed05af7,30,30,0,0,1.0,36,21.5,21.5,0,129,675,75267,84197,0.3117958609982452,0,0,,0.34245845699842903,37,ALL_RESOLVED
final_v1,ucs,map3,169,718a8e29bed05af7,30,30,0,0,1.0,36,21.5,21.5,0,103,675,118952,130244,0.8480905510077719,0,0,,0.8824580820000847,37,ALL_RESOLVED
final_v1,greedy,map3,169,718a8e29bed05af7,30,30,0,0,1.0,36,21.5,21.5,0,129,675,7024,16719,0.06475551395124057,0,0,,0.09473623699886957,37,ALL_RESOLVED
final_v1,astar,map3,169,718a8e29bed05af7,30,30,0,0,1.0,36,21.5,21.5,0,119,675,29925,43303,0.24421285804419313,0,0,,0.27303866099828156,37,ALL_RESOLVED
final_v1,ga,map3,165,718a8e29bed05af7,30,2,5,23,0.06666666666666667,9,8.0,8.0,46,2,332,0,136110,18.15609377999135,4537,136110,0.25,18.182149759999447,12,ALL_RESOLVED
final_v1,bfs,map3,170,718a8e29bed05af7,30,29,1,0,0.9666666666666667,35,21.0,21,0,163,652,62052,70259,0.44522797998433816,0,0,,0.4916021360004379,36,ALL_RESOLVED
final_v1,ga,map3,161,718a8e29bed05af7,30,29,1,0,0.9666666666666667,40,25.620689655172413,26,52,115,790,0,229710,29.736542895021557,7657,229710,0.25,29.809437674000947,41,ALL_RESOLVED
final_v1,greedy,map3,170,718a8e29bed05af7,30,29,1,0,0.9666666666666667,35,21.0,21,0,163,652,6171,14852,0.054550457003642805,0,0,,0.08330600499903085,36,ALL_RESOLVED
final_v1,ga,map3,162,718a8e29bed05af7,30,12,9,9,0.4,25,16.416666666666668,17.0,79,27,665,0,231390,28.62027017298169,7713,231390,0.25,28.679474328997458,28,ALL_RESOLVED
final_v1,astar,map3,170,718a8e29bed05af7,30,29,1,0,0.9666666666666667,35,21.0,21,0,141,650,26166,38313,0.3512233830188052,0,0,,0.39678450399878784,36,ALL_RESOLVED
final_v1,ucs,map3,170,718a8e29bed05af7,30,29,1,0,0.9666666666666667,35,21.0,21,0,133,656,103605,113832,0.9440264980403299,0,0,,0.9810959200003708,36,ALL_RESOLVED
final_v1,bfs,map3,171,718a8e29bed05af7,30,30,0,0,1.0,38,23.433333333333334,23.5,0,165,733,78154,88080,0.5722903849637078,0,0,,0.6214542180023273,39,ALL_RESOLVED
final_v1,greedy,map3,171,718a8e29bed05af7,30,30,0,0,1.0,38,23.433333333333334,23.5,0,165,733,7348,18306,0.11541930997918826,0,0,,0.1618625239971152,39,ALL_RESOLVED
final_v1,ucs,map3,171,718a8e29bed05af7,30,30,0,0,1.0,38,23.433333333333334,23.5,0,133,733,122687,134644,0.8946320019458653,0,0,,0.929676046998793,39,ALL_RESOLVED
final_v1,astar,map3,171,718a8e29bed05af7,30,30,0,0,1.0,38,23.433333333333334,23.5,0,143,733,28296,42844,0.3852631690679118,0,0,,0.4332024110008206,39,ALL_RESOLVED
final_v1,ga,map3,163,718a8e29bed05af7,30,30,0,0,1.0,40,24.733333333333334,25.5,54,80,772,0,229350,27.930431029966712,7645,229350,0.25,28.003834052997263,41,ALL_RESOLVED
final_v1,bfs,map3,172,718a8e29bed05af7,30,30,0,0,1.0,37,22.5,22.5,0,174,705,75102,85642,0.45791719297267264,0,0,,0.492839616999845,38,ALL_RESOLVED
final_v1,greedy,map3,172,718a8e29bed05af7,30,30,0,0,1.0,37,22.5,22.5,0,174,705,6749,16919,0.059317563980584964,0,0,,0.08745965100024478,38,ALL_RESOLVED
final_v1,astar,map3,172,718a8e29bed05af7,30,30,0,0,1.0,37,22.5,22.5,0,140,705,28999,43281,0.23067372102013906,0,0,,0.2606151239997416,38,ALL_RESOLVED
final_v1,ucs,map3,172,718a8e29bed05af7,30,30,0,0,1.0,37,22.5,22.5,0,140,705,125202,137130,1.492518589071551,0,0,,1.546860614002071,38,ALL_RESOLVED
final_v1,bfs,map3,173,718a8e29bed05af7,30,19,9,2,0.6333333333333333,25,16.0,16,0,94,561,70465,79986,0.5085751799924765,0,0,,0.5461196739997831,26,ALL_RESOLVED
final_v1,ga,map3,158,718a8e29bed05af7,30,3,6,21,0.1,18,14.333333333333334,14,87,15,592,0,244800,42.16323897895927,8160,244800,0.25,42.22412872800123,22,ALL_RESOLVED
final_v1,greedy,map3,173,718a8e29bed05af7,30,19,9,2,0.6333333333333333,25,16.0,16,0,94,557,6146,15062,0.09512788195934263,0,0,,0.12929039300070144,26,ALL_RESOLVED
final_v1,ucs,map3,173,718a8e29bed05af7,30,19,7,4,0.6333333333333333,25,16.0,16,0,71,569,110234,119194,1.3561937229205796,0,0,,1.3973951799998758,26,ALL_RESOLVED
final_v1,astar,map3,173,718a8e29bed05af7,30,19,7,4,0.6333333333333333,25,16.0,16,0,71,569,22745,34455,0.3059517049805436,0,0,,0.3414366629986034,26,ALL_RESOLVED
final_v1,bfs,map3,174,718a8e29bed05af7,30,29,1,0,0.9666666666666667,35,21.0,21,0,71,654,94806,106340,0.6859016639537003,0,0,,0.7323924589982198,36,ALL_RESOLVED
final_v1,ga,map3,164,718a8e29bed05af7,30,30,0,0,1.0,40,25.266666666666666,25.5,49,114,788,0,224010,29.479741603918228,7467,224010,0.25,29.563807117003307,41,ALL_RESOLVED
final_v1,greedy,map3,174,718a8e29bed05af7,30,29,1,0,0.9666666666666667,35,21.0,21,0,67,654,7929,20006,0.12632092005151208,0,0,,0.16818359999888344,36,ALL_RESOLVED
final_v1,ucs,map3,174,718a8e29bed05af7,30,29,1,0,0.9666666666666667,36,21.689655172413794,22,0,51,664,138753,149180,1.7031548109662253,0,0,,1.7548504330006836,37,ALL_RESOLVED
final_v1,astar,map3,174,718a8e29bed05af7,30,29,1,0,0.9666666666666667,35,21.0,21,0,43,644,30556,46506,0.41982623401418095,0,0,,0.46328375499797403,36,ALL_RESOLVED
final_v1,bfs,map3,175,718a8e29bed05af7,30,28,2,0,0.9333333333333333,34,20.5,20.5,0,85,622,81629,89779,0.5743629669523216,0,0,,0.6203832360006345,35,ALL_RESOLVED
final_v1,ucs,map3,175,718a8e29bed05af7,30,28,2,0,0.9333333333333333,34,20.5,20.5,0,73,622,115505,125342,1.4045819990387827,0,0,,1.4543738660031522,35,ALL_RESOLVED
final_v1,greedy,map3,175,718a8e29bed05af7,30,28,2,0,0.9333333333333333,34,20.5,20.5,0,85,622,7232,16912,0.10732216202814016,0,0,,0.14984225900116144,35,ALL_RESOLVED
final_v1,astar,map3,175,718a8e29bed05af7,30,28,2,0,0.9333333333333333,34,20.5,20.5,0,77,622,32690,45813,0.43362122001417447,0,0,,0.47863820099883014,35,ALL_RESOLVED
final_v1,ga,map3,168,718a8e29bed05af7,30,30,0,0,1.0,37,22.166666666666668,22.5,51,58,695,0,204360,17.548072237008455,6812,204360,0.25,17.599887392996607,38,ALL_RESOLVED
final_v1,bfs,map3,176,718a8e29bed05af7,30,30,0,0,1.0,36,21.5,21.5,0,131,675,80199,90064,0.34044564703071956,0,0,,0.3731260509994172,37,ALL_RESOLVED
final_v1,ucs,map3,176,718a8e29bed05af7,30,30,0,0,1.0,36,21.5,21.5,0,95,675,124170,135699,0.943155535042024,0,0,,0.9776200029991742,37,ALL_RESOLVED
final_v1,greedy,map3,176,718a8e29bed05af7,30,30,0,0,1.0,36,21.5,21.5,0,131,675,7044,17384,0.06465573093373678,0,0,,0.09449446000144235,37,ALL_RESOLVED
final_v1,astar,map3,176,718a8e29bed05af7,30,30,0,0,1.0,36,21.5,21.5,0,107,675,31234,45088,0.2513921380195825,0,0,,0.28355792699949234,37,ALL_RESOLVED
final_v1,ga,map3,167,718a8e29bed05af7,30,26,2,2,0.8666666666666667,33,20.46153846153846,20.5,25,58,668,0,199260,26.32201537695437,6642,199260,0.25,26.391782852999313,38,ALL_RESOLVED
final_v1,ga,map3,172,718a8e29bed05af7,30,30,0,0,1.0,38,22.533333333333335,22.5,35,108,706,0,198240,15.118284397060052,6608,198240,0.25,15.169969773000048,39,ALL_RESOLVED
final_v1,bfs,map3,177,718a8e29bed05af7,30,22,8,0,0.7333333333333333,29,17.545454545454547,17.5,0,26,542,82203,91529,0.5810653539701889,0,0,,0.6206749910015787,32,ALL_RESOLVED
final_v1,greedy,map3,177,718a8e29bed05af7,30,22,8,0,0.7333333333333333,29,17.545454545454547,17.5,0,26,542,7026,17048,0.10675120305313612,0,0,,0.14259135000247625,32,ALL_RESOLVED
final_v1,ucs,map3,177,718a8e29bed05af7,30,23,7,0,0.7666666666666667,30,18.47826086956522,18,0,37,580,112605,122219,0.8483530520134082,0,0,,0.8774679800008016,32,ALL_RESOLVED
final_v1,astar,map3,177,718a8e29bed05af7,30,23,7,0,0.7666666666666667,30,18.47826086956522,18,0,37,580,24054,35948,0.3200601429816743,0,0,,0.3582824669974798,32,ALL_RESOLVED
final_v1,bfs,map3,178,718a8e29bed05af7,30,30,0,0,1.0,36,21.5,21.5,0,109,675,86677,97387,0.6310881090648763,0,0,,0.6798727990026237,37,ALL_RESOLVED
final_v1,ucs,map3,178,718a8e29bed05af7,30,30,0,0,1.0,37,21.533333333333335,21.5,0,74,676,124970,135799,1.5504355810371635,0,0,,1.6042148179985816,38,ALL_RESOLVED
final_v1,greedy,map3,178,718a8e29bed05af7,30,30,0,0,1.0,36,21.5,21.5,0,109,675,7330,18268,0.11599029594435706,0,0,,0.16176242800065666,37,ALL_RESOLVED
final_v1,astar,map3,178,718a8e29bed05af7,30,30,0,0,1.0,36,21.5,21.5,0,77,675,26991,41094,0.3749454250173585,0,0,,0.42194993600060116,37,ALL_RESOLVED
final_v1,ga,map3,166,718a8e29bed05af7,30,23,5,2,0.7666666666666667,36,20.08695652173913,20,40,18,719,0,224460,33.198692021007446,7482,224460,0.25,33.27691794399652,42,ALL_RESOLVED
final_v1,bfs,map3,179,718a8e29bed05af7,30,7,3,20,0.23333333333333334,13,10.0,10,0,6,379,73956,80058,0.5315561849565711,0,0,,0.5534633019997273,14,ALL_RESOLVED
final_v1,ucs,map3,179,718a8e29bed05af7,30,5,6,19,0.16666666666666666,11,9.0,9,0,4,370,86367,92325,1.088511604033556,0,0,,1.1125339169993822,14,ALL_RESOLVED
final_v1,greedy,map3,179,718a8e29bed05af7,30,7,3,20,0.23333333333333334,13,10.0,10,0,6,379,6127,14233,0.09460128604769125,0,0,,0.11366497400013031,14,ALL_RESOLVED
final_v1,ga,map3,170,718a8e29bed05af7,30,30,0,0,1.0,38,21.633333333333333,21.5,39,90,679,0,191040,24.60498069690584,6368,191040,0.25,24.675060306999512,39,ALL_RESOLVED
final_v1,astar,map3,179,718a8e29bed05af7,30,6,6,18,0.2,12,9.5,9.5,0,4,363,18496,26738,0.2561004260642221,0,0,,0.27560686400101986,14,ALL_RESOLVED
final_v1,bfs,map3,180,718a8e29bed05af7,30,30,0,0,1.0,36,21.5,21.5,0,110,675,80007,88921,0.5802947270749428,0,0,,0.630261297999823,37,ALL_RESOLVED
final_v1,ga,map3,169,718a8e29bed05af7,30,30,0,0,1.0,51,22.333333333333332,21.5,55,47,700,0,205380,28.63119978299801,6846,205380,0.25,28.71567118099847,52,ALL_RESOLVED
final_v1,greedy,map3,180,718a8e29bed05af7,30,30,0,0,1.0,36,21.5,21.5,0,110,675,7361,17552,0.11209355300525203,0,0,,0.15768170199953602,37,ALL_RESOLVED
final_v1,ucs,map3,180,718a8e29bed05af7,30,30,0,0,1.0,37,21.533333333333335,21.5,0,93,676,121731,132670,1.4894101449972368,0,0,,1.544175646999065,38,ALL_RESOLVED
final_v1,astar,map3,180,718a8e29bed05af7,30,30,0,0,1.0,36,21.5,21.5,0,100,675,32130,46093,0.4306227300330647,0,0,,0.47792763500183355,37,ALL_RESOLVED
final_v1,ga,map3,171,718a8e29bed05af7,30,28,2,0,0.9333333333333333,38,24.25,24.5,55,100,719,0,212160,26.239019062028092,7072,212160,0.25,26.308215346998622,39,ALL_RESOLVED
final_v1,bfs,map3,181,718a8e29bed05af7,30,30,0,0,1.0,36,21.5,21.5,0,116,675,84198,94954,0.5578509840415791,0,0,,0.5947244169983605,37,ALL_RESOLVED
final_v1,greedy,map3,181,718a8e29bed05af7,30,30,0,0,1.0,36,21.5,21.5,0,116,675,7069,17776,0.09820217304149992,0,0,,0.14034035599979688,37,ALL_RESOLVED
final_v1,astar,map3,181,718a8e29bed05af7,30,30,0,0,1.0,37,22.133333333333333,22.5,0,109,694,29293,43997,0.33673745499618235,0,0,,0.380947498997557,38,ALL_RESOLVED
final_v1,ucs,map3,181,718a8e29bed05af7,30,30,0,0,1.0,37,22.133333333333333,22.5,0,109,694,129829,141164,1.6075266959924193,0,0,,1.661777773002541,38,ALL_RESOLVED
final_v1,bfs,map3,182,718a8e29bed05af7,30,28,2,0,0.9333333333333333,35,21.5,21.5,0,102,652,88725,99622,0.6398175879367045,0,0,,0.6880396750020736,36,ALL_RESOLVED
final_v1,ga,map3,173,718a8e29bed05af7,30,18,5,7,0.6,25,16.5,16.5,48,63,597,0,183210,24.989921209020395,6107,183210,0.25,25.04881892099729,26,ALL_RESOLVED
final_v1,greedy,map3,182,718a8e29bed05af7,30,28,2,0,0.9333333333333333,35,21.5,21.5,0,102,652,7303,18041,0.06404004002251895,0,0,,0.08967489800124895,36,ALL_RESOLVED
final_v1,astar,map3,182,718a8e29bed05af7,30,28,2,0,0.9333333333333333,35,21.5,21.5,0,76,652,26898,41109,0.20648675805932726,0,0,,0.23304407999967225,36,ALL_RESOLVED
final_v1,ucs,map3,182,718a8e29bed05af7,30,28,2,0,0.9333333333333333,35,21.5,21.5,0,72,652,126103,137167,1.5520963249873603,0,0,,1.6041652219973912,36,ALL_RESOLVED
final_v1,bfs,map3,183,718a8e29bed05af7,30,30,0,0,1.0,36,21.5,21.5,0,124,675,72499,81951,0.5280317049764562,0,0,,0.5737234260013793,37,ALL_RESOLVED
final_v1,ga,map3,175,718a8e29bed05af7,30,29,1,0,0.9666666666666667,38,21.93103448275862,21,43,35,671,0,201360,22.25156949198208,6712,201360,0.25,22.31511915200099,39,ALL_RESOLVED
final_v1,ucs,map3,183,718a8e29bed05af7,30,30,0,0,1.0,36,21.5,21.5,0,112,675,107810,119311,1.3215538949843904,0,0,,1.370895185998961,37,ALL_RESOLVED
final_v1,greedy,map3,183,718a8e29bed05af7,30,30,0,0,1.0,36,21.5,21.5,0,124,675,6819,16390,0.1040418980337563,0,0,,0.14660028199796216,37,ALL_RESOLVED
final_v1,astar,map3,183,718a8e29bed05af7,30,30,0,0,1.0,36,21.5,21.5,0,112,675,23826,36101,0.3236696499843674,0,0,,0.3676147519981896,37,ALL_RESOLVED
final_v1,bfs,map3,184,718a8e29bed05af7,30,29,1,0,0.9666666666666667,35,21.0,21,0,105,658,77306,86868,0.5635382779655629,0,0,,0.6101599450012145,36,ALL_RESOLVED
final_v1,ga,map3,174,718a8e29bed05af7,30,29,1,0,0.9666666666666667,38,23.275862068965516,24,40,62,728,0,213270,26.57379660303195,7109,213270,0.25,26.640448693000508,39,ALL_RESOLVED
final_v1,greedy,map3,184,718a8e29bed05af7,30,29,1,0,0.9666666666666667,35,21.0,21,0,105,658,7032,16910,0.06925839699761127,0,0,,0.09741000199937844,36,ALL_RESOLVED
final_v1,astar,map3,184,718a8e29bed05af7,30,29,1,0,0.9666666666666667,35,21.0,21,0,87,658,25778,38688,0.21576179301700904,0,0,,0.24354184699768666,36,ALL_RESOLVED
final_v1,ga,map3,176,718a8e29bed05af7,30,29,1,0,0.9666666666666667,40,22.137931034482758,22,38,81,679,0,192330,21.648674162992393,6411,192330,0.25,21.717501384999196,41,ALL_RESOLVED
final_v1,ucs,map3,184,718a8e29bed05af7,30,29,1,0,0.9666666666666667,35,21.0,21,0,87,658,115378,126818,0.9410899190042983,0,0,,0.974868780001998,36,ALL_RESOLVED
final_v1,bfs,map3,185,718a8e29bed05af7,30,19,6,5,0.6333333333333333,31,20.526315789473685,22,0,57,741,132820,142329,0.9067910509984358,0,0,,0.951143267997395,32,ALL_RESOLVED
final_v1,ucs,map3,185,718a8e29bed05af7,30,19,5,6,0.6333333333333333,31,20.526315789473685,22,0,22,731,164692,174061,1.1336509279390157,0,0,,1.1637495579998358,32,ALL_RESOLVED
final_v1,greedy,map3,185,718a8e29bed05af7,30,19,6,5,0.6333333333333333,31,20.526315789473685,22,0,55,741,15034,32944,0.20828092698866385,0,0,,0.2480715150013566,32,ALL_RESOLVED
final_v1,astar,map3,185,718a8e29bed05af7,30,19,5,6,0.6333333333333333,31,20.526315789473685,22,0,29,737,39041,54445,0.2885525099191,0,0,,0.31480167300105677,32,ALL_RESOLVED
final_v1,bfs,map3,186,718a8e29bed05af7,30,30,0,0,1.0,37,22.5,22.5,0,97,705,92479,102833,0.38634468211603235,0,0,,0.41621243500048877,38,ALL_RESOLVED
final_v1,ucs,map3,186,718a8e29bed05af7,30,30,0,0,1.0,37,22.5,22.5,0,83,705,133345,145457,0.9690391590411309,0,0,,1.0017260879976675,38,ALL_RESOLVED
final_v1,greedy,map3,186,718a8e29bed05af7,30,30,0,0,1.0,37,22.5,22.5,0,97,705,8055,19430,0.07503235999320168,0,0,,0.10477926599924103,38,ALL_RESOLVED
final_v1,astar,map3,186,718a8e29bed05af7,30,30,0,0,1.0,37,22.5,22.5,0,83,705,30413,45438,0.2518775918688334,0,0,,0.28094657299880055,38,ALL_RESOLVED
final_v1,ga,map3,177,718a8e29bed05af7,30,22,5,3,0.7333333333333333,31,19.818181818181817,20.5,65,41,670,0,217650,24.852338079926994,7255,217650,0.25,24.911876450001728,32,ALL_RESOLVED
final_v1,bfs,map3,187,718a8e29bed05af7,30,30,0,0,1.0,38,23.033333333333335,23.5,0,129,721,86190,96174,0.6196680389984977,0,0,,0.6706631380002364,39,ALL_RESOLVED
final_v1,ucs,map3,187,718a8e29bed05af7,30,30,0,0,1.0,38,23.033333333333335,23.5,0,105,721,122515,135070,1.5100657549483003,0,0,,1.5642707790029817,39,ALL_RESOLVED
final_v1,greedy,map3,187,718a8e29bed05af7,30,30,0,0,1.0,38,23.033333333333335,23.5,0,129,721,7786,18393,0.11672517097758828,0,0,,0.16418448900003568,39,ALL_RESOLVED
final_v1,astar,map3,187,718a8e29bed05af7,30,30,0,0,1.0,38,23.033333333333335,23.5,0,107,721,25702,39592,0.3572377040545689,0,0,,0.4053836050006794,39,ALL_RESOLVED
final_v1,ga,map3,178,718a8e29bed05af7,30,29,1,0,0.9666666666666667,39,24.137931034482758,25,51,70,735,0,218100,28.479265294950892,7270,218100,0.25,28.553320654002164,40,ALL_RESOLVED
final_v1,bfs,map3,188,718a8e29bed05af7,30,29,1,0,0.9666666666666667,35,21.0,21,0,54,644,89738,98319,0.6298830729974725,0,0,,0.674422374999267,36,ALL_RESOLVED
final_v1,ga,map3,179,718a8e29bed05af7,30,6,4,20,0.2,13,10.333333333333334,10.5,65,9,392,0,163590,28.11057113001516,5453,163590,0.25,28.147037126000214,14,ALL_RESOLVED
final_v1,ucs,map3,188,718a8e29bed05af7,30,29,1,0,0.9666666666666667,37,21.06896551724138,21,0,44,646,121909,132161,1.485610419029399,0,0,,1.5345965270025772,38,ALL_RESOLVED
final_v1,greedy,map3,188,718a8e29bed05af7,30,29,1,0,0.9666666666666667,35,21.0,21,0,54,644,8054,18585,0.11857935600346536,0,0,,0.1597830309983692,36,ALL_RESOLVED
final_v1,ga,map3,184,718a8e29bed05af7,30,30,0,0,1.0,41,23.566666666666666,23.5,62,70,737,0,219450,17.629815652006073,7315,219450,0.25,17.683429442000488,42,ALL_RESOLVED
final_v1,astar,map3,188,718a8e29bed05af7,30,29,1,0,0.9666666666666667,35,21.0,21,0,46,644,32686,45703,0.43530151295635733,0,0,,0.4787650219986972,36,ALL_RESOLVED
final_v1,bfs,map3,189,718a8e29bed05af7,30,30,0,0,1.0,37,22.5,22.5,0,168,705,80133,90849,0.34209133701006067,0,0,,0.3731169189995853,38,ALL_RESOLVED
final_v1,greedy,map3,189,718a8e29bed05af7,30,30,0,0,1.0,37,22.5,22.5,0,166,705,7076,17594,0.06450245200539939,0,0,,0.09475960499912617,38,ALL_RESOLVED
final_v1,astar,map3,189,718a8e29bed05af7,30,29,1,0,0.9666666666666667,36,22.0,22,0,124,675,30849,45907,0.25765660999604734,0,0,,0.290000405999308,37,ALL_RESOLVED
final_v1,ucs,map3,189,718a8e29bed05af7,30,29,1,0,0.9666666666666667,36,22.0,22,0,126,675,127508,137964,1.533157708017825,0,0,,1.586549499999819,37,ALL_RESOLVED
final_v1,ga,map3,181,718a8e29bed05af7,30,30,0,0,1.0,38,23.1,23.5,35,87,723,0,203700,26.774861122030416,6790,203700,0.25,26.849208306997753,39,ALL_RESOLVED
final_v1,bfs,map3,190,718a8e29bed05af7,30,30,0,0,1.0,37,22.4,22.5,0,153,702,82249,93249,0.6007040120348393,0,0,,0.6503007969986356,38,ALL_RESOLVED
final_v1,greedy,map3,190,718a8e29bed05af7,30,30,0,0,1.0,37,22.4,22.5,0,153,702,7063,17680,0.11125312104923069,0,0,,0.15696758400008548,38,ALL_RESOLVED
final_v1,ga,map3,180,718a8e29bed05af7,30,29,1,0,0.9666666666666667,48,22.896551724137932,22,50,57,709,0,210600,29.2855556060058,7020,210600,0.25,29.364857758002472,49,ALL_RESOLVED
final_v1,astar,map3,190,718a8e29bed05af7,30,30,0,0,1.0,37,22.4,22.5,0,97,702,28461,42745,0.38995727699875715,0,0,,0.4381366289999278,38,ALL_RESOLVED
final_v1,ucs,map3,190,718a8e29bed05af7,30,30,0,0,1.0,37,22.4,22.5,0,93,702,130152,142196,1.32977476607266,0,0,,1.3702080980001483,38,ALL_RESOLVED
final_v1,bfs,map3,191,718a8e29bed05af7,30,28,2,0,0.9333333333333333,34,20.5,20.5,0,82,624,83449,93642,0.608275660983054,0,0,,0.6524473280005623,35,ALL_RESOLVED
final_v1,greedy,map3,191,718a8e29bed05af7,30,28,2,0,0.9333333333333333,34,20.5,20.5,0,82,624,7104,17778,0.11231728800703422,0,0,,0.15289920600116602,35,ALL_RESOLVED
final_v1,ucs,map3,191,718a8e29bed05af7,30,28,2,0,0.9333333333333333,34,20.5,20.5,0,60,620,120637,130391,0.8701690140223945,0,0,,0.8997495730000082,35,ALL_RESOLVED
final_v1,astar,map3,191,718a8e29bed05af7,30,28,2,0,0.9333333333333333,34,20.5,20.5,0,62,620,29604,44136,0.4030782789850491,0,0,,0.4448947290002252,35,ALL_RESOLVED
final_v1,bfs,map3,192,718a8e29bed05af7,30,30,0,0,1.0,36,21.5,21.5,0,155,675,67359,76334,0.49205463498219615,0,0,,0.5385514740009967,37,ALL_RESOLVED
final_v1,ga,map3,182,718a8e29bed05af7,30,28,2,0,0.9333333333333333,37,23.392857142857142,23.5,47,74,729,0,211740,28.239186225040612,7058,211740,0.25,28.314938827999867,38,ALL_RESOLVED
final_v1,greedy,map3,192,718a8e29bed05af7,30,30,0,0,1.0,36,21.5,21.5,0,155,675,6313,15392,0.12158816502414993,0,0,,0.17308742200111737,37,ALL_RESOLVED
final_v1,ga,map3,186,718a8e29bed05af7,30,30,0,0,1.0,39,24.333333333333332,24.5,46,56,760,0,235380,20.303084769966517,7846,235380,0.25,20.359761787000025,40,ALL_RESOLVED
final_v1,ucs,map3,192,718a8e29bed05af7,30,30,0,0,1.0,36,21.5,21.5,0,121,675,111524,122871,1.3696211889910046,0,0,,1.4225443239993183,37,ALL_RESOLVED
final_v1,astar,map3,192,718a8e29bed05af7,30,30,0,0,1.0,36,21.5,21.5,0,133,675,25328,37944,0.3255744029775087,0,0,,0.3699873490004393,37,ALL_RESOLVED
final_v1,bfs,map3,193,718a8e29bed05af7,30,30,0,0,1.0,38,23.5,23.5,0,148,735,91132,102407,0.6658028880774509,0,0,,0.7186719860001176,39,ALL_RESOLVED
final_v1,greedy,map3,193,718a8e29bed05af7,30,30,0,0,1.0,38,23.5,23.5,0,148,735,7753,19231,0.1207682100139209,0,0,,0.1692721339968557,39,ALL_RESOLVED
final_v1,ucs,map3,193,718a8e29bed05af7,30,30,0,0,1.0,41,23.6,23.5,0,101,738,141694,154315,1.038333109998348,0,0,,1.076349423998181,42,ALL_RESOLVED
final_v1,astar,map3,193,718a8e29bed05af7,30,30,0,0,1.0,38,23.5,23.5,0,102,735,32158,47925,0.4358095110364957,0,0,,0.4864703669991286,39,ALL_RESOLVED
final_v1,bfs,map3,194,718a8e29bed05af7,30,28,2,0,0.9333333333333333,35,21.5,21.5,0,120,658,73463,82899,0.5406967599701602,0,0,,0.5856301839994558,36,ALL_RESOLVED
final_v1,ga,map3,183,718a8e29bed05af7,30,28,2,0,0.9333333333333333,37,23.0,23.5,58,75,704,0,210480,28.15677102303016,7016,210480,0.25,28.226654748999863,38,ALL_RESOLVED
final_v1,greedy,map3,194,718a8e29bed05af7,30,28,2,0,0.9333333333333333,35,21.5,21.5,0,120,658,6744,16631,0.10496298401994864,0,0,,0.14627680800185772,36,ALL_RESOLVED
final_v1,astar,map3,194,718a8e29bed05af7,30,28,2,0,0.9333333333333333,35,21.5,21.5,0,96,654,25286,37949,0.3427420490370423,0,0,,0.3863213659969915,36,ALL_RESOLVED
final_v1,ucs,map3,194,718a8e29bed05af7,30,28,2,0,0.9333333333333333,35,21.5,21.5,0,94,654,110636,120532,1.3674088580337411,0,0,,1.4161296739985119,36,ALL_RESOLVED
final_v1,bfs,map3,195,718a8e29bed05af7,30,29,1,0,0.9666666666666667,39,24.448275862068964,25,0,90,742,109963,121144,0.7994940529788437,0,0,,0.8501728080009343,40,ALL_RESOLVED
final_v1,ucs,map3,195,718a8e29bed05af7,30,29,1,0,0.9666666666666667,39,24.448275862068964,25,0,68,742,146719,158538,1.8016845130114234,0,0,,1.8559017330007919,40,ALL_RESOLVED
final_v1,greedy,map3,195,718a8e29bed05af7,30,29,1,0,0.9666666666666667,39,24.448275862068964,25,0,90,742,9391,22723,0.1459018099340028,0,0,,0.19096348300081445,40,ALL_RESOLVED
final_v1,astar,map3,195,718a8e29bed05af7,30,29,1,0,0.9666666666666667,39,24.448275862068964,25,0,76,742,33633,50161,0.4615317319658061,0,0,,0.508438714001386,40,ALL_RESOLVED
final_v1,ga,map3,187,718a8e29bed05af7,30,30,0,0,1.0,40,25.366666666666667,25.5,58,96,791,0,232620,24.871390404947306,7754,232620,0.25,24.932838071999868,41,ALL_RESOLVED
final_v1,bfs,map3,196,718a8e29bed05af7,30,29,1,0,0.9666666666666667,35,21.0,21,0,114,644,88041,98392,0.3742420969392697,0,0,,0.40376117800042266,36,ALL_RESOLVED
final_v1,ucs,map3,196,718a8e29bed05af7,30,29,1,0,0.9666666666666667,35,21.0,21,0,82,644,131574,142022,1.1416532969997206,0,0,,1.186992511000426,36,ALL_RESOLVED
final_v1,greedy,map3,196,718a8e29bed05af7,30,29,1,0,0.9666666666666667,35,21.0,21,0,114,644,7079,18108,0.11205172701374977,0,0,,0.15678352900067694,36,ALL_RESOLVED
final_v1,ga,map3,189,718a8e29bed05af7,30,29,1,0,0.9666666666666667,37,22.96551724137931,23,51,94,747,0,219870,19.494996617067955,7329,219870,0.25,19.556399050001346,52,ALL_RESOLVED
final_v1,astar,map3,196,718a8e29bed05af7,30,29,1,0,0.9666666666666667,35,21.0,21,0,90,644,30596,45658,0.4079967279722041,0,0,,0.45332812100241426,36,ALL_RESOLVED
final_v1,bfs,map3,197,718a8e29bed05af7,30,22,7,1,0.7333333333333333,31,20.045454545454547,20.5,0,61,593,91582,101477,0.650744676910108,0,0,,0.6924089849999291,32,ALL_RESOLVED
final_v1,ucs,map3,197,718a8e29bed05af7,30,21,9,0,0.7,31,19.61904761904762,20,0,32,591,123029,132744,1.4979579070131877,0,0,,1.5429832129993883,32,ALL_RESOLVED
final_v1,greedy,map3,197,718a8e29bed05af7,30,22,7,1,0.7333333333333333,31,20.045454545454547,20.5,0,61,591,7932,18907,0.1206073440007458,0,0,,0.15859254099996178,32,ALL_RESOLVED
final_v1,astar,map3,197,718a8e29bed05af7,30,22,8,0,0.7333333333333333,31,20.045454545454547,20.5,0,45,601,26606,39561,0.35939606597821694,0,0,,0.39903315199990175,32,ALL_RESOLVED
final_v1,ga,map3,192,718a8e29bed05af7,30,30,0,0,1.0,37,22.433333333333334,22.5,38,114,703,0,190890,20.911268346058932,6363,190890,0.25,20.978461403999972,38,ALL_RESOLVED
final_v1,bfs,map3,198,718a8e29bed05af7,30,11,5,14,0.36666666666666664,17,12.0,12,0,10,481,95848,104660,0.6731017890269868,0,0,,0.7016914149971853,18,ALL_RESOLVED
final_v1,ucs,map3,198,718a8e29bed05af7,30,10,4,16,0.3333333333333333,17,11.7,11.5,0,6,485,117289,125376,1.4391510189780092,0,0,,1.4703811819999828,18,ALL_RESOLVED
final_v1,ga,map3,190,718a8e29bed05af7,30,30,0,0,1.0,43,25.633333333333333,25.5,54,153,799,0,223860,26.737334041023132,7462,223860,0.25,26.81659247400239,44,ALL_RESOLVED
final_v1,greedy,map3,198,718a8e29bed05af7,30,11,6,13,0.36666666666666664,17,12.0,12,0,10,471,9259,20539,0.13616231998094008,0,0,,0.16090508499837597,18,ALL_RESOLVED
final_v1,astar,map3,198,718a8e29bed05af7,30,10,7,13,0.3333333333333333,17,11.7,11.5,0,6,467,24816,35953,0.3427111780292762,0,0,,0.3682260799978394,18,ALL_RESOLVED
final_v1,bfs,map3,199,718a8e29bed05af7,30,30,0,0,1.0,37,22.5,22.5,0,110,705,86515,95690,0.627064796986815,0,0,,0.6773524510026618,38,ALL_RESOLVED
final_v1,ga,map3,188,718a8e29bed05af7,30,24,6,0,0.8,48,21.458333333333332,19.5,62,23,671,0,236640,31.375055044914916,7888,236640,0.25,31.437397637000686,49,ALL_RESOLVED
final_v1,greedy,map3,199,718a8e29bed05af7,30,30,0,0,1.0,37,22.5,22.5,0,110,705,7897,18295,0.06664162905144622,0,0,,0.09386279899990768,38,ALL_RESOLVED
final_v1,astar,map3,199,718a8e29bed05af7,30,30,0,0,1.0,37,22.5,22.5,0,98,705,32652,47268,0.2604308959635091,0,0,,0.2895908190002956,38,ALL_RESOLVED
final_v1,ucs,map3,199,718a8e29bed05af7,30,30,0,0,1.0,37,22.5,22.5,0,88,705,129122,140953,1.6093120370096585,0,0,,1.6640250230011588,38,ALL_RESOLVED
final_v1,ga,map3,191,718a8e29bed05af7,30,27,2,1,0.9,36,21.814814814814813,22,34,77,710,0,210780,28.599805050955183,7026,210780,0.25,28.675409400999342,48,ALL_RESOLVED
final_v1,ga,map3,193,718a8e29bed05af7,30,30,0,0,1.0,45,24.666666666666668,24.5,46,89,770,0,231330,28.558651796010963,7711,231330,0.25,28.63023173900001,46,ALL_RESOLVED
final_v1,ga,map3,194,718a8e29bed05af7,30,19,10,1,0.6333333333333333,28,18.0,18,55,30,595,0,195360,27.639140890019917,6512,195360,0.25,27.704084707998845,40,ALL_RESOLVED
final_v1,ga,map3,196,718a8e29bed05af7,30,30,0,0,1.0,41,22.733333333333334,22.5,47,66,712,0,212640,17.24274472500838,7088,212640,0.25,17.295503764002206,42,ALL_RESOLVED
final_v1,ga,map3,195,718a8e29bed05af7,30,26,4,0,0.8666666666666667,39,25.807692307692307,26.5,56,62,773,0,245250,31.87058834407435,8175,245250,0.25,31.933500577000814,40,ALL_RESOLVED
final_v1,ga,map3,197,718a8e29bed05af7,30,19,8,3,0.6333333333333333,30,19.68421052631579,20,49,24,661,0,220410,23.797750204004842,7347,220410,0.25,23.847237272999337,34,ALL_RESOLVED
final_v1,ga,map3,198,718a8e29bed05af7,30,5,3,22,0.16666666666666666,17,11.4,11,67,2,498,0,196710,20.18584939100765,6557,196710,0.25,20.216930077000143,18,ALL_RESOLVED
final_v1,ga,map3,185,718a8e29bed05af7,30,11,7,12,0.36666666666666664,27,18.09090909090909,19,129,1,778,0,370410,66.99437957295959,12347,370410,0.25,67.06837405199985,32,ALL_RESOLVED
final_v1,ga,map3,199,718a8e29bed05af7,30,30,0,0,1.0,44,23.866666666666667,23.5,52,39,746,0,228180,20.787638722991687,7606,228180,0.25,20.83834399999978,45,ALL_RESOLVED
